term,w,chi_fn,chi_dom,df
이공 대학,0.978097722592269,71.35434946427108,0.2145131092073168,6
채용 인건비,0.9756801329867906,75.96099126494012,0.26336651087046725,10
양성 이공,0.9741711892560073,24.922653331389622,0.06025403377835102,3
인프라 연계,0.9740986201026989,52.187756680688445,0.18008215411965206,3
획득 필수,0.9732847534306368,35.080292771200945,0.11010278865616535,3
필수 소요,0.9732847534306368,35.080292771200945,0.11010278865616535,3
이공,0.972690986976991,74.00911164343101,0.29393001610828007,11
연계 활용,0.9720135138982718,37.10920009639436,0.12757036751809991,3
에너지 절약,0.9714859859552109,62.742099040718216,0.25503722625309916,3
인력 현장,0.9709454259959117,40.63694643302543,0.15195184394306918,8
내외 연구개발,0.9701408429406226,18.489693351621074,0.04534909340368698,3
시설자금 재생에너지,0.9687610709905098,34.69721388941473,0.13605081720405554,3
생산 시설자금,0.9687610709905098,34.69721388941473,0.13605081720405554,3
재생에너지 보급,0.9687610709905098,34.69721388941473,0.13605081720405554,3
생산 설치,0.9687610709905098,34.69721388941473,0.13605081720405554,3
산업 재생에너지,0.9687610709905098,34.69721388941473,0.13605081720405554,3
구매 제도,0.9666366976905664,28.038657767584787,0.11125505690674593,4
융자 에너지,0.9665165811541999,29.89694636761021,0.12246807005124,3
오픈 이노베이션,0.9661001815690385,34.728553057121516,0.1526357286037267,7
이노베이션,0.9661001815690385,34.728553057121516,0.1526357286037267,7
설치 사업자,0.9655940268590488,29.89694636761021,0.12738932962469018,3
경력 연구,0.9655538253313884,82.61951633581195,0.4376589031831038,5
인력 채용,0.9655044625737789,97.00640800727325,0.5231158133799643,14
시스템 서비스,0.9652684617968349,26.110701607303756,0.10667072791501792,3
탈취 근절,0.9651074315975565,62.694232499400854,0.3254554772061948,3
연구 인력,0.9649389743332999,181.48591256791468,1.0388559790110807,23
인력 파견,0.9648174517211591,71.5572481671956,0.3819667132824205,4
채용 경력,0.9647495392421901,50.59810954091228,0.2565897817310441,4
합리,0.9647223333799736,23.00510337080988,0.09050372401539036,4
신진 연구,0.9647056771471866,73.09875555001528,0.3926860681441634,5
창업 중심,0.9644378509321139,47.28245545168169,0.2392466764245933,3
중심 대학,0.9644378509321139,47.28245545168169,0.2392466764245933,3
홍보 바이어,0.963850363621505,22.361920181482137,0.09013030207331722,3
기술보호 역량,0.9635318972650423,52.459539851195686,0.27919473508586434,5
lpg,0.9631316175600315,37.57230058450046,0.18900427119824825,3
업체 자발,0.9630166288636056,36.97699257408465,0.1860096247460283,3
석유 유통,0.9630166288636056,36.97699257408465,0.1860096247460283,3
주유소 석유,0.9630166288636056,36.97699257408465,0.1860096247460283,3
대리점,0.9630166288636056,36.97699257408465,0.1860096247460283,3
석유 대리점,0.9630166288636056,36.97699257408465,0.1860096247460283,3
맞춤 양성,0.9626023917482955,37.151402268084446,0.18987276037829898,4
피해 구제,0.9621349919643337,37.02822366491911,0.1921895788402018,3
기술 탈취,0.9616099407629104,60.779226398033835,0.3519892678960493,4
기술보호,0.9615283212569259,78.3744006762104,0.4689294559963104,6
파견,0.9612258620164874,47.49771367628057,0.2678567714340303,21
근절,0.9611601410525998,62.694232499400854,0.3696459702961874,3
기관 소속,0.9611362255092282,35.686431069742035,0.1898923127622234,3
미디어 제조사,0.9608198271029793,53.01399859486279,0.3084017921558505,4
인건비 일부,0.9608131505866971,64.90869630410029,0.38843632386483007,11
신진,0.9607432057223613,71.38551729769476,0.43287702273381784,7
예비 연구자,0.9599067895427986,30.911660485384772,0.1649226982803332,3
장기 저리,0.9598556454407243,51.83986017258091,0.3094955765396778,9
피해 회복,0.9598088643147288,31.347003243042035,0.16847468360255136,3
기술개발 연구자,0.9594720289757133,28.51678790971702,0.15067606917834148,3
조사 인증,0.9593456502575861,28.922087911091907,0.15415965843860627,3
기관 의무,0.9593456502575861,28.922087911091907,0.15415965843860627,3
nep 공공,0.9593456502575861,28.922087911091907,0.15415965843860627,3
확산 제품,0.9593456502575861,28.922087911091907,0.15415965843860627,3
의무 구매,0.9593456502575861,28.922087911091907,0.15415965843860627,3
제도 설명회,0.9593456502575861,28.922087911091907,0.15415965843860627,3
상담회 판매,0.9593456502575861,28.922087911091907,0.15415965843860627,3
실적 조사,0.9593456502575861,28.922087911091907,0.15415965843860627,3
판매 실적,0.9593456502575861,28.922087911091907,0.15415965843860627,3
채용 신진,0.9585839381689159,31.21152127805819,0.17445600247503518,3
집단 공급,0.958232032209476,22.19080598301844,0.11162896726777298,3
집단,0.958232032209476,22.19080598301844,0.11162896726777298,3
lpg 판매,0.958232032209476,22.19080598301844,0.11162896726777298,3
비용 범위,0.958232032209476,22.19080598301844,0.11162896726777298,3
연도 노후,0.958232032209476,22.19080598301844,0.11162896726777298,3
충전 사업자,0.958232032209476,22.19080598301844,0.11162896726777298,3
가스 시설,0.958232032209476,22.19080598301844,0.11162896726777298,3
lpg 충전,0.958232032209476,22.19080598301844,0.11162896726777298,3
전문 검사,0.958232032209476,22.19080598301844,0.11162896726777298,3
가스 사업자,0.958232032209476,22.19080598301844,0.11162896726777298,3
제조 사업자,0.958232032209476,22.19080598301844,0.11162896726777298,3
융자 lpg,0.958232032209476,22.19080598301844,0.11162896726777298,3
노후 가스,0.958232032209476,22.19080598301844,0.11162896726777298,3
사업자 수입사,0.958232032209476,22.19080598301844,0.11162896726777298,3
용기 제조,0.958232032209476,22.19080598301844,0.11162896726777298,3
수입사 도시가스,0.958232032209476,22.19080598301844,0.11162896726777298,3
가스 용품,0.958232032209476,22.19080598301844,0.11162896726777298,3
수입사,0.958232032209476,22.19080598301844,0.11162896726777298,3
도시가스 사업자,0.958232032209476,22.19080598301844,0.11162896726777298,3
공급 사업자,0.958232032209476,22.19080598301844,0.11162896726777298,3
도시가스,0.958232032209476,22.19080598301844,0.11162896726777298,3
실제 투자,0.958232032209476,22.19080598301844,0.11162896726777298,3
사업자 집단,0.958232032209476,22.19080598301844,0.11162896726777298,3
용품 용기,0.958232032209476,22.19080598301844,0.11162896726777298,3
사업자 lpg,0.958232032209476,22.19080598301844,0.11162896726777298,3
범위 한도,0.958232032209476,22.19080598301844,0.11162896726777298,3
사업자 가스,0.958232032209476,22.19080598301844,0.11162896726777298,3
사업자 전문,0.958232032209476,22.19080598301844,0.11162896726777298,3
시설 실제,0.958232032209476,22.19080598301844,0.11162896726777298,3
관리 가스,0.958232032209476,22.19080598301844,0.11162896726777298,3
판매 사업자,0.958232032209476,22.19080598301844,0.11162896726777298,3
사업자 당해,0.958232032209476,22.19080598301844,0.11162896726777298,3
융자 업체,0.9580414689877745,21.839207482161047,0.10986028083188404,3
일부 융자,0.9580414689877745,21.839207482161047,0.10986028083188404,3
대리점 주유소,0.9580414689877745,21.839207482161047,0.10986028083188404,3
안전 투자,0.9580414689877745,21.839207482161047,0.10986028083188404,3
관리 유도,0.9580414689877745,21.839207482161047,0.10986028083188404,3
관리 융자,0.9580414689877745,21.839207482161047,0.10986028083188404,3
실제 투자비,0.9580414689877745,21.839207482161047,0.10986028083188404,3
투자비 일부,0.9580414689877745,21.839207482161047,0.10986028083188404,3
투자 실제,0.9580414689877745,21.839207482161047,0.10986028083188404,3
대리점 석유,0.9580414689877745,21.839207482161047,0.10986028083188404,3
선제 안전,0.9580414689877745,21.839207482161047,0.10986028083188404,3
유도 석유,0.9580414689877745,21.839207482161047,0.10986028083188404,3
석유 저장,0.9580414689877745,21.839207482161047,0.10986028083188404,3
융자 주유소,0.9580414689877745,21.839207482161047,0.10986028083188404,3
기사,0.9580414689877745,21.839207482161047,0.10986028083188404,3
자발 안전,0.9580414689877745,21.839207482161047,0.10986028083188404,3
자발 선제,0.9580414689877745,21.839207482161047,0.10986028083188404,3
기사 석유,0.9580414689877745,21.839207482161047,0.10986028083188404,3
탈취,0.9576917417439286,60.779226398033835,0.3948299547835246,4
경쟁력 수출,0.957352459510537,37.02622164430226,0.2241272758494025,6
인력 인건비,0.9570547417723879,25.78670176705469,0.14298800231194903,7
설명회 구매,0.9569576553138668,22.764253118253585,0.12103402762607121,5
파견 공공,0.9567391236826102,35.686431069742035,0.21826133339393,3
공백,0.9564182758477143,13.401587785315844,0.052946123798023846,5
벤더,0.9563579939387604,19.339205848463845,0.09776070125662827,4
전자파 침해,0.9557492981650735,46.98333569738969,0.3109044609343754,3
출력 전자파,0.9557492981650735,46.98333569738969,0.3109044609343754,3
일부 이공,0.9554844095255599,48.34085674669433,0.32359139743604937,6
손해액,0.9550430980638025,31.055101824671976,0.19333526321737735,3
손해액 산정,0.9550430980638025,31.055101824671976,0.19333526321737735,3
해외 플랜트,0.9540992421539521,27.180686122454073,0.16796350189116,3
실험실,0.9540197983554444,16.218423289307005,0.0812643300166743,4
창업 예비,0.9539638643388271,15.232996845873446,0.07359257166568915,3
대출 금리,0.9539224601819644,23.869687998262773,0.14247943117608816,8
교육부,0.9535869376242462,25.2928520219297,0.15536781356169493,3
한국관,0.9534624925852148,23.006870151827513,0.13755244901860111,9
판로 확산,0.953348668856255,22.33316608482007,0.13259912911027882,4
산정 수수료,0.9532509561660396,28.45259741170892,0.1824717312777822,3
플랜트 기자재,0.9531658169899944,33.77580976799807,0.22603264013836488,3
절약 시설,0.9531236289555252,48.37117338471419,0.34462415336108243,4
설치 제조,0.9530775202591718,25.107952610935044,0.15623224619723775,3
선도 디지털,0.9527280702025587,29.770741189092426,0.19598231998222848,3
지능 iot,0.9527280702025587,29.770741189092426,0.19598231998222848,3
iot 융합,0.9527280702025587,29.770741189092426,0.19598231998222848,3
체감 성과,0.9527280702025587,29.770741189092426,0.19598231998222848,3
융합 선도,0.9527280702025587,29.770741189092426,0.19598231998222848,3
성과 iot,0.9527280702025587,29.770741189092426,0.19598231998222848,3
개발 오픈,0.9520210005090944,29.93550226148035,0.20121581407087596,3
침해 대응,0.9519086543468973,27.74911492446374,0.18362518303432743,3
침해 대비,0.9519086543468973,27.74911492446374,0.18362518303432743,3
민간 방호,0.9519086543468973,27.74911492446374,0.18362518303432743,3
방호 기술,0.9519086543468973,27.74911492446374,0.18362518303432743,3
대비 민간,0.9519086543468973,27.74911492446374,0.18362518303432743,3
기술 인식,0.9519086543468973,27.74911492446374,0.18362518303432743,3
인식 국내,0.9519086543468973,27.74911492446374,0.18362518303432743,3
활성 출력,0.9519086543468973,27.74911492446374,0.18362518303432743,3
설치 장기,0.9517381427129136,27.3948858843327,0.18153445658619535,4
cbm,0.9513732814376055,20.383272600951216,0.12429718720886943,6
업체 소상공인,0.9513601255309359,48.05093838681088,0.3575301115585241,6
무역 업체,0.9513601255309359,48.05093838681088,0.3575301115585241,6
분쟁 신속,0.9513473624344585,25.770661805195445,0.16981233463347076,5
일부 한도,0.9513354735531484,18.63210368998607,0.10967290623521447,3
연구자 양성,0.9508919111081412,24.93248944273045,0.16484069384090183,3
구매 상담회,0.9508315413419018,18.216961418327138,0.10787304484470867,6
신진 연구자,0.9507943168923432,19.119666445924313,0.11569984077388074,3
획득 비용,0.9507830674022528,26.515250845983914,0.17884749761508706,5
구제,0.9505348395474691,28.511881888668476,0.19718976739533492,5
유통 업체,0.9500764706175021,35.84752398396749,0.26314293414336126,4
부품 시험,0.9498310531452937,17.752115497516623,0.10720775802435199,4
침해 피해,0.9495214868520362,18.514045088906673,0.11490657048330705,3
회복 기술보호,0.9495214868520362,18.514045088906673,0.11490657048330705,3
선도 피해,0.9495214868520362,18.514045088906673,0.11490657048330705,3
기술보호 선도,0.9495214868520362,18.514045088906673,0.11490657048330705,3
기술보호 우수,0.9495214868520362,18.514045088906673,0.11490657048330705,3
서비스 무역,0.9494740573279552,35.55176723405483,0.2645281805523116,6
현지 수출,0.9487815887101788,14.712897577455424,0.08362809083232486,6
알선 상담,0.948704802474808,32.12347964059996,0.23901949982945891,3
판로개척 산업,0.948492295501679,28.038657767584787,0.2037149035030061,4
제품 nep,0.948492295501679,28.038657767584787,0.2037149035030061,4
산업 인증,0.948492295501679,28.038657767584787,0.2037149035030061,4
nep,0.948492295501679,28.038657767584787,0.2037149035030061,4
제품 판로개척,0.948492295501679,28.038657767584787,0.2037149035030061,4
융자,0.9480691554383454,56.435432464015896,0.4623215623842136,106
창업 여성,0.9480373828024911,16.172156635788262,0.09886099372654054,3
선배 ceo,0.9480373828024911,16.172156635788262,0.09886099372654054,3
ceo 밀착,0.9480373828024911,16.172156635788262,0.09886099372654054,3
밀착 코칭,0.9480373828024911,16.172156635788262,0.09886099372654054,3
해양 기자재,0.9478982827441503,19.948537348553472,0.1334985184593421,3
국내 기자재,0.9478982827441503,19.948537348553472,0.1334985184593421,3
수주 국내,0.9478982827441503,19.948537348553472,0.1334985184593421,3
파견 국제,0.9478982827441503,19.948537348553472,0.1334985184593421,3
벤더 등록,0.9478982827441503,19.948537348553472,0.1334985184593421,3
등록 해외,0.9478982827441503,19.948537348553472,0.1334985184593421,3
인증 벤더,0.9478982827441503,19.948537348553472,0.1334985184593421,3
플랜트 수주,0.9478982827441503,19.948537348553472,0.1334985184593421,3
수출 조선,0.9478982827441503,19.948537348553472,0.1334985184593421,3
차별 제품,0.947768913691725,23.449924331568155,0.16578783348582588,4
절약,0.947714311882697,47.12592698001324,0.3813492957060721,5
도전 프로젝트,0.9474064321102473,13.40430099864923,0.07543990981509877,3
산업 재직자,0.9473349110313949,18.531979955120857,0.12261129566011886,6
이차보전,0.9473119838685279,37.14495935398038,0.2933429569811638,18
해외진출 플랫폼,0.9471968157675,21.871116875350893,0.15377452788044244,3
세계 혁신,0.9471968157675,21.871116875350893,0.15377452788044244,3
플랫폼 유망,0.9471968157675,21.871116875350893,0.15377452788044244,3
거점 창업기업,0.9471968157675,21.871116875350893,0.15377452788044244,3
코리아 스타트업,0.9471968157675,21.871116875350893,0.15377452788044244,3
선도 국내,0.9469955509605483,18.592621768139185,0.12434533039128987,3
석유,0.946971213950436,56.117687288366895,0.47082668395902094,7
준비 고려,0.9468295139354541,16.513000364559574,0.10567081207790657,3
창의 혁신,0.9468295139354541,16.513000364559574,0.10567081207790657,3
창업 소상공인,0.9468295139354541,16.513000364559574,0.10567081207790657,3
침해,0.9467520498767399,51.967576521218,0.4346230519184594,10
검사 기관,0.9465008335277966,15.839411414188424,0.10041127908842278,4
교육비,0.9461766513358234,28.566327156151072,0.2207181683888404,5
서비스 패키지,0.9460811581654345,16.979001646371294,0.11236470382553364,3
연봉,0.9459678739108202,48.34085674669433,0.4080195368480835,6
협동조합 활성,0.945816018903349,36.59603210463211,0.298466028574395,3
시제품 생산,0.9456569577652746,17.896903991827173,0.12241079123082708,3
소속 연구,0.9454821722819132,23.962744597473485,0.1806545204413566,6
반도체 기술,0.945135094474752,25.2102536704225,0.19414591837055162,5
설치 에너지,0.9443390339560398,27.606737868564522,0.22118207008062601,6
다양 국제,0.944208268031738,28.89728663391391,0.23442735268238196,3
친환경 혁신,0.944208268031738,28.89728663391391,0.23442735268238196,3
asem 역내,0.944208268031738,28.89728663391391,0.23442735268238196,3
asem,0.944208268031738,28.89728663391391,0.23442735268238196,3
성장 확산,0.944208268031738,28.89728663391391,0.23442735268238196,3
aseic,0.944208268031738,28.89728663391391,0.23442735268238196,3
aseic asem,0.944208268031738,28.89728663391391,0.23442735268238196,3
차세대 방송,0.9441097418941161,26.50418557931493,0.21160586361378897,3
해외 마케팅,0.9437477296529254,34.897441215727774,0.2958705993236489,29
확립 유도,0.9436267241635067,19.52843743653237,0.14530422609110827,3
신속 저렴,0.9436267241635067,19.52843743653237,0.14530422609110827,3
유도 무역,0.9436267241635067,19.52843743653237,0.14530422609110827,3
무역 상거래,0.9436267241635067,19.52843743653237,0.14530422609110827,3
국내외 분쟁,0.9436267241635067,19.52843743653237,0.14530422609110827,3
중재 지원비,0.9436267241635067,19.52843743653237,0.14530422609110827,3
중재 서비스,0.9436267241635067,19.52843743653237,0.14530422609110827,3
상거래 질서,0.9436267241635067,19.52843743653237,0.14530422609110827,3
질서 확립,0.9436267241635067,19.52843743653237,0.14530422609110827,3
저렴 중재,0.9436267241635067,19.52843743653237,0.14530422609110827,3
지원비 국내외,0.9436267241635067,19.52843743653237,0.14530422609110827,3
저렴,0.9436267241635067,19.52843743653237,0.14530422609110827,3
대외 무역,0.9436267241635067,19.52843743653237,0.14530422609110827,3
소상공인 대외,0.9436267241635067,19.52843743653237,0.14530422609110827,3
해결 제도,0.9432519260723442,18.972644557678862,0.14116876700016837,3
상담 분쟁,0.9432519260723442,18.972644557678862,0.14116876700016837,3
상담 지원비,0.9432519260723442,18.972644557678862,0.14116876700016837,3
상대 법률,0.9432519260723442,18.972644557678862,0.14116876700016837,3
법률 제도,0.9432519260723442,18.972644557678862,0.14116876700016837,3
분쟁 애로,0.9432519260723442,18.972644557678862,0.14116876700016837,3
안내 무료,0.9432519260723442,18.972644557678862,0.14116876700016837,3
상대,0.9432519260723442,18.972644557678862,0.14116876700016837,3
제도 안내,0.9432519260723442,18.972644557678862,0.14116876700016837,3
접근 분쟁,0.9432519260723442,18.972644557678862,0.14116876700016837,3
무료 알선,0.9432519260723442,18.972644557678862,0.14116876700016837,3
사항 상담,0.9432519260723442,18.972644557678862,0.14116876700016837,3
지원비 상대,0.9432519260723442,18.972644557678862,0.14116876700016837,3
경력,0.9431485979856412,47.36465513476673,0.42365839069860944,17
편도 한국관,0.9429078492868772,12.32346264412441,0.07603094158912188,4
교재,0.9428565773647952,25.396825127196234,0.2067636958957784,5
직접 투자,0.9422722304360135,36.796244060893706,0.32467494455297363,7
분쟁,0.9420790540032212,34.22952807782042,0.29999202692889937,15
네트워킹 자금,0.9419855149339134,15.985413751370444,0.11537007060365745,3
융자 해외,0.9414489472049404,23.311903556990018,0.1921070383809243,4
보증 공동,0.9410622743704486,21.61420609195317,0.17627884450995487,3
협동조합 조직,0.9410622743704486,21.61420609195317,0.17627884450995487,3
조직 제도,0.9410622743704486,21.61420609195317,0.17627884450995487,3
활성 협동조합,0.9410622743704486,21.61420609195317,0.17627884450995487,3
구매 보증,0.9410622743704486,21.61420609195317,0.17627884450995487,3
단체 표준,0.9410622743704486,21.61420609195317,0.17627884450995487,3
제도 단체,0.9410622743704486,21.61420609195317,0.17627884450995487,3
표준 부자재,0.9410622743704486,21.61420609195317,0.17627884450995487,3
공동 협동조합,0.9410622743704486,21.61420609195317,0.17627884450995487,3
부자재 공동,0.9410622743704486,21.61420609195317,0.17627884450995487,3
융합 지능,0.9406305766156465,28.861388785426346,0.2534441880302709,4
개방 협력,0.9404896692046982,16.70357155237306,0.12739470562521393,3
보유 창작자,0.9404896692046982,16.70357155237306,0.12739470562521393,3
아이디어 소상공인,0.9404896692046982,16.70357155237306,0.12739470562521393,3
융합 차별,0.9404896692046982,16.70357155237306,0.12739470562521393,3
알선,0.940281265435399,25.510881351900032,0.22026445763489022,4
여성 창업보육,0.9401107250887668,15.435422434550068,0.1152789101405261,3
금리 상황,0.9396650496646305,23.035060131281266,0.19702676632205796,3
융자 재생에너지,0.9392210566968985,23.71440112418082,0.20620909584534858,5
인프라 해외,0.9391361131528095,13.320205137868284,0.0955452306686484,3
발주,0.938950851070355,31.378157031973757,0.28956242182730385,4
분쟁 해결,0.9385406118088643,15.473026232965145,0.12030168955665577,4
부품 산업,0.9382802371029716,51.319137962740975,0.5097677047989595,11
수요 해외,0.9380324866049979,12.529796464065155,0.08975123438718897,4
컨설팅 현지,0.9376414330014582,10.863318520911813,0.07242189312037517,4
수출 초보,0.9370930594356127,10.672463723082979,0.07145871337575305,3
기술 공동,0.9368888795715672,11.854105841264184,0.0850009271733834,3
대응 해외,0.9367531952343009,12.927339518605514,0.09725574022416357,5
지사,0.936749572932622,24.751956613439873,0.22887949679390926,5
주최,0.9363381067478829,29.36223820599093,0.2824886451675456,10
기술 침해,0.9360839864991208,24.027524403034914,0.22386054504522687,4
가능 규모,0.9357930672908946,12.087542813463454,0.0901460844159489,3
기관 대출,0.9357820092292424,15.721006286047295,0.13127552384235344,3
금융 금융,0.935394978088512,15.221400792611492,0.1267552835818558,4
해외 지사,0.9347452273523595,23.10930538139183,0.21943037730676074,5
소상공인 혁신,0.9339610020472501,16.70357155237306,0.1482321318587091,3
협력 융합,0.9339610020472501,16.70357155237306,0.1482321318587091,3
창작자 스타트업,0.9339610020472501,16.70357155237306,0.1482321318587091,3
상담 서비스,0.933526380862777,13.457354476585,0.111525015399836,7
활용 바우처,0.933149794392119,10.711988058836315,0.08008443157966287,3
재직자 ai,0.9329343192786597,13.509042984745834,0.11367961391688705,4
가스 안전,0.9325425742973366,11.874795371142007,0.09521734615199266,5
전문 박사,0.9321147233679811,16.002373638437902,0.14575951149181476,3
금리 중견기업,0.9318973759294094,14.51936281803182,0.12856647562576862,3
글로벌 창업,0.9317017985359579,23.1603130925053,0.23353391275789342,7
편도 cbm,0.9316145901899842,7.961041929870048,0.0500031582434847,3
용기,0.9314648364973951,12.889360549388682,0.1100137737358519,5
대회 개최,0.9314381741983528,11.811340890502038,0.09699985902677802,3
물류 운송,0.9313117633768413,7.519827746566462,0.045114342113497644,4
발주 추천,0.9312403095446528,15.497640780127517,0.1423237890453722,3
고려 맞춤,0.9308727945854044,11.009117939671766,0.08848163157925734,4
제조사,0.9306093312966116,34.79700017777048,0.38144178434789594,7
대학 컨소시엄,0.9304098331954267,10.673052156134625,0.0853348674978504,3
장애인 창업,0.9301456055163013,63.56699966410207,0.7407138986170314,3
클라우드 첨단,0.9299488871008302,18.312084325973526,0.1811563476244109,4
참가 경비,0.9294373097387352,10.756171079614445,0.08840999898310727,4
level,0.9288732279350188,30.208886472972388,0.33514805840548206,4
임차료 장치,0.9288044239104567,8.664712827513762,0.06331911192363293,3
설비 제조,0.9285267965623796,25.403311874200266,0.27619057847036743,4
유통망 입점,0.9282449242638994,7.329362465312073,0.047262276038771936,3
부스 임차료,0.9282430631821337,22.225223778261,0.23708646208781645,7
초보,0.9280193267692908,10.346471485335798,0.08616869447294928,4
투자 비용,0.9278328795608739,12.778817332985144,0.11773575702131905,5
클리닉,0.9277097998394996,23.496628343001607,0.2557177944910711,4
시설자금 운전자금,0.927703818435789,28.44833751524661,0.3193570063681004,6
산학연 네트워크,0.9276491962828034,74.381370453794,0.9102154011212581,3
활성 창업,0.9276087686225934,14.098042346842146,0.13526869630243055,5
종합 컨설팅,0.9274535633318843,12.917402873661425,0.1204733306647452,7
수출 서비스,0.9274146954689969,15.206232671012248,0.15010196987460647,7
경영안정 자금,0.9272769434583202,34.83772293785866,0.40431258240837864,6
재생에너지 설비,0.9272494920531797,33.33478034390628,0.38505918303514847,7
바이어 수출,0.9271105064082819,9.253561789115704,0.07385880968104293,4
운송 편도,0.9270703827638915,12.45207865990366,0.11541031546079952,4
대응 수출,0.9267539256686198,8.534969827961392,0.06515038477346027,3
특별 경영안정,0.9261813389316252,24.682206014897385,0.27827367708879414,4
서비스 해외진출,0.9260832254786919,12.31148437307233,0.11597811701768349,4
발달,0.9260535568014238,8.83933375094443,0.07034573484431014,3
창업 점포,0.9260109477094579,30.29001593450359,0.3529541414660863,3
한도 최장,0.9260109477094579,30.29001593450359,0.3529541414660863,3
점포 월세,0.9260109477094579,30.29001593450359,0.3529541414660863,3
보증금 한도,0.9260109477094579,30.29001593450359,0.3529541414660863,3
월세 보증금,0.9260109477094579,30.29001593450359,0.3529541414660863,3
월세,0.9260109477094579,30.29001593450359,0.3529541414660863,3
전환 다양,0.9259183831570601,16.454313403928488,0.17101808191152462,7
자동차 중견기업,0.9258319243097033,54.09302793883655,0.6683433641805188,8
전문가 연계,0.9255873573461799,14.970026835135444,0.15241415867143895,4
일시 경영,0.9255358311824107,23.057295861101217,0.2598245416558389,4
채용 홍보,0.9253999740055527,10.676740446182002,0.09591217112513295,3
esco 투자,0.9253968371809037,21.786743399929584,0.24356454532366353,3
esco,0.9253968371809037,21.786743399929584,0.24356454532366353,3
정책자금 기준,0.9252579068167728,20.070749988016303,0.22130490588326804,4
기준 금리,0.9252579068167728,20.070749988016303,0.22130490588326804,4
창업기업 해외진출,0.9252409717835978,16.923859544189842,0.17945649222577903,4
외교,0.9252085034338868,16.886891160609526,0.17907157283331065,6
시설 안전,0.9251806075158062,15.032922752638282,0.15444852931431757,4
모집,0.9247634034818482,7.756759291591351,0.05809734511522344,3
전환 맞춤,0.9245348566087311,12.040301957617473,0.11608983110512172,4
난도,0.9243882248192233,13.889480420936003,0.1413729149347941,3
연계 해외,0.9241841795615809,8.772524575450559,0.07273420173799824,5
기준 연봉,0.9239329477903867,17.822057818317987,0.1959917750905045,3
vc 민간,0.9238690525580143,12.73533805889146,0.1271173237449143,4
연계 특성화고,0.9238339956518385,13.160513299392456,0.13298407545016097,3
역할 대행,0.923765931841888,15.154898739490942,0.16029258735890972,3
지사 역할,0.923765931841888,15.154898739490942,0.16029258735890972,3
자율 주행,0.9236509294300923,23.052121084074606,0.2682448431121346,11
중견기업 재직,0.9228849423615955,16.55845254746041,0.18225882764149087,3
유입 근로자,0.9228849423615955,16.55845254746041,0.18225882764149087,3
기금 중견기업,0.9228849423615955,16.55845254746041,0.18225882764149087,3
근로자 자산,0.9228849423615955,16.55845254746041,0.18225882764149087,3
자산 형성,0.9228849423615955,16.55845254746041,0.18225882764149087,3
유도 우수,0.9228849423615955,16.55845254746041,0.18225882764149087,3
장기 유도,0.9228849423615955,16.55845254746041,0.18225882764149087,3
인력 성과,0.9228849423615955,16.55845254746041,0.18225882764149087,3
보상 기금,0.9228849423615955,16.55845254746041,0.18225882764149087,3
비용 일체,0.9226054724024857,21.564206721176348,0.25239270095784494,3
소상공인 창업,0.9220431236014003,25.1864782526877,0.30526058108816917,6
개최 해외,0.9219864159261881,18.08837174591444,0.20653390717103684,10
비즈,0.921892595895018,9.916107728866772,0.09273015231772114,5
참가 업체,0.9215651726036013,10.352029680152539,0.09949541867238815,5
스케일 융자,0.9215054310319553,11.886261380103749,0.12116218321094507,3
혁신 스케일,0.9215054310319553,11.886261380103749,0.12116218321094507,3
전환 공동,0.9207161957379691,11.607062924663708,0.11906812407905923,4
회의,0.9200062311370425,9.373327491638307,0.08869716098610532,3
자영업자 고용,0.919969290591528,19.61629285033085,0.23565486746355666,3
거래처,0.919939643996363,10.05719035069391,0.09863346755195225,3
경쟁력 지방,0.9196190742934603,9.467584908808808,0.09078522624953561,3
단말 핵심,0.9195178623103972,18.861500131183146,0.2265167696261639,3
디렉토리,0.9194835433436984,9.751812536363142,0.09514623134570656,7
글로벌 수출,0.9192138892239632,22.797439813655856,0.28467541039742594,3
전시회 개최,0.9191884443204428,22.833421017575752,0.28531155061308766,5
예산 규모,0.9191300995815839,20.359524708865084,0.24969357706616643,7
초기 맞춤,0.9190904354882242,13.89205626034296,0.15599936035802633,3
gpp,0.9188667808512776,20.958931064714747,0.2594801554221621,3
인력난,0.9187237071082367,10.461605459428393,0.10698829710318974,5
융자 중소,0.918699242738675,13.75085051268098,0.15502357184968946,5
전문 특화,0.9185285028125113,27.11339030739965,0.35087210627592275,3
홍보 해외,0.9183712469216736,6.762927230389862,0.05353587887323969,4
소요 인증,0.918250062989197,20.54693553369467,0.25599564587354245,6
비용 해외,0.9182144344266062,14.009668830267882,0.16015524140483797,6
해외진출 마케팅,0.9180858824724849,9.029999514269932,0.08727417184535359,4
전환 기술,0.9180795248958706,10.724962954956318,0.11221736956376904,9
활성 고용,0.9178931586310075,17.017260848088327,0.2054036173137627,3
우수 미래,0.9178931586310075,17.017260848088327,0.2054036173137627,3
창업 기술력,0.9178931586310075,17.017260848088327,0.2054036173137627,3
장기 융자,0.9175470285634515,21.953974071025772,0.2797066866525749,4
설치 해외,0.9174587717104177,10.416059200307298,0.10897589974274496,4
주행,0.9174074102764109,21.361964573199575,0.27152936850876325,13
활성 여성,0.9173566446064123,15.274563220942888,0.18134256006768396,5
기술 사장,0.9171674667165527,17.348380679374667,0.21279448039783092,3
방지 개발,0.9171674667165527,17.348380679374667,0.21279448039783092,3
기술사업화 보유,0.9171674667165527,17.348380679374667,0.21279448039783092,3
개발 기술사업화,0.9171674667165527,17.348380679374667,0.21279448039783092,3
진흥 공단,0.9171496968371048,14.698259358264448,0.17339230804179365,5
해외 판로,0.9171285931425881,10.043392199800044,0.1041182700725982,3
스타트업 개방,0.9168393140679619,10.216040783256673,0.10728650714664484,4
유망 수출,0.9168105006758681,14.57971263473148,0.17261668979213057,4
유망 생산,0.9168091856282631,18.248753270700078,0.2275020911921241,3
경쟁력 자금,0.9168091856282631,18.248753270700078,0.2275020911921241,3
가치 경쟁력,0.9168091856282631,18.248753270700078,0.2275020911921241,3
협력 동반,0.9165412816512868,21.495718389128278,0.2772159213885525,4
운전자금,0.9165141366288654,62.04395031462135,0.8862001506836226,32
공동 구매,0.916454573748474,22.51842237969629,0.2929556409072792,12
해외 전시회,0.9163278709577048,26.23134442592224,0.34941185849213885,14
소상공인 융자,0.916323875207524,16.531922583058865,0.203424915508231,4
예비창업자 장애인,0.9162062817568875,24.12311202180425,0.3182609374144962,4
지원비,0.9161757274875654,18.531254063552574,0.23406923792212794,11
현장 클리닉,0.9161056323141736,22.608383395672845,0.2958772892079371,3
회복,0.9158358798168564,17.117073142705816,0.21390320601969004,7
이자 차액,0.9157440798481192,16.104810213608474,0.19886439768458153,5
전환 자금,0.9156637855409689,15.163547151009086,0.18483227306727507,3
교육 훈련,0.9154314882755603,18.135207965911334,0.2307931286631968,8
인력 ai,0.9153990670985661,13.387294611177307,0.1585763060205154,3
박사 연구원,0.9153157436252884,21.691885980437238,0.2854572564581615,3
일체,0.9153041820898624,12.096294042592884,0.13913939997491975,4
제품 수출,0.915276064742468,18.95163582675099,0.2438149809045292,4
일반 경영안정,0.9151841664881545,13.705149330513743,0.1640111813169456,3
구조 전용,0.915089485167845,17.226056138404484,0.21812774172321048,3
구조 정책자금,0.915089485167845,17.226056138404484,0.21812774172321048,3
전용 자금,0.915089485167845,17.226056138404484,0.21812774172321048,3
자원 개발,0.9150536208678219,18.06005079403341,0.2310141052569616,9
전화 방문,0.9148792771612351,18.987916755957905,0.245875481951137,4
보증금,0.9148452932761836,23.570363519552423,0.3163176569193609,4
풀필먼트,0.9144525133626646,14.866818362017842,0.18394458479159081,3
전시 사업자,0.9144038809961101,25.65332731130333,0.350536444975599,6
컨설팅 창업,0.9143944766163099,8.348729563441678,0.0835255638556928,5
선배,0.9143600489003645,14.38490907605071,0.17678063041712566,5
상황,0.914013763876637,14.195446150060695,0.17484570641858876,11
사후 정산,0.9139271776900122,7.216820570450174,0.06675018946748223,3
평가 등급,0.9138481417333498,12.087542813463454,0.14256151091547276,3
등급 차등,0.9138481417333498,12.087542813463454,0.14256151091547276,3
센터 활용,0.9138301357469902,11.986252471527646,0.14103107780109272,4
전시,0.9137704765763799,20.535977500256436,0.27417486845068906,46
금리 정책자금,0.913555522461282,13.003909374648023,0.15757128966086884,3
세무 회계,0.9133788861316445,7.351374831680363,0.0696679544231524,4
마케팅 활동,0.9133391948043756,12.755511691387214,0.1542548039817688,9
생태 경쟁력,0.9133377284411406,14.970409013314532,0.1889027291087074,5
재해 재난,0.9132110114486099,12.792246363519645,0.15516114038301104,3
재해 일시,0.9132110114486099,12.792246363519645,0.15516114038301104,3
공연 연계,0.9131413536906412,13.637754636526399,0.16859923653715625,3
설계 상권,0.9131413536906412,13.637754636526399,0.16859923653715625,3
구역 설계,0.9131413536906412,13.637754636526399,0.16859923653715625,3
브랜딩 특화,0.9131413536906412,13.637754636526399,0.16859923653715625,3
테마 구역,0.9131413536906412,13.637754636526399,0.16859923653715625,3
개발 문화,0.9131413536906412,13.637754636526399,0.16859923653715625,3
상권 브랜딩,0.9131413536906412,13.637754636526399,0.16859923653715625,3
반영 테마,0.9131413536906412,13.637754636526399,0.16859923653715625,3
연계 상권,0.9131413536906412,13.637754636526399,0.16859923653715625,3
예술 공연,0.9131413536906412,13.637754636526399,0.16859923653715625,3
인턴,0.9130812301442077,20.85936837761695,0.28208740134426336,19
경영 지도,0.9130249057208535,16.146652872248648,0.20831810222604885,3
정책자금 소상공인,0.9129879652523509,24.146522285516745,0.3341207402758286,8
발표,0.9129555541006225,8.809706371145408,0.09322911265770659,5
수출 글로벌,0.9129232529458601,17.28358958029597,0.22652527961968322,10
임차료 장치비,0.9128491828761479,16.97122001731153,0.2218668800935089,6
글로벌 쇼핑몰,0.9125307239033557,13.996510644801875,0.17595204620414104,3
숙련,0.9125000012875014,8.052667666824785,0.08208399062699213,3
제조 생산,0.9124360515381335,17.312348543200685,0.22867589994321452,6
애로 재해,0.9124334173427097,16.424307391688416,0.21463600942250027,3
혁신 거점,0.9122784390560468,11.267953035950866,0.13341607119769236,5
해외 바이어,0.9122592634988123,10.333200179681688,0.11863971015532165,13
성과 평가,0.9122382532757615,11.015954769235233,0.1295117500986581,4
대행 해외,0.9121925678327734,10.370208900460684,0.11936749484925525,3
전담 직원,0.9121925678327734,10.370208900460684,0.11936749484925525,3
지사 해외,0.9121925678327734,10.370208900460684,0.11936749484925525,3
해외 무역관,0.9121925678327734,10.370208900460684,0.11936749484925525,3
진출 중소,0.9121925678327734,10.370208900460684,0.11936749484925525,3
무역관 전담,0.9121925678327734,10.370208900460684,0.11936749484925525,3
직원 해외,0.9121925678327734,10.370208900460684,0.11936749484925525,3
개별 맞춤,0.9121925678327734,10.370208900460684,0.11936749484925525,3
창업 경진,0.912068056495165,15.486650139346287,0.2009447419310198,5
소상공인 납부,0.91196901311457,11.585698559202335,0.13918156092350023,3
소상공인 사회,0.91196901311457,11.585698559202335,0.13918156092350023,3
가입 유도,0.91196901311457,11.585698559202335,0.13918156092350023,3
솔루션 시스템,0.9118850398698103,7.576791046666167,0.07552178181131124,3
전시 산업,0.9118384678138971,19.239300497342544,0.2614737234011063,3
장치비,0.9117835991139899,17.27535038228068,0.23036317122900454,6
수출바우처 중소,0.9117497753959927,8.871506867073666,0.09639130366229318,3
이용 수출바우처,0.9117497753959927,8.871506867073666,0.09639130366229318,3
서비스 선택,0.9117497753959927,8.871506867073666,0.09639130366229318,3
자사 역량,0.9117497753959927,8.871506867073666,0.09639130366229318,3
통합 중소,0.9117497753959927,8.871506867073666,0.09639130366229318,3
중견기업 자사,0.9117497753959927,8.871506867073666,0.09639130366229318,3
역량 수출,0.9117497753959927,8.871506867073666,0.09639130366229318,3
대학원,0.9116882337469586,30.12096831574931,0.43581407524106797,11
사업자 주최,0.9116774699295512,19.446766892256885,0.2654108927684529,6
디자인 서비스,0.9116774699295512,19.446766892256885,0.2654108927684529,6
주최 디자인,0.9116774699295512,19.446766892256885,0.2654108927684529,6
통신 단말,0.9116358133683592,14.725487683906932,0.19013573335318346,3
모뎀,0.9116358133683592,14.725487683906932,0.19013573335318346,3
서비스 마케팅,0.9114875690534429,9.320451812375909,0.10405510522879496,3
경제 외교,0.91141327929645,18.561224920440413,0.2522574388930968,3
초공간,0.9112216574291978,11.139905820204834,0.1337844531337506,3
초공간 통신,0.9112216574291978,11.139905820204834,0.1337844531337506,3
표준 단말,0.9112216574291978,11.139905820204834,0.1337844531337506,3
기술개발 궤도,0.9112216574291978,11.139905820204834,0.1337844531337506,3
기술 모뎀,0.9112216574291978,11.139905820204834,0.1337844531337506,3
gpp 위성,0.9112216574291978,11.139905820204834,0.1337844531337506,3
gpp ntn,0.9112216574291978,11.139905820204834,0.1337844531337506,3
구현 실용,0.9112216574291978,11.139905820204834,0.1337844531337506,3
안테나 개발,0.9112216574291978,11.139905820204834,0.1337844531337506,3
비지상통신,0.9112216574291978,11.139905820204834,0.1337844531337506,3
비지상통신 표준,0.9112216574291978,11.139905820204834,0.1337844531337506,3
ntn,0.9112216574291978,11.139905820204834,0.1337844531337506,3
실용 gpp,0.9112216574291978,11.139905820204834,0.1337844531337506,3
시스템 초공간,0.9112216574291978,11.139905820204834,0.1337844531337506,3
모뎀 rf,0.9112216574291978,11.139905820204834,0.1337844531337506,3
ntn 비지상통신,0.9112216574291978,11.139905820204834,0.1337844531337506,3
jv,0.9112176930538815,23.50729989090161,0.33243039707394967,3
창업 장애인,0.9110132557520526,43.373694897639744,0.6532844910094905,3
실비,0.9109966920386877,10.09445487247039,0.11745843877680605,6
회피,0.9108889746188064,13.674725546370453,0.1754186219769946,3
금융 회피,0.9108889746188064,13.674725546370453,0.1754186219769946,3
회피 재창업,0.9108889746188064,13.674725546370453,0.1754186219769946,3
생태 중소,0.9108889746188064,13.674725546370453,0.1754186219769946,3
연결 창업,0.9108889746188064,13.674725546370453,0.1754186219769946,3
도전 환경,0.9108889746188064,13.674725546370453,0.1754186219769946,3
원활 도전,0.9108889746188064,13.674725546370453,0.1754186219769946,3
재창업 자금,0.9108889746188064,13.674725546370453,0.1754186219769946,3
도전 연결,0.9108889746188064,13.674725546370453,0.1754186219769946,3
재창업 정책자금,0.9108889746188064,13.674725546370453,0.1754186219769946,3
환경 민간,0.9108889746188064,13.674725546370453,0.1754186219769946,3
폐업 도전,0.9108889746188064,13.674725546370453,0.1754186219769946,3
자금 원활,0.9108889746188064,13.674725546370453,0.1754186219769946,3
정책자금 폐업,0.9108889746188064,13.674725546370453,0.1754186219769946,3
벤처기업 일자리,0.9107643368688012,14.678490348392868,0.19197700114287838,3
최장,0.9106977031974771,22.49514291468715,0.31852874720722113,5
직무 교육,0.910543928469614,11.50989725956683,0.14131737797099814,5
선택 이용,0.9105423952302006,7.749052937692359,0.08041218806355113,4
혁신 전환,0.9103373315296304,14.24736325353323,0.1862490358971598,6
벤처기업 창업,0.9102701038195719,16.497465692242773,0.2230070441663909,4
감액,0.9102257837024227,13.781043846554766,0.1789902915157244,3
해외 규격,0.9099961767631781,23.23989815119955,0.3338527324029731,7
스타트업 센터,0.9096383596290512,15.23647985475956,0.20447089850600822,4
일반 사채,0.9093793992905781,12.087542813463454,0.15354511951672764,3
cbo,0.9093793992905781,12.087542813463454,0.15354511951672764,3
cbo 방식,0.9093793992905781,12.087542813463454,0.15354511951672764,3
사채 sb,0.9093793992905781,12.087542813463454,0.15354511951672764,3
스케일 금융,0.9093793992905781,12.087542813463454,0.15354511951672764,3
sb,0.9093793992905781,12.087542813463454,0.15354511951672764,3
금리,0.9092950206135504,42.39502007748289,0.6521255495574343,24
참가 비용,0.9091904174290808,14.081418658506971,0.1868406010523203,5
성장 바우처,0.9088659151569494,13.254897414879336,0.17410985364818216,3
바우처 창업,0.9088659151569494,13.254897414879336,0.17410985364818216,3
바우처 유망,0.9088659151569494,13.254897414879336,0.17410985364818216,3
레퍼런스 바우처,0.9088659151569494,13.254897414879336,0.17410985364818216,3
고도 레퍼런스,0.9088659151569494,13.254897414879336,0.17410985364818216,3
자금 융자,0.9086904745918166,9.020623942281164,0.10444612430725048,9
무료,0.9085936085402343,10.739420254915581,0.13313065041440134,16
협동조합,0.9085840777926493,31.936247180017837,0.4847162403776181,11
금융 기술보증,0.9085544603042661,12.805521315402359,0.16749696457195173,3
시설자금,0.9085365390356086,31.794591556986468,0.4826714957793748,18
관세,0.9085049142684174,8.772679860379712,0.10067535082017573,8
생산 비용,0.9084429216032065,15.94490467068367,0.21994641593127714,4
경제 환경,0.9082610909585112,11.452438685039589,0.14573605565048414,4
진출 온라인,0.908192100100029,8.916413495869797,0.10363775355730084,3
평균 내외,0.9080735945484222,22.404413972559095,0.32893999420616915,6
생산 부가,0.9080638889873531,17.691341967258964,0.2503245266698253,4
생산 원가,0.9078508028945942,10.676820478900188,0.13372246467087529,3
조선 스마트,0.9078508028945942,10.676820478900188,0.13372246467087529,3
스마트 자동,0.9078508028945942,10.676820478900188,0.13372246467087529,3
자동 생산,0.9078508028945942,10.676820478900188,0.13372246467087529,3
원가 경쟁력,0.9078508028945942,10.676820478900188,0.13372246467087529,3
국내 조선,0.9078508028945942,10.676820478900188,0.13372246467087529,3
대출 시설,0.9078185212919601,15.920437556307506,0.22156478266624896,5
이행 소요,0.9076384357761309,11.813277268501581,0.1532527306424781,3
자금 산업,0.9076384357761309,11.813277268501581,0.1532527306424781,3
직면 경쟁력,0.9076384357761309,11.813277268501581,0.1532527306424781,3
전환 위험,0.9076384357761309,11.813277268501581,0.1532527306424781,3
산업 경제,0.9076384357761309,11.813277268501581,0.1532527306424781,3
전환 계획,0.9076384357761309,11.813277268501581,0.1532527306424781,3
위험 직면,0.9076384357761309,11.813277268501581,0.1532527306424781,3
소요 정책자금,0.9076384357761309,11.813277268501581,0.1532527306424781,3
정책자금 융자,0.9076384357761309,11.813277268501581,0.1532527306424781,3
변화 산업,0.9076384357761309,11.813277268501581,0.1532527306424781,3
경쟁력 전환,0.9076384357761309,11.813277268501581,0.1532527306424781,3
수출 내수,0.9074204049054324,17.810518744376186,0.2546453962011037,4
기술 유망,0.9073723194128082,15.03908404016601,0.2081820464313584,3
운송비,0.9072995254451923,10.158599241230826,0.12620568579041794,6
혁신 유형,0.9072375313739045,8.196717937828206,0.09326805909935795,3
형성 장기,0.9072195267271402,15.639418784595454,0.21877228977880397,5
센터 여성,0.9070888027100199,11.602277983022594,0.15102347471543526,4
숙박,0.9069312350277456,10.708126346889184,0.1362735759906779,5
활성 소상공인,0.9067704509111092,16.149659263301906,0.228854814094974,5
대출 한도,0.9065908435882059,15.454542289894919,0.21764108818013272,7
지출,0.9064672837783847,17.931880185021654,0.2601696749140752,3
생업 안전망,0.9064597684163918,20.34507304157868,0.30124776497704764,7
안정 경영,0.9064597684163918,20.34507304157868,0.30124776497704764,7
환경 성장,0.9064597684163918,20.34507304157868,0.30124776497704764,7
성장 자생력,0.9064597684163918,20.34507304157868,0.30124776497704764,7
안전망 소상공인,0.9064597684163918,20.34507304157868,0.30124776497704764,7
생업,0.9064597684163918,20.34507304157868,0.30124776497704764,7
자금 정책자금,0.9064597684163918,20.34507304157868,0.30124776497704764,7
자생력 생업,0.9064597684163918,20.34507304157868,0.30124776497704764,7
부스장치비,0.9061352752287065,10.91733696691386,0.14160417014762494,3
우수 혁신,0.9059408443664031,10.055555786528778,0.12729281662596326,4
이자,0.9059287872769928,22.54850641895124,0.3411659242737788,16
양성 대학,0.9058818989922112,10.22355433469775,0.13029276341133714,6
성숙도,0.9054949437966482,21.390969257925768,0.3232431546547241,3
원자력 기술,0.9054684484685533,19.411754850341968,0.289296431723322,3
인력 혁신,0.9053735681364599,10.733535534866755,0.1401548053774423,3
해외,0.9051046263260558,27.487453587195578,0.43031298496807213,334
방송 미디어,0.9050961396989252,50.680875931047474,0.8312562673875823,10
인력,0.9048707039925403,49.780848327997724,0.817971967773024,175
상거래 수출,0.9048126859464544,8.916413495869797,0.10988805024784208,3
개척,0.9043881242286663,14.070944693329622,0.20050706247529554,54
전략 시장,0.904330380236143,12.132768242290947,0.16687427615071623,4
인턴 채용,0.9041639145037984,6.796100224253546,0.074045765330884,3
애로 센터,0.9039844634747524,14.95911159724461,0.21722780012214432,3
인력 애로,0.9039844634747524,14.95911159724461,0.21722780012214432,3
전시회 성과,0.9039139646296591,11.363040802501216,0.1544305931600309,3
협력 전시,0.9039139646296591,11.363040802501216,0.1544305931600309,3
산업 전시,0.9039139646296591,11.363040802501216,0.1544305931600309,3
관리 국제,0.9039139646296591,11.363040802501216,0.1544305931600309,3
전시 포털,0.9039139646296591,11.363040802501216,0.1544305931600309,3
조사 전시,0.9039139646296591,11.363040802501216,0.1544305931600309,3
경쟁력 통계,0.9039139646296591,11.363040802501216,0.1544305931600309,3
포털 전시회,0.9039139646296591,11.363040802501216,0.1544305931600309,3
위기관리 능력,0.9036055190744652,9.536473295197377,0.12303602700218622,3
창업 종합,0.9036055190744652,9.536473295197377,0.12303602700218622,3
위기관리,0.9036055190744652,9.536473295197377,0.12303602700218622,3
종합 예비,0.9036055190744652,9.536473295197377,0.12303602700218622,3
컨설팅 창업포럼,0.9036055190744652,9.536473295197377,0.12303602700218622,3
경쟁력 위기관리,0.9036055190744652,9.536473295197377,0.12303602700218622,3
지도 성장,0.9036055190744652,9.536473295197377,0.12303602700218622,3
능력 경영,0.9036055190744652,9.536473295197377,0.12303602700218622,3
창업포럼,0.9036055190744652,9.536473295197377,0.12303602700218622,3
유도 기술,0.9036055190744652,9.536473295197377,0.12303602700218622,3
서류 대행,0.9032984788162725,5.206419905287125,0.047232215750022205,3
애로 전문가,0.9032630984008163,13.249961851639672,0.18927631566606298,3
지방중기청 사무소,0.9032630984008163,13.249961851639672,0.18927631566606298,3
사무소 전문가,0.9032630984008163,13.249961851639672,0.18927631566606298,3
상담 지방중기청,0.9032630984008163,13.249961851639672,0.18927631566606298,3
지원단 배치,0.9032630984008163,13.249961851639672,0.18927631566606298,3
전문가 비즈니스,0.9032630984008163,13.249961851639672,0.18927631566606298,3
배치 전화,0.9032630984008163,13.249961851639672,0.18927631566606298,3
방문 인터넷,0.9032630984008163,13.249961851639672,0.18927631566606298,3
사무소,0.9032630984008163,13.249961851639672,0.18927631566606298,3
비즈니스 지원단,0.9032630984008163,13.249961851639672,0.18927631566606298,3
지방중기청,0.9032630984008163,13.249961851639672,0.18927631566606298,3
활용 수출,0.9032218230284238,10.962558443561875,0.1489873070630942,3
성과 중견기업,0.9032218230284238,10.962558443561875,0.1489873070630942,3
개최 성과,0.9032218230284238,10.962558443561875,0.1489873070630942,3
경제 행사,0.9032218230284238,10.962558443561875,0.1489873070630942,3
상시 비즈니스,0.9032218230284238,10.962558443561875,0.1489873070630942,3
오프라인 경제,0.9032218230284238,10.962558443561875,0.1489873070630942,3
경제 사절단,0.9032218230284238,10.962558443561875,0.1489873070630942,3
후속 경제,0.9032218230284238,10.962558443561875,0.1489873070630942,3
수출 투자유치,0.9032218230284238,10.962558443561875,0.1489873070630942,3
투자유치 성과,0.9032218230284238,10.962558443561875,0.1489873070630942,3
사절단 파견,0.9032218230284238,10.962558443561875,0.1489873070630942,3
비즈니스 경제,0.9032218230284238,10.962558443561875,0.1489873070630942,3
성과 후속,0.9032218230284238,10.962558443561875,0.1489873070630942,3
외교 연계,0.9032218230284238,10.962558443561875,0.1489873070630942,3
외교 활용,0.9032218230284238,10.962558443561875,0.1489873070630942,3
파견 상시,0.9032218230284238,10.962558443561875,0.1489873070630942,3
긴급 경영안정,0.9032096615091049,12.254671808272725,0.17184055964847705,3
마케팅 홍보,0.9031850927885771,10.15063934081196,0.1347241004191176,6
자영업자,0.9031186980949875,19.017109815512708,0.29165620393222647,4
정책 연계,0.902985009921191,8.911307416282565,0.11319743550847128,6
중견기업 공공,0.9029407399050615,6.096681807398273,0.06340571676962257,3
무역관,0.9028011488824074,18.562383684373387,0.28482619637212225,7
교육,0.9025023681180487,23.268660307890535,0.3697775476944194,247
기초 마케팅,0.9022492304273741,10.370208900460684,0.14062461577671284,3
게시,0.9021945005865013,6.655802710717825,0.07436401946970125,3
박사,0.9018713187307421,24.37734963205905,0.392675768415345,5
소상공인 협동조합,0.9014946010639243,21.42238448640756,0.34133454062876567,7
현업,0.9014828699028877,9.41906420003167,0.12514765000386824,7
미디어 장비,0.9013945214672356,17.032459256572242,0.2626128882268665,4
정책 기관,0.9011802705105997,12.190929685605031,0.1758496842722481,4
원전 중견기업,0.9011423638712435,9.008555727124993,0.11839579261174829,3
연계 교육,0.901101225266844,9.938680019278223,0.13530168949032484,5
최종,0.9007499362033808,8.797995930116826,0.11531337356462681,8
연수 전문,0.9005711814630447,9.37330228305201,0.12611456879371097,3
임직원,0.9005711814630447,9.37330228305201,0.12611456879371097,3
수요 교육,0.9005711814630447,9.37330228305201,0.12611456879371097,3
가능 스마트공장,0.9005711814630447,9.37330228305201,0.12611456879371097,3
연수원 경영,0.9005711814630447,9.37330228305201,0.12611456879371097,3
인력 수요,0.9005711814630447,9.37330228305201,0.12611456879371097,3
산업 인재,0.9005711814630447,9.37330228305201,0.12611456879371097,3
역량 연수,0.9005711814630447,9.37330228305201,0.12611456879371097,3
기본법 범위,0.9005711814630447,9.37330228305201,0.12611456879371097,3
전문 연수원,0.9005711814630447,9.37330228305201,0.12611456879371097,3
전문 디지털,0.9005711814630447,9.37330228305201,0.12611456879371097,3
생산 교육,0.9005711814630447,9.37330228305201,0.12611456879371097,3
양성 기본법,0.9005711814630447,9.37330228305201,0.12611456879371097,3
스마트공장 교육,0.9005711814630447,9.37330228305201,0.12611456879371097,3
능력 기술,0.9005711814630447,9.37330228305201,0.12611456879371097,3
교육 시설,0.9005711814630447,9.37330228305201,0.12611456879371097,3
기술 직무,0.9005711814630447,9.37330228305201,0.12611456879371097,3
제조 전문,0.9005711814630447,9.37330228305201,0.12611456879371097,3
교육 가능,0.9005711814630447,9.37330228305201,0.12611456879371097,3
범위 임직원,0.9005711814630447,9.37330228305201,0.12611456879371097,3
규제자유특구 지역,0.9005711814630447,9.37330228305201,0.12611456879371097,3
교육 규제자유특구,0.9005711814630447,9.37330228305201,0.12611456879371097,3
교육 요구,0.9005711814630447,9.37330228305201,0.12611456879371097,3
해상 운송,0.9003559144992799,10.487933731600618,0.14687315298802922,3
재직자,0.9003369357022118,43.91194487400712,0.7568241161171019,42
포털,0.9002842412677908,11.015954769235233,0.15667124332142052,4
구매 실적,0.9002761840607646,12.664617407798035,0.1867943642188318,3
제안 매칭,0.9001630597956572,5.92461191627054,0.06386520804505634,3
홍보비 전시,0.9000831486381882,9.69699713350043,0.1329983404668373,3
바이어 유치,0.9000831486381882,9.69699713350043,0.1329983404668373,3
유치 홍보비,0.9000831486381882,9.69699713350043,0.1329983404668373,3
개최 전시회,0.9000831486381882,9.69699713350043,0.1329983404668373,3
개최 전시,0.9000831486381882,9.69699713350043,0.1329983404668373,3
비용 중심,0.9000831486381882,9.69699713350043,0.1329983404668373,3
사업자 해외,0.9000831486381882,9.69699713350043,0.1329983404668373,3
개별 수요,0.900015724630877,8.183357654149107,0.10541628955940971,3
오프라인 단독,0.900015724630877,8.183357654149107,0.10541628955940971,3
개척 중견기업,0.900015724630877,8.183357654149107,0.10541628955940971,3
경비 해외,0.900015724630877,8.183357654149107,0.10541628955940971,3
단독 참가,0.900015724630877,8.183357654149107,0.10541628955940971,3
진출 창업,0.8999570810518693,10.098570870944107,0.14061370770729803,5
현지 경영,0.8996659720536487,7.329362465312073,0.09032056905150371,3
투자 희망,0.8996659720536487,7.329362465312073,0.09032056905150371,3
무역관 투자,0.8996659720536487,7.329362465312073,0.09032056905150371,3
해외진출 중소,0.8996659720536487,7.329362465312073,0.09032056905150371,3
노무 세무,0.8996659720536487,7.329362465312073,0.09032056905150371,3
법률 이슈,0.8996659720536487,7.329362465312073,0.09032056905150371,3
대응 세미나,0.8996659720536487,7.329362465312073,0.09032056905150371,3
설립 노무,0.8996659720536487,7.329362465312073,0.09032056905150371,3
투자 현지,0.8996659720536487,7.329362465312073,0.09032056905150371,3
희망 투자,0.8996659720536487,7.329362465312073,0.09032056905150371,3
홍보비,0.8996592552186484,9.90537518572437,0.13769243986263296,6
채용 교육,0.8995944701817867,7.447937302255858,0.09261335693406092,3
서비스 솔루션,0.8992146089845375,8.90718331078568,0.12017464036040873,3
규격 인증,0.8990747848629651,20.73415269082052,0.3392914248738681,8
장기 재직,0.8990288321025333,10.676740446182002,0.15328521038378734,3
개척 파견,0.8988061295052886,12.168503623174292,0.18147040067435508,6
국내 방송,0.8987714660432354,41.94444747640933,0.7343951567986602,10
연계 창업,0.8987449527278776,10.009927021051556,0.14153710276791193,6
창업 시장,0.8985633695178903,7.570895243210891,0.0965313617654941,3
사채,0.8983982728220493,12.087542813463454,0.18099950592212452,3
대학교,0.8983607872484076,9.489674260577804,0.1326430999300621,6
학과,0.8981273155975099,16.104532480349626,0.25679548146000764,5
약화,0.898032635334806,10.485565334059395,0.1519402741881596,3
약화 우려,0.898032635334806,10.485565334059395,0.1519402741881596,3
진단 계획,0.898032635334806,10.485565334059395,0.1519402741881596,3
가속 경쟁력,0.898032635334806,10.485565334059395,0.1519402741881596,3
우려 전환,0.898032635334806,10.485565334059395,0.1519402741881596,3
전환 산업,0.898032635334806,10.485565334059395,0.1519402741881596,3
경쟁력 약화,0.898032635334806,10.485565334059395,0.1519402741881596,3
전시회 사후,0.8978363358623395,7.756759291591351,0.10118747171520945,3
사후 실비,0.8978363358623395,7.756759291591351,0.10118747171520945,3
벤처기업 진흥,0.8977266526364798,10.545933523195322,0.15374900621403917,4
융자금 안전,0.897653189590601,32.075696030728935,0.5585648023915043,3
사업주 장기,0.897653189590601,32.075696030728935,0.5585648023915043,3
설치 사업주,0.897653189590601,32.075696030728935,0.5585648023915043,3
일터 산재,0.897653189590601,32.075696030728935,0.5585648023915043,3
보건 시설,0.897653189590601,32.075696030728935,0.5585648023915043,3
융자 사업장,0.897653189590601,32.075696030728935,0.5585648023915043,3
저리 융자금,0.897653189590601,32.075696030728935,0.5585648023915043,3
창고 보관,0.8971301530374463,6.642374631083717,0.08128813553617498,3
직원,0.8969881408827568,7.715921297378236,0.10181371604485318,6
산학연,0.8969240791560064,23.0742105950444,0.3928713565163354,26
ai 미래,0.8968976998348104,15.465696218044057,0.24881845000678457,4
미래 디지털,0.8968976998348104,15.465696218044057,0.24881845000678457,4
ir 발표,0.8964591625912635,5.516949003318932,0.06081570228271044,3
재직,0.8963586221253657,27.46839836058774,0.4793361644708134,28
배치,0.8962482823611647,11.017695471361003,0.16603774867764706,4
기관 맞춤,0.8962425109189407,8.17343904870415,0.11177111360949579,3
제품 동반,0.8962425109189407,8.17343904870415,0.11177111360949579,3
맞춤 기획전,0.8962425109189407,8.17343904870415,0.11177111360949579,3
도입 판매,0.8962425109189407,8.17343904870415,0.11177111360949579,3
도입 기관,0.8962425109189407,8.17343904870415,0.11177111360949579,3
기관 도입,0.8962425109189407,8.17343904870415,0.11177111360949579,3
기획전 상시,0.8962425109189407,8.17343904870415,0.11177111360949579,3
융자 대출,0.8961021221586746,15.839463539369683,0.2585353735775413,6
희망 해외,0.8957796229149024,8.079052585340461,0.11076653127794125,3
네트워크 인프라,0.8957796229149024,8.079052585340461,0.11076653127794125,3
추천 매칭,0.8954313428346773,8.549861000677245,0.12042991145565038,3
상담 해결,0.8949081339594711,11.997213064735021,0.1881178206911986,3
단기간 현장,0.8949081339594711,11.997213064735021,0.1881178206911986,3
클리닉 전문가,0.8949081339594711,11.997213064735021,0.1881178206911986,3
방문 단기간,0.8949081339594711,11.997213064735021,0.1881178206911986,3
전문가 방문,0.8949081339594711,11.997213064735021,0.1881178206911986,3
자문 기관,0.8948213581226723,7.430506961947023,0.0998521096674837,3
통계 조사,0.8945189093885555,9.080620892416794,0.1324095626391617,5
육아 휴직,0.8943759610830792,11.69939291979464,0.18366807692033107,4
저리 융자,0.8943113564882682,23.509877105616468,0.4139110373611482,5
활용 취업,0.8941677431473635,8.835092287899888,0.12829823810727684,3
교육 사후,0.8941677431473635,8.835092287899888,0.12829823810727684,3
구인 해소,0.8941677431473635,8.835092287899888,0.12829823810727684,3
구직자 취업,0.8941677431473635,8.835092287899888,0.12829823810727684,3
구인 취업,0.8941677431473635,8.835092287899888,0.12829823810727684,3
희망 구직자,0.8941677431473635,8.835092287899888,0.12829823810727684,3
취업 희망,0.8941677431473635,8.835092287899888,0.12829823810727684,3
조인트 벤처,0.8941297905439013,9.422088641686862,0.13982715035919252,3
현지 확산,0.8941297905439013,9.422088641686862,0.13982715035919252,3
dna 융합,0.8941297905439013,9.422088641686862,0.13982715035919252,3
조인트,0.8941297905439013,9.422088641686862,0.13982715035919252,3
venture jv,0.8941297905439013,9.422088641686862,0.13982715035919252,3
venture,0.8941297905439013,9.422088641686862,0.13982715035919252,3
벤처 joint,0.8941297905439013,9.422088641686862,0.13982715035919252,3
형성 jv,0.8941297905439013,9.422088641686862,0.13982715035919252,3
jv 창업,0.8941297905439013,9.422088641686862,0.13982715035919252,3
국내외 조인트,0.8941297905439013,9.422088641686862,0.13982715035919252,3
확산 국내외,0.8941297905439013,9.422088641686862,0.13982715035919252,3
우수 융합,0.8941297905439013,9.422088641686862,0.13982715035919252,3
joint,0.8941297905439013,9.422088641686862,0.13982715035919252,3
joint venture,0.8941297905439013,9.422088641686862,0.13982715035919252,3
인증 수출,0.8941274801987295,8.005838940786896,0.11218776531848751,9
규모 내외,0.8941157516107073,14.202030673606226,0.23316736219923956,5
자사,0.894088342440717,10.33527120982555,0.15774220608270706,12
수출 미래,0.8940367836446568,10.468633687566928,0.16046094231244817,3
oecd nea,0.8940367836446568,10.468633687566928,0.16046094231244817,3
미래 원자력,0.8940367836446568,10.468633687566928,0.16046094231244817,3
기술 원자력,0.8940367836446568,10.468633687566928,0.16046094231244817,3
oecd,0.8940367836446568,10.468633687566928,0.16046094231244817,3
nea,0.8940367836446568,10.468633687566928,0.16046094231244817,3
창업 벤처기업,0.8940291357882367,23.371029149335264,0.41258364285465265,10
벤처 생태,0.8940229767177419,12.776012579633832,0.20557946121232193,4
연구원,0.8939515204089243,17.925769078409367,0.3064780826867585,7
gpu,0.893946032231515,14.68318923270285,0.2430849122753482,3
단기간,0.8937779972199565,15.434802523170855,0.2583295244001519,4
앵커,0.8937645050649515,18.93707426778917,0.32699700862084413,5
시상식,0.8936598550368143,15.912266152659203,0.2680790167967946,3
전환 전문가,0.8935487684214725,9.392541335657615,0.14041277711225436,3
ict 전문,0.8935487684214725,9.392541335657615,0.14041277711225436,3
ict 산업체,0.8935487684214725,9.392541335657615,0.14041277711225436,3
재직 ai,0.8935487684214725,9.392541335657615,0.14041277711225436,3
역량 금융,0.8935487684214725,9.392541335657615,0.14041277711225436,3
대학 재학,0.8935487684214725,9.392541335657615,0.14041277711225436,3
인력 디지털,0.8935487684214725,9.392541335657615,0.14041277711225436,3
선도 재직,0.8935487684214725,9.392541335657615,0.14041277711225436,3
청년 취업자,0.8935487684214725,9.392541335657615,0.14041277711225436,3
산업 현업,0.8935487684214725,9.392541335657615,0.14041277711225436,3
산업체 ict,0.8935487684214725,9.392541335657615,0.14041277711225436,3
취업자 ict,0.8935487684214725,9.392541335657615,0.14041277711225436,3
가능 인력,0.893302225828264,8.793597830075235,0.12911355728760568,4
소재 연구,0.8931213544472814,5.027803174950929,0.055166210949487496,3
재해 집중,0.8931192384961807,34.50459827584318,0.636666089328338,3
대형 사고,0.8931192384961807,34.50459827584318,0.636666089328338,3
화학 공장,0.8931192384961807,34.50459827584318,0.636666089328338,3
기술 산재,0.8931192384961807,34.50459827584318,0.636666089328338,3
관리 화학,0.8931192384961807,34.50459827584318,0.636666089328338,3
공장 대형,0.8931192384961807,34.50459827584318,0.636666089328338,3
내수 수출,0.8929977393359183,24.821936549410225,0.4462842868186521,8
안정 국내,0.8927466589757616,10.357730041327269,0.1611348207015913,4
구인,0.8927194896737035,17.52868407806768,0.3032509619117695,4
여성 창업,0.892573518069054,20.164899062595197,0.3560923562116969,7
시스템 데이터,0.8923600939525111,6.445041400342356,0.08418644476216228,4
단독,0.8921379984179215,5.328928091197699,0.0622523087811826,8
연계 국제,0.8919324208981911,14.754115557291072,0.25074044803858153,4
산단 공급,0.8919324208981911,14.754115557291072,0.25074044803858153,4
연계 오프라인,0.8918053274307653,8.672013706480238,0.12949967199701323,4
담보 신용,0.8918034412416109,12.798128184473757,0.21202391964012576,4
신용 대출,0.8918034412416109,12.798128184473757,0.21202391964012576,4
거치 담보,0.8918034412416109,12.798128184473757,0.21202391964012576,4
시설 거치,0.8918034412416109,12.798128184473757,0.21202391964012576,4
서비스 플랫폼,0.8914960295952196,12.334745620015074,0.20356198730132094,3
해외진출 전략,0.8908364043348292,6.291139937450891,0.08320982121284697,4
해외 유망,0.8904833351365534,7.309475626441927,0.10433903209253538,5
거래선 매칭,0.8904702621547051,12.515042361054826,0.20990970661286518,3
ict 콘텐츠,0.8904702621547051,12.515042361054826,0.20990970661286518,3
진출 판로개척,0.8904702621547051,12.515042361054826,0.20990970661286518,3
해외 거래선,0.8904702621547051,12.515042361054826,0.20990970661286518,3
참가,0.8902206705227891,22.867496443615924,0.4210225007811845,88
투자자,0.8898456798570615,8.768738618204475,0.13512707053919834,15
사람,0.889799763619271,14.448979681278137,0.25118082572082423,4
개최,0.8896467936496343,19.03134710134408,0.34534971723818475,89
산정,0.8895090204552983,17.38324247344191,0.3121573322121912,9
마케팅 비용,0.8892560420724146,10.771633735188031,0.1773591472958907,10
예비 재기,0.8890738261052765,37.246735630144244,0.7222968324163713,3
기술 성공,0.8888943106802396,6.085940893957866,0.08164789414609633,3
시설 융자,0.8887639055840948,26.132560988359984,0.49541935152070277,4
전시회 현장,0.8885267245718509,6.4174763933410235,0.0889946706739709,3
방문,0.8884436099021281,17.817685846061416,0.32508031400193405,16
운전자금 융자,0.8884002446611254,16.233788799987266,0.2924455516874167,9
인증 제품,0.8883468254312811,18.98578014768037,0.34964822067465606,12
디지털 무역,0.8881247353508847,5.51392438943816,0.07079654196524018,3
마케팅 서비스,0.8877684352790854,12.364231914922177,0.2139886988891548,8
창업보육 센터,0.8876973288289832,17.15232853568605,0.31403114602751114,6
중심 국내,0.887665025772883,9.400800690298592,0.15244140000558137,4
전시회 개별,0.8875194896964684,7.9333955888584295,0.12208010539215397,4
인력 전문가,0.8874531333581466,9.890068539518714,0.16310018879259805,3
교육 창업,0.8871915001304532,16.015289269644466,0.2920463543157713,7
전문 상담,0.8863440519270059,12.572200366343326,0.22216479788648147,7
ai 역량,0.886316358175478,19.316377840910626,0.3648383751585338,4
중재,0.8861423669979712,19.36870933686229,0.366663263328155,6
이슈 대응,0.8861411890397077,7.105485829764502,0.10692390690825232,4
맞춤 해외,0.88611349772545,7.023931575428824,0.1052391230436453,4
인사,0.8860541211084872,4.783883575618802,0.05784363267494154,3
인사 노무,0.8860541211084872,4.783883575618802,0.05784363267494154,3
격차 혁신,0.8860015076922696,7.532763015509964,0.11620377081995283,3
생존 예비창업자,0.8860015076922696,7.532763015509964,0.11620377081995283,3
특강,0.8856902876955912,10.417761166261657,0.17809571174046532,4
활동 비용,0.8854649491793334,4.6599143524389,0.05583000733994982,3
마케팅 현지,0.8851156598343624,11.209607850535477,0.19633373768420787,6
현장 실습,0.8850225709548498,6.790056334757635,0.10191071625079881,3
글로벌 스타트업,0.8849061577709737,11.997684481592595,0.21373803514478582,3
기술 축적,0.8847891683685956,14.229815044740889,0.2619537237258371,5
한도 대출,0.8847412782389459,7.69922129610935,0.12185518415158005,3
신뢰 기술,0.8845007314035707,7.081221196887256,0.1089577595521399,5
시설 투자,0.8843981476542438,11.97381403654253,0.21453996026335134,4
내수,0.8843754736655365,17.610242398840178,0.33607583749143655,15
지역 지역,0.8842808581890748,10.84275817800377,0.19044423096466048,6
수출 상담회,0.8842637006278845,14.141579776280217,0.26165900298388295,22
규모 자금,0.883890255611524,19.1016514140413,0.37020452604334225,3
조사 홍보,0.8838387116961872,5.65145855792944,0.07901229749827669,3
네트워킹 기회,0.883832846079753,5.5252508598680246,0.07628517671403533,4
부대 행사,0.8837890680393387,10.04178887716212,0.17423877016117395,5
현지 해외,0.8836685524035219,8.839772619484853,0.1484166427758633,4
회계,0.8836589800661631,7.4791330793168695,0.11890475583222052,8
창업 해외,0.8836469819826351,7.84012862253405,0.12676017599977377,5
조선 해양,0.883454172323499,11.118005340126686,0.19837421589252946,4
투자 정책자금,0.8834180937716943,9.732879192557649,0.16832898969321686,3
iot 성장,0.8831966894259694,14.854015894378671,0.2804440625233761,4
우수 포상,0.8831932447602467,10.819980297429733,0.19250638587259303,4
글로벌 협업,0.8831780344477654,10.723868362313077,0.19044643196581973,3
정책자금 시설자금,0.8830886206565873,7.581863540489284,0.12208440022855696,3
설정 비용,0.8830886206565873,7.581863540489284,0.12208440022855696,3
활성 정책자금,0.8830886206565873,7.581863540489284,0.12208440022855696,3
벤처기업 부담,0.8830886206565873,7.581863540489284,0.12208440022855696,3
대출 발생,0.8830886206565873,7.581863540489284,0.12208440022855696,3
채권자,0.8830886206565873,7.581863540489284,0.12208440022855696,3
감정,0.8830886206565873,7.581863540489284,0.12208440022855696,3
감정 평가,0.8830886206565873,7.581863540489284,0.12208440022855696,3
근저당,0.8830886206565873,7.581863540489284,0.12208440022855696,3
근저당 설정,0.8830886206565873,7.581863540489284,0.12208440022855696,3
평가 수수료,0.8830886206565873,7.581863540489284,0.12208440022855696,3
발생 근저당,0.8830886206565873,7.581863540489284,0.12208440022855696,3
경감 시설,0.8830886206565873,7.581863540489284,0.12208440022855696,3
진공 부담,0.8830886206565873,7.581863540489284,0.12208440022855696,3
부담 중소,0.8830886206565873,7.581863540489284,0.12208440022855696,3
채권자 진공,0.8830886206565873,7.581863540489284,0.12208440022855696,3
수수료 채권자,0.8830886206565873,7.581863540489284,0.12208440022855696,3
비용 감정,0.8830886206565873,7.581863540489284,0.12208440022855696,3
자금 성장,0.882979088147241,14.80308724964704,0.28002862184193733,8
생산 혁신,0.8829311538112534,7.961452819565127,0.13064362196632281,5
무역 금융,0.8828719856357142,5.51392438943816,0.07722059914192438,3
채용 연계,0.8828455575042602,7.9254006485855335,0.13000458126877174,7
무료 컨설팅,0.8828158252935645,9.360545408327255,0.16145939701313014,3
인정 도입,0.8825755357106023,6.034758052348805,0.0890085154020428,3
성장 구매,0.8825755357106023,6.034758052348805,0.0890085154020428,3
판매 동반,0.8825755357106023,6.034758052348805,0.0890085154020428,3
실적 인정,0.8825755357106023,6.034758052348805,0.0890085154020428,3
성장 지수,0.8825755357106023,6.034758052348805,0.0890085154020428,3
활동 우수,0.8825755357106023,6.034758052348805,0.0890085154020428,3
지수,0.8825755357106023,6.034758052348805,0.0890085154020428,3
실적 공공,0.8825755357106023,6.034758052348805,0.0890085154020428,3
기관 동반,0.8825755357106023,6.034758052348805,0.0890085154020428,3
지수 제품,0.8825755357106023,6.034758052348805,0.0890085154020428,3
실적 실적,0.8825755357106023,6.034758052348805,0.0890085154020428,3
실적 사회적기업,0.8825755357106023,6.034758052348805,0.0890085154020428,3
인증 전시회,0.8823732396569005,5.599971886600599,0.07972544047029162,6
사고 재해,0.8823336130241834,26.882039925173594,0.5476296219240415,4
연수원,0.8822554928355646,7.591520599485019,0.12368681506379142,4
산업 인력,0.8822554928355646,7.591520599485019,0.12368681506379142,4
수출 현지,0.8820431362522706,8.155697914821523,0.13647926947809003,5
스타트업 유망,0.8820108101705526,11.818822104662909,0.21731602657288362,4
정보 현지,0.8819760687806744,6.439482156944055,0.09874104766575062,4
상담 정보,0.8819760687806744,6.439482156944055,0.09874104766575062,4
현장 맞춤,0.8817452680418965,19.136830656305936,0.37978614651576836,22
통신 시스템,0.8816050045739942,10.799635483303431,0.1957962157545783,4
특성화고,0.881381059119103,20.896013226744085,0.42031619890702054,10
ai 클라우드,0.8812373755973737,12.44752312004976,0.2332716457891415,7
창업 활성,0.8810221999842346,26.861288929461203,0.5547278549126657,41
사회 복지,0.8809546415781065,9.400051853128788,0.1661517994153265,3
세계 시장,0.8809406258182364,11.925351758662645,0.22244168758563057,9
거치,0.8807276987555519,20.907464412728203,0.4235131893785644,16
mou,0.8807102839690896,4.318430851323726,0.05319375935900817,3
상권 특색,0.8803197160347422,12.880826600847236,0.2454687387526721,5
특화 상품,0.8803197160347422,12.880826600847236,0.2454687387526721,5
구역 소상공인,0.8803197160347422,12.880826600847236,0.2454687387526721,5
특색 반영,0.8803197160347422,12.880826600847236,0.2454687387526721,5
활성 상권,0.8803197160347422,12.880826600847236,0.2454687387526721,5
역내,0.8803003916199745,19.22756211508211,0.3877852143573042,7
해외진출 글로벌,0.8801663543661198,6.969189010922777,0.11322078002194133,3
jv 파트너십,0.8800287304051473,9.422088641686862,0.1685574046476973,3
학생 재직자,0.8800283982191972,9.963011324313978,0.18071419872168326,4
직업계고 대학교,0.8800283982191972,9.963011324313978,0.18071419872168326,4
직업계고,0.8800283982191972,9.963011324313978,0.18071419872168326,4
대학교 학생,0.8800283982191972,9.963011324313978,0.18071419872168326,4
특성화고 직업계고,0.8800283982191972,9.963011324313978,0.18071419872168326,4
분석 보고서,0.8797894838709656,3.571385349278174,0.03727286559191451,3
스케일업,0.8793634936777057,6.726608617975796,0.10897849972827153,4
스마트 서비스,0.8791407932726287,16.974428197734536,0.3415487362837518,4
기업부,0.8789577929633117,6.926772750158816,0.11413071125405531,3
기업부 장관,0.8789577929633117,6.926772750158816,0.11413071125405531,3
벤처 기업부,0.8789577929633117,6.926772750158816,0.11413071125405531,3
신용 평가,0.8787427778293048,8.182510807807029,0.1430267231108384,3
임차료,0.8787255624947392,13.32753674577625,0.2601105213206538,14
개별 참가,0.878608192788848,5.455820826732475,0.08116830452369589,4
휴직,0.8784985643944765,32.629569319005995,0.7008404106979257,6
동반 진출,0.8784740587449574,7.172471985566519,0.12048039486957543,7
비례 보상금,0.8783561497146765,9.109475595313842,0.16488959777872975,3
직접 방역,0.8783561497146765,9.109475595313842,0.16488959777872975,3
조치 이후,0.8783561497146765,9.109475595313842,0.16488959777872975,3
발생 소상공인,0.8783561497146765,9.109475595313842,0.16488959777872975,3
손실 피해,0.8783561497146765,9.109475595313842,0.16488959777872975,3
이후 발생,0.8783561497146765,9.109475595313842,0.16488959777872975,3
피해 규모,0.8783561497146765,9.109475595313842,0.16488959777872975,3
규모 비례,0.8783561497146765,9.109475595313842,0.16488959777872975,3
소상공인 손실,0.8783561497146765,9.109475595313842,0.16488959777872975,3
일부,0.8783273969810919,16.692030712862437,0.33810020973836874,65
수출 마케팅,0.8780972187686833,7.865834913442995,0.13694995105214786,8
서비스 해외,0.8780960468366663,9.612827373743347,0.17693213941701444,9
전시회 오프라인,0.8779369054918709,11.31400440380645,0.21625912035512987,7
실증 인프라,0.877524121580896,14.259438389215447,0.2850522162791231,34
수출 준비,0.8773793620106294,4.725037328948787,0.06584553556507726,3
자금 협업,0.8772928088162427,8.04845525855794,0.14256682200279502,4
예방 기술,0.8772544529229042,23.70922333758523,0.5038545751924633,5
투자 상담,0.8772354761030182,5.28959657178538,0.07902447577170132,6
소요 예산,0.8768981243538898,8.681665535832911,0.15792664764492279,3
산업 확산,0.8768255668391118,4.3381896017761035,0.05748394310730467,3
연구 장비,0.8768093191892279,41.290068013909995,0.9133286196123565,9
창업,0.8767546286890912,64.46635511624322,1.4508654437598438,210
컨설팅 연계,0.8766749353589989,9.280897637101145,0.1722525165788697,3
글로벌 플랫폼,0.8766474457202861,8.823553185868239,0.16170076929616295,4
대출 운전자금,0.8766107381539284,39.14100987255276,0.8652350124562239,12
협력 산업,0.8765819360796996,7.094814648529776,0.12170605965273112,6
시장 검증,0.8765539794787771,6.7536228509722065,0.11382953184120169,4
정보망 벤처기업,0.8764993854065667,8.131367388911295,0.14591320774315406,3
생태 선순환,0.8764993854065667,8.131367388911295,0.14591320774315406,3
구조 희망,0.8764993854065667,8.131367388911295,0.14591320774315406,3
비용 인식,0.8764993854065667,8.131367388911295,0.14591320774315406,3
투자 회수,0.8764993854065667,8.131367388911295,0.14591320774315406,3
투자 벤처,0.8764993854065667,8.131367388911295,0.14591320774315406,3
창업 유도,0.8761816931306823,11.925351758662645,0.2348703775188194,9
ict 활용,0.876148308040274,7.576791046666167,0.13362586501583087,3
rf 안테나,0.8760975339927748,10.799635483303431,0.20884714920990094,4
논문,0.8760933238016996,9.939636368981319,0.18880693517629277,4
대체 인력,0.875922957921636,25.847099779819917,0.5606348931485079,6
비용 공동,0.8759090223392345,13.564550632394551,0.2738682168905584,6
기관 등록,0.8757822511559197,5.818515495817655,0.09313514263617062,3
입점 마케팅,0.8757478112866423,11.608003324174268,0.22858793989307527,4
사장 방지,0.8752692716360629,14.05719813681159,0.2873488507923766,4
사장,0.8752692716360629,14.05719813681159,0.2873488507923766,4
오프라인 한국관,0.8750886942246696,6.30438410804997,0.1054810262921473,3
행정 서비스,0.8750886942246696,6.30438410804997,0.1054810262921473,3
유망 전시회,0.8750886942246696,6.30438410804997,0.1054810262921473,3
전시회 중소,0.8750886942246696,6.30438410804997,0.1054810262921473,3
서비스 중견기업,0.8750886942246696,6.30438410804997,0.1054810262921473,3
한국관 부대,0.8750886942246696,6.30438410804997,0.1054810262921473,3
마케팅 행정,0.8750886942246696,6.30438410804997,0.1054810262921473,3
실비 해외,0.8747874023845129,5.436337825249673,0.08542803718757973,4
자금 시제품,0.8747544633027879,7.59476772450773,0.13641259176695358,3
비즈니스 매칭,0.8745164990383337,9.74646553742696,0.1877128639248669,3
데이,0.8743930951198536,11.949721288842182,0.24015363061849948,11
국제 규범,0.8742166623710435,16.60363941398634,0.35100235270707114,4
규범,0.8742166623710435,16.60363941398634,0.35100235270707114,4
사이언스,0.8741918182002839,10.497960078692348,0.20624456631101495,3
캠프 기보,0.8740320326628775,7.406223893934521,0.13316338026870606,3
창업 교육,0.8737471666238901,19.992948341698835,0.43344709026721184,15
민간 금융,0.8737297975743537,14.362287497356359,0.299382493153018,6
투자사,0.8736280751814962,7.583259011055217,0.13805716158015854,8
투자 유치,0.8736159758600317,11.115528437837135,0.22231478572369168,9
사절단,0.873210070727535,8.955384036515277,0.17161210264208093,4
유도 산업,0.8728200684269841,12.122009624441487,0.2484551675765199,8
공인 시험,0.8727133434443269,3.370123544250181,0.038320486851334504,3
운전자금 대출,0.872694483058567,5.922110819174599,0.0997033495520672,3
인재 추천,0.8721728990652703,6.045527141775079,0.10338833831606244,3
성장 해외진출,0.8721252508997028,4.982280057001158,0.07775481279316321,4
공동 창업자,0.8716838017004648,10.95806519897086,0.22326978874250653,4
재학 졸업,0.8716835824880766,11.175992529570307,0.2285585817445358,6
센터 인프라,0.8711124710875646,11.264453135650516,0.2321393969177668,7
한도 한도,0.8710018172014651,10.937678351815642,0.22443955966935425,4
전문가 상담,0.8709904295171118,20.393913184776363,0.4553569503196621,9
현장 컨설팅,0.8709844487251993,7.562641946033674,0.1420705154109601,3
accelerating,0.8708281762284683,8.190160827957868,0.1576817110834376,6
management,0.8708281762284683,8.190160827957868,0.1576817110834376,6
투자 ir,0.8705178770705314,3.054945626978564,0.03234247502415529,3
스타트업 프로젝트,0.8703339621667066,5.8650662249306205,0.10149174785307347,3
통합 시스템,0.870223058608681,5.852101402609266,0.10132192073142872,3
유망 창업자,0.8701358170332082,16.22513187060822,0.3566416807001705,8
창업 패키지,0.8701168616890731,9.824319275020185,0.19920725771735343,7
수출바우처,0.8700941809607404,12.867583251711316,0.27415687215650963,9
참가 해외,0.8700596435131353,4.622554778022133,0.0712705641924487,3
글로벌 마케팅,0.8699348006205162,12.132768242290947,0.25650355920321327,4
바이어,0.869547936975331,22.67134257450074,0.5181774335667904,46
국내 ai,0.8694977048526495,9.049109175221474,0.1813936248105312,3
비용 자금,0.8692551711287415,6.398937283282809,0.11617874510138931,3
현지 무역관,0.8691145649509702,7.105485829764502,0.1339245425189569,4
주요 코트라,0.8691145649509702,7.105485829764502,0.1339245425189569,4
코트라,0.8691145649509702,7.105485829764502,0.1339245425189569,4
코트라 현지,0.8691145649509702,7.105485829764502,0.1339245425189569,4
장기,0.8690048213695989,28.96291296332429,0.6772393862380667,33
시설 스마트,0.8688866198858202,6.356210581932626,0.11565504280617413,5
원자력 핵심,0.8684261923863592,9.620335780098369,0.1978480398341642,6
한국인터넷진흥원,0.8684067596086088,7.015880110748498,0.1328315670143055,3
브랜딩,0.8683542152815493,10.581916911700453,0.22203527144193586,6
활용 컨설팅,0.8681201069797734,6.412118106031761,0.11817067374912908,5
창업 창업,0.8680623690518489,8.611003074767961,0.17334866439638952,4
데모 데이,0.867984309083659,12.808273222102489,0.2787354025347122,9
제작 배포,0.8679448491398144,6.353641622018115,0.11696152691463,7
자금 대출,0.8678549079743829,25.537911228034204,0.5986262864758246,8
통신부 우수,0.8673577172550739,4.689336907453781,0.0758613749848344,3
보호 안전망,0.8673577172550739,4.689336907453781,0.0758613749848344,3
ict 정보,0.8673577172550739,4.689336907453781,0.0758613749848344,3
성능 컨설팅,0.8673577172550739,4.689336907453781,0.0758613749848344,3
확충 사회,0.8673577172550739,4.689336907453781,0.0758613749848344,3
안전망 확충,0.8673577172550739,4.689336907453781,0.0758613749848344,3
평가 무료,0.8673577172550739,4.689336907453781,0.0758613749848344,3
종료 인건비,0.8672255061731236,38.76949247940433,0.9361313102809521,6
고도 디자인,0.8671780797321188,8.891676735950089,0.18216154736381968,3
시장 개척,0.8671231911322512,11.782817117533815,0.2553045099279188,39
수출 유망,0.8670920695609964,12.885186346143595,0.2832411515098147,10
국산 연구,0.8670699655994266,18.19837615046553,0.4175821328828875,3
부처 협업,0.8669401684865505,6.982543126981867,0.13433848946782084,4
대리 대출,0.86687900993285,31.01673752570022,0.7428445575544657,11
연도,0.8668039004936321,7.358620888022206,0.1440826161606632,12
평균 창업,0.8666920955732328,19.4226832819037,0.45015839725439943,9
정책 금융,0.8665232831341381,7.723425917393006,0.1538177489702009,3
창업 성공,0.8664593355497475,4.949252261947841,0.08344872168881563,3
아이템 혁신,0.8664593355497475,4.949252261947841,0.08344872168881563,3
패키지 방식,0.8664593355497475,4.949252261947841,0.08344872168881563,3
방식 일괄,0.8664593355497475,4.949252261947841,0.08344872168881563,3
입교,0.8664375183976557,6.606676132112708,0.12559097387316015,3
경영 정상,0.8662205414119032,10.158944370789158,0.2163568847706474,4
데모,0.8660912534630344,12.617203396092478,0.27930833818762857,10
홍보 전시회,0.8660438596348335,6.94957334056102,0.1349316314878273,4
회원국,0.8656980544439733,5.536038212896781,0.0993337821973205,3
네트워크 협력,0.8656980544439733,5.536038212896781,0.0993337821973205,3
네트워크 협업,0.8656980544439733,5.536038212896781,0.0993337821973205,3
협력 역내,0.8656980544439733,5.536038212896781,0.0993337821973205,3
국격,0.8656980544439733,5.536038212896781,0.0993337821973205,3
벤처기업 해외진출,0.8656980544439733,5.536038212896781,0.0993337821973205,3
apec 역내,0.8656980544439733,5.536038212896781,0.0993337821973205,3
역내 중소,0.8656980544439733,5.536038212896781,0.0993337821973205,3
협업 국내,0.8656980544439733,5.536038212896781,0.0993337821973205,3
역내 회원국,0.8656980544439733,5.536038212896781,0.0993337821973205,3
주도 국격,0.8656980544439733,5.536038212896781,0.0993337821973205,3
벤처기업 기관,0.8656980544439733,5.536038212896781,0.0993337821973205,3
외국 중소,0.8656980544439733,5.536038212896781,0.0993337821973205,3
협력 외국,0.8656980544439733,5.536038212896781,0.0993337821973205,3
성장 주도,0.8656980544439733,5.536038212896781,0.0993337821973205,3
회원국 네트워크,0.8656980544439733,5.536038212896781,0.0993337821973205,3
공제 청약,0.8655756811591194,29.03685989245817,0.7011263743525006,4
청약 유지,0.8655756811591194,29.03685989245817,0.7011263743525006,4
청년 장기,0.8655756811591194,29.03685989245817,0.7011263743525006,4
제조 건설업,0.8655756811591194,29.03685989245817,0.7011263743525006,4
건설업 취업,0.8655756811591194,29.03685989245817,0.7011263743525006,4
적립 제조,0.8655756811591194,29.03685989245817,0.7011263743525006,4
중국,0.8655657237936877,4.948164687219087,0.08445256788710409,5
창업기업 국내,0.8655126937623205,7.528152521847613,0.1505988686138311,3
담보,0.8652176844866432,10.021114741048981,0.2151252474903554,29
창업 금융,0.8650196276011092,6.195228373821446,0.11716222600472134,3
파트너십 형성,0.8649940547891573,6.034981610610894,0.1130759030496418,4
수출 컨소시엄,0.8649074699235767,5.5196634552764285,0.09992854513816132,3
업체 수출,0.8648732322939948,13.814153315778642,0.31359947999260873,6
수출 수출,0.8648728960235909,9.952031788025652,0.21413017595577424,10
도서 지역,0.8647760446818629,12.737804030902707,0.2861571399103849,5
sw 중견기업,0.8646965291278786,13.40857339378085,0.3036877268901388,4
가능 바우처,0.8645089310468875,5.56975387796904,0.10173428962395531,4
ict 벤처,0.864373554459734,8.69977962549112,0.18286928283715725,3
스타트업 자금,0.8642138773608509,9.141435933661247,0.19462573604263836,4
대리,0.8639102315515246,30.61674339261149,0.7529244425421049,12
벤처 성장,0.8634560388715823,11.822242354332277,0.26609051992581095,6
창업기업 창업기업,0.8630182441196025,14.247736923123759,0.33072784685120327,8
활성 구역,0.8628677282363069,12.593055917385298,0.28786286173311293,6
딥사이언스 창업,0.8628552840617348,8.130087596938104,0.17096395182889115,3
사이언스 창업,0.8628552840617348,8.130087596938104,0.17096395182889115,3
세무 법률,0.8626718639765423,4.472095158479511,0.07531469759809514,5
중소 유통,0.8626352118648792,12.18788543251129,0.27789131348024776,3
서비스 종합,0.8622091028639748,6.617171847862241,0.13231484790691944,4
실업,0.862203328947536,5.774991024796832,0.11013602774439452,3
청년 재직,0.8620946010708099,18.88958311761812,0.45610940622838125,3
항공 물류,0.8619621237864231,11.491934857041148,0.2613828752639502,6
사행,0.8619621237864231,11.491934857041148,0.2613828752639502,6
유흥,0.8619621237864231,11.491934857041148,0.2613828752639502,6
유흥 업종,0.8619621237864231,11.491934857041148,0.2613828752639502,6
벤처기업 사행,0.8619621237864231,11.491934857041148,0.2613828752639502,6
센터 세계,0.8619621237864231,11.491934857041148,0.2613828752639502,6
업종 제외,0.8619621237864231,11.491934857041148,0.2613828752639502,6
물류 이용,0.8619621237864231,11.491934857041148,0.2613828752639502,6
이용 중소,0.8619621237864231,11.491934857041148,0.2613828752639502,6
활용 항공,0.8619621237864231,11.491934857041148,0.2613828752639502,6
사행 유흥,0.8619621237864231,11.491934857041148,0.2613828752639502,6
제외 물류,0.8619621237864231,11.491934857041148,0.2613828752639502,6
복귀 종료,0.8618727162516686,18.4738708949472,0.44607158517835166,6
취업 이수,0.8618727162516686,18.4738708949472,0.44607158517835166,6
직무 종료,0.8618727162516686,18.4738708949472,0.44607158517835166,6
일자리 종료,0.8618727162516686,18.4738708949472,0.44607158517835166,6
이수,0.8618727162516686,18.4738708949472,0.44607158517835166,6
이수 중증,0.8618727162516686,18.4738708949472,0.44607158517835166,6
핵심 인력,0.8617439631754877,11.460162409115455,0.26111365269044595,5
통역,0.8611321721326483,14.199995540168771,0.3355462414641345,13
취업 연계,0.861052183980984,10.524119644428326,0.2380217689383658,9
점포,0.8609893947474563,18.327915750093027,0.44587154044711164,12
전화,0.8609484557487437,13.063802847791214,0.305888487552936,6
기술 교류,0.8608833419275609,4.134499994906456,0.06821741491700055,4
획득,0.8607796955449778,13.155921055876192,0.3088463002753549,36
노무사,0.8606766656082218,18.4427390833458,0.45023169285388304,3
위반 피해,0.8606766656082218,18.4427390833458,0.45023169285388304,3
취약 근로자,0.8606766656082218,18.4427390833458,0.45023169285388304,3
근로자 노동,0.8606766656082218,18.4427390833458,0.45023169285388304,3
피해 우려,0.8606766656082218,18.4427390833458,0.45023169285388304,3
우려 취약,0.8606766656082218,18.4427390833458,0.45023169285388304,3
근로 자율,0.8606766656082218,18.4427390833458,0.45023169285388304,3
투자유치 글로벌,0.8606125864115161,7.553814669071876,0.15977670612084416,4
즉시 활용,0.8605471135526445,10.098507092764429,0.2278687872984984,3
경쟁력 진단,0.8600370330687287,6.124829139214483,0.1224483554999619,6
맞춤 제품,0.8598642711215719,8.626774627424304,0.18991216645678682,5
부품 시제품,0.8596656693337931,3.225347412628161,0.04495588013566327,5
상담회 개최,0.8593534353925246,12.085953203810105,0.28425696149714574,15
장애인 예비창업자,0.8592615266507307,57.55216617658945,1.5121024055759642,6
확실,0.859243365537585,10.279839080394026,0.2357888592403358,4
창고,0.8591518314029133,11.431072181353658,0.2671167567664459,4
거래선,0.8590679703644569,9.211033175810721,0.20729935906172803,5
효율 설비,0.8590605455753628,8.915288708764372,0.199316741161223,4
진출 성장,0.8584183450503436,5.259356378743318,0.10124076001052329,4
보유 우수,0.85824753522708,7.822486749071394,0.17123903397212883,9
장비 대학,0.8580873311710658,7.957504614248236,0.17521136047603392,4
장애인 여성,0.8577587896476174,13.074385307701656,0.3156951681974876,4
거주자 취업,0.8577587896476174,13.074385307701656,0.3156951681974876,4
지역 거주자,0.8577587896476174,13.074385307701656,0.3156951681974876,4
여성 가장,0.8577587896476174,13.074385307701656,0.3156951681974876,4
근로자 일자리,0.8577587896476174,13.074385307701656,0.3156951681974876,4
가장,0.8577587896476174,13.074385307701656,0.3156951681974876,4
가장 도서,0.8577587896476174,13.074385307701656,0.3156951681974876,4
거주자,0.8577587896476174,13.074385307701656,0.3156951681974876,4
ict 유망,0.8576975323523898,8.3008454182509,0.1853229312012047,3
유망 법률,0.8576975323523898,8.3008454182509,0.1853229312012047,3
특허 전문,0.8576975323523898,8.3008454182509,0.1853229312012047,3
개발 마케팅,0.8572583754568416,7.728101649489021,0.17044920204666789,7
유망 창업기업,0.8572492873655129,17.251401339523156,0.43188396348767294,10
공공 연구,0.8570540422392351,14.835228241699431,0.3662222171777704,24
홍보 부스,0.8569283568423065,9.347508922003252,0.2156139790614499,5
서비스 이용,0.8566649018718789,5.664010434359028,0.11458822256542235,6
경진 대회,0.8566395168160946,11.50733226620691,0.27582360467768935,7
경진,0.8566395168160946,11.50733226620691,0.27582360467768935,7
성장 자금,0.856629081928694,12.71788947483131,0.309250108104609,12
poc 자금,0.8564311605294553,7.595056460211617,0.1682643264678637,4
rf,0.8564204960443863,13.908187859700949,0.3427560670899467,5
딥사이언스,0.8560332460004011,11.39756241070688,0.2743900340564515,3
채권 관리,0.8555253351433916,14.428422900375049,0.360100505596973,3
융합 디지털,0.8552473000820022,9.105644547100583,0.21251495325011566,4
인력 유입,0.8550558428427374,12.574019214917099,0.3098402153592235,6
인건비,0.8550222273745274,30.25333158007285,0.8040970563279799,86
유망 디지털,0.8548821143746128,10.202524745099982,0.24398351066378915,4
매칭 애로,0.854881209975651,6.644283414309434,0.14441512660087355,3
현지 교통,0.8548143749017825,3.4634695340819635,0.0554629697192581,3
반도체 활용,0.8545166307085139,6.525958536225998,0.14166587935266273,6
성장 스케일,0.8544258758791168,5.644885006286882,0.1170601296799065,4
반영 맞춤,0.854380424973959,6.883852506181082,0.15193133039154766,4
서비스 현지,0.8542242367345387,12.820978057507151,0.3192043854462203,6
안전망,0.8541980652644758,13.008268901229274,0.3245518399192069,13
연계 서비스,0.8539556645383022,6.48058814767291,0.14125222601527682,3
노동 관계법,0.8536631227458268,23.81921131147343,0.6316596120953234,3
관계법 위반,0.8536631227458268,23.81921131147343,0.6316596120953234,3
관계법,0.8536631227458268,23.81921131147343,0.6316596120953234,3
시장 약자,0.8536631227458268,23.81921131147343,0.6316596120953234,3
기술 우수,0.8536339518305383,8.694412892050464,0.2043191154088047,13
활동 전략,0.8535481314547984,10.148048522228882,0.24560878988051063,4
행사 연계,0.8534943884554497,4.337576647905481,0.0813204782820181,4
off,0.8534377585707209,21.323385342501993,0.5622348080877279,5
경영 능력,0.8533842215493577,6.8381203832971265,0.15225491416724896,4
글로벌 유니콘,0.8533021314989583,12.34185441423317,0.30836296499212956,7
민간 공동,0.8533021314989583,12.34185441423317,0.30836296499212956,7
상권 활성,0.8532280996359938,18.72228412784728,0.4895026927243599,8
상담회,0.8531193005978873,13.986596040361244,0.3555664201376081,51
학위,0.8530797800792803,11.167959460739034,0.27567249740121513,4
대출 운전,0.8529627312676968,13.50811186778106,0.34247628306808237,6
ict 홍보,0.8529036824596378,6.993248926651725,0.15744246946287588,3
홍보 창업,0.8529036824596378,6.993248926651725,0.15744246946287588,3
벤처기업 vc,0.8529036824596378,6.993248926651725,0.15744246946287588,3
협력 중소,0.8529036824596378,6.993248926651725,0.15744246946287588,3
성장 ict,0.8529036824596378,6.993248926651725,0.15744246946287588,3
교류 협력,0.8529036824596378,6.993248926651725,0.15744246946287588,3
투자사 협력,0.8529036824596378,6.993248926651725,0.15744246946287588,3
민간 투자자,0.8529036824596378,6.993248926651725,0.15744246946287588,3
투자자 교류,0.8529036824596378,6.993248926651725,0.15744246946287588,3
벤처 투자사,0.8529036824596378,6.993248926651725,0.15744246946287588,3
네트워크 ict,0.8529036824596378,6.993248926651725,0.15744246946287588,3
위원,0.8527405271581838,4.830762559421706,0.09615248674565785,4
협력 오픈,0.852622532516367,5.899584890147893,0.12674474750747952,3
데모데이,0.8525028790502998,2.544501594871365,0.031222636835852,3
축적,0.852414205393116,9.811303003919642,0.23868276223221935,7
분석 차량,0.8524107746877794,36.590993430029,1.0030345355497243,3
성장 소상공인,0.8518781601417421,4.724672383206626,0.09411634435084962,3
기술개발 자금,0.8512630543573406,5.1381463307488175,0.10672853424912272,3
장려금 근로,0.8510351259201088,20.04568119480938,0.5371605753361979,5
멘토링 bm,0.8509132856761952,4.808608432923123,0.09764387164781768,3
벤처기업 대리,0.8506683138044423,6.644340405521117,0.15105156156870927,3
격차 스타트업,0.8506330857135475,5.8650662249306205,0.1285503908430351,3
인력 지역,0.850566321920684,5.820807310158823,0.1273624252418012,5
차량 부품,0.850532164659108,36.590993430029,1.0187937242531933,3
원전 생태,0.8503707123787722,7.221984170168379,0.1682777944404198,4
벤처 나라,0.8503145865692315,4.849147173547457,0.09951752885073456,3
당해 연도,0.8502019708758262,7.673739435414949,0.1816882577093049,9
투자 활성,0.8495659976855928,8.297419359354667,0.2010509690301028,7
형성,0.8495502006271467,7.016554993054677,0.16368960927373002,14
역량 투자,0.8493524779228679,6.381376313849038,0.14544873197090252,3
성장 공공,0.8492272802698629,4.740558751024001,0.09761839680211565,4
비용 경영,0.8485247672973415,5.774826245006554,0.12886499398571188,3
시장 지향,0.8481703181940538,6.774821564200083,0.1588670911013032,3
기술개발,0.8481229099863714,36.074038970814776,1.0238462293981554,557
재기,0.8480822487077864,18.741346402539108,0.5123689229116402,7
환급,0.8479472539050167,7.091277410872426,0.1685833825676292,4
창업 멘토링,0.8479322650293338,5.809746751255957,0.13072247204620735,3
벤처 유관,0.8479322650293338,5.809746751255957,0.13072247204620735,3
특화 액셀러레이터,0.8479322650293338,5.809746751255957,0.13072247204620735,3
진출 금융,0.8479322650293338,5.809746751255957,0.13072247204620735,3
금융 연계,0.8479322650293338,5.809746751255957,0.13072247204620735,3
스타트업 ict,0.8479322650293338,5.809746751255957,0.13072247204620735,3
혁명 특화,0.8479322650293338,5.809746751255957,0.13072247204620735,3
경영 창업,0.8479322650293338,5.809746751255957,0.13072247204620735,3
액셀러레이터 ict,0.8479322650293338,5.809746751255957,0.13072247204620735,3
등급,0.8478475031825793,5.936062677894898,0.13457805861467287,8
기관 혁신,0.8476288431527008,4.136899332193518,0.08157652303967791,5
경영 기술,0.8474924820178805,15.899756598741,0.4306514458944805,4
기초 컨설팅,0.847401181370832,4.472924042990739,0.09178346987632294,3
청약,0.8473244706184359,22.255893130098002,0.6200713468200568,6
대출,0.8472764000448941,47.40955993505226,1.3677320234118961,65
훈련 경력,0.8472611506761114,7.750067788524917,0.18932498474226764,4
취업 매칭,0.8472237737730758,8.617035855093347,0.2151655267380452,5
졸업,0.8470390934478271,8.323682347790944,0.20681130548987964,13
위기 징후,0.8468979211481026,4.970367764219175,0.10715980118020599,3
인증 획득,0.846683522559214,12.60770608130162,0.3353947650707685,26
경영안정,0.8466735327618935,45.586570784000436,1.3199213767227675,20
장비 공동,0.8461021626934923,5.605235281100088,0.12716099243784149,3
회수 투자,0.8461013070222695,5.966050183681495,0.13798084376125463,4
유기,0.8460952206786534,5.5249682764070895,0.12476359615818688,4
협업 창업,0.8460617447379483,4.687489719330856,0.09968990826862528,3
컨설팅 디지털,0.8460245347083081,5.920002309196741,0.1367101694787154,5
내외 창업,0.8457179044647286,9.616724766426396,0.24831899247755626,4
차액,0.8456297958712764,10.075148424079037,0.2623156513411148,10
기회 창업,0.8454994618049246,5.768224375441059,0.13289125331998713,3
수요 조사,0.8453542646993594,18.220001414044358,0.5085929521447188,7
평가 인프라,0.8450612557590107,5.608386811569071,0.1286741884478456,7
편도,0.8449534033537541,12.273302876778608,0.33042656806489223,8
인프라 국내,0.8448510746008855,7.3864149692749805,0.18278616974552708,4
분석 디지털,0.844684977998292,8.628281036431197,0.22072305725432076,4
협동조합 공동,0.844462252188398,4.666973167620748,0.100908804040737,3
장벽 대응,0.8441830111610822,7.399817847591786,0.18438135529919403,4
공동 대응,0.8441830111610822,7.399817847591786,0.18438135529919403,4
규범 공동,0.8441830111610822,7.399817847591786,0.18438135529919403,4
규범 글로벌,0.8441830111610822,7.399817847591786,0.18438135529919403,4
무역 장벽,0.8441830111610822,7.399817847591786,0.18438135529919403,4
글로벌 무역,0.8441830111610822,7.399817847591786,0.18438135529919403,4
운전 거치,0.8441405377664453,10.320337545958786,0.27334769130227515,5
수출 경쟁력,0.8437179174211548,7.741034236981726,0.1956293794620952,14
시험비 컨설팅,0.8435548700519149,12.54274004608344,0.34273172601148594,6
시험비,0.8435548700519149,12.54274004608344,0.34273172601148594,6
인증 시험비,0.8435548700519149,12.54274004608344,0.34273172601148594,6
중앙,0.8431838426623028,7.541875884920331,0.190519073274093,6
전환 스마트,0.8431103899964946,11.39045631992171,0.30870863536720544,3
설명회,0.8428453619657865,7.258636499490835,0.18242918636869754,20
재편,0.8428311257155467,7.673842951945913,0.19521760373631705,6
멘토링 네트워킹,0.842642053836843,13.780881453739987,0.3835659046947573,5
행사 개최,0.8426252200783745,12.629364168745235,0.34816830152919104,14
일시,0.8425784102145424,17.14606172999067,0.4874169890533253,8
시험인증,0.8425509595585248,13.807060893437301,0.3846702563589306,8
전문가 맞춤,0.842419004895337,3.068559628961197,0.05397394056425425,3
훈련 수요,0.8417907226451858,23.68042204634562,0.6930570816708229,6
기능 서비스,0.8414986090050374,3.148832814921692,0.05718807319306914,3
연구실 안전,0.8414833832838652,9.41952759039525,0.2519256363755676,4
dna 중소,0.8414198689186069,6.976010674797055,0.17615418576001984,3
파트너십 동반,0.8414198689186069,6.976010674797055,0.17615418576001984,3
중소 파트너십,0.8414198689186069,6.976010674797055,0.17615418576001984,3
기획 프로젝트,0.8412809496460292,6.856530070167995,0.17267378757868684,3
캠프,0.8411677717927316,9.658420166141621,0.2600762349331701,6
훈련 고용,0.8410639411710555,21.526041376654824,0.6300046252229718,3
지역 경쟁력,0.8409475213084969,5.368397003008954,0.1268329414546991,5
채용,0.8409088261968017,60.65907921921067,1.8512389938471736,52
성과 분석,0.8408831522908752,3.074673327265617,0.055369777367538446,3
마케팅 홍보물,0.8408365694957511,4.157254593137662,0.08918724942147047,3
성장 유망,0.8407772309169921,9.458987735840523,0.2547572089960959,13
플랫폼 기타,0.8406405383141214,4.502982605505317,0.10019505148373466,3
고용유지,0.8403254050603794,44.779892913561056,1.3621494481938514,8
컨설팅 매칭,0.8403078002198517,7.423452477292319,0.1920586605850757,4
현지 파트너,0.840085535511207,2.43790395886286,0.036017207839435295,3
경쟁력 식품,0.8395636060151579,13.228047672679963,0.37625385545326157,3
특색,0.8394257703491181,9.128913687790543,0.24743040012329504,7
플러스,0.8394130248730804,13.018382372248197,0.37011837312801543,4
훈련 인프라,0.8393411403250934,17.684679789626795,0.5175791437033597,5
ir 데모,0.8392817951874196,6.535302640057289,0.1658753521477509,5
소상공인 제품,0.8390248365590908,8.348776552999377,0.22364192965379817,5
피칭,0.8389525016196077,7.035991143688957,0.18224645024611213,11
혁신 도전,0.8387272064887288,4.857690336342969,0.11358825983277693,3
훈련 여건,0.8383771149984318,16.067502665291435,0.4702490726369264,6
연구실 환경,0.8381724334301575,5.068520030880017,0.12096973842178967,3
즉시,0.8381615686710633,8.19620707634366,0.2205365217289874,4
기술 애로,0.8381419688742331,6.9966540543672195,0.18238877966245443,10
장려금 취업,0.8379924615145641,23.838149146856782,0.7193717390630558,8
출장,0.8379884837699043,9.84126015892307,0.2733100373327788,3
제도 접근,0.8379186991896838,12.153429083898612,0.3472035018440933,5
지역특화 프로젝트,0.8378553852561299,5.712584806801578,0.14191614736574998,3
연계 자금,0.8378250977783761,7.780448689938639,0.20794158547368313,6
시설자금 대출,0.8375227035619267,6.973699435205871,0.1827162994984446,4
saas 기술,0.8373500263799141,7.357865136830768,0.19531274183715824,3
주유소,0.8372123978150402,19.48038606610442,0.584118939190165,7
폐업 재창업,0.8371796300719713,4.687980312404996,0.11002240532292276,3
보유 예비,0.8371159634184481,7.614291139558985,0.2039593864672192,6
글로벌 액셀러레이팅,0.8370560499893668,5.408573930179543,0.13329090216025904,3
도서,0.8369944162549843,8.268458993772558,0.22518712569480348,6
매칭 수출,0.8369151815392519,7.226090373363869,0.1918634485751663,5
창업보육,0.8367689350441249,17.938886242313238,0.536613446803739,9
단체 컨소시엄,0.8367236990608335,13.874521463299011,0.40606689087355735,5
훈련 중소,0.8367236990608335,13.874521463299011,0.40606689087355735,5
모듈 훈련,0.8367236990608335,13.874521463299011,0.40606689087355735,5
구성 협약,0.8367236990608335,13.874521463299011,0.40606689087355735,5
인정 훈련비,0.8367236990608335,13.874521463299011,0.40606689087355735,5
여건 직업,0.8367236990608335,13.874521463299011,0.40606689087355735,5
근로자 모듈,0.8367236990608335,13.874521463299011,0.40606689087355735,5
장비 비용,0.8367236990608335,13.874521463299011,0.40606689087355735,5
상생 직업훈련,0.8367236990608335,13.874521463299011,0.40606689087355735,5
우수 인프라,0.8367236990608335,13.874521463299011,0.40606689087355735,5
직업훈련 생태,0.8367236990608335,13.874521463299011,0.40606689087355735,5
근로자 개발,0.8367236990608335,13.874521463299011,0.40606689087355735,5
훈련 협력,0.8367236990608335,13.874521463299011,0.40606689087355735,5
훈련비 운영비,0.8367236990608335,13.874521463299011,0.40606689087355735,5
조사 공통,0.8367236990608335,13.874521463299011,0.40606689087355735,5
활용 자체,0.8367236990608335,13.874521463299011,0.40606689087355735,5
자체 훈련,0.8367236990608335,13.874521463299011,0.40606689087355735,5
자사 근로자,0.8367236990608335,13.874521463299011,0.40606689087355735,5
생태 유형,0.8367236990608335,13.874521463299011,0.40606689087355735,5
공통 훈련,0.8367236990608335,13.874521463299011,0.40606689087355735,5
협력 근로자,0.8367236990608335,13.874521463299011,0.40606689087355735,5
디지털 첨단,0.8367236990608335,13.874521463299011,0.40606689087355735,5
아카데미 인정,0.8367236990608335,13.874521463299011,0.40606689087355735,5
아카데미 자사,0.8367236990608335,13.874521463299011,0.40606689087355735,5
체결 훈련,0.8367236990608335,13.874521463299011,0.40606689087355735,5
청년 구직자,0.8367152449774378,7.566041437828639,0.20315391561936383,4
성장 창업,0.8366731778479567,12.710130166936672,0.3687660338423512,14
구조 전환,0.836511213479099,9.995831695530555,0.28181417526998226,6
활용 해외진출,0.8363305769439524,14.990295263621643,0.4433749512844699,6
개발비,0.836160910477052,8.332603993711857,0.22894186797912913,17
경쟁력 스마트,0.8361375684911362,6.455235164676276,0.1683396781040457,6
희망 중소,0.8360642403355402,11.77307618042773,0.3403450852045016,19
공동관,0.8359777796383133,7.965288246179806,0.2174345935931406,4
연구 핵심,0.8357769179386867,9.399253375273267,0.2642736887928057,5
맞춤 인력,0.835665927231507,4.728355852870972,0.11311150398437449,3
쇼핑몰 입점,0.835632208757588,7.602355623396143,0.20634080257973228,5
이론,0.8353209740561717,9.112502531616606,0.2559992916995826,10
제품 판로,0.8351266205998563,10.64623577625149,0.30634609553894065,10
수출 기여,0.8349830878808993,5.709669093544308,0.14589271719658192,3
지도 컨설팅,0.8348930894287256,7.022812092406314,0.1888285843590946,5
전문대,0.834852366995657,9.263711364251922,0.2619730841190772,3
민관,0.8347957395318679,8.72450704481877,0.24451098023163262,16
소상공인 안정,0.8347573411771004,13.576275205801743,0.40291433839805074,10
방역 조치,0.8347244861809522,7.21532318406892,0.1954042169087532,4
자금 내외,0.8339329810430426,6.486586883445014,0.1728913450206879,3
물류 ai,0.8338627930222594,24.09305696849344,0.7512629607689908,3
소상공인 정책자금,0.8338365055106474,5.799683316893513,0.1504820165141284,3
환율 변동,0.8334880053255167,8.235482749954237,0.23120327573977556,5
환율,0.8334880053255167,8.235482749954237,0.23120327573977556,5
기업가 소상공인,0.8334348681392878,12.13949916400459,0.3599288999807445,6
취득 컨설팅,0.8333711519845632,4.751203487351385,0.11659768537436903,3
제조 시설,0.8332610384294411,40.91365161326178,1.3095950120179853,6
융합 제품,0.8332573385754607,13.85906300193279,0.417176795159787,14
평가 장비,0.8332159415838722,18.641690553388862,0.5751283730465726,14
기보,0.8332052277287334,9.950940293958052,0.2883857470355765,6
법률 특허,0.8331703804953722,8.362093871276983,0.23602623975338186,4
융자금,0.8331012841818681,22.20006113301639,0.6931566717449569,4
테이블,0.8330972885504442,6.573030903968987,0.17709253253052512,4
ir 피칭,0.8329795826749867,4.683371910911042,0.11482563351436645,7
요구 반영,0.8329419996087137,4.652127860381541,0.11383716845723635,6
멘토링,0.8328376256162585,18.68496681244982,0.57826283493576,62
조정,0.8328128105525482,13.345834270189286,0.4016881339691027,12
해결 전문가,0.8317915965538671,7.897610003742712,0.2233842420180709,5
상금,0.8317868633950067,5.172123094822742,0.1325341704401831,12
국내외 전시회,0.8314480497553511,2.1569527160453648,0.0322163866919046,4
부품 미래,0.8311530487651114,7.970698637969105,0.2270804799710615,4
일본,0.8310048578099943,3.6210823379133275,0.08155914768451294,4
모델 고도,0.8309918588584404,4.247536073123186,0.10257413447681196,3
벤처,0.8309075255241175,29.47852404778306,0.9490808040917103,69
철강,0.8307642822635188,6.392904669660024,0.17486474423737608,4
비용 수출,0.830695817619529,6.195376104043029,0.1683378458368476,5
지원단,0.830558033159554,9.791390703585307,0.28948621977742206,8
일자리 장려금,0.8304997674358761,31.69488885832797,1.0265492444095046,11
유치,0.8303459753158337,9.434512515356221,0.2779779486193311,20
벤처 투자,0.830122598213018,9.77948710686418,0.29013561139220784,5
채용 고용유지,0.8300831750450602,18.31090744145002,0.5781121280885176,3
운영비 고용,0.8300566760084234,8.869927134441793,0.25959697012147387,3
중소 협력,0.8300566760084234,8.869927134441793,0.25959697012147387,3
맞춤 대기업,0.8300566760084234,8.869927134441793,0.25959697012147387,3
하이테크 산업,0.8300566760084234,8.869927134441793,0.25959697012147387,3
센터 하이테크,0.8300566760084234,8.869927134441793,0.25959697012147387,3
협력 재직자,0.8300566760084234,8.869927134441793,0.25959697012147387,3
대기업 단체,0.8300566760084234,8.869927134441793,0.25959697012147387,3
혁신 소상공인,0.8299140641456657,11.667918099582101,0.3544377268054599,7
자산 유동,0.8298280560234385,17.202108484243915,0.5417659505585793,5
진출 컨설팅,0.8297719569113325,3.101263477229308,0.0651365220297325,3
제외,0.8296932266674436,6.876169466386183,0.19293221293088067,11
소공인,0.829545723154171,4.619430453846999,0.11674483729839383,3
나노 인프라,0.8294380025029159,6.031937651288609,0.16475325010533562,5
건설업,0.8288086188308257,24.37621648318421,0.7903148921985128,5
엔젤투자 벤처,0.8286918054798885,7.910867057240869,0.22991546623162085,5
고용 조정,0.8285751354395131,23.01930280156215,0.7454204002164888,3
기관 디지털,0.8283484748712528,6.163596705648353,0.17090674900794198,4
산업 구조,0.828341705531695,10.053887169869416,0.30381415794253724,16
후속 투자,0.8282531610457949,23.786468685240425,0.7734477791781276,15
근로자 고등학생,0.828156120539086,9.281761648437861,0.2778649019178116,5
고등학생,0.828156120539086,9.281761648437861,0.2778649019178116,5
고등학생 대학,0.828156120539086,9.281761648437861,0.2778649019178116,5
연계 수출,0.8280914900870402,3.6087716781553976,0.08387668285943188,3
산업 미래,0.8279248626320683,12.05864028677964,0.3735374950045845,5
검토 투자,0.8277717395641271,12.402163454995167,0.3857750283120873,3
모빌리티,0.8277557449558107,15.679389530518929,0.49823949102691323,28
포럼,0.827607410651801,4.6875926465662365,0.12137647252479775,6
경제 활동,0.82744122329939,3.0491327847235987,0.0652495726524348,3
여성 경제,0.82744122329939,3.0491327847235987,0.0652495726524348,3
지재 획득,0.8274347746963441,7.777603753699662,0.22781630491595328,3
추가 고용,0.8273786060937471,23.557071229695985,0.7706260768001674,3
안내,0.8273120502826364,8.129536566208703,0.24016472725336868,13
청년 정규직,0.8270144862528869,34.00816697640015,1.1330786374635762,6
재학,0.8268526304029766,15.864076787551275,0.508091299327502,9
매칭 기술,0.8267751496854462,3.744391467631525,0.08980065771275503,6
일자리 고용,0.8267515424351457,16.68048585424345,0.5366873932583813,3
영향력,0.8265660898208437,3.9251396981445184,0.09625662309945916,3
대기업,0.8264299103949271,6.82427229994028,0.1967680195361595,4
기술 구현,0.8262879855196139,4.76878327422081,0.1257775971425691,6
현지 활동비,0.826266552146663,5.27796098806591,0.14345244246255737,3
장비 기술,0.8262487280050613,17.77865508553686,0.5768165303782249,8
청년 추가,0.8260832533459266,22.267299032980578,0.7333186550848617,4
역량 디지털,0.8260795894557844,5.966161223272842,0.16758922283889885,5
출산,0.8259350821103919,14.575752756775001,0.4669143139981452,10
연구자,0.8257358309953536,20.797394107673682,0.684076851466455,24
섭외,0.8255500684027158,2.8017417053085674,0.05816190138558951,3
국내 수출,0.8254989981784326,7.199548151940722,0.21144832983821132,8
인턴십 현장,0.8254989508055803,6.428692010763428,0.1845867845491766,3
국내 해외,0.8254107281605082,10.563794009523265,0.32891252240456614,11
평가 제도,0.8253874133869259,4.702826043501911,0.12458150346433125,4
양성,0.8252916298531567,24.655200094797557,0.8209686591490584,108
컨설팅 멘토링,0.8252409651631367,2.951906312539541,0.0636362196151704,4
벤처기업 창업기업,0.8250371586824483,9.275351375020472,0.2848535023359476,7
개보수 자금,0.824865511389796,47.38178127861226,1.6189707196032082,4
공동 유망,0.8247310644695159,8.71616716865324,0.2659742432726132,8
벙커링,0.8246720366283748,6.2762238116034395,0.1805912571879902,3
진단 기술,0.8245976806878874,2.9695015487597303,0.06476046092381789,3
대응 수요,0.8244070920017648,6.620894927978844,0.1931156666591025,5
스마트 상점,0.824383927936722,7.357865136830768,0.21903444721716925,3
재직 근로자,0.8243346165349578,9.693877263293663,0.30118679823765815,8
출력,0.8240373436388216,11.443129006672724,0.3634828700228613,20
기보 벤처,0.8238263426390956,7.821700879251844,0.2364224075312353,5
벤처 캠프,0.8238263426390956,7.821700879251844,0.2364224075312353,5
홍보 활동,0.8237255373017616,2.6626216962845572,0.05462756830870168,3
로봇 도입,0.823672603823713,11.726040275797686,0.37450715909299914,3
기술개발 연계,0.8235309021910225,7.901111931356068,0.23981075218504522,5
대학 국민,0.8235084895422444,6.2353473242689645,0.18100538987294085,3
출연 대학,0.8235084895422444,6.2353473242689645,0.18100538987294085,3
후속 연계,0.8234625202885609,7.954526368671992,0.24183481372839952,7
개최 현지,0.823427941047393,3.6253317591040335,0.08887266937349078,5
유지 청년,0.8233795448878236,31.925346557483625,1.0896217047949612,7
전문가 매칭,0.8231178366170108,3.6595666084331033,0.09038171636127847,6
선제 구조,0.8230555355273681,8.455485282467599,0.2604058839643855,5
팝업 스토어,0.8228971549384331,7.936387767219207,0.24232704759807888,3
스토어,0.8228971549384331,7.936387767219207,0.24232704759807888,3
참가비,0.8228219385263875,4.755734520738665,0.1295768952305781,12
판교,0.8227714734197028,3.4034725827309145,0.0816223118935344,3
사업주 고용,0.8227042467560298,33.301091724121385,1.1437911180716482,12
창업기업,0.8227012086691573,32.89632923660039,1.1294365611739492,102
대량 생산,0.8225406491861174,10.141653596809855,0.3214720530868832,4
보호 기술,0.8225150303887088,7.285023426356712,0.21992424934288335,4
재창업 취업,0.8224723188044152,3.589882818496906,0.08852516661864107,3
마케팅 국내,0.8221221481988225,9.55693994656936,0.3016828238500264,5
중견기업 협업,0.8220864231173649,3.2790518723174022,0.0778024223363816,3
전환 가속,0.8216922150420163,7.303727646592863,0.22211623720957438,5
첨단 ict,0.8216104139117135,5.501971776659181,0.1577804568201263,5
배송,0.8215422591742833,4.5574382145507455,0.12405499710313636,6
우수 직접,0.8214385453167341,11.33095443634643,0.36689745853049516,3
원자력,0.8213590975995655,13.58465156216032,0.44792506993646397,13
혁신 교육,0.8209534644627374,4.602691814169046,0.12638147556149806,3
기술력 우수,0.8209492221659972,10.129096733017793,0.325078459647197,6
신용,0.8207000218141266,12.529396156323232,0.41215931107419845,16
바우처 기술,0.820641613824371,4.358017728337267,0.11794059739734392,3
외국인,0.8206082576296657,4.148086379332784,0.11041344088150552,3
국제 공인,0.8205378696909992,11.004837790611091,0.3577024758914531,3
상용화 나노,0.8204454196795506,4.43932171352483,0.12109766850000979,3
공정 평가,0.8204454196795506,4.43932171352483,0.12109766850000979,3
인프라 공정,0.8204454196795506,4.43932171352483,0.12109766850000979,3
인프라 첨단,0.8204454196795506,4.43932171352483,0.12109766850000979,3
공정 서비스,0.8204454196795506,4.43932171352483,0.12109766850000979,3
자생력,0.8203921922784729,10.037890047426517,0.32320919151072575,14
수출 규제,0.8203879235171575,12.792857983022692,0.42264838127200977,7
병행 참여,0.8202702722644133,18.1155234770459,0.6152772766023716,4
채용 청년,0.8202398421562187,27.917106563612663,0.9695149334378791,8
납부,0.8200962500522835,6.6844310471012225,0.20269111482229474,7
코리아,0.819739207106544,11.186968276538567,0.3665180224537833,8
전환 중소,0.8197228735484873,6.618282882310952,0.2009327844796136,4
기술 교육,0.8194024776760268,24.585936168695603,0.8542819409868523,17
해외진출 희망,0.819349709690424,10.147536680150976,0.3298381067003916,14
요금,0.8189142951520985,5.706214156055749,0.1690602709233658,3
ojt,0.818600393450669,17.075784801436065,0.5848471495206782,4
신생 벤처,0.8182721113376571,8.071764075929881,0.25661276109043796,5
신생,0.8182721113376571,8.071764075929881,0.25661276109043796,5
상품 신설,0.817824506535055,4.973828824506128,0.14377877827255214,3
전용 상품,0.817824506535055,4.973828824506128,0.14377877827255214,3
청년내일채움,0.8177709716114717,46.82793879814507,1.681300215042435,6
청년내일채움 공제,0.8177709716114717,46.82793879814507,1.681300215042435,6
현장 직무,0.8177137895206061,2.249451659286921,0.04380823737779537,3
비례,0.8176018966508566,7.0523080446427135,0.22050504169383195,8
납품,0.8175681624054355,12.049618337067887,0.4043852807848237,7
진행,0.8173754596667401,4.426039859613756,0.1241874582980664,18
근로자 대체,0.8173553379885423,14.257836748493645,0.4863759649790689,3
인력 산재,0.8173553379885423,14.257836748493645,0.4863759649790689,3
산재 근로자,0.8173553379885423,14.257836748493645,0.4863759649790689,3
비즈니스 활성,0.8173198653190067,23.578734375725787,0.8299305012043893,3
보험금 지급,0.8171509545544694,4.935424908276872,0.14323895942562775,4
보험금,0.8171509545544694,4.935424908276872,0.14323895942562775,4
해외 시장,0.8171128279279503,15.22516211568412,0.5229379429780207,67
사고 예방,0.8170665391410378,22.17756992444176,0.779710599959354,6
장소,0.816838399966107,3.7189716890661972,0.09867869059155268,4
유학,0.8165331643516849,3.9830697346123656,0.10876410555542061,3
혁신 스마트,0.8163921457016312,4.427958231744472,0.12540739785772156,3
성과 관리,0.8159736184407437,27.350088572871606,0.9780874913444033,13
고용 위기,0.8159115279583122,21.5910967056015,0.764318524081077,3
지역 고용,0.8159115279583122,21.5910967056015,0.764318524081077,3
위기 지역,0.8159115279583122,21.5910967056015,0.764318524081077,3
소상공인 기술,0.8156476025228288,5.455400053190082,0.1645602521684837,3
상담,0.8154929863218845,11.862548004913755,0.4037462675650401,92
공제 가입,0.8154693821891744,27.657335012457985,0.9930029913208179,6
적립,0.8154693821891744,27.657335012457985,0.9930029913208179,6
청년내일채움공제,0.8154693821891744,27.657335012457985,0.9930029913208179,6
청년 적립,0.8154693821891744,27.657335012457985,0.9930029913208179,6
가입 청년내일채움,0.8154693821891744,27.657335012457985,0.9930029913208179,6
청년내일채움공제 청년,0.8154693821891744,27.657335012457985,0.9930029913208179,6
홍보 자료,0.8150576946932133,3.967831335758556,0.10976064143885396,5
현지 활동,0.815055876024983,7.07124732148839,0.22584611798330334,4
계층 고용,0.8148893489381644,28.779739135688544,1.039056204446718,11
기술이전,0.8147397484104518,2.9004264344537685,0.07008760925531723,4
현지,0.8145543098076133,17.339096287594693,0.6121130480982324,91
사관학교,0.8145167588304763,4.798076501419549,0.14150087019613877,4
창업 사관학교,0.8145167588304763,4.798076501419549,0.14150087019613877,4
차별,0.8144816868660407,9.4763162848287,0.31720233134535136,10
실제,0.8144160473414558,9.651277428965988,0.3239340969751991,19
산업 지속,0.8143574450193944,11.762327330656195,0.4034092825211852,10
실적,0.8142469902969518,8.244030043821363,0.27143148369823994,19
학습 병행,0.8142200495559778,21.886830363860735,0.7846313778975239,4
off jt,0.8142200495559778,21.886830363860735,0.7846313778975239,4
jt,0.8142200495559778,21.886830363860735,0.7846313778975239,4
창업 초기,0.8140854480472641,22.972104061166576,0.8262305942777833,56
산재 노동자,0.8139263064374431,20.6189481871785,0.7384716149084759,3
미만 가능,0.8136067861358344,17.648602767959133,0.6279597180445636,3
유망 업종,0.8136067861358344,17.648602767959133,0.6279597180445636,3
정규직 추가,0.8136067861358344,17.648602767959133,0.6279597180445636,3
추가 채용,0.8136067861358344,17.648602767959133,0.6279597180445636,3
업종 미만,0.8136067861358344,17.648602767959133,0.6279597180445636,3
농식품 액셀러레이터,0.8136037711166589,17.486134877507123,0.6218374244593061,3
연구원 인재,0.8135878048816856,10.793188655613804,0.36911532581462186,3
기기 성능,0.813445127105724,3.6837905930816497,0.10073478827793962,4
진공,0.8132467343862393,6.21442714665759,0.19672918014112858,5
집중 보육,0.8132168650620835,5.852394647440309,0.18307026522002554,5
accelerating management,0.8132168650620835,5.852394647440309,0.18307026522002554,5
management program,0.8132168650620835,5.852394647440309,0.18307026522002554,5
program,0.8132168650620835,5.852394647440309,0.18307026522002554,5
벤처 집중,0.8132168650620835,5.852394647440309,0.18307026522002554,5
camp,0.8132168650620835,5.852394647440309,0.18307026522002554,5
협업 신생,0.8132168650620835,5.852394647440309,0.18307026522002554,5
program 약자,0.8132168650620835,5.852394647440309,0.18307026522002554,5
competitiveness accelerating,0.8132168650620835,5.852394647440309,0.18307026522002554,5
competitiveness,0.8132168650620835,5.852394647440309,0.18307026522002554,5
camp 의미,0.8132168650620835,5.852394647440309,0.18307026522002554,5
의미 competitiveness,0.8132168650620835,5.852394647440309,0.18307026522002554,5
비용 스마트,0.8130506304559543,5.822339526207404,0.1821861838130655,3
매칭 바이어,0.8129799348357418,3.472713790512008,0.09319276992250082,3
산업 세계,0.8129575369031962,7.671923472314601,0.2524777996551606,9
직면,0.8128053869015889,5.483205009596249,0.16968564949204995,8
중소 상생,0.8126290054140437,26.50840659935576,0.9690893366761579,7
할인,0.8125334931715894,8.129416213456393,0.2707215570550591,8
해외 중소,0.8125326990994773,3.807226858901622,0.1063367860646044,4
민관 공동,0.8123409175102928,7.999646177157267,0.2661853508387347,5
훈련 ojt,0.8123230476146132,14.31297010708306,0.5066685339909994,3
현장 훈련,0.8123230476146132,14.31297010708306,0.5066685339909994,3
ojt 이론,0.8123230476146132,14.31297010708306,0.5066685339909994,3
캠퍼스,0.8121008114058259,6.32014120358549,0.20262544654994566,7
배분,0.8120799744096723,3.3344074656959233,0.0887654140391895,3
졸업 예정,0.8119121906851153,7.717130381145119,0.25628628325635966,7
창업 벤처,0.8116525468602387,4.840533497579004,0.1467683352697764,5
역량 부족,0.8114712818740678,7.587397261240702,0.25220249265524186,6
궤도 위성,0.8113164522320006,8.887394951595379,0.3023467696640424,5
격차 기술,0.811132907180349,4.2667683766739115,0.12541463893263763,6
계측,0.8109517376925663,4.188808502908003,0.12262623681267243,4
개발 훈련,0.8108347692981746,24.966280676636025,0.9218175929179818,8
연구,0.810759231147744,23.740674059357218,0.875138671591994,350
출산 육아,0.8107331145863697,14.796482062293238,0.5310925867406552,9
기준 컨설팅,0.8105371807317127,7.9333394258484695,0.267379869245145,3
훈련,0.8104267069474768,138.8202380858832,5.314652520074753,34
하이테크,0.8103178012873874,20.54457859145956,0.7544719136615409,6
정리,0.8101398199815959,3.9825923375819765,0.11557475309042187,4
예비창업자,0.8099706844493644,28.59299073552586,1.0675607541062047,75
협력 연구,0.8099086548938422,4.436746311883109,0.13339508919596554,6
투자 회사,0.8098376475923497,7.734130292560797,0.2611158127771606,6
회사 창업,0.8098376475923497,7.734130292560797,0.2611158127771606,6
기획자 매도,0.8098376475923497,7.734130292560797,0.2611158127771606,6
마케팅 공동,0.8095703874857305,5.232886205157061,0.16466892790581486,5
추론,0.8095468869122496,4.042127052290886,0.11852233296547857,4
연대,0.8093880669251057,4.722697856060042,0.14511664875690064,4
특화 취업,0.8090940576960387,3.260363889949584,0.0886105890365678,3
유통 물류,0.8087176999805451,6.0641642013333215,0.19826919394651255,4
지급 고용,0.8082557742749874,10.288273266189798,0.36420187197424325,3
규모 고용,0.8082557742749874,10.288273266189798,0.36420187197424325,3
임금 규모,0.8082557742749874,10.288273266189798,0.36420187197424325,3
형평 균형,0.8082557742749874,10.288273266189798,0.36420187197424325,3
형평,0.8082557742749874,10.288273266189798,0.36420187197424325,3
거주 구직자,0.8082557742749874,10.288273266189798,0.36420187197424325,3
거주,0.8082557742749874,10.288273266189798,0.36420187197424325,3
확실 지역,0.8082557742749874,10.288273266189798,0.36420187197424325,3
고용 사정,0.8082557742749874,10.288273266189798,0.36420187197424325,3
악화,0.8082557742749874,10.288273266189798,0.36420187197424325,3
악화 고용,0.8082557742749874,10.288273266189798,0.36420187197424325,3
고용 감소,0.8082557742749874,10.288273266189798,0.36420187197424325,3
채용 임금,0.8082557742749874,10.288273266189798,0.36420187197424325,3
시장 형평,0.8082557742749874,10.288273266189798,0.36420187197424325,3
발전 고용,0.8082557742749874,10.288273266189798,0.36420187197424325,3
사정 악화,0.8082557742749874,10.288273266189798,0.36420187197424325,3
신설 증설,0.8082557742749874,10.288273266189798,0.36420187197424325,3
이전 신설,0.8082557742749874,10.288273266189798,0.36420187197424325,3
사업주 지급,0.8082557742749874,10.288273266189798,0.36420187197424325,3
사업주 지역,0.8082557742749874,10.288273266189798,0.36420187197424325,3
증설 사업주,0.8082557742749874,10.288273266189798,0.36420187197424325,3
감소 확실,0.8082557742749874,10.288273266189798,0.36420187197424325,3
구직자 채용,0.8082557742749874,10.288273266189798,0.36420187197424325,3
지역 거주,0.8082557742749874,10.288273266189798,0.36420187197424325,3
지역 노동,0.8082557742749874,10.288273266189798,0.36420187197424325,3
지역 이전,0.8082557742749874,10.288273266189798,0.36420187197424325,3
손실 보상,0.8081082839924923,4.9081954362316855,0.15399885367683283,8
전수,0.8081059120773567,13.419380460493972,0.48716812543976373,4
활용 해외,0.8080811244918203,3.5924302998916118,0.10252137186382984,3
역량 우수,0.8079556119103191,3.766721850923628,0.10947399896216366,6
우수 성장,0.8079231369684341,7.79987626049762,0.2675693464933848,9
대응 기술개발,0.8076586659258843,9.449498735256764,0.33287074409353573,6
우수 연구소,0.8075698912635131,6.5318092083325014,0.2184829954143077,6
운전,0.8075342784452205,8.630767748947168,0.3010103142136107,9
구역,0.8072419523160932,11.591467254271075,0.4182122636903898,14
기술 성장,0.8072133383524145,3.344507978053403,0.09361500586919236,7
멘토링 ir,0.8072018306346878,4.6960424495982345,0.14683956709433305,5
단말,0.8071883534316583,12.015009844526436,0.43505113359324044,8
개최 홍보,0.8071265314100096,3.3947246765977925,0.09567326275272516,3
미디어 플랫폼,0.8070573119251743,4.502982605505317,0.1394139877901097,3
테크 국내,0.8070573119251743,4.502982605505317,0.1394139877901097,3
국내 ott,0.8070573119251743,4.502982605505317,0.1394139877901097,3
미디어 테크,0.8070573119251743,4.502982605505317,0.1394139877901097,3
이차 보전,0.8070487233693578,8.427150326846629,0.2940826496918737,7
이차,0.8070487233693578,8.427150326846629,0.2940826496918737,7
통관,0.8069907969314124,14.364933566322204,0.528315985327811,13
상생 아카데미,0.8069012520007731,23.939129231153554,0.9063414639528653,6
성장 재도약,0.8068289918559484,3.712428976936734,0.10849073906016354,5
홍보 콘텐츠,0.806730787615942,6.829905867908209,0.23170670660341375,7
협력 네트워크,0.8066813924859277,3.531535391956491,0.10149470801540683,8
저온,0.8060861691986712,24.650183596237163,0.9395466508158097,4
연계 정책자금,0.8058367695156311,3.1032596141135693,0.08530542781613687,3
산학연 공동,0.8057059858835285,26.046716279008905,0.9974697245124937,4
일괄,0.8056456368764924,2.954845938999339,0.07956871931153228,7
이력,0.8055224140721773,3.02627616250272,0.08251353408654996,4
실습,0.8054992770204171,6.565359712102296,0.22340501834238835,21
업종 컨소시엄,0.805411769106638,3.413156874054102,0.09801538631469965,3
시설 설치,0.8053688166960623,38.15391491859712,1.4820506741799493,25
서비스 수출,0.8053328216447684,12.306501364536501,0.45246242773281353,7
진출,0.8052774193790297,13.121312264566596,0.485119194645133,250
보전,0.8051932808638255,16.424031122597842,0.6171267230663455,23
대금,0.8046396297529905,19.240595670939175,0.7322111961839419,17
세미나,0.8044515839590364,6.341506699743189,0.21626567776764505,16
전부,0.8043154101393115,10.509398182809628,0.38365305465759564,3
유망 창업,0.8041156177422674,7.5394738566146176,0.2649410798871116,6
채무 조정,0.8037554561395718,5.308929733124085,0.17588516588011005,4
일학습병행,0.8036694200513035,21.886830363860735,0.843610295002734,4
장비 자동차,0.8035724002472158,8.818132977475557,0.3175519795845954,7
사회적기업 성장,0.803415767267553,16.835406583449423,0.6412963432682257,3
생산 실증,0.8033072780033602,5.518971850344414,0.18500529255709172,3
부품 소재,0.8032902630682854,6.77939959418987,0.23591080330797454,6
노동자 가족,0.8032457979918995,11.079965795675731,0.40964283517228656,3
가족 사업주,0.8032457979918995,11.079965795675731,0.40964283517228656,3
스토리,0.8031427449143269,3.224522556872612,0.09254259867294679,3
범위,0.8029290656664517,6.3350444514087,0.2185861574536463,27
경비,0.8026775841933476,7.683258636823016,0.27364825157815537,27
ai 핵심,0.8026422991522546,8.134106080070184,0.29199459028974417,4
인정,0.8024553300351375,11.03594979322615,0.4101578541546106,21
임금 일부,0.8024273210329486,15.30887857347883,0.5836692186320901,7
中企,0.8023932645216966,3.7440841375919205,0.11431148763421135,3
cbam,0.8022484215711531,8.891554039350218,0.32362344323473635,3
양성 원전,0.8022462930806981,3.789011718963672,0.11628942753271192,3
평가 분석,0.8021801125848779,4.303721869194456,0.1372824939192518,4
유형 산업,0.8021680994137642,7.419267309151502,0.2639575680390869,7
대응 디지털,0.8020715634375601,5.405174124463512,0.18221683822460896,4
상담 현장,0.8020544894025932,7.977710252053753,0.286901829390043,4
컨설팅,0.8019867346641273,14.957774857368788,0.5711409354673511,295
훈련 훈련,0.8018908038341402,41.22186354453295,1.6411355950147355,10
국내 ict,0.8014508160236931,20.581492772041923,0.8029021761554131,13
불가피,0.8013762713435674,13.595571055996068,0.5178742090611765,3
불가피 사업주,0.8013762713435674,13.595571055996068,0.5178742090611765,3
조정 불가피,0.8013762713435674,13.595571055996068,0.5178742090611765,3
공동 훈련,0.8011497463153239,46.15552934598833,1.8508960706351192,11
혁신 컨설팅,0.8011002767852639,3.941916978786267,0.12375053588672952,4
모델 bm,0.8009047594668642,4.946408457739888,0.16512648344432332,5
기관 국제기구,0.8008897674891755,21.347568389520287,0.8373071178269391,6
네트워킹,0.8006060796571923,16.84063715400666,0.653852210979987,40
조직 문화,0.8005060595350638,7.808999467422955,0.28326318399498834,4
매수 희망,0.8003345011440688,8.36882331261657,0.30664419918461455,6
특별,0.8001598594185139,14.861948676936974,0.5743576435155362,13
고급 인력,0.800047760565706,6.894510171109544,0.24654398717441176,5
직접 비용,0.7999258511987711,8.537910572629185,0.3145282563041732,5
산업 맞춤,0.7999130634529542,21.170486183847157,0.8354466174275554,7
업종 전문,0.7998054819964514,3.058902394714768,0.0887301951484307,4
장애인,0.7996055398664964,49.96320528998318,2.0266641246452077,20
센터 운영비,0.7994827814019806,10.36867979482016,0.39123062803943387,3
훈련 장비,0.7994827814019806,10.36867979482016,0.39123062803943387,3
jt 훈련,0.7994827814019806,10.36867979482016,0.39123062803943387,3
멘토링 성장,0.7993934651019534,3.4057080013189376,0.10343393506797649,5
컨설팅 진행,0.7992834314320522,3.500170163798258,0.10744959823060093,4
증가 사업주,0.7986989035535444,21.671071184034957,0.8629716987158453,12
홍보 광고,0.7985646573565323,10.773589695167377,0.4105974150422974,5
공급 수요,0.7985172638291872,9.147972085039873,0.34311713092498874,8
훈련 개발,0.7984379601537959,23.537299040135554,0.9421161448746166,9
벤처 경쟁력,0.7983128954210054,3.594557690044688,0.11233421180790391,3
약자 신생,0.7983128954210054,3.594557690044688,0.11233421180790391,3
팁스 연계,0.7980804420699956,4.429299781742181,0.1473832582418005,3
종사,0.7979640204751763,5.5843089516343465,0.19573268613092812,4
도입 비용,0.7979287620478419,3.624731898059199,0.11398135361680328,6
상품 등록,0.7978702511277509,4.256919794749943,0.14044194288480993,4
kotra,0.797740508902631,3.445397088813062,0.10667754803473195,4
비용 시제품,0.7975923352062884,1.7505636644511573,0.0359207554842496,3
해외진출 기술,0.7973684511612473,3.5720116408383418,0.11234306784126619,3
안경 산업,0.7972974188022336,9.576519736227839,0.36406267855784424,6
아카데미,0.7971957730219729,13.476781499979289,0.5278854671069885,11
협력 기술,0.7969600667612159,4.9866395743451,0.1721643101834429,8
근로 복지,0.7968559662988011,3.8368075462508133,0.12398622506695277,3
미래,0.7968471480185941,12.120933346816429,0.47215028578438956,186
인수,0.7968453723080151,8.683378753984032,0.32768530620413916,10
부가세,0.7968192102603147,3.33417265049833,0.1028979940084861,4
양성 연구개발,0.7967331479712261,3.2935160792014444,0.10126941512289182,4
구역 자율,0.7963779800439321,4.3144552496612185,0.14463245311082207,3
자율 상권,0.7963779800439321,4.3144552496612185,0.14463245311082207,3
상권 구역,0.7963779800439321,4.3144552496612185,0.14463245311082207,3
연구 개발,0.796364482242367,21.513231308331854,0.8696131167820793,4
직업훈련,0.796030020385283,16.032846393884785,0.6400242042131286,7
보험료,0.796029289697723,14.286857347130402,0.5662780260414763,9
교육 off,0.7959964895175946,14.31297010708306,0.5675057338155195,3
공제,0.7959295878480128,28.949788188569514,1.1863881965008929,10
인력 여성,0.795867667296547,8.824488655220863,0.3359354827022238,8
연계 종합,0.7958536538736988,9.218269480902014,0.35261977926142274,4
연구소 역량,0.7957245605535306,4.729044187508408,0.1629621714745488,6
산업부,0.7956110446597127,7.4584379816853295,0.2786956163783203,7
정보 홍보,0.7955187878169433,6.495267131460253,0.23807049923924395,3
기술사업화,0.795402830199784,10.376555309078555,0.4028516539629843,55
워라밸 일자리,0.7953452324205594,17.170866652195944,0.6912087464200068,6
워라밸,0.7953452324205594,17.170866652195944,0.6912087464200068,6
네트워크 해외,0.795296475062736,14.993676616035756,0.5990524504657769,5
중견기업 청년,0.7950564257348716,13.022948380164783,0.5162682919766796,3
지역 대학,0.7950269158431983,8.551972261979548,0.3263527893316898,14
전시회,0.7948835136481702,24.30705915604922,0.9968701279764114,72
창업 기획자,0.7944004673127776,9.790278059379686,0.3806316153015543,8
기획자,0.7944004673127776,9.790278059379686,0.3806316153015543,8
투자유치 역량,0.7941549505860199,4.179153519524794,0.14152693615397055,7
창업기업 엔젤투자,0.7937563782023542,7.58103394331259,0.28770431572451605,7
육아 고용,0.7937091521997162,16.364420246460362,0.6641224231255981,7
분석 국내,0.7936230544715855,4.398330410678838,0.15154601508747123,3
편입,0.793474119454681,2.459867975992657,0.06855741883132285,3
고용 활성,0.7934671570259686,9.218748645168327,0.3585721242629003,3
일자리 청년,0.7934671570259686,9.218748645168327,0.3585721242629003,3
창업자 성공,0.7934074273608198,10.169029982716218,0.3995105315660446,10
미디어,0.7931388488083638,29.347503953957975,1.2248054834871656,30
유래,0.7930927084687017,16.628465947049506,0.6781686617124705,7
작품 개발,0.7929322909696915,5.449463078656837,0.1976460186690585,3
가능 성과,0.7927840438067945,3.1032596141135693,0.09677889138056388,3
여성 ceo,0.7927219330438809,6.854166365003488,0.25851065738835766,3
부하,0.7925785827841115,11.226103600866104,0.44738898658931636,3
참석,0.7925313222371471,10.30893284524475,0.40795307268566394,4
농식품 판로개척,0.7923883393797054,39.39803497579127,1.664732817333658,3
매도 매수,0.7923662253045005,7.58103394331259,0.29057703175645827,7
매도,0.7923662253045005,7.58103394331259,0.29057703175645827,7
서비스 글로벌,0.7923386907377394,8.3808141708346,0.3251876024772872,6
실용,0.7923175509556766,15.607744185909048,0.6375069838184388,5
인증 정보,0.7919594035317055,7.242171587705867,0.27674571036943935,7
장비 수요,0.7918334921149423,4.9086610748560435,0.17586911514206013,3
창업 준비,0.7917827884429335,12.549331314324037,0.5071608882298102,18
멘토링 투자,0.7917624628109998,3.098204270437753,0.09747365702547836,3
물품,0.7915779798291308,5.950965818930966,0.22145930634899869,12
정규직 채용,0.7915411831223512,15.42105432401888,0.6326490512663481,4
마케팅 기술,0.7915042634153865,2.3629710152783048,0.0657785280626677,4
경영 진단,0.7913543361850635,4.994343226773247,0.18025006557036588,5
애로 해결,0.7912846578161334,6.280764489834383,0.23628207673514234,14
융합 산업,0.79124290125856,4.427642413812664,0.15575855607917416,6
동시,0.7911702715015863,4.902847331254663,0.176525718509023,8
대출 금액,0.7911328472548192,8.794275780163964,0.3459356528755453,4
복귀,0.7910531433538407,57.80087843259358,2.4799688893381533,14
포장 대통령,0.7909419579800787,2.704830054809329,0.08106852905717127,3
표창 국무총리,0.7909419579800787,2.704830054809329,0.08106852905717127,3
대통령 표창,0.7909419579800787,2.704830054809329,0.08106852905717127,3
국무총리 표창,0.7909419579800787,2.704830054809329,0.08106852905717127,3
훈장,0.7909419579800787,2.704830054809329,0.08106852905717127,3
기술 글로벌,0.7909112721483843,5.317795425241527,0.19496409052560917,7
서비스 통합,0.7908874581154897,5.266079423704098,0.192745294993865,3
대체 상용화,0.790828299730901,20.43193550141237,0.8540813698200311,3
세포,0.7906875428474355,12.5455091036282,0.5107006499124915,5
미디어 활용,0.7906325320688101,10.08900950225979,0.40365396200726744,3
서비스 디지털,0.790562082962495,2.895539034660068,0.08969830870724557,7
일학습병행 공동,0.7903734256096605,12.823079582700425,0.5239009713321167,3
운영비,0.7901403495825499,10.454204043478395,0.42099285433885525,44
마케팅 해외,0.789999182713665,14.311685083717201,0.5904285222123011,10
벤처기업 ai,0.7898849093403035,6.3644160208435645,0.24238087769282524,5
협업 활성,0.7898066836491673,4.725723493721934,0.17062793597260872,9
창업기업 성장,0.7898040779752341,10.417370096784706,0.42033245011968867,14
직무 훈련,0.7897451865785284,28.84593943098876,1.2292750369722802,11
이자 비용,0.7896993090792628,11.475789566580438,0.4670930634069449,5
현지 법인,0.7895678960255846,2.697263026311702,0.08182713912526413,6
능력,0.7895377096195989,18.338437223550752,0.7691541821093707,53
차세대,0.7895374967561848,16.807508868786584,0.7018832270789883,104
마케팅,0.7894869306493674,27.431469262695586,1.1690918411295725,185
교육 수료,0.7894240168878432,4.327946809023191,0.15364571289210902,3
지역 산업,0.7894183245287824,10.76739013517549,0.43681746221444573,19
이론 교육,0.789207164641273,11.622815437457016,0.47509982676617185,4
블록체인,0.7888545641661991,17.16404730761571,0.7207075067120572,5
교육 특성화고,0.7888070698398216,3.9634475438251413,0.1383148135171047,3
중심 직업,0.7888070698398216,3.9634475438251413,0.1383148135171047,3
특성화고 인력,0.7888070698398216,3.9634475438251413,0.1383148135171047,3
연계 현장,0.7888070698398216,3.9634475438251413,0.1383148135171047,3
특성화고 우수,0.7888070698398216,3.9634475438251413,0.1383148135171047,3
투자 역량,0.7888062731361355,9.048251825033736,0.3627361643020163,4
훈련 인정,0.7885951350701642,16.417537271592835,0.6889189384820271,4
재무,0.7885585763883496,5.464520602292829,0.20494496741070561,5
선임,0.7885253849599351,2.7321951813515657,0.08419973129706346,4
대리인,0.7885253849599351,2.7321951813515657,0.08419973129706346,4
대리인 선임,0.7885253849599351,2.7321951813515657,0.08419973129706346,4
디렉토리 제작,0.7883336620617194,2.7644841066468793,0.08578319741878519,5
맞춤 디지털,0.7883087702792649,3.214840091877235,0.10573954298939131,3
쇼핑몰,0.7879832879973527,8.291003980242055,0.33119047193810747,7
양성 취업,0.7879363846453344,8.13844869368275,0.3245291937241661,7
시스템 장비,0.7877410154909011,12.59412290333542,0.5228798745273434,4
액셀러레이팅 여성,0.7876261021148646,2.9918806025736573,0.09646694958043116,3
연구자 연구,0.7875703346150782,9.840580625497601,0.40103274742173967,11
배양 생산,0.7874978824430532,18.877897732953027,0.8032325927459095,3
수산 배양,0.7874978824430532,18.877897732953027,0.8032325927459095,3
기술 신속,0.7871796716575663,2.2870102422662257,0.06544387622902498,3
중년 적합,0.7871270480172549,38.090450389956814,1.6616456932882486,11
적합 직무,0.7871270480172549,38.090450389956814,1.6616456932882486,11
장비 산업,0.7870222034503731,14.182703077170006,0.5962102875553466,8
장애인 근로,0.7870120647120223,10.708955097650922,0.44127872696074594,3
고용 장애인,0.7870120647120223,10.708955097650922,0.44127872696074594,3
경감 장애인,0.7870120647120223,10.708955097650922,0.44127872696074594,3
고용 계획,0.7870120647120223,10.708955097650922,0.44127872696074594,3
계획 사업주,0.7870120647120223,10.708955097650922,0.44127872696074594,3
증진 융자,0.7870120647120223,10.708955097650922,0.44127872696074594,3
경제 부담,0.7870120647120223,10.708955097650922,0.44127872696074594,3
수리 비용,0.7870120647120223,10.708955097650922,0.44127872696074594,3
고용 증진,0.7870120647120223,10.708955097650922,0.44127872696074594,3
사업주 경제,0.7870120647120223,10.708955097650922,0.44127872696074594,3
훈련 센터,0.7869955744760833,45.560304237844626,1.996266432972812,12
전략 기술,0.7867341711272067,13.066650566544823,0.5474492875155192,29
전담 인력,0.7866903345880338,4.1024383315328175,0.14692657644168178,5
국내 복귀,0.7866191580031381,42.442798003403475,1.8614592961797074,11
기관 연구,0.7863870343522709,1.9887019368607821,0.05263285975841305,4
전문 컨설팅,0.7862970464717519,5.267302347959191,0.19957705752404348,17
융자 규모,0.7861708530308,13.546435608412919,0.5709682807181473,6
인건비 연계,0.7860243797679025,7.430741445436349,0.29706681389410133,3
아이디어 보유,0.7859804717325709,11.22289577833024,0.4673753061104182,16
소비자 트렌드,0.7858902922291813,5.556311031739088,0.21316115923436882,3
본부,0.7857385371843026,3.2481864848698225,0.10964503674953846,3
학생,0.7856955789392587,19.26660797534884,0.8299205191367615,23
식품 인증,0.7854778875135547,51.19751332703919,2.268621384892662,3
해외 식품,0.7854778875135547,51.19751332703919,2.268621384892662,3
비즈니스,0.7853653463750745,8.45163529688859,0.34442031264705253,68
수출 제품,0.7850796873634434,18.487239253168184,0.7979706487782197,10
성분,0.7848368787307908,30.238076119352794,1.3302404922068853,3
기관 특화,0.7848024919047425,2.9965087693977104,0.09915747093897362,3
대회,0.7846649251408457,6.706301899137994,0.26710441386757733,19
제어,0.7846529548734401,20.36741375886382,0.8851786848777228,20
핵심,0.7845346605469002,21.02847731729252,0.9157620573795229,311
이슈,0.7845066256780147,3.9384215991633442,0.1420695110816193,6
매수,0.7844963418542309,8.20316327739616,0.3352041882282274,7
질소,0.7843233247967695,28.739888952560072,1.2665279661089648,5
제품 시험,0.7843186597662407,1.9329366523827953,0.05137200551340879,3
직업 능력,0.7842156003297809,26.530097306617215,1.1671328495174926,10
개발 시장,0.7841104550228641,2.1631076801775766,0.06194358924064439,3
수요 시장,0.7837258273215123,3.2983534647150368,0.11384064324263123,3
기술 맞춤,0.7836888181037678,4.3381896017761035,0.16118912107916034,3
성장 사회적기업,0.7835363724371954,10.807533341170767,0.4559999587033486,3
유니콘 성장,0.7834479419205305,10.878274320070613,0.45948710927216174,8
ul,0.7833461447126084,3.40849880507914,0.11922959226131603,3
임무,0.7833223003347369,5.885275689554422,0.23219086169891115,4
사업주 증가,0.7831368977587764,28.779739135688544,1.2775946890124135,11
임금 감소,0.7831368977587764,28.779739135688544,1.2775946890124135,11
실업자 고용,0.7831368977587764,28.779739135688544,1.2775946890124135,11
감소 보전,0.7831368977587764,28.779739135688544,1.2775946890124135,11
증가 근로자,0.7831368977587764,28.779739135688544,1.2775946890124135,11
전문 교육,0.7828409847880797,27.291070817633713,1.211834958864995,7
비품,0.7826955466399241,18.440918381512578,0.8078689590131845,3
국내외 판로,0.7826792143366121,3.290121977149959,0.11447689883288016,3
장려금 출산,0.7825976389938101,9.319690601822964,0.390670467861634,4
융자 사업주,0.7824109057142586,13.679392836645858,0.5910191611529471,3
인프라 공유,0.7824012713335828,3.7441289853386452,0.1355603046954736,3
기술 해외,0.7823739989410305,10.242503226973097,0.43356420261835243,7
조사,0.7823048458531875,10.915480342799153,0.4646316103014853,94
패키지 소상공인,0.7822608319346711,3.4435323871809373,0.12192078804392043,3
관리자,0.7821451876400728,7.193770760799219,0.2942308043635087,6
맞춤 훈련,0.7819989395601419,22.635648676632755,1.0041532371616857,3
서비스 스마트,0.781782755759206,3.148832814921692,0.10884361743125143,3
고용 근로자,0.7817577478068767,35.21171939727327,1.5843926400209347,12
초기,0.781719201814871,19.258334619765662,0.8504253986034123,103
소상공인 협업,0.7815319844335361,6.062170634736516,0.2433256975942858,4
수출,0.7815286433830003,39.39252782646354,1.7792461598823848,289
혁신 창업,0.7813177322712545,7.305705759927705,0.3010687155538402,8
법률,0.7806044160216442,5.099843878548011,0.20033528396002148,38
직업 교육,0.7803819321672943,3.5157998896977927,0.12717441250166367,4
디자이너,0.7802569277258582,15.732928847336364,0.6944880193927847,15
배양,0.780107040703853,33.89340279777011,1.5389823311631858,5
실업자 중년,0.7799669479661797,16.99777755066203,0.7545680042947568,11
인건비 중년,0.7799669479661797,16.99777755066203,0.7545680042947568,11
직무 실업자,0.7799669479661797,16.99777755066203,0.7545680042947568,11
시간 실업자,0.7799669479661797,16.99777755066203,0.7545680042947568,11
근로자 중년,0.7799669479661797,16.99777755066203,0.7545680042947568,11
근로자 국내,0.7799669479661797,16.99777755066203,0.7545680042947568,11
근로자 증가,0.7799669479661797,16.99777755066203,0.7545680042947568,11
기회 사업주,0.7799669479661797,16.99777755066203,0.7545680042947568,11
유지 사업주,0.7799669479661797,16.99777755066203,0.7545680042947568,11
구직자 고용,0.7799669479661797,16.99777755066203,0.7545680042947568,11
사업주 일자리,0.7799669479661797,16.99777755066203,0.7545680042947568,11
고용 일자리,0.7799669479661797,16.99777755066203,0.7545680042947568,11
개편 근로,0.7799669479661797,16.99777755066203,0.7545680042947568,11
보전 교대,0.7799669479661797,16.99777755066203,0.7545680042947568,11
복귀 실업자,0.7799669479661797,16.99777755066203,0.7545680042947568,11
복귀 산업,0.7799669479661797,16.99777755066203,0.7545680042947568,11
보전 근로자,0.7799669479661797,16.99777755066203,0.7545680042947568,11
인건비 임금,0.7799669479661797,16.99777755066203,0.7545680042947568,11
직무 고용,0.7799669479661797,16.99777755066203,0.7545680042947568,11
고용 기회,0.7799669479661797,16.99777755066203,0.7545680042947568,11
일자리 제도,0.7799669479661797,16.99777755066203,0.7545680042947568,11
교대,0.7799669479661797,16.99777755066203,0.7545680042947568,11
복귀 구직자,0.7799669479661797,16.99777755066203,0.7545680042947568,11
교대 개편,0.7799669479661797,16.99777755066203,0.7545680042947568,11
장관 국내,0.7799669479661797,16.99777755066203,0.7545680042947568,11
단축 도입,0.7799669479661797,16.99777755066203,0.7545680042947568,11
행사,0.7798248914682324,11.105439212311905,0.48099061064066406,43
실증 고도,0.7797681950550623,6.3170408317252145,0.2582288729695235,5
산업 고도,0.7797315421993252,10.628943620134454,0.4590900344710706,9
신뢰 데이터,0.7794018022242757,2.303976171793456,0.07164869483351773,3
테마,0.7790288155323448,9.026739962418716,0.38625840518699717,5
생태 데이터,0.7788720810871772,2.303976171793456,0.07202374266578662,3
자금 특화,0.7788140668353835,4.233663994354,0.1624065574283572,3
집기,0.7787705067557926,6.023332795111584,0.24626793375728784,3
산업 산업,0.7786379467660342,10.937773274834258,0.47680933149221355,5
컨소시엄,0.7785564885171314,5.4696151300083455,0.22067402915030293,33
교육 멘토링,0.7784670847477411,7.570159216689968,0.319353223035817,18
내외 기술,0.7783538002434158,2.7352503633972605,0.09263601960131172,5
데이터 생태,0.7783422132026854,18.30113635273376,0.8233871168511178,4
디지털 인력,0.7783194125243953,7.476796458032761,0.31528605613993843,6
창업기업 자금,0.778191199909376,15.631462500474012,0.6987140167043066,9
우수 훈련,0.777897279069104,13.564550632394551,0.6027077215665011,6
부대,0.7778917926021125,4.646254768262616,0.18296480277526359,13
차량,0.7778669774213592,36.89758660099713,1.7012122033725694,18
개발 국산,0.7776437127359219,4.000274080764421,0.1528509172508553,3
선도 기술개발,0.7775861441928487,6.873463759948192,0.288392207997601,3
임차 장치,0.7773565456744418,12.947794759475386,0.5756326715862795,3
성과,0.7773430262213928,5.876483724239936,0.24179334730865432,133
ceo,0.7772178018028165,8.081210341817174,0.34618105643952185,8
서비스 고용,0.777175826926117,12.852895060627478,0.5718008562085457,4
부족 해외,0.7771540719878601,2.7233675939217146,0.09306778161656594,6
액셀러레이터,0.7770394878837116,28.48567825925334,1.3117232622410904,19
기술사업화 정보,0.7768585824460401,2.817379335893242,0.0977633894937032,3
누리 상품,0.7768328513995263,3.232873914191418,0.1174617202328383,3
누리,0.7768328513995263,3.232873914191418,0.1174617202328383,3
능력 개발,0.7768181615217223,23.26003834548332,1.0659740283008792,15
발행,0.776538649647047,22.24128059917826,1.0194470891767062,12
개보수,0.7765364199394063,56.80295522732558,2.6589827608617407,13
직접,0.7762286021650927,6.606503666833722,0.27836665689902057,50
챌린지 프로젝트,0.776205688756458,5.756771106820672,0.23802386599206404,3
실사,0.7761905087326646,5.240980016504779,0.2135323628269194,12
시장 선도,0.7760543776906493,6.766563289946881,0.28631003837442304,16
장애인 경영,0.7759642386075202,29.77039041209382,1.3813310664388987,4
글로벌 공동,0.7757938661670014,6.033999530518505,0.2519144314600804,4
정산,0.7756877198818686,5.235354415078312,0.21402741912195397,14
매칭 상담회,0.775110763078982,3.0957228502529404,0.1125692146159348,4
경영 애로,0.775104543488721,11.587067570016568,0.5187137399140936,16
여력,0.7750921533759323,6.669559218616524,0.2835343491180054,8
보육,0.7746870696877062,14.849122113505835,0.6764735390799803,30
국내·외,0.7746504458378982,14.770410736462813,0.6728514197839195,7
일반 훈련,0.774610090358826,13.39386367430798,0.6069917845137586,3
인정 노동자,0.774610090358826,13.39386367430798,0.6069917845137586,3
노동자 직업,0.774610090358826,13.39386367430798,0.6069917845137586,3
훈련 소요,0.7745355915920237,17.170008840897985,0.7884740885561397,5
컨설팅 상담,0.7744484490151935,2.9395789324215054,0.10569097740868238,4
신뢰도,0.7743983031886001,5.047940533948466,0.20698697279607986,3
매칭 상담,0.7743024747620081,2.281192855164027,0.07418563719898982,4
보호 제품,0.7742160456579671,2.965923129942392,0.10716464691331885,4
소상공인 소상공인,0.7738789940741804,6.7782386098822816,0.29109383248112913,5
인증 센터,0.7737334239224726,30.238076119352794,1.422296831274105,3
중심 지역,0.7736296962284771,5.382095680802055,0.2242367269548922,7
신설,0.7735281229982874,6.987618792020849,0.30188341412989517,11
원산지,0.7734718259130287,5.7185509164942205,0.240727601378073,3
규모 차등,0.7734573047013642,4.008700802465505,0.1581955736183244,3
성능 시험,0.7732628713639221,5.517173782060155,0.2313405921992584,8
운송,0.773149326573068,7.314922456465706,0.31847554474896345,76
비율,0.772890335106589,4.6072683700426955,0.1878637552871526,15
모델 혁신,0.7728662407576791,2.2789336503608264,0.07509869353012757,3
훈련 서비스,0.7724991730044527,19.09164773425939,0.8915674003163521,7
훈련 컨설팅,0.7720909601651561,12.223065268223896,0.5595315230762542,3
기술 역량,0.772023257687744,5.824759174959126,0.24830575549439768,15
맞춤 교육,0.7717830851191648,8.836662884239985,0.3955282036121962,20
통상,0.7713787319488575,7.690977210125405,0.3405768184591778,19
문제 자율,0.7704333674152364,8.602949683121293,0.3874684719993079,3
평균,0.7702308878853091,17.88142307743233,0.8442424280750539,30
대출 이자,0.7701166110375113,11.984539980821118,0.5546508558862544,5
권역,0.7701001673261515,10.004641383351396,0.4572727085512469,34
데이 우수,0.7699873588257495,12.054112846560374,0.5585183625817749,3
리스크,0.7699528173026436,2.429274658625417,0.08458746086521718,4
아이템,0.7697810170776105,5.2794013349922135,0.22523074649530544,18
중견기업 수출,0.7697754808434678,3.416497152360528,0.13339433834619302,5
교육 개발,0.7694628806314701,12.88562655311767,0.6013893129969031,7
변호사,0.7693239726408345,4.809013446225373,0.20269077737237473,3
상세 페이지,0.7692626989417002,2.601376431594791,0.09362185105434224,3
소셜벤처,0.7691051985243046,5.032318844725774,0.21405346826867275,4
벤처기업 소셜벤처,0.7691051985243046,5.032318844725774,0.21405346826867275,4
자금 창업,0.7691028334421289,8.692316591852935,0.39518788288177703,8
학습 데이터,0.7690781279234645,2.5798126760703153,0.09270390754402597,5
전문,0.7688298928335118,6.7353448737478505,0.2988742065851784,206
전문 중소,0.768756067940722,5.368305133554541,0.2312330639207249,4
컨설팅 원산지,0.7687089888507804,5.001514279464574,0.21311502936757493,3
안전 건강,0.76848573641778,18.07530884185212,0.8627092192623326,6
수요 협업,0.7683252612085169,2.617218331287032,0.09516874413610685,3
비용,0.7680865413038622,10.282898575878384,0.4769069637567648,243
의견,0.7680374075750251,2.934459979173657,0.11119799683428101,3
가맹,0.7677653103308254,2.6626216962845572,0.0978896799675851,3
임차 부스,0.7675979812034733,4.665473135105734,0.19798990089120722,4
svi 측정,0.7675133483373464,8.264954086609047,0.37784125754893455,3
svi,0.7675133483373464,8.264954086609047,0.37784125754893455,3
가치 지표,0.7675133483373464,8.264954086609047,0.37784125754893455,3
지표 svi,0.7675133483373464,8.264954086609047,0.37784125754893455,3
연구개발,0.7674481039254186,11.921694360999307,0.560657312881139,184
멘토,0.7674469533773736,13.10277912544807,0.6196585669066534,7
발송,0.7673933214601387,2.9899815823452163,0.11455550195288175,3
가속,0.7673800787788008,4.305323282571555,0.1802960257394236,11
근속,0.7673015304691712,32.56208917010102,1.5930241864805426,11
기술 확산,0.7670670990599393,17.08038283192684,0.8201961336383498,7
환경 안전,0.7670184975842297,4.080927099080898,0.16952680860122069,5
취업 청년내일채움,0.7669698247493643,14.503646851972247,0.6916130141154366,4
분할,0.766929489903517,7.399636349364619,0.3358926600684925,10
운송 통관,0.7668469286159252,15.718801027388906,0.753026419566087,3
도약기,0.7664198165760849,6.587950082173478,0.2962148510842503,9
성장 생존,0.7664198165760849,6.587950082173478,0.2962148510842503,9
도약기 격차,0.7664198165760849,6.587950082173478,0.2962148510842503,9
초기 도약기,0.7664198165760849,6.587950082173478,0.2962148510842503,9
활성 창업기업,0.7664198165760849,6.587950082173478,0.2962148510842503,9
준비 창업,0.7664198165760849,6.587950082173478,0.2962148510842503,9
메뉴,0.7661985868141061,5.349644002888151,0.23435382523303233,6
기술 보급,0.766134338054045,5.401886814613301,0.23708466734005224,6
미팅,0.7661169402046577,2.9305834546812024,0.11274493355948026,5
상권,0.765929808992028,19.655641902680067,0.9554777997266427,13
비전,0.7657013400062737,3.2747326857924905,0.130482015304241,3
컨설팅 성능,0.7656323342734944,2.8347175268514815,0.10834788322336618,4
ai 첨단,0.7655612989240588,3.9515102359188616,0.16478724683110502,6
기기 설치,0.7654698312563166,21.082263073527873,1.0301128700005835,7
물량,0.7651600105296213,2.289160131139116,0.08116312372496855,3
제반 사항,0.7651352953620252,3.865953091401947,0.16096808885346886,3
투자자 바이어,0.7651017551201449,3.080940874227182,0.12127783629604452,3
기술보증 기금,0.7648562562469445,8.401574051864355,0.39115816905112133,8
성공 창업,0.764788225363822,10.792947122716475,0.512564164560558,13
원자력 종사자,0.7644209236449285,3.9061283727986216,0.1638485195867833,3
종사자 전공자,0.7644209236449285,3.9061283727986216,0.1638485195867833,3
전공자 중견기업,0.7644209236449285,3.9061283727986216,0.1638485195867833,3
계획 이행,0.7644095503434688,9.78861788111083,0.4627237292365959,4
인터넷,0.7642498892007469,6.410196767251679,0.29138445486734,14
안전 관리,0.7641941163705649,10.932140679102444,0.521503809710199,27
부자재,0.7640766655353296,7.131737473862396,0.3284386381574378,15
tips 추천,0.7640279744370276,3.376196204867266,0.1373349475794476,3
중견 디자인,0.7638721215304173,3.957916954175939,0.16713968780118038,4
쇼케이스,0.763829778346206,2.453196308573004,0.0904965643385369,3
대금 회수,0.7637818121144923,23.25178545678995,1.1508990283934224,9
재정 부담,0.7636037745680527,11.244814548144733,0.5393341545137087,6
물류 센터,0.7628035379375818,10.54290826086029,0.5059702310142785,12
보유 예비창업자,0.7626659811817909,6.870103827332848,0.31798428855176347,3
npu,0.762599431729998,7.681265183602542,0.3597461102270867,5
미래 첨단,0.7624992848889455,16.836190736753213,0.8300377040267404,6
pm,0.7621172177226654,8.832760095040678,0.4200871496980376,4
구매 중소,0.7619850966174416,5.194345199667898,0.2330824979912291,3
투자 진출,0.7619762415236127,5.85746519389741,0.267243003299498,4
예비창업자 창업기업,0.7619012377466832,14.727737245241682,0.7243286781275091,10
퍼스널,0.7615469194473005,2.868635221881431,0.11372312650415288,4
중기,0.7613474058365117,3.6989507188700235,0.15680766386867723,3
취업자,0.761135269503275,11.267663546589882,0.5486014480844282,10
금액,0.7610188852801728,6.573092559716501,0.30596493962857674,29
중년,0.76100310838171,30.810811353195078,1.5607975071569953,14
장애인 성장,0.7609594691911897,36.06118867298739,1.8330645223372897,5
성장 장애인,0.7609594691911897,36.06118867298739,1.8330645223372897,5
협의회,0.7608518518179852,7.260346076370762,0.34190107380810164,6
실무,0.7608498196282959,4.8110492178954205,0.2149969464240984,31
성장 기술,0.7607933705943566,5.937509642763912,0.2734639850745424,15
국제 박람회,0.7606016328225645,12.946317677569231,0.6374565691119867,3
예정자 직무,0.760363357857105,8.598993686436051,0.41250046789214234,4
재직자 채용,0.760363357857105,8.598993686436051,0.41250046789214234,4
서비스 공동,0.760363357857105,8.598993686436051,0.41250046789214234,4
산업 복합,0.7603327809201497,4.380447442454355,0.19337570334039064,4
공동 기술개발,0.760186371849656,3.700423455890196,0.15820775532183987,12
중심 교육,0.7600930072199119,10.086113159590994,0.4905617384814867,6
데이터 표준,0.7600753198605138,13.352987452860077,0.6606060792919353,3
해결 지역,0.7598485947035707,6.65904766724731,0.31273726793200907,5
분할 상환,0.7598193142865705,8.366989544764593,0.40179308977125594,8
안전 신뢰,0.7596817482107703,3.263437028957708,0.13599676475352632,4
밀착 멘토링,0.7596166691174912,2.727011174719096,0.10807989094170076,3
진출 성과,0.7595838970317802,6.764586366051456,0.31877014423545,5
제작 소요,0.7595467571318703,3.2538349857671225,0.13563322565971303,4
공정 플랫폼,0.7594369467132923,4.475151036301207,0.19951872868866916,3
취업 일자리,0.7593787027247925,2.205126269485551,0.08102583831700134,3
분리,0.7593026487084813,8.695041562127528,0.420215646863221,4
의미,0.7591903971250221,3.5464454711091333,0.15129557245616027,7
카드,0.7591528571194256,4.936788639390749,0.22404986491769124,6
소요 비용,0.7589929414748954,6.01941302870889,0.2809588418688893,41
참가 현지,0.7589875119964241,6.738488625078083,0.31860930509642355,3
기술 세미나,0.7589680317095843,4.739308850173428,0.21398860558698732,3
리빙,0.7589658706506075,2.187219449795882,0.08038457182066175,4
저리 대출,0.7588519347782211,9.356102175100853,0.4560053916007733,4
동작,0.7587449198000323,24.134227214046057,1.2309014227922668,5
개발 디자인,0.7586580092533428,4.836293213540832,0.219522051967043,6
전용,0.7584036057627795,4.4798321302053585,0.2011777924527126,24
매칭 컨설팅,0.7583238079403789,2.5187876830273583,0.0982618338915339,7
시장 진출,0.7580763276778572,6.898475542462612,0.32886404121328716,93
프로젝트 우수,0.7580719131499987,2.6204377176295224,0.10381330587564089,4
가능 디자인,0.7580621467310229,4.1850157005283775,0.186135506274256,3
iot 중소,0.7580109887754783,10.711108273015379,0.5296413992447432,9
기관 기타,0.7580109887754783,10.711108273015379,0.5296413992447432,9
기타 영리,0.7580109887754783,10.711108273015379,0.5296413992447432,9
중견 지자체,0.7580109887754783,10.711108273015379,0.5296413992447432,9
상담 자문,0.7579101955873867,2.4920564512027426,0.0971891007492798,3
한도 해외,0.7578906562066829,2.5598757760637496,0.1007761550018812,5
일자리 도약,0.7573825705850943,9.218748645168327,0.45282313908143407,3
도약 장려금,0.7573825705850943,9.218748645168327,0.45282313908143407,3
지자체 공공,0.7573733938450782,10.083870875931895,0.4985342763196286,10
인건비 국내,0.7572497175608464,13.303201431933957,0.669026790969991,12
현지 진출,0.757243118916989,6.175489929534207,0.2923801524518477,12
마케팅 전문,0.7572167904989889,2.969424376318031,0.1229765509754718,3
멘토 수당,0.756905687625024,11.093450117142202,0.5533816787410248,3
시설 개보수,0.7569024315189179,44.87896992039086,2.342139072036288,4
훈련비,0.7568482075320897,13.29604168536925,0.6702189623609445,7
위반,0.7567708487158635,16.268462115117178,0.8280066744410244,7
통신부,0.7566534874825864,5.680275834785818,0.26722502100186124,5
정보 통신부,0.7566534874825864,5.680275834785818,0.26722502100186124,5
디지털 전환,0.7565446512343714,6.793952490277391,0.326489959306392,37
센터,0.7560457260471006,9.904637373520288,0.49297082082228594,155
사용자,0.7558504974840295,3.2532147515427674,0.13937550137069918,14
양성 청년,0.7558097746140578,2.251308226605781,0.08605671777082258,6
중소 벤처,0.7558048909144242,7.312248501949614,0.35560825064146456,12
팝업,0.7557519777947826,5.789078800897241,0.27457658771117527,5
창업 보육,0.755569053506828,17.364734800980465,0.8922109514136392,7
대응 글로벌,0.7553718754223776,2.7043240671674122,0.11056418511678336,3
캠프 기금,0.7551490962654583,3.2105688611189422,0.1378165312390636,4
연계 camp,0.7551490962654583,3.2105688611189422,0.1378165312390636,4
투자 보증,0.7551490962654583,3.2105688611189422,0.1378165312390636,4
기금 보유,0.7551490962654583,3.2105688611189422,0.1378165312390636,4
자원부,0.7551487266680843,10.359368879263858,0.5199199971819733,14
산업 통상,0.7551487266680843,10.359368879263858,0.5199199971819733,14
통상 자원부,0.7551487266680843,10.359368879263858,0.5199199971819733,14
장려금 가정,0.7550545563227171,6.742685385351473,0.3268002343261005,3
증설,0.7549155919138498,5.02825434144518,0.23533155212274948,8
분석 기술개발,0.7548728181896533,2.9774347273974784,0.12561765964727215,4
상담회 수출,0.7548627883521521,8.868455139736332,0.44098912148116454,3
전시 상담,0.7546700736876322,5.9225004764452285,0.28363154411418867,3
활용 ai,0.7545773552588448,2.6076896771511446,0.10607421151035598,5
취업 교육,0.7545108753021287,3.622953447612445,0.16058341480166768,5
ir,0.7541228876353641,8.465218192216646,0.42128152308477673,33
관리 기관,0.754108730235114,1.8213419910779134,0.06420241702350114,3
장려금 사업주,0.7540991002322825,8.512560921575135,0.4238868367841902,6
자동차 부품,0.7539515366613572,13.881050888486708,0.7130704772226859,14
비용 인건비,0.7539356206897736,4.00004935511757,0.18152614186058774,6
관리 우수,0.7539188647913508,3.411809700464879,0.1498961920656608,5
안전 장비,0.7538900205040127,5.025817631034847,0.23678419162498593,5
디자인 상품,0.7538339833703339,3.071862928454258,0.1316880907826302,4
vc,0.7535861288660196,5.723397631637956,0.27485548046119845,12
공정 데이터,0.7535530940601366,6.618074658262509,0.3231472799418745,3
우수 인력,0.7535062223798081,8.30896501049026,0.4144240902746533,9
플랜트,0.7533074329447023,18.040666714928246,0.9402729740284061,9
인재,0.7531395596893826,17.269434259895903,0.8994962562931685,62
기능 인력,0.7530823683552998,2.1427772474570563,0.08220863111103924,3
현장,0.7527917672524628,8.396362035828798,0.4209433618956189,186
자원부 장관,0.7527359219979164,12.28913300619866,0.6318770092793212,12
구독,0.752593344994523,11.297265862686052,0.5786490047903947,5
주택,0.7522510245743546,3.091117733906701,0.13428657107954256,7
단지 입주,0.7521887298952007,4.85554972908191,0.23017270197406028,12
혁신 아이디어,0.7520834036027979,5.089963513341,0.24306900793388733,7
인력 양성,0.7520832106711622,21.055717468595297,1.1106442675238977,73
도입 국내,0.752038284742726,12.253997713560736,0.6325255078860597,12
국제 협력,0.7519223034748806,9.117151327990495,0.46234752126032963,17
산재 예방,0.7519204629251655,29.48519929865914,1.5701133380291017,7
부담,0.751883881222041,10.545077167519855,0.5401291547277374,44
취업 전담,0.7517887810917363,5.961374701924391,0.29095934084975655,4
사항 안전,0.751720132735328,2.0011613825443058,0.07546856415191654,4
적합,0.7516160700726181,12.38569418232259,0.6412460215022416,39
예방 시설,0.7515200032248632,16.217528487543905,0.8504520863157881,5
궤도,0.7515014390932179,7.606523690253746,0.3811606953895481,6
공통 교육,0.7514833652126052,9.453240336587376,0.4818756282810124,5
펀드,0.7514040065381836,5.623684075564593,0.2732458332741927,7
동력 산업,0.751347271636511,2.1648963489754225,0.0846518163545581,3
부품 제작,0.7513458065083358,19.4985386977415,1.0302873151864382,3
후속,0.7512978331564213,12.24899194926272,0.6349651552909521,58
매치,0.7512843731442593,4.006714994745906,0.1852103565112915,5
디자인 기술,0.7512562611213507,4.086016659267776,0.18957410971697863,5
재창업 교육,0.7511264250213098,4.675797828233466,0.22195381565901837,3
맞춤 창업,0.7510764735397657,9.877366286106177,0.5062065715895916,18
소속,0.7506349751718666,10.78899536967971,0.5574440024283002,26
상점,0.7505424110096032,4.303351065029419,0.20239784978655792,5
디지털 대면,0.7504551659382142,4.088761463918479,0.19075269463705943,6
맞춤 수출,0.7504439809645611,5.505669360681,0.2684398667765183,4
현지 바이어,0.7503698763968957,3.387419569866594,0.15240061466328272,7
창업자 글로벌,0.7503234251909376,1.4063983969500156,0.04378424490721806,3
컨소시엄 구성,0.7502433424265168,6.794997954838431,0.3395359419743725,17
경영 활동,0.7501840241353241,16.949849616280485,0.8971061745607587,10
가이드,0.749779539504713,13.018332434184076,0.6828661575167584,3
재활,0.7496132355306072,8.068957337914341,0.41099365454055536,4
기자재 수출,0.7494260732526927,18.602214283914165,0.9920136973361311,8
희망,0.7493954004354677,11.299130249420621,0.5895949631166029,79
한도,0.749387620897703,11.601196172787539,0.6062737980473303,85
항공료,0.7492770228068691,5.9064217177163885,0.2925329613288727,10
종료,0.7492595169260309,17.425982437704597,0.9280503703183146,16
공간 창업,0.7491865711461934,8.998565263767853,0.4633446375086408,3
프리미어,0.7488664723937071,5.609816463826073,0.27688523290602013,3
혁신 프리미어,0.7488664723937071,5.609816463826073,0.27688523290602013,3
프리미어 전용,0.7488664723937071,5.609816463826073,0.27688523290602013,3
자금,0.748841480764909,34.472181907279115,1.8726882942676446,216
원스톱,0.7487466318683966,3.3374342063095352,0.15139337777630912,10
협력 활동,0.7485806032431509,3.99481222528711,0.18796709378997667,3
수출 상담,0.7484797875002221,7.5621579217370165,0.38570759452089665,5
컨설팅 전문,0.7481974222338107,7.231735315383585,0.3680301381518106,3
일터 혁신,0.7481974222338107,7.231735315383585,0.3680301381518106,3
연계 투자,0.7480464657364496,4.30699967067846,0.20597637507391578,5
지표,0.7480159865853379,4.356600460748722,0.20877218007533546,6
무역,0.7480061344018795,14.143395198632524,0.7522897986965265,35
유입,0.7479807368268699,6.535222680733518,0.3298254275358452,10
플래그십,0.7479767669983426,2.1024728900022627,0.08362482701541948,4
저리,0.7478176396734592,23.553012618445127,1.2761727568528407,21
기술 수요,0.747812972585237,2.4455300149932007,0.10281197041755313,8
디자인 전람회,0.7476690897460163,3.650297696666641,0.16995435843391923,3
우수 디자인,0.7476690897460163,3.650297696666641,0.16995435843391923,3
전람회,0.7476690897460163,3.650297696666641,0.16995435843391923,3
도입 제품,0.74760764516777,3.086249422440056,0.13863564331860337,4
라인,0.7476053602543212,6.614555534078852,0.33499724212428483,7
피해 소상공인,0.7473768712105132,3.9049631157880196,0.18448513563848207,3
창업 액셀러레이팅,0.7473705347556434,2.900493095620048,0.12852207307024918,4
자금 평균,0.7472790018569831,15.122710556758685,0.80998345814718,18
온라인 마케팅,0.7472477677228799,7.395705278926799,0.379282625147907,5
보유 국내,0.7472118975606521,4.055015974901791,0.1930583193551486,7
실업자,0.7470212150774469,31.43848657112696,1.721985872656227,12
대출 가능,0.7469657721992349,6.100274565377473,0.30758518806050417,3
컨설팅 국내,0.7464651036203889,12.738957798964345,0.6802288896959473,7
심리,0.7462280085000377,4.201659240582896,0.20254681096648836,6
진출 역량,0.7460570010478125,2.4159360208323166,0.10257764458273953,7
투자유치,0.7460300984854258,9.26775964727953,0.4871110528046717,50
인식 교육,0.7459565039486071,4.629896265398979,0.22695023192419778,5
원자력 발전,0.7459229480316973,4.063599361290975,0.19520175828772018,5
그랜드,0.7457827031343223,2.5005268787714248,0.10755191447868376,3
활용 민간,0.7456803843419785,8.738669946864299,0.4583565243147437,7
오프라인 판촉,0.7455563095425848,2.2099691150292946,0.09139373977843716,5
개발 해외,0.7453910508857431,3.279742819130376,0.15175333222793963,7
보전 방식,0.7453357289239586,5.429885893248694,0.27291683927033117,3
취업 취약,0.7449977468056059,27.072505671521725,1.4946629150984276,16
홍보관,0.744727053812815,8.868306845567629,0.46824042035930535,3
공급 소상공인,0.7446788063911165,3.956044988388094,0.19073522832662246,6
복지,0.7445255530050993,5.241806045848793,0.2636579814168165,10
고용 사업주,0.7444294858793219,34.377288697033265,1.912688356638681,19
참여 기회,0.7442692241854407,3.3757274058553124,0.15838437026467533,5
정책자금,0.7441810172821663,22.962334180012665,1.2683990039350959,34
무관,0.7439082298361626,3.666342268750855,0.1752717292458446,10
도전,0.7438164798830612,7.620663274936049,0.39988979733689967,30
지역 청년,0.7434045748357343,2.39115719813785,0.10331150858799466,3
전문 서비스,0.7433970665185982,2.2953430178163234,0.09786564052827865,4
파트너,0.7432301410515407,4.426482877402479,0.21936474255997182,12
장년 고용,0.7432158876484283,11.794775989171557,0.6390448728742029,9
고용 장년,0.7432158876484283,11.794775989171557,0.6390448728742029,9
경제 활력,0.7428920092725462,7.023475382116429,0.3680046617553306,3
판촉,0.7427422750137538,8.792804830597065,0.4693545451722562,15
협회,0.7425767119530772,4.730730997293688,0.23767434443886143,5
수출 플랫폼,0.7422394731608856,7.513977765402751,0.3975135768833373,3
혁신 기술개발,0.7422065862027941,4.062882462127366,0.19999298265500948,17
교육 취업,0.7420760475007931,2.673058615524655,0.12053286692443452,6
중견기업 원자력,0.741779397592158,4.423272153152522,0.2212321910304365,4
해외 활용,0.7417332804406661,3.5924302998916118,0.1736086788652118,3
매물,0.7417332804406661,3.5924302998916118,0.1736086788652118,3
창조 경제,0.7415766867332847,6.160937513470667,0.3213397138311545,5
경제 혁신,0.7415766867332847,6.160937513470667,0.3213397138311545,5
취업 패키지,0.7414430626675647,2.4555198482298852,0.1085920694392126,5
상용화,0.7414176462923093,8.783170531141547,0.4724074813098843,168
스튜디오,0.7413871547370811,3.1318837155184034,0.1475305644855598,5
암모니아 선박,0.7411310707129498,2.420685658067556,0.10684456971979348,3
시험 인증,0.7411268330522524,5.774970661239255,0.2999879283828133,14
해외 투자유치,0.7410312112105435,4.943319247651481,0.2522519859634674,5
고용 유지,0.7410282625582385,16.82674658384014,0.936856548453787,16
전담,0.7406734177345652,6.697898163995671,0.35408343482524013,24
임차 비용,0.7402185347405155,2.636207973943796,0.12006010748178103,4
개발 서비스,0.739965498173006,2.818599526344536,0.13084974674478927,7
연계 장비,0.7398569986842058,6.415924430966944,0.33945917795528685,4
표창,0.739839576970261,3.3466049784793594,0.16157503703893356,10
기술개발 내외,0.7397009313257945,1.6023367712855983,0.0605445398686142,3
금형,0.7395984685078867,2.4368943404205456,0.10904083473889742,4
유망 스타트업,0.7395948583981827,5.686945536497637,0.2976793055166196,5
ai 학습,0.7395362934441397,2.0950458327318606,0.08924499642326583,4
연수,0.7393994425335445,6.540524530105186,0.34762483928341137,9
위성 통신,0.7392486096258296,10.197914685683731,0.5605957300486473,7
도입 근로자,0.7390453391289933,16.209932746773692,0.9111783412985134,15
교육 네트워킹,0.7389136168698089,13.0982842564716,0.7305930441195523,13
전통 시장,0.7388284917275298,3.786710459260421,0.1883337785748252,3
국산 해외,0.7386804945764763,1.576793730369615,0.05964162510189161,3
한도 융자,0.7385998320833465,13.91342588877338,0.779419430709096,7
우수 정보,0.7384819524130366,3.2740960203396408,0.15883728065609504,6
예비창업자 소상공인,0.7382290314604327,9.858370786201789,0.5439824439824983,14
수출 중소,0.7379721804843865,9.029991798340633,0.49628646207932986,14
법률 자문,0.737819023844343,2.6716396113223424,0.1242645531261327,5
벤처기업 혁신,0.7378006327252011,3.904155565723671,0.1964853604508334,6
경영 환경,0.737672901582209,11.080585074538083,0.6173411303322631,13
수출 온라인,0.7376310779744991,10.22103598534073,0.56708643116863,4
개발 시제품,0.7375875329848212,4.808511902241183,0.24979506652770828,14
여성 맞춤,0.7364588162252356,3.48685288950012,0.17358151330888755,3
융자 첨단,0.7364103113449328,4.576579129104835,0.23793628562234884,3
상품 개발,0.73640407374587,4.706180571496077,0.2455928691336061,21
상위,0.7362880075074479,3.46426020939842,0.17244441167381014,4
폐업 부담,0.7362411105001014,2.4844190218173106,0.1146325680787019,4
경감 신속,0.7362411105001014,2.4844190218173106,0.1146325680787019,4
재기 폐업,0.7362411105001014,2.4844190218173106,0.1146325680787019,4
신속 재기,0.7362411105001014,2.4844190218173106,0.1146325680787019,4
공공 판로,0.7361209917356879,5.564572995434802,0.2967487569344439,4
센터 설치,0.7359316282832685,3.0812930428077716,0.15020029107582544,9
창업 아이템,0.7358695937874751,5.545701772696241,0.29608108544607037,10
맞춤 멘토링,0.7358387386861397,3.384761545529348,0.16825480887318783,5
dna,0.7357666598097946,9.000094544793054,0.5007660136953986,9
데이터 연계,0.7356962955507811,6.618074658262509,0.3598976688249891,3
책임보험,0.7354397921315607,2.8326472431263596,0.13596260314432607,3
대응 산업,0.7351971068779684,9.448742227606846,0.5290187977344272,13
산업 활용,0.7351851044930047,6.692588922291891,0.36540050063606383,6
글로벌 기술,0.7350621982520359,4.359314191505293,0.22703086343123657,10
충남,0.7348239668662386,14.67175248661096,0.8408349476115538,6
경남,0.7348239668662386,14.67175248661096,0.8408349476115538,6
여비,0.7345590736929147,5.334645299114794,0.2858463428626039,11
고령,0.7342961248815232,1.9408268585285844,0.08386107153082697,4
산학연 협력,0.7341124600744544,5.092001723093471,0.2721289707320345,7
브랜드 홍보,0.7338871631437285,2.7965181057835387,0.13529010908551845,3
동반 성장,0.7336243273250641,10.282581445632665,0.5836157521621541,16
시설,0.7335577483043427,62.56779278030917,3.7144143645299783,185
안전 안전,0.7331357994139406,5.43143997488847,0.294110728204964,6
비용 국내,0.7330990421733509,3.099911552772973,0.1542470276127399,4
기획 디자인,0.7330634299946498,2.4487680765609143,0.11519824709038456,3
청년 인재,0.7329749340493416,3.1744142113534703,0.15885076844935725,5
서비스 역량,0.7326559062678866,2.905008310283223,0.14298611422328272,4
포상,0.7325873537060612,4.161152265657057,0.21863933332482016,15
별도,0.7324410687281071,4.717616388450427,0.25234897172802245,5
일반 기술,0.7321590368839844,3.480634505972884,0.1781887974465406,5
제품 디자인,0.7321424669604478,3.123400644862037,0.15666348008080988,6
관리 비용,0.7318277173743485,4.7219424561205585,0.2535573798871632,3
부품 제품,0.7316489002729041,2.9002085989899196,0.14368945569436134,3
플랫폼 입점,0.7316464873938716,2.6462208283026296,0.1283351916051228,7
폐업 소상공인,0.7313694893101905,4.083562207615471,0.21561427340053296,5
혁신 센터,0.7312856140144163,4.755090561683902,0.25640438682484085,13
중점 투자,0.7311348674312795,1.6740013991879044,0.06986447026832203,3
기술 중점,0.7311348674312795,1.6740013991879044,0.06986447026832203,3
네트워크,0.7309767847864654,8.069745414290708,0.4579814784848955,77
교육 국내,0.7309151789946831,2.047824391200852,0.09268487663863045,5
수리,0.7308497081319578,4.387948600205136,0.23479610933094708,7
컨설팅 진단,0.7308488084357205,5.549231258356978,0.30529661924202023,3
취업 서비스,0.7308488084357205,5.549231258356978,0.30529661924202023,3
서비스 서비스,0.7306848979211332,1.788808247741212,0.07711452133457725,3
중견기업 수요,0.7305381964404157,3.417888268481592,0.17626380820721074,7
산업 안정,0.7304429201485068,4.393749080378307,0.2357382512655884,5
임차,0.7303810536808857,5.413897770839564,0.29790664035650943,22
제작 온라인,0.7303598421378981,2.5602872459372357,0.12427607125529053,4
액셀러레이팅,0.7301574231865988,10.75642070910107,0.623777044277503,24
구조 변화,0.729975979466263,9.703270402056566,0.5601789525002766,10
수요처,0.7299218901377449,2.415568572773485,0.11583682715362056,7
시장 판로,0.7298877835179777,17.842473508668903,1.0569843544350712,7
제작 전파,0.7298612119682946,2.4221270147359797,0.11628802763717835,3
대학 디자이너,0.7298237975844268,8.307007241057137,0.47544341976325855,12
디자이너 예비,0.7298237975844268,8.307007241057137,0.47544341976325855,12
예비 디자이너,0.7298237975844268,8.307007241057137,0.47544341976325855,12
carbon,0.729797915119352,3.6719565907475076,0.19262207029078549,3
근속 유도,0.7296882035636597,20.20642651869814,1.2024643392578147,7
장기 근속,0.7296882035636597,20.20642651869814,1.2024643392578147,7
프로젝트 기획,0.7296240068291082,4.2561632658954816,0.2285233423001205,6
디자인 시제품,0.7295394442073884,3.200878328364437,0.16415125504935785,3
대한민국디자인대상,0.7294257049620856,2.155924622843149,0.10037778191126488,3
확산 디자인코리아,0.7294257049620856,2.155924622843149,0.10037778191126488,3
청소년 디자인,0.7294257049620856,2.155924622843149,0.10037778191126488,3
디자인 콘텐츠,0.7294257049620856,2.155924622843149,0.10037778191126488,3
디자인코리아,0.7294257049620856,2.155924622843149,0.10037778191126488,3
대한민국 디자인,0.7294257049620856,2.155924622843149,0.10037778191126488,3
전람회 청소년,0.7294257049620856,2.155924622843149,0.10037778191126488,3
전람회 대한민국디자인대상,0.7294257049620856,2.155924622843149,0.10037778191126488,3
수요 확충,0.7294257049620856,2.155924622843149,0.10037778191126488,3
비즈니스 확산,0.7294257049620856,2.155924622843149,0.10037778191126488,3
대한민국디자인대상 전시,0.7294257049620856,2.155924622843149,0.10037778191126488,3
상품 대한민국,0.7294257049620856,2.155924622843149,0.10037778191126488,3
콘텐츠 공유,0.7294257049620856,2.155924622843149,0.10037778191126488,3
확충 디자인,0.7294257049620856,2.155924622843149,0.10037778191126488,3
디자인 비즈니스,0.7294257049620856,2.155924622843149,0.10037778191126488,3
디자인코리아 개최,0.7294257049620856,2.155924622843149,0.10037778191126488,3
전시 포상,0.7294257049620856,2.155924622843149,0.10037778191126488,3
포상 디자인,0.7294257049620856,2.155924622843149,0.10037778191126488,3
디자인 수요,0.7294257049620856,2.155924622843149,0.10037778191126488,3
자금 기술개발,0.7293625467965876,9.836615360851223,0.5702358990119475,5
국내외,0.7293131255214356,6.901247168388319,0.390796595153642,65
절차,0.7292999224157433,6.7326133235471355,0.3805078631697298,16
혁신 선도,0.7292282563830212,4.004404606996096,0.21367242304409745,14
융자 이차보전,0.7291159091031277,8.666882225218716,0.4993718455889845,9
플랫폼 디지털,0.7290644372929819,2.307030036285976,0.10990991081388486,5
bm 고도,0.7290152989277532,2.801205224803127,0.14023044127213372,6
역량 보유,0.7286761230284285,4.462464568345004,0.24252626488623744,11
유망,0.7286341533376868,10.468649335514966,0.6113297505889852,171
전자,0.7284684584250554,7.266317934470591,0.41511658565033455,27
창작자,0.7284484980622316,8.134659267137403,0.4685242028189519,5
전문가 활용,0.7282024593219264,4.200442350936238,0.2271059173854717,15
원전 중소,0.728144605989421,6.492557393995881,0.36825678989506594,4
금형 제작,0.7281356790215313,2.4368943404205456,0.11865569810160632,4
벤처기업 스타트업,0.7280382326634608,4.118066635815014,0.22226329980533516,5
환경 고용,0.727964701600004,6.536728901991229,0.3713580497828946,4
매출채권,0.7279518274170367,29.32631327540287,1.7753531120277812,10
홍보 현지,0.7278017724832924,4.748037840409096,0.26142776864074846,4
공정 디지털,0.7277921872395539,5.8553406686593465,0.3297139740479039,5
선발,0.7277304328310666,7.131764810261069,0.4085552506970671,16
국민 체감,0.7276305400497145,9.828188075869097,0.5751710499307227,13
대구,0.7275647813344766,14.381326587666127,0.8564261637752716,7
충북,0.7275647813344766,14.381326587666127,0.8564261637752716,7
노무,0.727325908999465,3.654797129873584,0.19461344848271198,12
적합 평가,0.7270665119682493,4.914789928268601,0.27290363866465894,4
시험 성적서,0.7268684720089956,3.649289403376703,0.1948368447022679,3
시장,0.7267450210862005,8.462608794208691,0.49332687870510195,418
공공구매 제도,0.7266066557334079,3.0458841495265077,0.15773369197844567,3
이행 공공구매,0.7266066557334079,3.0458841495265077,0.15773369197844567,3
납품 예정,0.7266066557334079,3.0458841495265077,0.15773369197844567,3
공공구매 이행,0.7266066557334079,3.0458841495265077,0.15773369197844567,3
기관 납품,0.7266066557334079,3.0458841495265077,0.15773369197844567,3
내연 기관,0.726399193931207,7.203495516470358,0.4160955378779599,10
외주,0.7262822665239717,1.3943226409960416,0.05546777114850382,3
우선 참여,0.7261932836164638,1.5174230569002163,0.06316617399793038,3
예비,0.7261335818441067,12.29821745437856,0.7334713457882079,115
부서,0.7259872064310455,3.315176284619484,0.17513696904115228,4
연계 홍보,0.7259243368435955,3.044978090258174,0.15839149262705457,9
지급 무역,0.7257472007688829,3.275185000869002,0.17291748320632,3
매칭,0.7256245922141153,7.045706223814808,0.40807876836792334,95
해외진출 ai,0.7255837809004639,4.618826046873943,0.25686948687527933,5
비즈니스 센터,0.725529716983944,4.00880313956764,0.21891077586228302,3
성적서,0.7255155930606698,2.5904626705046043,0.1304735119412127,4
개척 박람회,0.7252167792173546,3.8272382935504803,0.2079930588847394,3
구입,0.7251679558271318,7.641523492221063,0.4463537551608463,16
보조 공학,0.7250006642613022,3.4204103900582408,0.18283501950124975,3
공학 기기,0.7250006642613022,3.4204103900582408,0.18283501950124975,3
투자비,0.724916098316816,13.373682142466189,0.8055505716403363,9
취득,0.724876139980793,6.769196643286043,0.392502360209959,28
기관 운영비,0.7248606835483241,4.989390589668333,0.2811717592772373,9
경비 기관,0.7248606835483241,4.989390589668333,0.2811717592772373,9
현장 지도,0.7246853880543956,15.158187694149754,0.9182978317058961,8
개발 중소,0.7245214952436722,6.14076081811511,0.3539006452456278,11
결합,0.7244095670522206,15.293431551548887,0.928118508382545,14
수출 금융,0.7242386882937077,3.105381594398459,0.16395250025758404,3
출연금 무역,0.7242386882937077,3.105381594398459,0.16395250025758404,3
디자인 인력,0.7242030845607363,3.309011964952173,0.17677412420832947,5
학제,0.7241508179952276,39.13264354577119,2.426353241674735,5
단절,0.7241392950697942,1.446720273938027,0.05989851243116809,3
경력 단절,0.7241392950697942,1.446720273938027,0.05989851243116809,3
처벌법,0.7241054350987066,3.2036245855600725,0.17026577902758477,3
재해 처벌법,0.7241054350987066,3.2036245855600725,0.17026577902758477,3
아이디어,0.7240342447182615,7.52516933995255,0.4418710341893529,51
재창업 성공,0.7240074016671043,2.771398731037546,0.14321307243764822,3
조치,0.7234120039774998,6.500854911905755,0.3788448841397202,10
검역,0.7233550107993459,11.296658986682937,0.6813172578455642,3
대응 재직자,0.7232539528502393,5.8199157831893915,0.33623239611347544,3
실습 교육,0.7231424195371384,2.6896625752934815,0.1388919415241313,3
장비,0.7231346316750831,14.987147039624254,0.9150450449450247,196
상환 청구,0.7230402167758142,19.881016213499436,1.2245184565754696,8
진단 보고서,0.7230000034539836,3.357889585250203,0.18122930533066736,3
판로 인력,0.7228176574752178,3.1838862200590667,0.1704404161380018,5
안전 보건,0.7227374765778771,12.071267999164668,0.7325618360656182,7
정보 기술,0.7226882926243157,4.740632091241825,0.2690547043237436,11
희망 패키지,0.7225781930169408,1.8166971093482394,0.08417494147790741,3
소상공인 상품,0.7225340969782168,2.4039510261947847,0.12137977942219236,4
기술 설명회,0.7225059467042189,1.3077573851398236,0.052001033417796334,4
기술력 담보,0.7223042659547032,2.7030013584473505,0.14052900323978937,3
기술사업화 성과,0.7223042659547032,2.7030013584473505,0.14052900323978937,3
성과 첨단,0.7223042659547032,2.7030013584473505,0.14052900323978937,3
담보 융자,0.7223042659547032,2.7030013584473505,0.14052900323978937,3
혁신 융자,0.7223042659547032,2.7030013584473505,0.14052900323978937,3
산업 가능,0.7223042659547032,2.7030013584473505,0.14052900323978937,3
가능 프로젝트,0.7223042659547032,2.7030013584473505,0.14052900323978937,3
융자 금융,0.7223042659547032,2.7030013584473505,0.14052900323978937,3
혁신 우수,0.7222497045814638,1.528457604791406,0.06612240232645555,5
연계 디자인,0.722218674832754,2.8919318264265264,0.1525891298243941,5
전문 회사,0.7220826481408517,2.6133680492584257,0.13505267800806442,9
비용 내외,0.7220633331067339,1.7237109695432342,0.07861960875134442,3
해외 진출,0.7219732547595592,6.553870393658168,0.38530015777479953,72
동반,0.7217985080142816,7.909818388750212,0.47183094369553125,25
이바지 수출,0.7217183609736468,4.986618062457559,0.2862361650674534,5
공공구매,0.7216526876597084,6.4116734253009104,0.37695443882439966,6
자금 기술보증,0.7214987512975881,3.5504789576641977,0.19522089481805854,3
재직자 역량,0.7213442593217859,3.080830711887506,0.1655022812797735,3
필수,0.7210313801817869,4.81652651631431,0.2765390697971439,72
레퍼런스 해외,0.7209551730328158,9.513434232414303,0.5763410797186592,3
계획,0.7209414428606195,6.922111076289798,0.411037535962108,29
상호,0.7207144244039282,4.115190400971385,0.23225270632592024,11
생존,0.7206905504446908,5.529588332701925,0.32264820741274725,10
비용 일부,0.7206152883282143,8.173762489979945,0.49177978650068804,15
시대 부상,0.7204956313169117,2.2561334330696656,0.11367448934691161,3
디자인 융합,0.7204956313169117,2.2561334330696656,0.11367448934691161,3
융합 생활,0.7204956313169117,2.2561334330696656,0.11367448934691161,3
뷰티 케어,0.7204956313169117,2.2561334330696656,0.11367448934691161,3
리빙 뷰티,0.7204956313169117,2.2561334330696656,0.11367448934691161,3
제조업 스마트,0.7204956313169117,2.2561334330696656,0.11367448934691161,3
퍼스널케어융합얼라이언스 언택트,0.7204956313169117,2.2561334330696656,0.11367448934691161,3
퍼스널케어융합얼라이언스,0.7204956313169117,2.2561334330696656,0.11367448934691161,3
발전 지자체,0.7204956313169117,2.2561334330696656,0.11367448934691161,3
부상 생활,0.7204956313169117,2.2561334330696656,0.11367448934691161,3
bigdata,0.7204956313169117,2.2561334330696656,0.11367448934691161,3
bigdata ai,0.7204956313169117,2.2561334330696656,0.11367448934691161,3
케어 제조업,0.7204956313169117,2.2561334330696656,0.11367448934691161,3
언택트,0.7204956313169117,2.2561334330696656,0.11367448934691161,3
언택트 시대,0.7204956313169117,2.2561334330696656,0.11367448934691161,3
헬스 리빙,0.7204956313169117,2.2561334330696656,0.11367448934691161,3
ict bigdata,0.7204956313169117,2.2561334330696656,0.11367448934691161,3
소비재 성장,0.7204956313169117,2.2561334330696656,0.11367448934691161,3
소비재 헬스,0.7204956313169117,2.2561334330696656,0.11367448934691161,3
창업 생태,0.7204641069114288,7.688800271287071,0.46116892706736123,22
리빙랩,0.7204433113645188,1.6022098024410074,0.07188829007186873,4
자동차,0.720433254978673,30.102158339791515,1.8950064363484829,43
조달 애로,0.7204245274448936,6.3837895718371716,0.37778559625851404,7
소상공인 예비창업자,0.7202156553768504,4.349240593440108,0.24794071877227197,6
플랫폼 국내,0.7202075696814932,8.123947225667791,0.489687383587054,5
그룹,0.7201749555209009,2.156463098170979,0.1075512497944166,6
히트 상품,0.7201312246652988,2.066210223759673,0.10180339697782459,3
협업 히트,0.7201312246652988,2.066210223759673,0.10180339697782459,3
컴퓨팅 자원,0.7201052282047696,5.68225868630358,0.3335147414365486,6
역량 자발,0.7200860266905953,2.0712911647108214,0.1021630257423552,3
취업 컨설팅,0.7200242718914022,3.7445396811083844,0.20946308809296119,4
전자 상거래,0.7199606260274649,17.460120756458718,1.088976667411907,7
진출 희망,0.7198852714688138,13.978697049582555,0.8660929720939348,31
시제품 개발,0.7198488534888557,5.384956264984343,0.3149293892158901,11
가업,0.7198445069153034,4.130476847126377,0.23445474375480024,3
가업 승계,0.7198445069153034,4.130476847126377,0.23445474375480024,3
자산,0.7194680296281453,8.740469342254363,0.5312976157428194,17
ncs,0.7191045996929951,5.712734446319916,0.3373837656234373,3
수주,0.7190882068451249,6.273084159944296,0.373500020194381,21
격차 달성,0.7190552680866195,3.0139507562100625,0.1636565869372608,4
신용보증 재단,0.7189814420577976,5.043355350379914,0.2944912362223362,3
재단,0.7189814420577976,5.043355350379914,0.2944912362223362,3
접근,0.7189409607082099,5.725277352038723,0.3385059787609784,11
해외 현지,0.7189232921117238,9.273681652610705,0.5672329816372909,8
자금 패키지,0.7187979215822955,2.6539932634427656,0.14071537015144708,4
발전 사업자,0.7187210666637379,3.78681501065317,0.2138708216829476,4
기관 자금,0.7186445900799818,3.353418874478139,0.18599993153707256,5
재해,0.7186348097815984,16.670443984145994,1.0455132942849534,24
청년 청년,0.7185133639053625,10.365775207882834,0.6390136210552123,4
현지 실증,0.7184541284656483,12.34226142652929,0.7668950137506146,10
희망 벤처기업,0.7182483848381893,11.663889078982887,0.7238591952111606,16
전직,0.7181225115083217,1.9118371182998404,0.09333186230839907,4
문제점,0.7180705258888588,2.791698660176725,0.15031494016057403,4
특례 부여,0.7179943168962793,15.9863537763825,1.0046943291183654,6
전시 참가,0.717952681787238,4.3771411810951335,0.2531040744572427,6
맞춤,0.7179318660121052,6.051170679966472,0.36155573957355863,303
영세 사업장,0.7178905713128094,24.951798924913447,1.586010914430548,7
악취 저감,0.7178199510795987,24.951798924913447,1.5865814493332724,7
기업가,0.7177636238835188,9.040538920513983,0.5556686107183745,11
일자리 기여,0.7177121770115582,10.869063661096066,0.6743775259067434,3
산업 건물,0.7176198145367785,2.826746860306026,0.15303462647697766,4
재단 보증,0.7175914916152375,4.236523686087538,0.24452241498365368,3
지역 신용보증,0.7175914916152375,4.236523686087538,0.24452241498365368,3
프로젝트 연구개발,0.7173484218920823,9.05514224097155,0.5578592244025339,4
사업장 안전,0.7172943158992854,21.09495012114785,1.3402510280711888,6
시설 증설,0.7170561418222887,2.5223175952591417,0.13379774589870919,3
민간 규모,0.7170561418222887,2.5223175952591417,0.13379774589870919,3
투자 생산,0.7170561418222887,2.5223175952591417,0.13379774589870919,3
입주 공급,0.7170561418222887,2.5223175952591417,0.13379774589870919,3
현장 인력,0.7170561418222887,2.5223175952591417,0.13379774589870919,3
단지 인력,0.7170561418222887,2.5223175952591417,0.13379774589870919,3
증설 현장,0.7170561418222887,2.5223175952591417,0.13379774589870919,3
양성 민간,0.7170561418222887,2.5223175952591417,0.13379774589870919,3
중심 인력,0.7170561418222887,2.5223175952591417,0.13379774589870919,3
양성 특화,0.7170561418222887,2.5223175952591417,0.13379774589870919,3
규모 투자,0.7170561418222887,2.5223175952591417,0.13379774589870919,3
공급 중소,0.7170561418222887,2.5223175952591417,0.13379774589870919,3
기관 제품,0.7166348531717691,1.5048043070681376,0.06785632159500898,3
실용화,0.716516740896119,9.52214318051032,0.5908130873779048,17
스타트업 공동,0.7163618812600921,2.2614321661655126,0.11739945859189099,3
수요 ai,0.7162240035360452,3.8801484936718182,0.223237432768576,7
선도 글로벌,0.7161879360208626,5.936137251476044,0.3575939953559705,11
산업 정보,0.7161346121190113,2.5385537365308446,0.13569455538243222,7
채널 해외,0.7160942590027732,1.6630369403301675,0.07851166354774639,3
품질 검증,0.7159124450074482,5.658380997331085,0.33997752727447783,6
전문가 진단,0.7158378648134488,1.948350060909822,0.09734407224620782,3
진단 컨설팅,0.7156379591859741,7.408203572129732,0.4551212471492915,19
울산,0.715413238144325,9.292390382360836,0.579233900107863,7
여력 부족,0.7153900694534557,6.071543021953908,0.36807588836922994,4
판로 개척,0.7152084486214099,10.102903147209016,0.6330694775708366,12
중견기업 해외,0.715190639519284,5.738932902771474,0.34665089198100735,10
책임 보험,0.7150614542877352,3.355862582515396,0.19036361923070425,5
취업,0.7150401714496722,36.200610465319414,2.348116550351389,65
창업 자금,0.7146592589369255,12.247379836534453,0.7760570189607698,16
혁신 격차,0.7145669653591712,1.1473247786202578,0.045520836373602755,3
종합,0.7145416959889735,3.990639008353157,0.23278080278842858,105
협의체,0.7145342386524627,3.5397827502834147,0.20309865182746417,12
서비스 디자인,0.7145167963858818,2.9476869889530204,0.1641227203487738,5
공동 연구,0.714395681696443,15.632028700776027,1.000182765160887,26
방사선,0.7140847368624265,2.1246181737291985,0.11025134080179291,3
활용 제조,0.7139605023035988,2.771590424249565,0.15307710945825873,5
후속 개발,0.7138657828819411,1.9004553101838537,0.09561190807099082,3
완화 보증,0.713807327623899,1.9757647759424846,0.10063100612324778,3
일자리,0.7137766682539244,23.851209654939918,1.5466829664920816,104
내외,0.7134903285246144,6.603000865146672,0.40716723903803853,73
생태 대부분,0.7134227031142224,1.8106526517870218,0.08998146051936427,3
바이오 성장,0.7134227031142224,1.8106526517870218,0.08998146051936427,3
중견기업 바이오,0.7134227031142224,1.8106526517870218,0.08998146051936427,3
연구소 학생,0.7134227031142224,1.8106526517870218,0.08998146051936427,3
병원 연구소,0.7134227031142224,1.8106526517870218,0.08998146051936427,3
해외진출 대학,0.7134227031142224,1.8106526517870218,0.08998146051936427,3
대부분 중견기업,0.7134227031142224,1.8106526517870218,0.08998146051936427,3
반영 비즈니스,0.7134227031142224,1.8106526517870218,0.08998146051936427,3
바이오 시장,0.7134227031142224,1.8106526517870218,0.08998146051936427,3
플래그십 기술개발,0.7133300997591182,2.1687167145936748,0.11376569769149247,3
산업 carbon,0.7133300997591182,2.1687167145936748,0.11376569769149247,3
패권 경쟁,0.7133300997591182,2.1687167145936748,0.11376569769149247,3
라이프 케어,0.7133300997591182,2.1687167145936748,0.11376569769149247,3
우위 국내,0.7133300997591182,2.1687167145936748,0.11376569769149247,3
케어 건설,0.7133300997591182,2.1687167145936748,0.11376569769149247,3
침투 기술,0.7133300997591182,2.1687167145936748,0.11376569769149247,3
항공 방산,0.7133300997591182,2.1687167145936748,0.11376569769149247,3
기술개발 수요산업,0.7133300997591182,2.1687167145936748,0.11376569769149247,3
수요산업,0.7133300997591182,2.1687167145936748,0.11376569769149247,3
수요산업 탄소,0.7133300997591182,2.1687167145936748,0.11376569769149247,3
기술 패권,0.7133300997591182,2.1687167145936748,0.11376569769149247,3
과점,0.7133300997591182,2.1687167145936748,0.11376569769149247,3
환경 라이프,0.7133300997591182,2.1687167145936748,0.11376569769149247,3
과점 시장,0.7133300997591182,2.1687167145936748,0.11376569769149247,3
방산,0.7133300997591182,2.1687167145936748,0.11376569769149247,3
국내 탄소,0.7133300997591182,2.1687167145936748,0.11376569769149247,3
산업 우주,0.7133300997591182,2.1687167145936748,0.11376569769149247,3
carbon 성장,0.7133300997591182,2.1687167145936748,0.11376569769149247,3
개발 과점,0.7133300997591182,2.1687167145936748,0.11376569769149247,3
carbon 플래그십,0.7133300997591182,2.1687167145936748,0.11376569769149247,3
모빌리티 에너지,0.7133300997591182,2.1687167145936748,0.11376569769149247,3
성공 침투,0.7133300997591182,2.1687167145936748,0.11376569769149247,3
방산 모빌리티,0.7133300997591182,2.1687167145936748,0.11376569769149247,3
수출 시장,0.7132003684402007,6.0194706567700385,0.36913405736916594,52
채용 예정자,0.7127598625633194,18.877347564572247,1.22421584964518,7
도입 ai,0.712649189080389,4.795214559355209,0.28889020684637606,6
대학,0.7125893660765334,22.246303788961235,1.4492712411528375,688
청년,0.7125281525126389,46.50748169448505,3.0632704170927356,65
소상공인 온라인,0.7125178068443389,3.69601399183234,0.21599886333800242,5
차등,0.7124394839403163,4.517295339670447,0.2707456260050831,22
품질 생산,0.7124120194638742,7.659126881905442,0.4798625733743104,3
질서,0.7121081205707416,10.419430854507102,0.6646065276092539,7
수요 반영,0.7120725951070493,4.2779566234239494,0.25536707495363803,15
운반,0.7120407639961375,3.002890051163634,0.17041103819547257,4
예상,0.7119029179479814,4.877287419716127,0.29560164229794084,4
기술 인력,0.711834147677697,4.888559404025717,0.296469750067785,17
리모델링,0.711808841976433,11.65999002403192,0.7484467242216124,7
간극,0.711798142928351,1.5100499708966402,0.07103262142541605,4
실증 제품,0.7117372070727679,1.9661220997763587,0.10151806357578907,5
동행,0.7115986184354622,5.907216239858908,0.36492390028939425,8
미래 산업,0.7115386269305755,3.3387249316195384,0.1933948025784645,15
여성 인력,0.7112729548190369,2.7400683252367246,0.15365037604500048,3
에너지 특화,0.7112391743630979,3.3817243737426756,0.19662786970866208,3
정보망,0.7112182128838276,4.63271657964202,0.28038650710823637,6
개발 비용,0.7110933989632787,1.9748085221108362,0.10257571979701355,11
교육 기술개발,0.7109371831818242,40.1666769707791,2.662511815426794,4
콘텐츠 장르,0.7109371831818242,40.1666769707791,2.662511815426794,4
학제 교육,0.7109371831818242,40.1666769707791,2.662511815426794,4
결합 학제,0.7109371831818242,40.1666769707791,2.662511815426794,4
영리,0.7109155895423399,5.987817387304549,0.3717090487932967,16
체감,0.7108541169493607,9.042595782332013,0.5766652961384866,15
오프라인 홍보,0.7106970180103631,1.8117015633526563,0.09192520060168173,4
거점 글로벌,0.7106282442323649,2.367663712638307,0.12929223069071072,3
주요 교역,0.7106282442323649,2.367663712638307,0.12929223069071072,3
특성 전문,0.7106282442323649,2.367663712638307,0.12929223069071072,3
글로벌 해외진출,0.7106282442323649,2.367663712638307,0.12929223069071072,3
교역 거점,0.7106282442323649,2.367663712638307,0.12929223069071072,3
교역,0.7106282442323649,2.367663712638307,0.12929223069071072,3
설치 특성,0.7106282442323649,2.367663712638307,0.12929223069071072,3
협업 자금,0.7105542943017453,5.0699377822753116,0.31081498363282295,4
파트너십,0.7105269566982509,5.781038327643771,0.3586198435534871,12
센터 산업,0.7103715656989298,3.8926304348221152,0.23200894668419464,4
기획 ai,0.7103559494530792,4.457970513137674,0.27002967811981415,3
데이터 처리,0.7103191857527801,3.032575180031079,0.17426181541169977,3
apec,0.71031745898466,7.614716742278036,0.4823099031900632,6
혁신 국내,0.7102516513970926,5.60910093728298,0.3476043740347336,5
요소 기술,0.7101334481310948,3.5031452498892373,0.20612787798732934,13
기금 출연,0.7100619776009106,4.6974853958022855,0.28660912034801983,5
애로 금융,0.7100619776009106,4.6974853958022855,0.28660912034801983,5
출연 담보,0.7100619776009106,4.6974853958022855,0.28660912034801983,5
담보 취약,0.7100619776009106,4.6974853958022855,0.28660912034801983,5
기술개발 국내,0.7098746195643595,6.779414604712105,0.42717996978785133,52
혁신 가능,0.7097652880924838,1.1473247786202578,0.047784813800612655,3
직무 역량,0.7096282979853877,6.455920110547919,0.40593022502542797,8
협상,0.70934088119035,5.8717953570602734,0.3671105226220152,3
참여 맞춤,0.7091468286373724,3.4079351078477345,0.2009199982917222,3
스타트업 협력,0.7091387771850415,2.0719910675569606,0.11060221058670254,4
엔젤투자,0.7091343386602905,5.572161266728093,0.34726881052013375,8
성장 공유,0.7091068539107036,4.3630410031949145,0.2655564866787161,5
기술개발 산업체,0.7089406923855587,2.8423132466369783,0.16289054618631518,5
기술 협업,0.7088762814760929,3.251814906281342,0.1906800140947329,8
고용 장려금,0.7088518023501748,28.38460736147857,1.8923847945009915,17
청년 채용,0.7088201926210805,9.015898915731281,0.5810763975969626,5
설립,0.7086145718706797,6.1087986705678805,0.3846467394094913,27
특화 지역,0.7084713926586474,1.5584893057491631,0.0762903564811709,4
생태 활성,0.7084704388815265,7.874455228686989,0.5047192615383252,32
원활,0.7083597861251719,5.319244973154951,0.3315970950149583,25
창업기업 글로벌,0.708200866024456,6.246107144650676,0.3948442622281403,7
무역 수출입,0.7080088133720528,1.9343770219585148,0.10212785113526514,3
무역 국내,0.7080088133720528,1.9343770219585148,0.10212785113526514,3
무역 보험금,0.7080088133720528,1.9343770219585148,0.10212785113526514,3
계약 수입,0.7080088133720528,1.9343770219585148,0.10212785113526514,3
이바지 무역,0.7080088133720528,1.9343770219585148,0.10212785113526514,3
물품 수출입,0.7080088133720528,1.9343770219585148,0.10212785113526514,3
보상 보험금,0.7080088133720528,1.9343770219585148,0.10212785113526514,3
수출입 계약,0.7080088133720528,1.9343770219585148,0.10212785113526514,3
수출 대금,0.7080088133720528,1.9343770219585148,0.10212785113526514,3
국내 금융,0.7080088133720528,1.9343770219585148,0.10212785113526514,3
심사 무역,0.7080088133720528,1.9343770219585148,0.10212785113526514,3
인수 심사,0.7080088133720528,1.9343770219585148,0.10212785113526514,3
수출입 공사,0.7080088133720528,1.9343770219585148,0.10212785113526514,3
가입 계약,0.7080088133720528,1.9343770219585148,0.10212785113526514,3
대금 손실,0.7080088133720528,1.9343770219585148,0.10212785113526514,3
공사 인수,0.7080088133720528,1.9343770219585148,0.10212785113526514,3
수입 수출,0.7080088133720528,1.9343770219585148,0.10212785113526514,3
체결 물품,0.7080088133720528,1.9343770219585148,0.10212785113526514,3
수출 맞춤,0.7078140215428402,4.313269844860568,0.2641510153830176,5
취업 애로,0.7077784696025112,6.497362405188807,0.41285451489698927,3
동행 축제,0.7074470172311912,3.146918956117631,0.18519959036589195,3
후보 물질,0.7074454665627941,2.1852407978390254,0.119644039313721,6
내연,0.7074213266777156,7.10390704953432,0.45500694838219496,11
국내외 시장,0.7071455968171363,8.529186064023227,0.5529816506021507,10
육아,0.7070777807484444,24.70673208770295,1.657957845584118,17
정밀,0.7070334805553239,4.206614521408697,0.2580528289969115,20
약자,0.7069415818612487,8.109980542318569,0.5249291086584793,10
연구개발 글로벌,0.7069261722385359,1.3669588331657656,0.0641479000559256,4
의지,0.7067571448232262,5.876581305479587,0.37268406952738115,8
기관 관리,0.7067134941528697,1.9474232976152872,0.10397529241790474,4
수료,0.7065549480455142,8.849565369590799,0.5766371201699486,11
신축,0.7064309295743266,18.944335651405467,1.2685476436842906,4
예정 소상공인,0.7063650192513687,3.4919093883230516,0.21007193134483287,4
폐업 예정,0.7063650192513687,3.4919093883230516,0.21007193134483287,4
전시 참여,0.706170465079454,1.6138624393162089,0.08149992763654873,4
사업장 악취,0.7061562813312132,43.10023287469039,2.9272707834059197,6
확산 국내,0.7061343391424221,7.632877433206806,0.4944414402811934,12
연구소 보유,0.7060844242947046,6.738340195404326,0.43319028570722984,5
기술개발 연구개발,0.7060308279085246,3.3649828487942854,0.20177936207712568,11
실증 가상,0.7059592740239227,2.0034664451160533,0.10838411847917806,4
성과 공유,0.7058442298365654,4.273743476458729,0.2644360993942415,8
자본,0.705843209558192,6.167918529838579,0.39456490281583906,15
대통령,0.7058261697332813,2.0575667079396793,0.11220261593463571,4
상생 협력,0.7055640339152982,4.8934952255224395,0.30749397714911725,13
설명회 국내,0.7055469796150022,2.2206444680621,0.12364001418399775,3
경쟁력 센터,0.7055469796150022,2.2206444680621,0.12364001418399775,3
fta 수출,0.7055469796150022,2.2206444680621,0.12364001418399775,3
상담 설명회,0.7055469796150022,2.2206444680621,0.12364001418399775,3
영세 fta,0.7055469796150022,2.2206444680621,0.12364001418399775,3
재원,0.705433307179721,5.332198269280798,0.33791681740214113,12
커머스 제작,0.705407738089082,1.85016317876935,0.098251440378196,3
벙커링 선박,0.7052038204242361,3.2778069507712613,0.19677645156400456,3
패키지 경험,0.7052008101894125,2.0940937412575624,0.11520870173544358,3
패키지 재창업,0.7052008101894125,2.0940937412575624,0.11520870173544358,3
경험 우수,0.7052008101894125,2.0940937412575624,0.11520870173544358,3
우수 아이템,0.7052008101894125,2.0940937412575624,0.11520870173544358,3
성공 예비,0.7052008101894125,2.0940937412575624,0.11520870173544358,3
배포,0.7051709268504447,5.354246270041423,0.3399263894184599,8
성장 성과,0.7051315064058951,1.5194138636901289,0.07564858911517795,4
시험 평가,0.7049503193423935,9.733684677205838,0.6424972203021273,28
사회 보험료,0.7048616640635056,7.314706373580411,0.4758251975399007,3
배출 특성,0.7047555359808896,25.4556918438931,1.7288932805226263,6
특성 방지,0.7047555359808896,25.4556918438931,1.7288932805226263,6
저감 능력,0.7047555359808896,25.4556918438931,1.7288932805226263,6
기술 영세,0.7047555359808896,25.4556918438931,1.7288932805226263,6
기술 운용,0.7047555359808896,25.4556918438931,1.7288932805226263,6
악취 배출,0.7047555359808896,25.4556918438931,1.7288932805226263,6
공정 여건,0.7047555359808896,25.4556918438931,1.7288932805226263,6
기술 사업장,0.7047555359808896,25.4556918438931,1.7288932805226263,6
능력 대행,0.7047555359808896,25.4556918438931,1.7288932805226263,6
영세 악취,0.7047555359808896,25.4556918438931,1.7288932805226263,6
악취 기술,0.7047555359808896,25.4556918438931,1.7288932805226263,6
여건 배출,0.7047555359808896,25.4556918438931,1.7288932805226263,6
자동 기술,0.7042093869734275,3.7588035597889924,0.23126299477106238,6
매치 창업기업,0.7040835938743535,2.488691361003424,0.1434365770897964,3
기술 품질,0.7040832104628023,2.405029016067213,0.13764060201575823,6
창의,0.7038829474505959,6.473796557007102,0.4199861662654296,30
모델 실증,0.7038047385329863,3.1672260382413855,0.19076896742923066,3
성과물,0.7035983927381624,4.110433205138665,0.25650721507411445,4
프로젝트,0.7035542189367215,8.122973723140667,0.5352770799825932,62
창조,0.7035351280031706,6.023295943254893,0.38947689206424724,6
현금,0.7034129401650061,1.7140129092863343,0.0902153819572625,3
효율 사용,0.7033931189959823,2.20847373027861,0.1245997321370487,3
기기 공정,0.7033931189959823,2.20847373027861,0.1245997321370487,3
에너지 사용량,0.7033931189959823,2.20847373027861,0.1245997321370487,3
에너지효율 혁신,0.7033931189959823,2.20847373027861,0.1245997321370487,3
에너지 기기,0.7033931189959823,2.20847373027861,0.1245997321370487,3
사용 에너지,0.7033931189959823,2.20847373027861,0.1245997321370487,3
사용량,0.7033931189959823,2.20847373027861,0.1245997321370487,3
사용량 절감,0.7033931189959823,2.20847373027861,0.1245997321370487,3
건물 수송,0.7033931189959823,2.20847373027861,0.1245997321370487,3
부문 산업,0.7033931189959823,2.20847373027861,0.1245997321370487,3
수요 부문,0.7033931189959823,2.20847373027861,0.1245997321370487,3
수송 에너지,0.7033931189959823,2.20847373027861,0.1245997321370487,3
인력 활용,0.7033862789174761,2.1387563610321125,0.11975909436592669,7
글로벌,0.7032537830059397,11.729352024087744,0.7869750403058522,366
온라인 홍보,0.703242877515216,4.870830647646498,0.3099249105279959,3
인증 인증,0.7031575361848578,6.007008733265596,0.3891394905222981,10
솔루션 개발,0.7031511069142252,3.0540012974915363,0.18364496672392008,10
창업 전문,0.7030477380811968,4.287301507919786,0.26963201507204426,5
플랫폼 기술개발,0.7029862935368998,3.3789765784553376,0.20646329747617254,8
장르 문화,0.7029541387983013,28.71779318932943,1.9715664458496738,3
진출 바이오,0.7029425365030227,3.815215656440601,0.23690649031002273,3
고속,0.7029230334010643,3.068356808114503,0.18490047955723865,14
시장 에너지,0.7029002240156287,2.096681848677837,0.1172232520723442,3
솔루션 표준,0.7029002240156287,2.096681848677837,0.1172232520723442,3
네트워크 솔루션,0.7029002240156287,2.096681848677837,0.1172232520723442,3
관리 공통,0.7029002240156287,2.096681848677837,0.1172232520723442,3
활용 플랫폼,0.7029002240156287,2.096681848677837,0.1172232520723442,3
에너지 네트워크,0.7029002240156287,2.096681848677837,0.1172232520723442,3
공통 시장,0.7029002240156287,2.096681848677837,0.1172232520723442,3
재생에너지 연구개발,0.7029002240156287,2.096681848677837,0.1172232520723442,3
유지,0.70281502954601,13.815972571388576,0.9341835116380104,54
시장 확산,0.7027514640284227,1.2888709730257633,0.061016880340070676,3
패키지 형태,0.7026881231428848,2.7445251363179706,0.16257844127359125,3
선도 연구소,0.7024981944590212,5.218878535590371,0.33550806553898926,4
교육 맞춤,0.702442187955474,4.976913654725354,0.3187151205048257,5
인증 평가,0.7023918322198728,3.1519204887390737,0.19133507778655132,5
서비스 성능,0.7023743665914242,4.046446696883881,0.25383973946202604,5
자원 클라우드,0.7023743665914242,4.046446696883881,0.25383973946202604,5
활용 희망,0.7023743665914242,4.046446696883881,0.25383973946202604,5
희망 수요,0.7023743665914242,4.046446696883881,0.25383973946202604,5
클라우드 데이터,0.7023743665914242,4.046446696883881,0.25383973946202604,5
사회 구현,0.7023489860996135,3.2372796322989292,0.19734778273571743,3
보호 정보,0.7022590155707747,4.384944650229236,0.277665254249884,6
차원 보호,0.7022590155707747,4.384944650229236,0.277665254249884,6
통신 시설,0.7022590155707747,4.384944650229236,0.277665254249884,6
대출 거치,0.7021968658854519,4.7371535739847745,0.302386070861249,4
금액 한도,0.7021908735156688,3.556417208505086,0.21984688852295184,4
장치,0.7021353087214791,7.754778796853603,0.5135182775091857,30
인증 비용,0.7018486804872524,2.2409437875610765,0.128168897384432,3
규격,0.7014710564347867,5.308836244806635,0.34371640207656706,47
판로,0.7014666604745523,9.479755774747291,0.6363386970190615,91
개발 우수,0.7014554366001011,6.475516576274887,0.42559950242983324,8
진출 활성,0.7013770810850867,5.897488895969332,0.3852081535155556,3
부품 sw,0.7012890440848703,2.3977525290606563,0.13965614140645638,4
부스,0.7012811007275042,15.774142904884352,1.0789259330220808,32
투자 검토,0.7012673017914796,6.21135766573852,0.4074769691460435,6
일자리 매칭,0.7012172603745287,2.286886697166052,0.13193399463978686,3
기술 결합,0.7010949018502253,20.982298178372517,1.4459607137766584,8
마케팅 자금,0.7010538898665633,3.8585108994176522,0.24255184313895717,4
상담 멘토링,0.7009675421307656,5.772460364358131,0.37726723432728915,3
근거,0.7006829108720064,3.606451845010468,0.22532032086194798,11
iot 보안,0.7005657359572794,3.102029044749772,0.18993356210304543,3
연구실,0.7004267260212095,6.75779133582378,0.4478409050240092,9
혁신 글로벌,0.7004032441077906,5.7512451166830525,0.3769224686528182,12
장비 공정,0.7002906995750607,2.3859666431605895,0.1397297869407885,5
제품 서비스,0.700286494460216,10.463535218993071,0.7096205828507012,50
구매 비용,0.7002759911037996,3.9749277546051385,0.2518527584211414,4
산업 ai,0.7002099125715282,3.1952358865452104,0.1969190608392414,9
선제,0.7001706568386031,4.577191019415745,0.2945184794712646,29
컨설팅 유연,0.6997573265322442,4.735772025956697,0.3064136001495886,3
소비재,0.6997562636463662,8.072324711253726,0.5424103360069097,13
양성 스타트업,0.6997338227186425,3.1232278210125184,0.19238576813274816,4
스타트업 ai,0.6997338227186425,3.1232278210125184,0.19238576813274816,4
개최 우수,0.6997292063508768,4.005399324403599,0.25479526857631696,8
활용 성장,0.6996992682208006,2.3439991441829466,0.13729570506209493,3
설명회 기술,0.6994975365476365,1.3145671559087024,0.06457397931154707,3
재산,0.6994321820682633,5.021739039219612,0.3272231488060996,10
수당,0.6994236353670285,12.745859500477673,0.8744321881828014,15
온라인 수출,0.699278826759754,7.398323086901863,0.49597682548869093,9
투자 수익,0.699239098228777,2.4700370926893056,0.14664280409281485,3
투자 재원,0.699239098228777,2.4700370926893056,0.14664280409281485,3
구조 기금,0.699239098228777,2.4700370926893056,0.14664280409281485,3
재무 구조,0.699239098228777,2.4700370926893056,0.14664280409281485,3
여력 투자,0.699239098228777,2.4700370926893056,0.14664280409281485,3
보증 여력,0.699239098228777,2.4700370926893056,0.14664280409281485,3
조달 재무,0.699239098228777,2.4700370926893056,0.14664280409281485,3
재원 기술,0.699239098228777,2.4700370926893056,0.14664280409281485,3
기금 투자,0.699239098228777,2.4700370926893056,0.14664280409281485,3
창업 보증,0.699239098228777,2.4700370926893056,0.14664280409281485,3
수익 보증,0.699239098228777,2.4700370926893056,0.14664280409281485,3
투자 기술력,0.699239098228777,2.4700370926893056,0.14664280409281485,3
sns 언론,0.6991557380453993,3.5235954602434347,0.22145229944833722,6
안경,0.6990926916073156,8.48719716355841,0.573719948103231,6
전직 장려,0.6990916313446691,1.8166971093482394,0.10042354933963872,3
장려 수당,0.6990916313446691,1.8166971093482394,0.10042354933963872,3
artwork 금형,0.6990867151388704,2.5136749743123086,0.14988168007433983,3
산업 전파,0.6990867151388704,2.5136749743123086,0.14988168007433983,3
부품 구입,0.6990867151388704,2.5136749743123086,0.14988168007433983,3
전파 역할,0.6990867151388704,2.5136749743123086,0.14988168007433983,3
전파 활용,0.6990867151388704,2.5136749743123086,0.14988168007433983,3
제작 직접,0.6990867151388704,2.5136749743123086,0.14988168007433983,3
전파 테스트베드,0.6990867151388704,2.5136749743123086,0.14988168007433983,3
활용 개발,0.6990867151388704,2.5136749743123086,0.14988168007433983,3
artwork,0.6990867151388704,2.5136749743123086,0.14988168007433983,3
구입 pcb,0.6990867151388704,2.5136749743123086,0.14988168007433983,3
비용 부품,0.6990867151388704,2.5136749743123086,0.14988168007433983,3
제품 제품,0.6990867151388704,2.5136749743123086,0.14988168007433983,3
pcb artwork,0.6990867151388704,2.5136749743123086,0.14988168007433983,3
아이디어 기술,0.6990867151388704,2.5136749743123086,0.14988168007433983,3
성장 전파,0.6990867151388704,2.5136749743123086,0.14988168007433983,3
융합 서비스,0.6989766306632254,7.5239296023044435,0.505678939631603,8
선점,0.6988636514500258,12.11828256941298,0.832319092896074,83
홈쇼핑 방송,0.6987988585509599,3.0603618760999427,0.18899900796928043,6
esg 경영,0.6987827425379669,6.69630335997825,0.4473813642168365,4
창업자 벤처기업,0.6987522830688107,5.105866008900085,0.33442311131890806,7
벤처 창업자,0.6987522830688107,5.105866008900085,0.33442311131890806,7
예비 벤처,0.6987522830688107,5.105866008900085,0.33442311131890806,7
참가 제품,0.6986557157818147,3.2228175068802094,0.20071237931199704,4
기관 창업기업,0.6986403980554134,3.744234859266771,0.2378067464554765,6
vat,0.6984399886922911,3.136018043269302,0.19479147630703128,4
상용화 제품,0.6983686066405196,3.361859067828275,0.21095393470224696,6
fta 활용,0.6982781601585947,6.232237484342696,0.41551969439342523,6
수요 대응,0.6980353831318352,3.9220749279995504,0.2513164488606342,13
녹색 자산,0.698010687273177,12.849166359443387,0.8880256055675663,3
증권 발행,0.698010687273177,12.849166359443387,0.8880256055675663,3
글로벌 인력,0.6979635049943101,25.121948562001354,1.7637176668666257,3
양성 글로벌,0.6978957893182164,17.33885472253796,1.208912951627923,4
탐색,0.6978168839365825,3.3835810993991737,0.21318857606333297,11
확산 xaas,0.6977945273001389,3.989502125951322,0.25647466819041387,4
승계 지속,0.6977838720296643,2.1947540041273257,0.12835221137456995,3
승계 정책,0.6977838720296643,2.1947540041273257,0.12835221137456995,3
원활 가업,0.6977838720296643,2.1947540041273257,0.12835221137456995,3
언론 방송,0.6977838720296643,2.1947540041273257,0.12835221137456995,3
주식,0.6977838720296643,2.1947540041273257,0.12835221137456995,3
개발 인식,0.6977838720296643,2.1947540041273257,0.12835221137456995,3
주식 가치,0.6977838720296643,2.1947540041273257,0.12835221137456995,3
지속 경영,0.6977838720296643,2.1947540041273257,0.12835221137456995,3
협동조합 명문장수기업,0.6977838720296643,2.1947540041273257,0.12835221137456995,3
현판 설치,0.6977838720296643,2.1947540041273257,0.12835221137456995,3
일자리 소상공인,0.6977838720296643,2.1947540041273257,0.12835221137456995,3
명문장수기업,0.6977838720296643,2.1947540041273257,0.12835221137456995,3
컨설팅 원활,0.6977838720296643,2.1947540041273257,0.12835221137456995,3
명문장수기업 확인서,0.6977838720296643,2.1947540041273257,0.12835221137456995,3
장려금,0.6977788538201626,57.25873967479257,4.059801574560793,35
제작 장비,0.6976930268566868,2.3580354728925936,0.14009172931288308,4
카탈로그,0.6976789163709293,3.033428528760315,0.1883488521150934,6
센터 중소,0.6976695545912183,8.858054153638394,0.6044402150149508,9
기술 난제,0.6976660069433801,1.6719731798348598,0.09110655680839481,3
건강 관리,0.6972881152195168,1.5110552325623225,0.07984356006498966,4
스케일,0.6972789869939074,7.316756534338314,0.49534647735341525,40
이해,0.6972033636680096,2.582538245808434,0.15660612672173074,4
설치,0.6971390381929201,19.95212970385683,1.400585010137151,118
대형,0.6970925068823084,6.30460813144542,0.42332783997835505,60
목록,0.697028996020773,1.7327348636220485,0.0958867838446674,4
소상공인 폐업,0.6969801212005701,3.6636968368715666,0.23430967996479368,6
복합 단지,0.6966981418466862,2.5676908207341214,0.15603541278595445,3
역량 고도,0.6966160936190335,3.4699616625049465,0.2208913272434,9
금액 일정,0.6965525828335,2.2706809837405886,0.13484800442579958,3
안정 보증,0.6965525828335,2.2706809837405886,0.13484800442579958,3
보증 지역,0.6965525828335,2.2706809837405886,0.13484800442579958,3
비율 신용보증,0.6965525828335,2.2706809837405886,0.13484800442579958,3
일정 비율,0.6965525828335,2.2706809837405886,0.13484800442579958,3
중앙회 보증,0.6965525828335,2.2706809837405886,0.13484800442579958,3
중앙회,0.6965525828335,2.2706809837405886,0.13484800442579958,3
재단 중앙회,0.6965525828335,2.2706809837405886,0.13484800442579958,3
소부장 기술,0.6965446769564358,2.828017338565116,0.17488077966436766,6
ict 복합,0.6964757319128959,1.5110552325623225,0.08034387785393153,4
창업 상담,0.6963728772878179,14.708014162564522,1.0289352088664812,13
기술 사전,0.6963312748982646,1.5981232613995011,0.08669218874973508,4
진출 우수,0.6959493261641229,1.7737274379309258,0.09958603299988816,3
초기 글로벌,0.6958537031052647,14.596208833640723,1.023530729538166,25
이전,0.6958374147360538,6.158265348348803,0.41560134529634174,45
보증 소상공인,0.6958308283389365,3.17459419079846,0.20061506497971998,3
창업 기획,0.6956359199032506,2.0552325890375367,0.12011138856487216,4
연구소,0.6955363802682784,18.00551908608948,1.2711549336647772,394
ai 도입,0.6955360186848148,4.096928344377619,0.26751951608597746,6
센터 컨설팅,0.6953542313461776,2.152814501320799,0.12738531575088172,4
평가 자금,0.695021206011604,1.621337949282126,0.08921990192229881,3
자금 보증,0.695021206011604,1.621337949282126,0.08921990192229881,3
공유 개방,0.6949322534026335,5.8199157831893915,0.39311036939857835,3
지속 성장,0.6946044091604465,7.833764162777313,0.5397544750204737,18
위기,0.6943848604942506,7.12533709332373,0.4889669224586407,25
자동 기술개발,0.6943744559790772,2.5663060874386927,0.1582082092304259,5
투자,0.6942912811782708,9.36155388414832,0.6515192059851076,164
양성 문화,0.6941899885971807,39.13264354577119,2.8138038795213025,5
ct 전문,0.6941899885971807,39.13264354577119,2.8138038795213025,5
부설,0.694181770978315,8.89207106328084,0.6177864685048345,11
부설 연구소,0.694181770978315,8.89207106328084,0.6177864685048345,11
전시 부스,0.6941543469329103,8.291940434827296,0.5742844711093666,8
bm 개발,0.6939260504481706,2.7196948585132343,0.1698012346131963,3
인큐베이팅,0.6939254241445477,8.827909867311401,0.6139279890513429,15
기술닥터,0.6938361378450055,1.912360932701768,0.11116865746779918,3
프리미엄,0.6937023687519854,5.829747899637024,0.3964011855004956,4
수상,0.6935992494677365,4.510284530703838,0.30053275566312176,4
혜택,0.6935766993035608,2.259062379029786,0.1366155141947778,11
패키지 유망,0.693482142199134,3.453923123163789,0.2237578840871549,4
근로자 고용,0.6933505902944181,31.16055877988376,2.2439236062357457,23
확인서 발급,0.6932415048013866,6.157299967962075,0.4212630231778466,6
발생 이자,0.6932411007276656,13.470121438107252,0.9546913780911912,3
발행 발생,0.6932411007276656,13.470121438107252,0.9546913780911912,3
병목,0.6932201273479368,1.639991771624804,0.09176674635595702,4
산업 수출,0.6931556935940346,6.237137159883229,0.4272792041340925,5
활용 홍보,0.6931252105981152,1.7651046446409648,0.1009612531025062,6
반도체 ai,0.6930694556035113,3.1962257288832343,0.2054770012389745,3
광주,0.6928939943281016,11.238935309339656,0.7933143554738574,7
중견기업 기술,0.6928043088136895,3.644829174443914,0.23858580445542835,5
에너지효율,0.692752194964321,13.916378164926106,0.9896295213320565,21
발전 과학,0.6927043438110864,3.146602171566273,0.2022868323919631,4
영리 기관,0.6923458154238066,5.98304533288102,0.4104860598277368,14
인허가 획득,0.6923111971656978,1.570535968671935,0.08728487249868551,3
감소,0.6922848887986314,18.49993788875729,1.3277628363733767,32
마케팅 온라인,0.6920912870499092,3.0160062483726464,0.19343626895190408,4
판로개척,0.6920693869841461,15.46142685058689,1.106292193290325,65
여성 벤처기업,0.691808327091429,5.1708807199952975,0.3520063259797891,4
금융 기관,0.6917675550433758,7.279801230951036,0.5069848057361914,21
시대,0.6916467975253118,4.219783331391722,0.2824126611256705,11
서비스 검증,0.6915748556449024,3.001325960167236,0.1929474043284567,3
연장,0.6915580495405161,3.263783489475636,0.21226317231909997,13
보고서,0.6913620798511789,3.8840866660734616,0.2581525578705386,16
미국,0.6913545335284368,12.623555835531151,0.901327372985896,8
거래 출하,0.6913005123793895,24.325175776859044,1.7629437998020916,3
동반 해외진출,0.6909209807467851,3.662028442345274,0.24241481643175028,3
esg 컨설팅,0.6909003811138402,4.890684941360627,0.33305613721361027,5
자립 기술개발,0.690851725457441,3.1931350236974207,0.20792100502139957,10
선별 역량,0.6907315128631737,2.915544033436468,0.18757774397161633,3
자금 조달,0.6907138290066384,8.876921565910914,0.6276316876353208,19
기술개발 품질,0.6906806480753928,1.1091777152589206,0.054278132911270094,3
적응,0.6905682200215872,7.701453250081865,0.5412682603756023,9
환경 구현,0.6905198209843109,2.6162190739638027,0.1656987464817809,3
연구 상생,0.6904954147590996,2.4077898795058914,0.1503226139684512,3
소상공인 오프라인,0.6904760560160695,1.9112235500119898,0.11364630678381976,3
활성 국내,0.6904465290557197,18.111213957925,1.3109549446473314,4
개발 에너지,0.6903211813005999,2.0326383414400397,0.12274353890899298,4
책임자,0.6902746610740184,2.5898189481549254,0.16399357211111235,6
공동 주택,0.6902746610740184,2.5898189481549254,0.16399357211111235,6
보호 환경,0.6902746610740184,2.5898189481549254,0.16399357211111235,6
책임자 신고,0.6902746610740184,2.5898189481549254,0.16399357211111235,6
관리 차원,0.6902746610740184,2.5898189481549254,0.16399357211111235,6
보호 산업,0.6902746610740184,2.5898189481549254,0.16399357211111235,6
보호 최고,0.6902746610740184,2.5898189481549254,0.16399357211111235,6
보호 제도,0.6902746610740184,2.5898189481549254,0.16399357211111235,6
보호 차원,0.6902746610740184,2.5898189481549254,0.16399357211111235,6
보호 클러스터,0.6902746610740184,2.5898189481549254,0.16399357211111235,6
보호 관리,0.6902746610740184,2.5898189481549254,0.16399357211111235,6
제도 정보보호관리체계,0.6902746610740184,2.5898189481549254,0.16399357211111235,6
생활 안정,0.6902746610740184,2.5898189481549254,0.16399357211111235,6
신고 공동,0.6902746610740184,2.5898189481549254,0.16399357211111235,6
주택 네트워크,0.6902746610740184,2.5898189481549254,0.16399357211111235,6
거점 정보,0.6902746610740184,2.5898189481549254,0.16399357211111235,6
보안 지역,0.6902746610740184,2.5898189481549254,0.16399357211111235,6
시설 주요,0.6902746610740184,2.5898189481549254,0.16399357211111235,6
시설 보호,0.6902746610740184,2.5898189481549254,0.16399357211111235,6
보안 정보,0.6902746610740184,2.5898189481549254,0.16399357211111235,6
네트워크 보안,0.6902746610740184,2.5898189481549254,0.16399357211111235,6
최고 책임자,0.6902746610740184,2.5898189481549254,0.16399357211111235,6
안정 보장,0.6902746610740184,2.5898189481549254,0.16399357211111235,6
중요 정보,0.6902746610740184,2.5898189481549254,0.16399357211111235,6
사회 중요,0.6902746610740184,2.5898189481549254,0.16399357211111235,6
정보보호관리체계 인증,0.6902746610740184,2.5898189481549254,0.16399357211111235,6
정보보호관리체계,0.6902746610740184,2.5898189481549254,0.16399357211111235,6
주요 정보,0.6902746610740184,2.5898189481549254,0.16399357211111235,6
sns,0.6900884249326988,8.707214513212648,0.61705378064988,17
다중,0.6900004568567033,3.481855623268409,0.2303332118014485,5
net,0.6899965729681142,15.559924742675353,1.1248676662614006,4
실증 모델,0.6898730207092455,2.913410595653419,0.18837559998612052,3
부상,0.689784057849112,3.983658446736801,0.26781850691212816,6
md 상담회,0.6897359437537398,2.1339460477123215,0.1307290678794276,3
구직,0.6896901227852281,7.191467160522495,0.5058761999347601,6
세대,0.6895591944110365,4.881770437465011,0.3348049163355426,4
차폐,0.6894864160568173,3.3555378974363075,0.2216296983112564,3
전자파 부품,0.6894864160568173,3.3555378974363075,0.2216296983112564,3
저감 차폐,0.6894864160568173,3.3555378974363075,0.2216296983112564,3
성능 측정,0.6894864160568173,3.3555378974363075,0.2216296983112564,3
차폐 부품,0.6894864160568173,3.3555378974363075,0.2216296983112564,3
품질 전자파,0.6894864160568173,3.3555378974363075,0.2216296983112564,3
목표 글로벌,0.6894625671849759,2.019073505487678,0.12243105471990147,3
중대 재해,0.6893112230891839,5.734564874179013,0.39861329785743266,6
중대,0.6893112230891839,5.734564874179013,0.39861329785743266,6
충전,0.6892905699833992,5.62875210248498,0.3907939343518703,10
방호,0.689100284623917,11.027393434082022,0.792698947061979,8
시장 분석,0.6890761113281142,3.699096215024971,0.24770492948943007,3
지향,0.6890749535880355,2.8478246241245233,0.18438741197614755,10
홍보 대외,0.6888771068478903,1.6211530037052675,0.0932775736201301,3
축제 판촉,0.6888771068478903,1.6211530037052675,0.0932775736201301,3
축제 공식,0.6888771068478903,1.6211530037052675,0.0932775736201301,3
홍보 동행,0.6888771068478903,1.6211530037052675,0.0932775736201301,3
누리집 활용,0.6888771068478903,1.6211530037052675,0.0932775736201301,3
대외 홍보,0.6888771068478903,1.6211530037052675,0.0932775736201301,3
판촉 동행,0.6888771068478903,1.6211530037052675,0.0932775736201301,3
상담 공간,0.6887457862545381,2.844969434779011,0.18453498821400113,4
비즈니스 역량,0.6886544247059126,2.3063421909703274,0.1444921972236753,6
위기 폐업,0.6886401076124175,4.3241967978329265,0.2949016936615639,7
품질 경쟁력,0.6885255921885417,1.9301162351681698,0.11655290218302924,7
고용 안정,0.6885038603049891,40.49430713875662,2.9926966740201997,18
산업 융자,0.6884547366153083,12.064641713329852,0.8726164892109621,10
특구 활성,0.6882703937682532,2.4723898705175595,0.15723811102257376,4
연구 역량,0.6881864396159317,1.4491671081601378,0.08089400772540192,4
지자체 매칭,0.6881637999615156,8.385737006677816,0.5990596081165589,3
성과 보상,0.6878303751032675,6.992626827671086,0.4958434778375011,6
보유 역량,0.6877004312062469,2.5815771113709176,0.16596284752923623,3
인턴십,0.6876031127615935,3.0506918016459315,0.2011945454147149,8
진출 해외,0.6876000166353479,6.379065272007241,0.4504765984796524,13
현장 실무,0.687583799536364,3.4575250899726244,0.2316891985528131,8
우수 청년,0.6875603579866141,1.4968089280148704,0.08484504693238015,3
기술 개발,0.6873795163290924,18.310313192825273,1.345498537857105,235
공공 기술,0.6873581915529382,4.573063243237128,0.31562742861220777,13
종합 정보,0.6872689029715205,7.272514092246673,0.5182664498390406,3
추천,0.6870336108561828,4.856454994197216,0.33746056233613336,33
창업자,0.6868507656799118,11.460244475530393,0.8341077819236821,58
자연 유래,0.686580464512387,2.324004259673128,0.1477082702198342,3
유래 원료,0.686580464512387,2.324004259673128,0.1477082702198342,3
제품 연구소,0.686580464512387,2.324004259673128,0.1477082702198342,3
친환경 산업,0.686580464512387,2.324004259673128,0.1477082702198342,3
의료 화학,0.686580464512387,2.324004259673128,0.1477082702198342,3
산업 의료,0.686580464512387,2.324004259673128,0.1477082702198342,3
활용 친환경,0.686580464512387,2.324004259673128,0.1477082702198342,3
소재 생물체,0.686580464512387,2.324004259673128,0.1477082702198342,3
화학 고도,0.686580464512387,2.324004259673128,0.1477082702198342,3
생물체,0.686580464512387,2.324004259673128,0.1477082702198342,3
원료 활용,0.686580464512387,2.324004259673128,0.1477082702198342,3
생물체 자연,0.686580464512387,2.324004259673128,0.1477082702198342,3
이차보전 고용,0.6863382035217701,4.265566257949972,0.2941999151571081,6
유망 첨단,0.6861425425505061,2.440340016714463,0.15688308372799392,3
점포 철거,0.686047451625437,1.8166971093482394,0.10992837562767453,3
도입 기술,0.6860255011851917,1.15816084010205,0.060261270599996405,3
보건 관리,0.6860208888406505,7.587650222340168,0.5453481665644984,4
진단 멘토링,0.6859588294207324,2.07625767199725,0.12958284981055762,6
디자인 전문,0.6858990835685492,9.337823222200926,0.6778045651957875,15
경기,0.6858861021311858,6.610249297411527,0.4719328393178842,13
환경 인공지능,0.6858319808890618,2.7226786003622214,0.17850180455499565,7
가능 xaas,0.6858006245391939,2.4110930181598103,0.15500287060538998,3
핵심 기술,0.6856442512893103,13.341294886787104,0.9812434171599227,157
부산,0.6856327439399571,11.629735283313982,0.8519339167825122,8
안테나,0.6856201330135607,6.997573299632715,0.5018541829733211,11
분기,0.6856140973898711,19.45771519952791,1.443724191416008,6
카탈로그 제작,0.6856127317710781,2.340277278795669,0.14982872551521684,4
민간 선별,0.6851646618833601,3.787902422738847,0.2598978066090524,4
검증 수요,0.6850800171542197,1.3456881479968419,0.07495616087990804,4
보증 금액,0.6850588559350816,3.4947483289408163,0.237833364720872,4
정상,0.6849793163924046,7.739994159861986,0.5597809466709408,9
국문,0.6849130268002915,7.9806995084048715,0.5782223031257365,3
국문 영문,0.6849130268002915,7.9806995084048715,0.5782223031257365,3
온라인 진출,0.6848774169779077,1.4129173460607642,0.08017273939129933,3
대응 소상공인,0.6848774169779077,1.4129173460607642,0.08017273939129933,3
전액,0.6848666235241185,6.040952363708796,0.4312240680254125,5
소비 캠페인,0.6848040447822642,1.4116354688997865,0.08011973791670166,3
해소 연구개발,0.6847736111341797,11.207423322117451,0.8234865551198521,4
클라우드 플랫폼,0.6845525317232951,2.0800029956003785,0.13104211193546594,4
혁신 경쟁력,0.684454136891419,11.91451961066593,0.8785170321908694,4
실무 교육,0.6844125299848726,3.202630921040431,0.21649214972158537,8
예비 창업자,0.6842250352851468,6.327542805830451,0.45445904632986844,28
통역 현지,0.684130175301986,1.922897569762547,0.11943899254227963,3
특화 ai,0.6841051309343411,2.9014747643830057,0.19394766468749688,4
데이터 인공지능,0.6840247532712457,4.073871753110501,0.2833141504387796,3
부처 지자체,0.6838645836222755,1.6296733046790042,0.09730231547109464,3
기술개발 수요,0.6838151985228115,2.4544189063863966,0.16019964296398534,6
이전 생태,0.6837601318480281,2.2542984741303433,0.14499573787451694,3
실무 인력,0.683754291059781,2.412673855871888,0.15707607851903682,4
sw 실무,0.683754291059781,2.412673855871888,0.15707607851903682,4
양성 혁신,0.683754291059781,2.412673855871888,0.15707607851903682,4
해외 sw,0.683754291059781,2.412673855871888,0.15707607851903682,4
인재 해외,0.683754291059781,2.412673855871888,0.15707607851903682,4
미스 매치,0.683754291059781,2.412673855871888,0.15707607851903682,4
스타트업 일자리,0.683754291059781,2.412673855871888,0.15707607851903682,4
스타트업 인공지능,0.683754291059781,2.412673855871888,0.15707607851903682,4
기술 국제,0.6837507944403722,9.36757850284097,0.6873533970632419,11
품질 설계,0.6837250257309042,3.133653591724515,0.21208147311054232,3
혁신 의약품,0.6837250257309042,3.133653591724515,0.21208147311054232,3
마케팅 수출,0.6835443308911302,6.70814301428575,0.48509636499980624,7
제조 플랫폼,0.6833553761176648,3.757848891741261,0.2602083213655889,4
자율,0.6832699048604061,7.650941873616739,0.557818796963301,59
집중 사회,0.6832566578854431,1.6822772275920344,0.10173682779382959,3
보안 기술,0.6832566578854431,1.6822772275920344,0.10173682779382959,3
유망 집중,0.6832566578854431,1.6822772275920344,0.10173682779382959,3
제품 혁신,0.6831999221822194,2.309386044091881,0.1497121815922035,3
해외진출,0.6831802493957522,16.573415163769997,1.2401575737553268,123
혁신 지능,0.6830126201582641,3.3191724968868503,0.22713893918981298,3
지능 플랫폼,0.6830126201582641,3.3191724968868503,0.22713893918981298,3
재학 재직,0.6830030917607108,6.658067737148504,0.48260511978690157,4
비진학,0.6830030917607108,6.658067737148504,0.48260511978690157,4
취업자 비진학,0.6830030917607108,6.658067737148504,0.48260511978690157,4
근로자 취업자,0.6830030917607108,6.658067737148504,0.48260511978690157,4
사회 취업,0.6830030917607108,6.658067737148504,0.48260511978690157,4
비진학 청소년,0.6830030917607108,6.658067737148504,0.48260511978690157,4
청소년 사회,0.6830030917607108,6.658067737148504,0.48260511978690157,4
허브 플랫폼,0.6829981875238814,1.933953010199639,0.12117389975477845,3
구직자,0.6829502303853087,15.366679997365356,1.1491810203097246,34
수명,0.682941342874021,2.700630650824944,0.17989295864918065,7
정확,0.6829255740350372,1.9490543590497844,0.12238710979919619,3
트랙,0.682916900064066,5.280412203238658,0.37737280217263214,14
무역 보험,0.6828342265963117,4.587798541520476,0.3245037921810676,9
현장 스마트,0.6827607959164009,26.58531779963093,2.0095128673616736,3
중증,0.6826853026443066,10.608424949990475,0.78606709774479,8
중증 장애인,0.6826853026443066,10.608424949990475,0.78606709774479,8
유도 에너지,0.6826435190674687,1.5165195620412353,0.08946415608754608,3
전시회 ir,0.6826435190674687,1.5165195620412353,0.08946415608754608,3
주도 에너지,0.6826435190674687,1.5165195620412353,0.08946415608754608,3
특화 작품,0.6826435190674687,1.5165195620412353,0.08946415608754608,3
현안,0.6826403479913042,3.3826167632665025,0.23247789066460117,8
여성 여성,0.6825521665395328,2.82186474512341,0.18960115723517942,5
근로자 근로,0.6824172348633272,13.339561056280603,0.9966232328795244,16
초기창업,0.6822299609758533,8.67056947177668,0.6390331478528086,10
스타트업,0.682211402278033,13.124908665927286,0.9811346974550061,76
건축,0.6821793534578611,5.769238192822865,0.41637184332784805,31
주선,0.6819387296109174,2.0462195047445855,0.1306444435466479,3
기관 역할,0.6818721951341351,4.602944129691134,0.3273345494624915,8
경상,0.6818721951341351,4.602944129691134,0.3273345494624915,8
인건비 경상,0.6818721951341351,4.602944129691134,0.3273345494624915,8
달성 인건비,0.6818721951341351,4.602944129691134,0.3273345494624915,8
역할 책임,0.6818721951341351,4.602944129691134,0.3273345494624915,8
설립 기관,0.6818721951341351,4.602944129691134,0.3273345494624915,8
경상 경비,0.6818721951341351,4.602944129691134,0.3273345494624915,8
책임 주요,0.6818721951341351,4.602944129691134,0.3273345494624915,8
주요 목표,0.6818721951341351,4.602944129691134,0.3273345494624915,8
운영비 설립,0.6818721951341351,4.602944129691134,0.3273345494624915,8
기관 경비,0.6818721951341351,4.602944129691134,0.3273345494624915,8
청년 창업,0.6818281908784692,12.308810861246362,0.9201804870228264,8
연구소 식품,0.6818168576618276,9.301450472316438,0.6888796093369102,6
종사자 농업인,0.6818168576618276,9.301450472316438,0.6888796093369102,6
식품 연구소,0.6818168576618276,9.301450472316438,0.6888796093369102,6
mvp,0.6817369688382028,2.104120894694641,0.1352684348227139,3
격차 경쟁력,0.681675907468739,3.2372796322989292,0.22254936838879535,3
인력 매칭,0.6816412683729053,3.8295570375677794,0.2681927460263176,8
반도체 공정,0.6816069891751543,1.706705800941794,0.10477733299033248,3
기관 기관,0.6814347892373435,5.910238349085515,0.42884122908989836,6
산업 융합,0.6814163156983625,2.1488044181347044,0.1389861482583521,9
창업 기술,0.6813572254733347,6.206042113865627,0.4518163084892355,19
솔루션 탑재,0.6813238012993921,1.5784132769369117,0.09508759448141992,4
품목 수출,0.6812629981287547,35.31919917860132,2.6973865475782315,4
전북,0.6812380602367155,7.747656289850728,0.571002447294158,4
주요 시설,0.6811330534726926,7.141012341822797,0.5244873642058867,12
복합 주요,0.6811330534726926,7.141012341822797,0.5244873642058867,12
그린 경제,0.6809490391670124,16.050180255700415,1.213087793704968,3
zero 유망,0.6809490391670124,16.050180255700415,1.213087793704968,3
전환 그린,0.6809490391670124,16.050180255700415,1.213087793704968,3
제조 전환,0.6809490391670124,16.050180255700415,1.213087793704968,3
net zero,0.6809490391670124,16.050180255700415,1.213087793704968,3
경제 탄소중립,0.6809490391670124,16.050180255700415,1.213087793704968,3
zero,0.6809490391670124,16.050180255700415,1.213087793704968,3
그린 기술,0.6809490391670124,16.050180255700415,1.213087793704968,3
유망 그린,0.6809490391670124,16.050180255700415,1.213087793704968,3
친환경 제조,0.6809490391670124,16.050180255700415,1.213087793704968,3
스마트 산업,0.6808300795575336,15.701716959324722,1.1868506710072906,3
혁명 대비,0.6808300795575336,15.701716959324722,1.1868506710072906,3
대비 제조,0.6808300795575336,15.701716959324722,1.1868506710072906,3
영문,0.6807909930558067,4.782219466658957,0.3430749638698244,6
협업 공동,0.6807210049866093,1.323944092167822,0.0758157958081904,4
챌린지,0.6806311705916217,3.3452394548946303,0.232214248494179,8
기술 벤처,0.6803341792488666,7.549152541872561,0.5582155763851634,4
경쟁력 국민,0.6802373881111881,4.337054973025857,0.30958140858185274,8
거래 발생,0.6802373881111881,4.337054973025857,0.30958140858185274,8
무역 대외,0.6802373881111881,4.337054973025857,0.30958140858185274,8
무역 해외,0.6802373881111881,4.337054973025857,0.30958140858185274,8
투자 경쟁력,0.6802373881111881,4.337054973025857,0.30958140858185274,8
국민 경제,0.6802373881111881,4.337054973025857,0.30958140858185274,8
효율 무역,0.6802373881111881,4.337054973025857,0.30958140858185274,8
위험 담보,0.6802373881111881,4.337054973025857,0.30958140858185274,8
담보 무역,0.6802373881111881,4.337054973025857,0.30958140858185274,8
발생 위험,0.6802373881111881,4.337054973025857,0.30958140858185274,8
대외 거래,0.6802373881111881,4.337054973025857,0.30958140858185274,8
제도 효율,0.6802373881111881,4.337054973025857,0.30958140858185274,8
보험 제도,0.6802373881111881,4.337054973025857,0.30958140858185274,8
규정,0.6801882528743132,3.055350363812153,0.21032113096582397,13
초격차,0.6801498665573726,0.9256872339028139,0.04527342371409983,5
예방 대응,0.6800541865385445,1.5018541522446711,0.09000002356929265,3
온디바이스,0.6798709495589539,2.5929333137056716,0.17480800809007477,8
시험 수수료,0.6797207492475248,2.3006878680335876,0.15226330513980083,3
보유 적합,0.6797207492475248,2.3006878680335876,0.15226330513980083,3
출시 활성,0.6797207492475248,2.3006878680335876,0.15226330513980083,3
평가 전파,0.6797207492475248,2.3006878680335876,0.15226330513980083,3
비용 ict,0.6797207492475248,2.3006878680335876,0.15226330513980083,3
제품 전파,0.6797207492475248,2.3006878680335876,0.15226330513980083,3
실습 중심,0.6796442909945162,6.3216861686204755,0.4647711733751546,6
농식품 벤처,0.6796218018188191,54.28887666263594,4.192322730722294,12
첨단 과학,0.6795063540036772,6.490075987332298,0.4781897619805001,9
온라인 거래,0.6792895212215461,26.612094386984282,2.0447718957259227,8
제품 실증,0.6791792045201903,2.815538539478051,0.19285693208875387,6
수요 연구개발,0.679099629031866,5.541849657952477,0.40531392428225066,3
개발 기초,0.6790646575147566,7.660778160306679,0.5704691960448852,4
평생,0.6790632471960394,18.053207439817378,1.380135358294525,4
기술 해소,0.6790367701822456,3.162822636221619,0.22007550664296932,5
보상,0.6789419019793833,6.55352504538643,0.48450589766991814,18
기술 장비,0.6788847798039963,6.109311338347939,0.45000945393461633,12
바우처,0.6788107939949363,7.132908071198419,0.5300188174072624,39
기술 현지,0.6787590097690704,2.188579142628884,0.14441165412933216,4
예산,0.678744803059932,5.981094563577535,0.440326749905674,37
해외 투자,0.6787153255103923,6.352206475718253,0.4693521197486321,16
도출,0.6786629848483777,3.794550148760742,0.26984655704034133,34
활용 특화,0.6785445679208993,7.548204003195137,0.5631596281528575,5
공통,0.678336622104924,3.3127211770912224,0.2326614169990251,29
사전,0.6783004415552799,3.998349719285866,0.2863119913861767,58
피해,0.6782949644835694,13.953144195738405,1.0646241304239743,34
규제 대응,0.6782481714765559,7.909130070867304,0.5922178131059002,20
소부장 특화단지,0.6781065187056816,16.77161867162639,1.286136390426055,3
대출 이차,0.6779714151139298,5.996271371147399,0.44325618155576274,3
컨설팅 인증,0.6778973810520649,10.523141349072858,0.7979966160663177,8
플랫폼 협업,0.6777929897014906,2.8513133985724366,0.19720856571629564,4
해외 실증,0.6776294070287124,6.287702010479142,0.46688397801692694,19
협동 연구,0.6775739994392697,2.1545754300830797,0.14280273827171297,8
협동,0.6775739994392697,2.1545754300830797,0.14280273827171297,8
출하,0.6775461029101492,72.97581206436872,5.698924291874746,11
기술 ict,0.6775407671402289,1.6587846660965053,0.10393513608687129,4
금리 금융,0.6772019400267454,6.299423262094432,0.46881708460022103,3
교육 소부장,0.677084869923103,13.531236341569734,1.037646741622509,3
상거래 플랫폼,0.6770756301871257,23.02598291735956,1.7841836531193294,4
기술 전문,0.6769473421769088,5.890948196202846,0.43728780883747076,8
벤처기업 글로벌,0.6769022864601026,2.3175230056098988,0.156217466812929,8
배양육,0.6768734328060044,9.744004109110783,0.7406656678427718,3
홍보 판촉,0.676784869781157,2.0891669769058296,0.13835062552511537,4
현장 기술,0.676744520469113,4.665736324033901,0.341265966458771,4
역량 진단,0.6766497338631852,5.514427222433161,0.4082909040278003,19
가능 중소,0.6765266875643912,5.943922780577912,0.44240110612508743,15
기술개발 양자,0.676493293723902,2.3213971320928217,0.15690874063101803,5
자료 제작,0.6764445678606843,3.7233373555819553,0.2674958414156516,3
기획 개발,0.6763813879288794,1.6213106663236052,0.10179778079980098,5
부담금,0.6763279227372411,3.776065015652263,0.2718247982372456,8
활용 환경,0.6763252559215822,2.303976171793456,0.1556932817136757,3
중견기업 후보,0.6762583733314184,4.515760127409542,0.3303006139834553,6
중견기업 중견기업,0.6762583733314184,4.515760127409542,0.3303006139834553,6
강연,0.6762212079148749,3.2512750639196106,0.2305605104388126,3
조선 협력사,0.6760787492384603,2.322604593545496,0.1573962720172116,3
상거래,0.6760448866167051,12.447789187010638,0.957243787540877,16
책임,0.6759998023917707,3.291572927885463,0.23402820694813736,15
경영 위기,0.6759244462270652,4.198531782007293,0.305808453674023,7
고도 비용,0.675716825216495,4.7175074500378695,0.34720251654146705,3
평균 매출액,0.6756548052597181,4.025414209386522,0.29254722027315866,6
기술 평가,0.6756479966996337,4.7208314982404245,0.34759034540696965,21
청소년,0.675496019290869,3.14820928950578,0.22332891292509977,11
여성 벤처,0.6754739998099777,4.864994062997708,0.3593235983317593,5
장비 실습,0.6754673490718005,10.325295346357642,0.7917982364644115,3
기초 소재,0.6754673490718005,10.325295346357642,0.7917982364644115,3
소재 전자,0.6754673490718005,10.325295346357642,0.7917982364644115,3
장비 기구축,0.6754673490718005,10.325295346357642,0.7917982364644115,3
소부장 재직자,0.6754673490718005,10.325295346357642,0.7917982364644115,3
융합혁신지원단 공연,0.6754673490718005,10.325295346357642,0.7917982364644115,3
응용 소재,0.6754673490718005,10.325295346357642,0.7917982364644115,3
교육 융합혁신지원단,0.6754673490718005,10.325295346357642,0.7917982364644115,3
특화 기술,0.6754673490718005,10.325295346357642,0.7917982364644115,3
모듈 부품,0.6754673490718005,10.325295346357642,0.7917982364644115,3
교육 소재,0.6754673490718005,10.325295346357642,0.7917982364644115,3
재직자 특화,0.6754673490718005,10.325295346357642,0.7917982364644115,3
기구축 인프라,0.6754673490718005,10.325295346357642,0.7917982364644115,3
재직자 맞춤,0.6754673490718005,10.325295346357642,0.7917982364644115,3
기구축,0.6754673490718005,10.325295346357642,0.7917982364644115,3
소재 응용,0.6754673490718005,10.325295346357642,0.7917982364644115,3
장관,0.6752766533711195,4.367503141473854,0.320256060124658,30
의약품 품질,0.6752504900431779,3.968276633213205,0.2886497449561265,3
혁신 기관,0.675240447412037,1.0526521048027269,0.05750529439211714,3
자문,0.6751317349346869,3.429036000193687,0.24605926759081634,46
직장,0.675110818576038,10.531966412145682,0.8095633062152034,5
교육 현장,0.6750775043664475,17.640513873726118,1.3737009297936251,4
마케팅 물류,0.6749119349322367,7.637480425049153,0.5805149678298632,5
밸류,0.6748451006258828,4.053411344565571,0.29603809787942126,18
교체,0.6747873495060441,5.625412403499052,0.42102009814431607,9
예정,0.6747414945643556,4.963819864259608,0.3685459367487945,26
산학 융합,0.6747091724060982,51.79646306629721,4.090650722882164,3
팩토링,0.674656947469064,35.90639188236721,2.8284657560757873,8
집적 지구,0.6744987219985176,16.81676290315708,1.311930068043676,5
협력 첨단,0.6744907602968946,3.7312586591293706,0.2709684819078344,7
구동 변환,0.6743674165106714,1.9701636068910893,0.13096704278468488,3
변환 플랫폼,0.6743674165106714,1.9701636068910893,0.13096704278468488,3
기관차 구동,0.6743674165106714,1.9701636068910893,0.13096704278468488,3
안정 장려금,0.6743520216697163,19.146625651795354,1.4983085450825326,13
화훼 유통,0.67430036748749,30.1758855969692,2.376861321189946,7
교육 근로자,0.6742933394867973,14.088609111761981,1.095972326256847,5
취약 자금,0.674251021700672,4.341565706019086,0.31992480277689994,6
수요 관리,0.6739945670867992,3.751248239644442,0.2732882679020507,4
공판장 출하,0.6739932490164314,29.696901064161082,2.3420648259997208,7
오픈,0.6739694302976513,10.553036728706838,0.8157241248208706,22
엑스포 개최,0.6738059225464041,5.823367323648864,0.43892705456604947,3
나라장터,0.6738059225464041,5.823367323648864,0.43892705456604947,3
나라장터 엑스포,0.6738059225464041,5.823367323648864,0.43892705456604947,3
bd,0.673696988882688,2.606723807668112,0.18234462937052723,16
장수,0.6735359833586858,1.7306050110398514,0.11251210102445967,3
산학,0.6735151331166969,19.74378591558079,1.5519346024580298,10
정밀기계 경남,0.6735141088935853,7.991766160042138,0.6128508812088893,3
전북 정밀기계,0.6735141088935853,7.991766160042138,0.6128508812088893,3
이차전지 충북,0.6735141088935853,7.991766160042138,0.6128508812088893,3
정밀기계,0.6735141088935853,7.991766160042138,0.6128508812088893,3
특화단지 재직자,0.6735141088935853,7.991766160042138,0.6128508812088893,3
충북오송 미래차,0.6735141088935853,7.991766160042138,0.6128508812088893,3
안성,0.6735141088935853,7.991766160042138,0.6128508812088893,3
충남 탄소소재,0.6735141088935853,7.991766160042138,0.6128508812088893,3
탄소소재,0.6735141088935853,7.991766160042138,0.6128508812088893,3
특화단지 바이오,0.6735141088935853,7.991766160042138,0.6128508812088893,3
충북 디스플레이,0.6735141088935853,7.991766160042138,0.6128508812088893,3
탄소소재 전북,0.6735141088935853,7.991766160042138,0.6128508812088893,3
특화단지 이차전지,0.6735141088935853,7.991766160042138,0.6128508812088893,3
특화단지 앵커,0.6735141088935853,7.991766160042138,0.6128508812088893,3
산업 밸류,0.6735141088935853,7.991766160042138,0.6128508812088893,3
충북오송,0.6735141088935853,7.991766160042138,0.6128508812088893,3
체인 수요,0.6735141088935853,7.991766160042138,0.6128508812088893,3
재직자 교육,0.6735141088935853,7.991766160042138,0.6128508812088893,3
미래차,0.6735141088935853,7.991766160042138,0.6128508812088893,3
입주 재직,0.6735141088935853,7.991766160042138,0.6128508812088893,3
안성 소재,0.6735141088935853,7.991766160042138,0.6128508812088893,3
부산 경기,0.6735141088935853,7.991766160042138,0.6128508812088893,3
앵커 공공,0.6735141088935853,7.991766160042138,0.6128508812088893,3
경기 안성,0.6735141088935853,7.991766160042138,0.6128508812088893,3
재직 산업,0.6735141088935853,7.991766160042138,0.6128508812088893,3
반도체 부산,0.6735141088935853,7.991766160042138,0.6128508812088893,3
바이오 충북오송,0.6735141088935853,7.991766160042138,0.6128508812088893,3
경남 소부장,0.6735141088935853,7.991766160042138,0.6128508812088893,3
디스플레이 충남,0.6735141088935853,7.991766160042138,0.6128508812088893,3
평가 비용,0.673472892117941,2.0066122987422417,0.13461831271412023,8
서비스 성장,0.6734697614830366,18.24182400406302,1.4322208025939553,3
사정,0.6733661468301761,7.758177417040164,0.5946186136299684,5
확산,0.6733442842568598,9.487305291936075,0.7329621672889615,168
기술보증,0.6733365216399462,6.567069987000241,0.49944844935618615,11
대학 대학원,0.6732728312822349,23.108407398939868,1.8228588044673395,3
교육 시스템,0.6732728312822349,23.108407398939868,1.8228588044673395,3
특성화고 재직자,0.6732728312822349,23.108407398939868,1.8228588044673395,3
근로자 평생,0.6732728312822349,23.108407398939868,1.8228588044673395,3
융합 대학,0.6732728312822349,23.108407398939868,1.8228588044673395,3
융합 교육,0.6732728312822349,23.108407398939868,1.8228588044673395,3
대학 학생,0.6732728312822349,23.108407398939868,1.8228588044673395,3
대학원 마이스터고,0.6732728312822349,23.108407398939868,1.8228588044673395,3
융합 집적,0.6732728312822349,23.108407398939868,1.8228588044673395,3
대학 현장,0.6732728312822349,23.108407398939868,1.8228588044673395,3
평생 교육,0.6732728312822349,23.108407398939868,1.8228588044673395,3
지구 산학,0.6732728312822349,23.108407398939868,1.8228588044673395,3
마이스터고,0.6732728312822349,23.108407398939868,1.8228588044673395,3
연구개발 역량,0.6732728312822349,23.108407398939868,1.8228588044673395,3
마이스터고 특성화고,0.6732728312822349,23.108407398939868,1.8228588044673395,3
중심 산학,0.6732728312822349,23.108407398939868,1.8228588044673395,3
상생 혁신,0.6732483003983054,2.9938727752067615,0.2137932449084257,3
탐색 연구,0.6730369711951114,2.737854649594648,0.1935441839180303,3
디지털 경쟁력,0.6729208122415162,7.1397159173963045,0.5463706272455792,3
인력 부족,0.6726786169968823,2.2673019809776505,0.15619659524254115,5
수수료,0.6726201696647531,4.557211976439264,0.33998044668648636,25
국내 바이오,0.6726109626437625,1.2653032524298287,0.07586202417305565,4
패키지 창업기업,0.6724021400909954,2.125604488644642,0.14507537103903725,5
무상,0.6721279617825906,4.428678546464483,0.33051694382006347,5
양성 첨단,0.6721262812100389,4.038011323708736,0.2991046163726282,4
활성 예비,0.6720472279336511,4.192583935959343,0.31166417094488275,5
확립,0.6720457398736779,6.0618576071513415,0.46203788114824695,41
장비 재직자,0.6720271312910858,16.57910262949475,1.308198527835704,7
비용 부담,0.6720050463352366,4.6361238487120575,0.34741996764014593,7
온디바이스 ai,0.6717267065726158,2.2747596960269623,0.15769010053292848,7
의약품 공정,0.671571550288556,4.272226204007496,0.31886579684224575,5
식물,0.6715682696735837,5.185899230843169,0.3925298516891385,3
컨설팅 안전,0.6715681987204672,2.2185045356709354,0.15330424373959833,3
우수 농식품,0.6711850544901601,28.589485240667234,2.283331379428211,5
고용 보험,0.6711338582664085,33.16342144426237,2.6533413938005768,34
노동자,0.6709594184347722,15.683611957230262,1.2423962943532696,6
인공지능 청년,0.6709549529501977,2.412673855871888,0.16956714267699702,4
물품 해외,0.6707352828292223,3.447158981489112,0.2534992455620957,3
국내 디지털,0.6706483648861458,5.848197888434443,0.4479942772924206,5
해외진출 국내,0.6702578182990339,11.138874187570647,0.8779385876863484,9
활성 국민,0.6701966254992119,15.656289330562466,1.2446503144625778,9
추세,0.6701049413601174,12.714186353832995,1.0064236577337253,3
해외 공공,0.6701049413601174,12.714186353832995,1.0064236577337253,3
추세 해외,0.6701049413601174,12.714186353832995,1.0064236577337253,3
국제 공공,0.6701049413601174,12.714186353832995,1.0064236577337253,3
진출 적극,0.6701049413601174,12.714186353832995,1.0064236577337253,3
개방 추세,0.6701049413601174,12.714186353832995,1.0064236577337253,3
시장 개방,0.6701049413601174,12.714186353832995,1.0064236577337253,3
국제기구 국제,0.6701049413601174,12.714186353832995,1.0064236577337253,3
글로벌 조달,0.6701049413601174,12.714186353832995,1.0064236577337253,3
공유 서비스,0.6699290914801358,1.5463776861805822,0.10022952306312097,5
정착,0.6699097736464349,5.416846618163163,0.4146244990194833,16
취업 청년,0.669842816994075,23.948084572834038,1.9204352355341474,10
중소 영세,0.6697539357648435,2.152814501320799,0.14964157749962798,4
인증,0.6696711986942131,14.752185734932494,1.1742145190286326,220
맞춤 컨설팅,0.6696639188696261,8.812663340391818,0.6912758979682883,41
기술 거래,0.66952865517556,3.1707048551270263,0.23266649980461818,11
교육 컨설팅,0.669523531321835,3.4809414295544743,0.2579162930313119,23
지역특화,0.6693214008864555,9.527446729213766,0.7506376960826907,13
라이브 커머스,0.6692821186892396,3.3090813856528256,0.2442532478328753,6
연계 글로벌,0.6690588051338204,4.094620741234202,0.30860211919258185,3
이바지 기관,0.6690066237557294,3.3526142511391233,0.24817009270874296,6
맞춤 서비스,0.6689933644612638,4.686775508691881,0.357005948284508,7
사업주 융자,0.6689379472751277,8.91108956691736,0.7017411603467518,3
인프라 시설,0.668891614806244,7.650635143557181,0.5990449389437958,10
싱가포르,0.6687962349554624,7.881402360495917,0.6181632876258638,4
현장 수요,0.6687427024997273,2.3094943004813846,0.16334942533198865,10
기본법 규정,0.668723300705592,3.1055441020841275,0.22837542265495667,6
기술 발전,0.6687167932302287,4.819934015434998,0.36838885091168944,10
재창업,0.6685638472170187,10.133153063758469,0.802880191684112,12
시장 출하,0.6685462547214922,23.23224100385659,1.8735055535732008,7
전문 대학,0.668421108381307,3.8828293059425345,0.2923169010681414,8
활용 소부장,0.668419525997722,7.602371826899435,0.5964826913577722,6
체불,0.6684068165010717,13.097997768916965,1.0459470320835305,4
소요,0.6683455939536855,7.321905543326512,0.5737557536672745,75
기관 중소,0.6680496733473363,3.318731046806344,0.24668509108660122,3
패키징,0.6677658454286312,3.5572092414635814,0.26662396077990397,13
억제,0.6676796146056285,1.6792540260127622,0.11266514191984717,4
사전 타당성,0.6675351791117453,2.35881762034358,0.16856398267460912,3
청년 고용,0.6675231409710348,16.931197412962472,1.3650494049474826,12
중개,0.6673725701826001,2.212272224041242,0.15668380445083,7
기술 첨단,0.6673579431419465,4.7154934832058695,0.36237885752732424,4
시제품 고도,0.6673279951742322,2.0044390606189815,0.13964604006153686,4
가입 판로개척,0.6673279951742322,2.0044390606189815,0.13964604006153686,4
판로개척 특허,0.6673279951742322,2.0044390606189815,0.13964604006153686,4
고도 규제,0.6673279951742322,2.0044390606189815,0.13964604006153686,4
출원 마케팅,0.6673279951742322,2.0044390606189815,0.13964604006153686,4
특례 책임,0.6673279951742322,2.0044390606189815,0.13964604006153686,4
손실 보상금,0.667268981849347,2.3989551250485017,0.17212553296090163,4
보상금 사후,0.667268981849347,2.3989551250485017,0.17212553296090163,4
지급 재난,0.667268981849347,2.3989551250485017,0.17212553296090163,4
무인,0.6672566102962966,2.761319993156714,0.2019258297375683,4
경비 고급,0.6671417814545,3.212404520190117,0.23915637543602974,6
패키지 소비자,0.6670895335656324,1.853042806939675,0.12739504249484632,3
자동차 기술개발,0.6670895335656324,1.853042806939675,0.12739504249484632,3
협력사 밸류,0.6670895335656324,1.853042806939675,0.12739504249484632,3
수요 협력사,0.6670895335656324,1.853042806939675,0.12739504249484632,3
자동차 pbv,0.6670895335656324,1.853042806939675,0.12739504249484632,3
다양 요구,0.6670895335656324,1.853042806939675,0.12739504249484632,3
고도 자립,0.6670895335656324,1.853042806939675,0.12739504249484632,3
자립 패키지,0.6670895335656324,1.853042806939675,0.12739504249484632,3
소비자 다양,0.6670895335656324,1.853042806939675,0.12739504249484632,3
상용화 시험,0.6670895335656324,1.853042806939675,0.12739504249484632,3
반영 자동차,0.6670895335656324,1.853042806939675,0.12739504249484632,3
정책 개발,0.6670559536045199,3.1083101022744026,0.2307034135139893,7
수요 중심,0.6670515209060098,1.4562168903734167,0.09477450383865077,5
화훼,0.6670008867690498,38.290003228567144,3.126188762077807,7
퇴직자,0.6669927646639485,3.889854327179739,0.2951058923601519,5
재해 감소,0.6668817033230672,19.27894111115374,1.5624635980178023,5
정보 보호,0.6667082177202024,8.130286510906904,0.6449912759963258,8
변동,0.6666873239099464,11.816449903976304,0.948852411921074,18
근로자 육아,0.6666413620968002,4.260506233679984,0.3262058262490888,5
자동,0.6666397719502968,9.094159787459585,0.7246601535283166,53
사업주 장애인,0.6666333618918002,9.218075044504282,0.7348974753472118,4
중장년,0.6666148752697484,10.273908783604078,0.8220078602436125,3
대학 연구소,0.6665336390716345,15.911982108172598,1.2873108598183438,303
전국,0.6664913268371737,3.4554529854880727,0.26005273393071227,14
나노 소재,0.6664423990139384,5.067254838928932,0.3931043779552768,11
교육 전문가,0.6663862494484648,2.7217770867986344,0.19965134094092005,3
성능 탄소,0.6662693412757673,2.4068263452807046,0.17377707324741318,3
개발 탄소,0.6662615827987638,2.311822115907291,0.1659400810361559,4
세계,0.6660361731967999,3.7269169967437255,0.28312642334005,52
제품 상용화,0.6659740041513473,3.464603877207335,0.26153148850114,12
중간,0.6657958658162532,2.850791279172075,0.21099034444510856,8
공판장,0.6657407446867691,40.11658744931897,3.295423350991185,8
해외 조달,0.6656935197494851,15.28945048205247,1.2408361372707644,4
성공 패키지,0.6655229523861473,3.0476507922408027,0.22761995492360987,6
기초 교육,0.6653306256023069,6.710705395919241,0.5315980611986155,4
확산 해외,0.6651966370677974,6.658939856386942,0.5276531574594772,7
재산 기초,0.6651658218682531,2.873978315236242,0.21365411868311338,4
부실,0.6651658218682531,2.873978315236242,0.21365411868311338,4
부실 대위변제,0.6651658218682531,2.873978315236242,0.21365411868311338,4
필수 재원,0.6651658218682531,2.873978315236242,0.21365411868311338,4
대위변제 지급,0.6651658218682531,2.873978315236242,0.21365411868311338,4
지급 필수,0.6651658218682531,2.873978315236242,0.21365411868311338,4
미디어 서비스,0.665150437494252,3.7624380076012818,0.2874024803925379,5
특례 적용,0.6649598858052195,2.293639750997791,0.16569650505606934,7
ai 보안,0.6647416561196973,3.4965915123812388,0.2659199335817142,6
가능 기술개발,0.6647391238556623,2.125586493981105,0.1519383904811905,3
국제 인증,0.6645734412980517,8.909506411793064,0.7165219591611515,11
상품,0.6641922563104969,5.722334640179354,0.45220176351405195,68
글로벌 진출,0.664126286579279,11.21619013146965,0.9103657443082228,71
시설 장비,0.6640122425660391,6.484469833606163,0.5161778828240329,32
계정 활용,0.6639019825027805,2.4107463016267285,0.17649520365066293,3
pcb,0.6638044283348745,2.4368943404205456,0.17877731512208905,4
인프라 고도,0.663747689896526,2.2499881622246822,0.16322690295392334,5
양질,0.6637418796834706,8.7092532082735,0.7026613354330355,7
연도 평가,0.6637364629915075,1.648476251683951,0.11300269213755226,3
재도약 맞춤,0.6637364629915075,1.648476251683951,0.11300269213755226,3
민간 매칭,0.6637364629915075,1.648476251683951,0.11300269213755226,3
컨설팅 당해,0.6637364629915075,1.648476251683951,0.11300269213755226,3
역량 핵심,0.6637364629915075,1.648476251683951,0.11300269213755226,3
연구 민간,0.6637364629915075,1.648476251683951,0.11300269213755226,3
도매,0.663642272288918,44.27154676570574,3.674216272319379,9
데이터 거래,0.6635940850232411,15.551888455436183,1.2749834053529283,3
가상 환경,0.6632885025334343,2.563828474187712,0.18992874536739168,5
방식,0.6631938084643554,4.0346784208580955,0.3131666194710817,36
보상금 지급,0.6630500645172158,5.93316054586832,0.4724391817572382,7
미생물,0.6628939580695825,1.050958110614744,0.06352877307529377,3
누리집,0.6626957624793776,1.6211530037052675,0.11147139803238805,3
판촉 sns,0.6626957624793776,1.6211530037052675,0.11147139803238805,3
공식 누리집,0.6626957624793776,1.6211530037052675,0.11147139803238805,3
연계 판촉,0.6626957624793776,1.6211530037052675,0.11147139803238805,3
판촉 연계,0.6626957624793776,1.6211530037052675,0.11147139803238805,3
센서 기술개발,0.6626928387963253,1.8428862321542443,0.13007816387202079,4
성장 예비,0.6625001459589608,4.512373913597652,0.3544114806580283,6
도매 시장,0.6624816157044763,40.563035621734805,3.382155677603093,9
xaas 선도,0.6624612354759798,6.264908878782364,0.5016817252760035,7
가치 기술,0.6623612301125597,6.851892717446974,0.551252812692663,3
유효 신뢰,0.6621999648514332,2.0665908166102818,0.14928700147998797,3
기술개발 실환경,0.6621999648514332,2.0665908166102818,0.14928700147998797,3
기술개발 로봇,0.6621999648514332,2.0665908166102818,0.14928700147998797,3
시나리오 실증,0.6621999648514332,2.0665908166102818,0.14928700147998797,3
로봇 실증,0.6621999648514332,2.0665908166102818,0.14928700147998797,3
환경 디지털,0.6621999648514332,2.0665908166102818,0.14928700147998797,3
실환경 시나리오,0.6621999648514332,2.0665908166102818,0.14928700147998797,3
신뢰 실증,0.6621999648514332,2.0665908166102818,0.14928700147998797,3
서비스 유효,0.6621999648514332,2.0665908166102818,0.14928700147998797,3
트윈 실증,0.6621999648514332,2.0665908166102818,0.14928700147998797,3
전용 기획전,0.6620983452934438,1.4237140761965543,0.09529301863477965,3
프린팅 기술,0.6620543611528868,1.7765912184989883,0.12501459707015788,4
선도 고급,0.6620243857373153,2.9119830390991983,0.22058892109681877,5
혁신 챌린지,0.6619028287322912,2.210708702636366,0.16168692152945466,3
중견기업 공연,0.6619028287322912,2.210708702636366,0.16168692152945466,3
협력 중견기업,0.6619028287322912,2.210708702636366,0.16168692152945466,3
챌린지 중견기업,0.6619028287322912,2.210708702636366,0.16168692152945466,3
활용 수요,0.661840393351197,2.1767962986429032,0.15888968158449074,5
실증 확산,0.6617950820063008,8.06434451803274,0.6549168013860558,11
재료비,0.661777173926352,1.8728381098925866,0.1333402889822076,9
실증 비용,0.6616902736143015,3.422957959761339,0.26405941158302576,5
세무,0.6616638912463565,4.467952087168891,0.3521814944417152,13
핵심 부품,0.6616059351449818,5.774641214377487,0.46245811053632124,69
법인 중도매인,0.6614203136687317,15.389389800423048,1.2742155303387686,8
생산자 소비자,0.6614203136687317,15.389389800423048,1.2742155303387686,8
중도매인 농산물,0.6614203136687317,15.389389800423048,1.2742155303387686,8
소비자 도매,0.6614203136687317,15.389389800423048,1.2742155303387686,8
시장 종사자,0.6614203136687317,15.389389800423048,1.2742155303387686,8
종사자 법인,0.6614203136687317,15.389389800423048,1.2742155303387686,8
레벨,0.6613453028322394,1.8766677639417386,0.13401754109602854,6
맞춤 헬스케어,0.6611503158172147,1.5586649203018328,0.10731102763932127,3
ai ict,0.6611503158172147,1.5586649203018328,0.10731102763932127,3
치료제 건강,0.6611503158172147,1.5586649203018328,0.10731102763932127,3
디지털 치료제,0.6611503158172147,1.5586649203018328,0.10731102763932127,3
헬스케어 서비스,0.6611503158172147,1.5586649203018328,0.10731102763932127,3
헬스케어 데이터,0.6611503158172147,1.5586649203018328,0.10731102763932127,3
기술개발 미래,0.6611040912607088,1.741631333631666,0.12280476599923384,6
진출 전략,0.6610546706831425,2.148128555482606,0.15720084798239203,10
조선 산업,0.6608905355212997,6.083854792678366,0.4902518994136525,7
시장 국내,0.6607557835657086,2.1885003577782443,0.1608942286703456,4
선도 프로젝트,0.6606946138629165,6.050370177571008,0.4878895927065633,7
인재 양성,0.660594657055877,10.564352949519774,0.8704442069735122,36
법인 설립,0.6605858008857624,2.9670615766080446,0.22699755424810192,9
경감,0.6605830716218548,6.182555574773274,0.499353379450798,16
연구 기관,0.6604559369045476,12.522604025544954,1.0369718144115296,196
국제,0.6604556867520623,7.744082708641786,0.6320021106418645,143
난제,0.6604092794006156,2.2643202681131385,0.167647329451518,6
경쟁력 대학,0.6602620088527129,3.5429760572445947,0.27624763263660074,14
성과 홍보,0.6602481290094101,3.4987543768146003,0.272516643977189,5
민간 협업,0.660210812352809,4.044054296559632,0.3188339481842527,6
정체 중견기업,0.6601572899422553,2.130627732117786,0.15654669208171626,3
성장 정체,0.6601572899422553,2.130627732117786,0.15654669208171626,3
유망 중소,0.659964818880614,2.0562578734112975,0.1504074262285241,7
유통망,0.6597232202427619,4.168706147809177,0.33023476882733466,8
기술 제품,0.6596894579363878,4.867772326542345,0.3897391955244458,19
컨설팅 해외,0.6596599532293126,4.355704028229017,0.34624596829529075,12
국내 소부장,0.6596419280946589,6.356857256178141,0.516488019319927,4
연구개발 과학,0.6595672715559519,2.768569300293173,0.21136922653018114,5
가스,0.6594891000943084,12.927415882842082,1.0761201501347604,37
컨설팅 공급망,0.6590505912354396,6.413611463464316,0.5228214169781364,4
마케팅 바이어,0.6586136595440245,5.12379650703527,0.4137261660946153,3
중견 상생,0.6583534117409886,1.9425897141074533,0.14212623098815771,3
cdmo,0.6582883007173487,2.046338019006629,0.15105958966541416,3
중재 의료,0.6582883007173487,2.046338019006629,0.15105958966541416,3
직무,0.6581643591390766,30.87429292835567,2.6193362739886816,46
수출 역량,0.6581214343452069,8.955550748585221,0.7428683977191588,13
ai 디지털,0.6577944815309514,5.174332639713728,0.4197516632283915,7
다자 협력,0.6575619164466443,2.3400662858975867,0.1769251252710804,3
농산물 온라인,0.6575386480705809,28.02718853285525,2.382327726942018,7
agent,0.6575053081762147,7.27482323534694,0.6007206334814912,3
중소 벤처기업,0.6574926691690474,15.094813002024907,1.2722829065358139,57
전시회 참가,0.6574114264095258,13.691889294498333,1.1522433043517286,33
근로자 임금,0.6573514073253665,13.17410616079575,1.108072245157935,13
기술 자문,0.6573477895477321,3.024004524250876,0.2359105889629869,13
동일,0.6572070867121875,2.6851348172386986,0.20695256115189195,10
근로 여건,0.6568608421894945,8.163629200777537,0.6791234814650524,6
시장 조사,0.6568203622586062,13.983789625780883,1.180542529689772,18
참여 가능,0.6566353488283824,1.1122795461687982,0.07202461112134399,4
출력 전기,0.6565982377492202,2.084070363270969,0.15582716098070137,3
기관차 핵심,0.6565982377492202,2.084070363270969,0.15582716098070137,3
수요 실증,0.6564961125625798,2.0355685947362154,0.15173695049556626,7
기회,0.6564892291887776,5.39847996410316,0.4418150386142822,61
대체,0.6564748867758452,10.059161916658251,0.8438845664040076,40
보유 유망,0.65639876401639,4.985898773069644,0.4064103996283015,13
고도 미래,0.6563744256165738,5.209164067218765,0.4257274733890773,45
부스 비용,0.6563105367874909,13.408466708938004,1.133663430401455,4
청산,0.6560457379412198,10.314245343009983,0.8676325368774142,4
초격차 기술,0.6560436206025478,0.9501474148215666,0.05833259734842537,4
이차전지 초격차,0.6560436206025478,0.9501474148215666,0.05833259734842537,4
중견기업 참여,0.6559547932892442,1.9600960181788787,0.1456961886827932,3
중견기업 연구소,0.6559547932892442,1.9600960181788787,0.1456961886827932,3
연구소 중소,0.6559547932892442,1.9600960181788787,0.1456961886827932,3
목표 주관,0.6559547932892442,1.9600960181788787,0.1456961886827932,3
투자 핵심,0.6559547932892442,1.9600960181788787,0.1456961886827932,3
주체 목표,0.6559547932892442,1.9600960181788787,0.1456961886827932,3
혁신 산업부,0.6559547932892442,1.9600960181788787,0.1456961886827932,3
전략 투자,0.6559547932892442,1.9600960181788787,0.1456961886827932,3
중견기업 부설,0.6559547932892442,1.9600960181788787,0.1456961886827932,3
출하 농산물,0.6557483033005919,7.8460911688902994,0.6552487980398545,4
제조 의료,0.6557127787182291,1.266740565814527,0.08589376637312576,3
인력 맞춤,0.6556409101220323,2.2729921124816195,0.1730593860976266,3
예비 재창업,0.6555476227570677,3.481834343833482,0.2778576905294734,5
거래 시스템,0.655485596470465,7.32539400159879,0.6109563101386837,7
기획전,0.6554684260190409,3.2013990392394183,0.25367374638398743,10
역량 ir,0.6553434307898749,4.856148903008536,0.3973007590936933,3
제품 출시,0.6552115404414794,1.7092608387887864,0.12458251846883842,4
혁신 상생,0.6551676288264967,3.95231055306189,0.3192295357080491,4
방송 장비,0.6550697947808536,4.952449936250438,0.40620184095829887,6
사용 환경,0.655047416047214,1.023853458117841,0.0652099326783715,3
성장 집중,0.655024596092787,1.6963002921373977,0.12360182581366792,4
활성 산업,0.6549783515371206,5.468137155507545,0.45116640984154166,3
팹리스 파운드리,0.6548493840912983,1.9137807345405764,0.1426322565210455,5
사양,0.654707445046129,6.72155234835489,0.5607388279248384,4
대응 대학,0.6546935748723368,2.444707752265067,0.18892647642161015,3
창업 성장,0.6546758878851382,2.7630452879465044,0.21662516032938325,11
중견기업 역량,0.6546419473698891,1.5087957640128549,0.10758968590119158,3
인공지능 활용,0.6545821658404176,8.38494406886887,0.7057720568070265,4
기체,0.6545368908408438,6.486453944331725,0.5407449397650212,5
구매 연계,0.6544711290168385,5.2985333746774685,0.4375314657990165,7
생산 시설,0.6542652387086245,3.772987788223808,0.3050856003377568,8
데이터 센터,0.6541075789603786,4.999696424413473,0.4122659197181977,5
시장 선점,0.6540973510046704,7.060721549258766,0.5919554709966034,67
역량 대학,0.653906979202239,21.825835459032284,1.8807192239843071,5
공공 대학,0.6538369835967056,2.1854405399925714,0.1672054816511931,4
거래 평가,0.6538369835967056,2.1854405399925714,0.1672054816511931,4
구성,0.6536122132409935,3.6190952666939418,0.29266744746860407,60
경력 설계,0.6534673714378582,5.474736209682268,0.45510197588680396,4
개발 대학,0.6533558094238148,10.734003453710988,0.9153287331467933,77
소상공인 경영,0.6533008955003781,1.8788799171171842,0.14090193896264586,5
협약 체결,0.6531435752193027,7.07989549425341,0.5963441255981271,14
상환 연장,0.6531271761877472,1.85640683819761,0.13908090480644614,3
xaas,0.6531179531977399,9.931412236978279,0.8460741764986206,7
purpose built,0.6527687216274041,2.520471809230744,0.19761034534653232,4
pbv purpose,0.6527687216274041,2.520471809230744,0.19761034534653232,4
purpose,0.6527687216274041,2.520471809230744,0.19761034534653232,4
vehicle,0.6527687216274041,2.520471809230744,0.19761034534653232,4
built vehicle,0.6527687216274041,2.520471809230744,0.19761034534653232,4
built,0.6527687216274041,2.520471809230744,0.19761034534653232,4
lab,0.6526861988029958,7.5031257348670515,0.6347754049302924,4
중도매인,0.6526703612801218,19.17242912938301,1.6585178529482567,8
실증 연구소,0.6525223926560879,2.609431013167686,0.2056886212909574,5
애로 해소,0.6524624482319905,8.683226487965031,0.7390713619210205,13
작업장 현장,0.6522642610954399,7.732271420563287,0.6561887541539106,4
장치 설치,0.6522573264699866,1.2395562297462042,0.08559571181527928,4
조달 시장,0.6521113835585748,13.048073162075326,1.1241466851986084,8
수출 연계,0.6518905898808561,3.6485722068177986,0.2978748348464679,6
기술 정보,0.6517611139677668,6.186025984208899,0.5215666465148598,12
글로벌 선도,0.6517525546608746,4.1400498407993895,0.3413763733059793,10
보상금,0.6515516382146117,5.387485258949512,0.4516957048258414,11
노사,0.6514390841962345,6.581550678073057,0.5572643914433957,4
ai 개발,0.6513068778390724,2.0291852247264144,0.15585278971374367,4
나노 기술,0.6511289534287448,1.252421040314478,0.08740770548198751,6
혁신 벤처,0.6510721424285498,2.3777062517074583,0.18685587237771012,5
공공 민간,0.6510316233189247,2.7299254602186993,0.21802062609439424,5
공유 확산,0.6510129864012926,2.670316681172855,0.21277507884570523,5
매스,0.6509971693299453,1.9781248434967074,0.15162120819772287,3
바이오 매스,0.6509971693299453,1.9781248434967074,0.15162120819772287,3
임금 체불,0.6509649920226823,9.241351834607183,0.793625334701898,4
장비 개발,0.6509337231576374,3.9071589358865983,0.3222027119647019,9
거래 기술,0.650875560393749,2.004959632084702,0.15410192915323204,4
서류,0.6507909252013511,7.267837146631578,0.6197049044358778,10
협력 모델,0.6507576559498628,1.439839915489065,0.10421296133079429,3
소재 강국,0.6506919076959911,1.421510411448541,0.10263553886079936,3
강국 탄소중립,0.6506919076959911,1.421510411448541,0.10263553886079936,3
선도 탄소,0.6506919076959911,1.421510411448541,0.10263553886079936,3
강도 탄성,0.6506919076959911,1.421510411448541,0.10263553886079936,3
강도 아라미드,0.6506919076959911,1.421510411448541,0.10263553886079936,3
기술개발 이중,0.6506919076959911,1.421510411448541,0.10263553886079936,3
dwcnt 대량,0.6506919076959911,1.421510411448541,0.10263553886079936,3
dwcnt,0.6506919076959911,1.421510411448541,0.10263553886079936,3
섬유 제조,0.6506919076959911,1.421510411448541,0.10263553886079936,3
섬유 응용,0.6506919076959911,1.421510411448541,0.10263553886079936,3
복합 섬유,0.6506919076959911,1.421510411448541,0.10263553886079936,3
튜브 dwcnt,0.6506919076959911,1.421510411448541,0.10263553886079936,3
튜브,0.6506919076959911,1.421510411448541,0.10263553886079936,3
탄성 탄소,0.6506919076959911,1.421510411448541,0.10263553886079936,3
실현 성능,0.6506919076959911,1.421510411448541,0.10263553886079936,3
활용 강도,0.6506919076959911,1.421510411448541,0.10263553886079936,3
섬유 강도,0.6506919076959911,1.421510411448541,0.10263553886079936,3
나노 복합,0.6506919076959911,1.421510411448541,0.10263553886079936,3
아라미드 섬유,0.6506919076959911,1.421510411448541,0.10263553886079936,3
개발 기대,0.6506919076959911,1.421510411448541,0.10263553886079936,3
나노 튜브,0.6506919076959911,1.421510411448541,0.10263553886079936,3
아라미드,0.6506919076959911,1.421510411448541,0.10263553886079936,3
이중 탄소,0.6506919076959911,1.421510411448541,0.10263553886079936,3
농식품 자원,0.6505647728469391,24.07118402825623,2.1081883909976518,3
ict 기술,0.6505278442568068,4.989399214445884,0.4187082327711813,10
생활 소비재,0.6504217972245392,6.088068741530815,0.5162674708322796,9
상장,0.6503085250538562,2.591937741884529,0.20664302213179792,6
패키징 해외,0.6502851278151666,0.8145333782921378,0.04909924078652943,4
초과,0.6502033354892065,2.7397910950160775,0.21987394250178827,5
설비 설치,0.6501156374002693,9.13066461645632,0.7869631523180338,18
코칭,0.6500731702231733,4.305326103791912,0.3589453982518368,16
지자체 생활,0.6498790782280959,4.742563424395023,0.39812557935529336,9
부담 경감,0.6497988486336029,6.314643234239941,0.5379496267750675,14
수요 적용,0.6497903075516256,2.3460741192525822,0.18538460159894815,4
기술개발 대학,0.6495846352889616,10.197214053002256,0.8837617209481011,49
현지 액셀러레이팅,0.6493693805575278,14.376692787084092,1.2566576598902848,3
테스트 비용,0.649065972452467,1.2716704958668346,0.09037522169886197,3
계획서,0.6490581641266775,9.42825581047356,0.8173851036238904,21
프로젝트 개발,0.6489858768768983,2.862667661420237,0.23227685576602075,4
국제기구 협력,0.6489109448150939,4.551643929404979,0.38300727547747077,6
산업 전환,0.6487068824274829,7.993364577125085,0.6906327828342904,12
평가 기관,0.6486862246542997,1.9352962197928547,0.14985569029824647,7
안정 생활,0.6486022248243506,10.690143553206783,0.931821204885744,8
육아 병행,0.6486022248243506,10.690143553206783,0.931821204885744,8
병행 제도,0.6486022248243506,10.690143553206783,0.931821204885744,8
활용 고용,0.6486022248243506,10.690143553206783,0.931821204885744,8
도입 활용,0.6486022248243506,10.690143553206783,0.931821204885744,8
전문가,0.6485063131247069,7.173278428114974,0.6180124518958198,101
주요 품목,0.6484963421664497,2.097681559578106,0.16453156790954018,3
수입 검증,0.6484963421664497,2.097681559578106,0.16453156790954018,3
수입 다변,0.6484963421664497,2.097681559578106,0.16453156790954018,3
다변 주요,0.6484963421664497,2.097681559578106,0.16453156790954018,3
관리 컨설팅,0.6483715413226351,2.0065353987464,0.15650057712781595,8
로봇 제품,0.6483056784034222,4.101007556031402,0.3438601851179909,7
서버,0.648248479405813,6.364042347468059,0.5463835758218689,8
위탁 개발,0.647290485003157,1.1716832981041672,0.0824911015496099,4
uae,0.6471615024186158,6.5931431476802045,0.5698218216043367,3
범용,0.647152533464436,1.619429022732417,0.12281408032128582,5
중심 산업,0.6469999433707871,5.813114232070703,0.5001054495397247,4
금리 분기,0.6469626657435429,8.999485483193187,0.7868210687252206,4
벤처기업,0.6468018174456882,18.999123803159687,1.6875484379011683,105
기술력,0.6465897993047803,2.952697906678392,0.24336868054861868,39
연구 개발비,0.6465241296195651,3.803623100159292,0.3201439171986489,5
바탕,0.6463006483113066,6.705577848368112,0.5823049202793448,13
esg,0.6462493584655192,13.664797410340315,1.2104114261463588,15
가족,0.6462451041127238,7.442848217177566,0.6489873419909107,11
nipa,0.6460782147266393,1.7913166984072395,0.13915037005199454,3
활용 중소,0.6460292473652022,2.152814501320799,0.1718420224775193,4
첨단 디지털,0.6458978098844769,4.864067253002777,0.41699565191715343,3
상용화 기술개발,0.6457797700567396,4.635139430722529,0.3965369669848011,23
안전 품질,0.6456912923083489,2.7082101539104566,0.2224085776632727,3
구매 대금,0.6456485740872868,15.31275405736608,1.36282122771193,7
가치 평가,0.645546395298412,3.3692606089959973,0.28241460405824237,24
개발 클라우드,0.6455362614434923,2.6988299589728793,0.22174415793915953,4
개별 중소,0.6455164963256829,3.0434472580620158,0.2529639459670806,3
역량 글로벌,0.6454858407054842,3.036521635820805,0.2523775132975835,5
장비 기술개발,0.6453063896420226,2.5905156249817876,0.21220314073243246,13
임금,0.6452930437812424,29.854368898072703,2.6826765020728667,31
기술 연구개발,0.6450564511908267,5.886926110841483,0.511495900517432,5
제품,0.6450014407624157,7.708021982651989,0.6768560034896629,379
벤처 활성,0.6449418686833418,3.486958760169383,0.29397500598899046,4
근거리,0.6447790366430006,0.9268242095969463,0.06171696308241757,3
언론 홍보,0.6447462633283926,1.7332006714862904,0.13497579239948543,4
기술 융합,0.6445479724331442,6.457505387175057,0.5646142338761951,22
관리 통합,0.6443574129197384,4.937220196607023,0.4268041444192937,4
미래 핵심,0.6443420025515086,1.89716453119132,0.15022154316959363,7
글로벌 성장,0.6441138384624083,11.137386197323725,0.992026122529466,11
해외 전시,0.6439122968446903,3.7682642488428213,0.3211680404610688,4
조사 전파,0.6438585542686075,26.426004277915276,2.387235299354068,3
예비창업자 창업,0.6438416129754503,22.933803789558926,2.0689656790139734,23
중견기업 재도약,0.6437616550264059,1.2583830611897313,0.09245899817755021,3
역량 성과,0.6437616550264059,1.2583830611897313,0.09245899817755021,3
타당 사전,0.6437616550264059,1.2583830611897313,0.09245899817755021,3
검토 기술개발,0.6437616550264059,1.2583830611897313,0.09245899817755021,3
타당성 검토,0.6437616550264059,1.2583830611897313,0.09245899817755021,3
확인 역량,0.6437616550264059,1.2583830611897313,0.09245899817755021,3
사전 확인,0.6437616550264059,1.2583830611897313,0.09245899817755021,3
접근 중요,0.6437616550264059,1.2583830611897313,0.09245899817755021,3
재도약 성장,0.6437616550264059,1.2583830611897313,0.09245899817755021,3
성과 접근,0.6437616550264059,1.2583830611897313,0.09245899817755021,3
개발 타당,0.6437616550264059,1.2583830611897313,0.09245899817755021,3
진단 개발,0.6437616550264059,1.2583830611897313,0.09245899817755021,3
전시회 참가비,0.6437166526093633,1.2086001987906796,0.08794483966362067,3
자금 투자,0.6436997251439419,1.3826996207757332,0.10384077018924731,4
공급망 컨설팅,0.6432649272927858,7.123618768226281,0.628958077409744,4
서비스 기획,0.6431071983982073,1.2046293054888473,0.08794849434155574,5
전문 산업,0.6430746069080701,4.453868926521683,0.3852546985013577,7
sw 전문,0.6430746069080701,4.453868926521683,0.3852546985013577,7
특별 보증,0.6430557872658571,8.437211828471643,0.7497730852293365,3
수출 전략,0.6428353127210044,20.845099517762225,1.8869754292203256,3
제품 인큐베이팅,0.6428353127210044,20.845099517762225,1.8869754292203256,3
이바지,0.6424728433980736,3.4574201907230613,0.2949883499083372,16
평가 관리,0.642298791312556,4.766421752198286,0.4154211951481638,7
경쟁력 예비,0.6421419509763651,5.7451561218465,0.5056519169804428,4
iot,0.6420326272622969,9.853211102409908,0.8834886069709345,34
결제 자금,0.6418546140452347,23.871315800236786,2.1736173553359683,8
고용,0.6418131916256036,87.11757468960322,7.992548616101196,97
실전,0.6416568225869065,1.9878567142731403,0.16092657732741888,8
ai agent,0.6416510307884616,7.114480412837771,0.6329038894521178,3
공정 장비,0.6416467135980409,4.416152463435129,0.38449607001844166,10
manufacturing organization,0.6416064732912143,1.2086001987906796,0.08921822709792829,3
단순 위탁,0.6416064732912143,1.2086001987906796,0.08921822709792829,3
협업 핵심,0.6416064732912143,1.2086001987906796,0.08921822709792829,3
contract development,0.6416064732912143,1.2086001987906796,0.08921822709792829,3
contract,0.6416064732912143,1.2086001987906796,0.08921822709792829,3
cdmo contract,0.6416064732912143,1.2086001987906796,0.08921822709792829,3
극복 품질,0.6416064732912143,1.2086001987906796,0.08921822709792829,3
역량 한계,0.6416064732912143,1.2086001987906796,0.08921822709792829,3
제조 cdmo,0.6416064732912143,1.2086001987906796,0.08921822709792829,3
기기 기술개발,0.6416064732912143,1.2086001987906796,0.08921822709792829,3
제조 역량,0.6416064732912143,1.2086001987906796,0.08921822709792829,3
제조 기성,0.6416064732912143,1.2086001987906796,0.08921822709792829,3
제조 소재,0.6416064732912143,1.2086001987906796,0.08921822709792829,3
개발 단순,0.6416064732912143,1.2086001987906796,0.08921822709792829,3
방식 탈피,0.6416064732912143,1.2086001987906796,0.08921822709792829,3
품질 중재,0.6416064732912143,1.2086001987906796,0.08921822709792829,3
기성 소재,0.6416064732912143,1.2086001987906796,0.08921822709792829,3
기성,0.6416064732912143,1.2086001987906796,0.08921822709792829,3
부품 구매,0.6416064732912143,1.2086001987906796,0.08921822709792829,3
연구소 병원,0.6416064732912143,1.2086001987906796,0.08921822709792829,3
탈피 완제품,0.6416064732912143,1.2086001987906796,0.08921822709792829,3
cdmo 협업,0.6416064732912143,1.2086001987906796,0.08921822709792829,3
and manufacturing,0.6416064732912143,1.2086001987906796,0.08921822709792829,3
기술 중재,0.6416064732912143,1.2086001987906796,0.08921822709792829,3
구매 방식,0.6416064732912143,1.2086001987906796,0.08921822709792829,3
기술개발 의료,0.6416064732912143,1.2086001987906796,0.08921822709792829,3
플랫폼 cdmo,0.6416064732912143,1.2086001987906796,0.08921822709792829,3
organization,0.6416064732912143,1.2086001987906796,0.08921822709792829,3
manufacturing,0.6416064732912143,1.2086001987906796,0.08921822709792829,3
organization 대학,0.6416064732912143,1.2086001987906796,0.08921822709792829,3
위탁 제조,0.6416064732912143,1.2086001987906796,0.08921822709792829,3
제조 위탁,0.6416064732912143,1.2086001987906796,0.08921822709792829,3
development,0.6416064732912143,1.2086001987906796,0.08921822709792829,3
development and,0.6416064732912143,1.2086001987906796,0.08921822709792829,3
시간,0.6415490776485641,22.346664346655476,2.0361481083981725,32
사전 예방,0.641489029020862,16.324741975266807,1.4819063796515437,6
온라인 플랫폼,0.6414633555541732,14.888852890657622,1.3497773133859603,9
작업장,0.6413119765735679,10.11043920595533,0.9101350781580302,4
단순 기능,0.6411929155574824,1.220853467330251,0.09059909167782564,3
대학 재직자,0.641155228682067,18.762613635166854,1.7090529176024172,5
주체,0.6410926130690487,1.3416022702806047,0.10180390851954194,8
차체,0.6410921185302014,5.824642603892847,0.5155301577547076,5
창업 협력,0.6410319294375951,4.435528684498777,0.38744754264212616,10
검증 상생,0.6409768556745705,1.1473247786202578,0.0839420415543289,3
협력 전략,0.6409768556745705,1.1473247786202578,0.0839420415543289,3
가능 상생,0.6409768556745705,1.1473247786202578,0.0839420415543289,3
도약 중견,0.6409768556745705,1.1473247786202578,0.0839420415543289,3
도전 품목,0.6409768556745705,1.1473247786202578,0.0839420415543289,3
산업 도전,0.6409768556745705,1.1473247786202578,0.0839420415543289,3
혁신 도약,0.6409768556745705,1.1473247786202578,0.0839420415543289,3
생태 중견기업,0.6409768556745705,1.1473247786202578,0.0839420415543289,3
작성 상생,0.6409768556745705,1.1473247786202578,0.0839420415543289,3
컨소시엄 대학,0.6409768556745705,1.1473247786202578,0.0839420415543289,3
전략 작성,0.6409768556745705,1.1473247786202578,0.0839420415543289,3
동력 지속,0.6409768556745705,1.1473247786202578,0.0839420415543289,3
연구 협력,0.6409768556745705,1.1473247786202578,0.0839420415543289,3
활동,0.6409562482811006,4.4944345509604,0.3930308832484809,87
산업 생산,0.6408933802717398,3.119860619837519,0.26618714558743073,12
플랫폼 해외,0.6404763348121706,4.922242570968782,0.4335423084660109,4
홍보 온라인,0.6403866776744982,4.030645818472737,0.3511953542635814,4
용량 효율,0.6403657043181118,1.2308855291491794,0.09203403151825663,3
대체 전기,0.6403657043181118,1.2308855291491794,0.09203403151825663,3
수출 출력,0.6403657043181118,1.2308855291491794,0.09203403151825663,3
철도 모빌리티,0.6403657043181118,1.2308855291491794,0.09203403151825663,3
출력 철도,0.6403657043181118,1.2308855291491794,0.09203403151825663,3
이송 출력,0.6403657043181118,1.2308855291491794,0.09203403151825663,3
온실 가스,0.6403657043181118,1.2308855291491794,0.09203403151825663,3
실증 온실,0.6403657043181118,1.2308855291491794,0.09203403151825663,3
가스 감축,0.6403657043181118,1.2308855291491794,0.09203403151825663,3
해외 의존,0.6403657043181118,1.2308855291491794,0.09203403151825663,3
감축 디젤,0.6403657043181118,1.2308855291491794,0.09203403151825663,3
모빌리티 수요,0.6403657043181118,1.2308855291491794,0.09203403151825663,3
의존 출력,0.6403657043181118,1.2308855291491794,0.09203403151825663,3
친환경 용량,0.6403657043181118,1.2308855291491794,0.09203403151825663,3
온실,0.6403657043181118,1.2308855291491794,0.09203403151825663,3
탄소 나노,0.6403647635822011,2.362361513282035,0.19678549168260676,4
추가,0.6402683243248286,8.432745131419889,0.7591140810195371,35
의료 기술,0.6402179238024911,2.2372655691453778,0.18535424076325885,3
나노 융합,0.6401796251200709,5.701786358522093,0.5063930599972819,10
예방,0.640128513498281,10.349618382253064,0.9372495986478454,83
디지털전환,0.6400757570003636,2.3947660690493624,0.20009907582765268,16
국제 공동,0.6399993598093395,5.398267117156864,0.4786844923595809,24
취득 해외,0.6399339850118251,4.108265097124643,0.3591839199671003,3
폐업,0.6399199550910735,8.851943108741958,0.7992224688456899,15
모바일 마케팅,0.6398218082004399,25.846327765752388,2.376619304343016,4
온라인 모바일,0.6398218082004399,25.846327765752388,2.376619304343016,4
조선업,0.6397890959774111,5.49498291493378,0.4881433804478831,6
타당성 연구,0.6397788317321483,1.648476251683951,0.13115488136119205,3
개편,0.6397040295579562,8.026917258302355,0.723419125145556,24
고도 기술,0.6396848978593875,4.429069989944002,0.3894139851212307,9
저장 시설,0.6394462732495511,24.981052138980065,2.300149710587487,8
판촉 마케팅,0.6393728658204556,12.373301347651774,1.1286504921923894,4
인프라 활용,0.6391199333831546,8.092702140105084,0.731504218239524,42
보조,0.6390694786160102,3.937802932966872,0.3448510616168867,37
출자,0.6390490384488536,1.4118823206584028,0.10970017302652173,12
cvc,0.6389594560807736,2.7567268416383355,0.23502793572709563,4
활성,0.6389064203564404,10.149368083321127,0.9238403969988169,364
인프라 중소,0.6388363924463502,4.429664837522442,0.3910892031362906,4
선별 집중,0.6387842312956272,1.8787432856515895,0.1534024568385434,3
글로벌 비즈니스,0.6384404630631951,2.55002157768636,0.21637275395100097,7
재직자 구직자,0.6379448152952122,14.018451932282732,1.2898795554820432,5
역량 교육,0.6378608551364027,2.978148598654191,0.25711039103712346,24
진단 사전,0.6377148905658854,1.2620247680550285,0.09659184161834702,6
마이크로,0.6376943805517779,6.314258227692779,0.5697816313837641,10
요소,0.6376232446980268,2.2787872181301223,0.19190619224688488,30
멘토링 자금,0.6375821420982571,3.2036947738722024,0.2786153366211537,7
개발 미래,0.637465814537986,1.2325595083573782,0.0939875851190412,4
기관 수요,0.6372920521473402,1.9788688535139667,0.16411472730584883,5
산단 경쟁력,0.6370310583424524,10.26580460372673,0.9427163162949248,5
시행,0.6369321378036438,4.1871184075120444,0.37194936705632586,44
장애인 고용,0.636820471464113,18.06009340808421,1.6763750231138757,5
투자 투자금,0.6365695234233218,1.5394409276990064,0.12342855880922644,3
활성 기술,0.6363885113242833,2.0366175337512913,0.17039206200266646,5
처리 기술,0.6362569450757312,1.7019673545435294,0.13897964209380145,3
체인,0.6362285169726697,4.053366687088854,0.3606282090761766,16
밸류 체인,0.6362285169726697,4.053366687088854,0.3606282090761766,16
기술개발 국제,0.6362066030743191,3.549983329852063,0.31321743945626546,10
여성 제품,0.6361939322106105,1.7827001267837328,0.14664150667191744,3
부가,0.6361162805510406,4.313565237840738,0.38536364470231066,75
기술 ai,0.6359142322562805,3.067144042141319,0.2681058193207462,11
시장 맞춤,0.6358600265161167,6.798162834324708,0.6203985056753727,10
물류 공동,0.6358254725571381,1.6976911854093064,0.13892846200814127,3
산업 반도체,0.635535850323483,1.7633574818940168,0.14537263805255213,3
오프라인,0.6355038930720628,5.621547355169324,0.5101836144918027,49
산학연 협의체,0.6352785798012999,1.6832403792404544,0.13800744542887156,4
국산,0.6352501808565136,8.787754546960167,0.8104839032051783,107
저감 기술개발,0.6352423416140416,4.619520053688567,0.41596973297793804,42
중도,0.6352115196667325,4.383493178221591,0.3936876772962401,7
글로벌 협력,0.6352074713804017,2.013339597209514,0.16931531962161095,11
원전,0.6351182525172295,9.131665880655271,0.8435442281240048,13
로컬,0.6350673506155291,5.435986769703775,0.49366258974019955,8
공동,0.6350306406469594,6.16362389271372,0.562685983531953,221
선택,0.6349737852597416,2.627903437711042,0.22777542845770393,18
취창업자,0.6349377241556969,19.25839331886185,1.804044324735181,4
구직자 취창업자,0.6349377241556969,19.25839331886185,1.804044324735181,4
전략 품목,0.6349052145126018,9.92923474813541,0.9199695230029779,12
가액,0.6346900059046879,1.8519325235784576,0.1544910851026754,3
공급 가액,0.6346900059046879,1.8519325235784576,0.1544910851026754,3
증가,0.6346229306584191,11.923066819435004,1.1103819821670093,41
투자금,0.634602131095392,2.3664007922735206,0.203400159258082,6
수출 해외,0.6345238888006988,5.675218930587876,0.5176533096937526,12
제로트러스트,0.6344283077000173,3.875741992761933,0.34695906831287193,3
성장 동력,0.6343941754576331,3.9068947927797844,0.3499770600846579,45
인원,0.6342212590146785,2.2887815511797944,0.19643716486558901,5
영세,0.6340728297971127,23.29630471818808,2.195112095390217,21
신속,0.6339549043978281,4.8733435750058804,0.44272340855970826,45
글로벌 산업,0.633924322276866,4.8617789004409575,0.44168745532773157,4
공간 책상,0.6336388082032911,1.6281961905930458,0.13409510079696307,3
참가 상담,0.6336388082032911,1.6281961905930458,0.13409510079696307,3
책상,0.6336388082032911,1.6281961905930458,0.13409510079696307,3
플랫폼 활용,0.6335857688656525,2.3825973121952657,0.2060566852233024,7
시간 단축,0.63342817557961,20.467582553268773,1.9315018237748327,25
상품 홍보,0.6333602862260316,1.2603429118351062,0.09921334940601752,3
융자 융자,0.633088677349293,1.658764920413837,0.13745221309799455,3
보유 기술,0.6326483328791626,7.296406496003221,0.6774360127041013,25
소송,0.6324963382603518,2.2636679201878405,0.19586912564372216,4
비용 제품,0.632453775769606,2.051418747143609,0.1755809033953278,5
기관 ai,0.6324315021046545,2.3828435948500037,0.2073557106706479,5
선도 결제,0.6323620049690977,15.426925790412128,1.4575353139154799,7
안정 유도,0.6323620049690977,15.426925790412128,1.4575353139154799,7
연구 자원,0.632265595241683,5.966463564432735,0.5511244289671289,3
발전 이바지,0.632250917777159,3.011999226171882,0.2678807482993109,16
컨설팅 비용,0.6322121460987636,4.432506269983295,0.404158336309004,7
창업 투자유치,0.6321803299681814,3.2122812048254734,0.28718664593635373,4
산업 기술,0.6320403007441531,3.7907034324509885,0.3429006097314685,26
공정 분석,0.631491405504675,2.36991623818253,0.20715446746730937,3
공연 기술,0.6313784020758758,5.04906321528574,0.46512816956815084,6
계층,0.631352110819487,10.315567548660262,0.9721071382017716,37
ai 공급,0.6311295459108078,3.28355327559335,0.2955796787332824,6
성장 글로벌,0.6309015485075095,7.022188328700929,0.6564730038763444,6
소상공인 역량,0.630794153288261,1.7434698148260372,0.14748331876353724,4
재난 손실,0.630794153288261,1.7434698148260372,0.14748331876353724,4
경쟁력,0.6304372375141438,4.346194382595148,0.3992943046033161,370
잠재,0.6304038191745156,3.0078653636631323,0.2700139256384093,15
근무 육아,0.6303353412904465,10.475473524447283,0.9920383824583473,8
민간 투자,0.6303096592736027,7.366153228066639,0.69152682656766,29
생산 경쟁력,0.6302622678547577,2.9819133348625395,0.26769869020794446,6
관광 상품,0.630258451381124,1.0090944587348505,0.07691885124756062,4
참여 한도,0.6301776427847039,5.606195546915317,0.5216880842696348,4
디자인 개발,0.6301699997015514,8.189925805015184,0.7716660267535642,20
규모 기술,0.6301160884997241,0.8107781740511514,0.057806148685524146,3
재해 예방,0.6300743659342658,5.488250454576629,0.5105263592008061,10
근로 시간,0.6299031197811271,26.1033555672774,2.5076011927304513,27
대책,0.6297220483313932,2.052986075093213,0.17839525776967957,5
전환,0.629647275114785,6.351563888118686,0.59526162504914,168
고급 과학,0.6296145394113599,6.776985854310221,0.636607215223167,12
협약,0.629451015563941,4.565673666045302,0.4224979123465713,20
온라인 판로,0.6294132309257758,1.7017753674065967,0.14461006973416818,4
효율 장비,0.6294101350897371,1.4423417556517821,0.1194321974677775,3
sw 테스트,0.629399823003783,2.145538848283841,0.18769455161229442,3
테스트 품질,0.629399823003783,2.145538848283841,0.18769455161229442,3
민간 기술,0.6293967454389402,1.6745729027963292,0.1419834196466276,5
주요 장비,0.6293374687861857,1.501024599119684,0.12518248019162367,3
소속 중도,0.6293045801849791,7.534941586119778,0.711120253077762,6
소득 안정,0.6293045801849791,7.534941586119778,0.711120253077762,6
농가 생산자,0.6293045801849791,7.534941586119778,0.711120253077762,6
화훼 공판장,0.6293045801849791,7.534941586119778,0.711120253077762,6
자금 공판장,0.6293045801849791,7.534941586119778,0.711120253077762,6
공판장 소속,0.6293045801849791,7.534941586119778,0.711120253077762,6
중도 선도,0.6293045801849791,7.534941586119778,0.711120253077762,6
화훼 농가,0.6293045801849791,7.534941586119778,0.711120253077762,6
출하 농가,0.6293045801849791,7.534941586119778,0.711120253077762,6
단체 화훼,0.6293045801849791,7.534941586119778,0.711120253077762,6
oled 시장,0.6292969223547356,3.5137344050347794,0.32066005204291415,5
실증 연구,0.6292300555102831,1.9012862248895803,0.16414229006353875,6
연구 혁신,0.6291668673611781,4.17529246588,0.38514412009255505,4
ict 전략,0.6290700789789351,29.499505455445103,2.8468614195209145,3
항공,0.6288906871968755,5.9039268400757265,0.5538134964279121,28
유통 대면,0.6288361363441237,7.473327790951992,0.7066548523271265,6
병행 농산물,0.6288361363441237,7.473327790951992,0.7066548523271265,6
자금 생산자,0.6288361363441237,7.473327790951992,0.7066548523271265,6
거래 물류,0.6288361363441237,7.473327790951992,0.7066548523271265,6
효율 온라인,0.6288361363441237,7.473327790951992,0.7066548523271265,6
시스템 병행,0.6288361363441237,7.473327790951992,0.7066548523271265,6
도매 유통,0.6288361363441237,7.473327790951992,0.7066548523271265,6
온라인 결제,0.6288361363441237,7.473327790951992,0.7066548523271265,6
대면 거래,0.6288361363441237,7.473327790951992,0.7066548523271265,6
해외 수출,0.6287915603347486,4.968650906267378,0.46305175678728583,29
습득,0.6287408246261086,2.4534063433254967,0.21833404545501933,7
소상공인 업체,0.6286766369385444,4.520462177282235,0.4196665528371933,9
협력 혁신,0.628460147955227,1.7661319505757904,0.15167835062486462,3
홍보,0.6284272749149353,8.087773371587073,0.767870558992893,182
통계,0.6283287086219956,4.237866979150811,0.3928110546660767,16
컨설팅 기술,0.6282101645288263,2.728078803645966,0.24574151953079948,11
생성 ai,0.6280489741251344,11.788846359319564,1.1305208948848133,10
사무 공간,0.6280112575480283,3.2013609521369566,0.2922060190631795,4
사무,0.6280112575480283,3.2013609521369566,0.2922060190631795,4
설치 자금,0.6279247499885929,17.47285618738548,1.686356553013578,6
ai 융합,0.6277023200438812,2.0604599342629384,0.18111070763423148,9
연결,0.6276001824085584,3.7588665753268717,0.3473407933737218,22
전문가 자문,0.6275652271069194,2.9527819854829964,0.2685415443561267,8
자금 자금,0.6274391291628637,16.530845690067746,1.5977624945135527,5
원전 안전,0.6274313117976472,3.36850877181269,0.3094176551582274,3
ai 의료,0.6274239549803402,2.3489164762459325,0.20962267790398148,3
보안 인증,0.6273978951357536,2.1896292505018002,0.19405750705162794,4
뷰티,0.6273345164308198,15.848770567443479,1.5317072179387416,7
위원회,0.6272995464030083,7.508074137781234,0.7150515442152428,13
변환 장치,0.6272458978070264,2.8726708460174177,0.2611290442496468,4
전력 변환,0.6272458978070264,2.8726708460174177,0.2611290442496468,4
구조 혁신,0.6270869353365821,6.756923994353497,0.6421125389058717,6
돌파구 지자체,0.6270789084995935,1.832567301524136,0.15938684784194157,3
안경테 제조,0.6270789084995935,1.832567301524136,0.15938684784194157,3
융합 안경,0.6270789084995935,1.832567301524136,0.15938684784194157,3
안경테,0.6270789084995935,1.832567301524136,0.15938684784194157,3
안경 제조,0.6270789084995935,1.832567301524136,0.15938684784194157,3
융합 안경테,0.6270789084995935,1.832567301524136,0.15938684784194157,3
기술 안경,0.6270789084995935,1.832567301524136,0.15938684784194157,3
성장 돌파구,0.6270789084995935,1.832567301524136,0.15938684784194157,3
제조 프린팅,0.6270789084995935,1.832567301524136,0.15938684784194157,3
돌파구,0.6270789084995935,1.832567301524136,0.15938684784194157,3
보유,0.6270542395244757,4.50712255818454,0.42163126617730534,162
의약,0.6270322945233346,1.9214346272099947,0.16814225546739414,4
집적지,0.6270184794055413,5.736220433313721,0.5422266777669563,5
미래 기술,0.627016348588563,4.380319293264567,0.409273457270782,43
기술사업화 역량,0.6270063325920318,4.995989927802104,0.4696678988410551,3
업체 상품,0.6268492929206542,5.95674083537669,0.5642947399931832,3
홍보 제품,0.6267487952158353,4.593629262814519,0.4307400601286694,3
유사,0.6265842323231563,2.6690896731576026,0.2420105291665771,6
탄소중립 산업,0.626371693285704,10.750275364555396,1.0368972890997974,6
정규직,0.6262737289590219,23.44694735508674,2.286336298218499,25
성장 인식,0.6260995165992678,3.2932770122760187,0.3040635700390302,6
참여 청년,0.6259832073748435,5.59110173174684,0.5305594685861269,3
iot 인프라,0.6257091789322794,2.239522587478218,0.20074520360078524,3
취약 선제,0.6257091789322794,2.239522587478218,0.20074520360078524,3
보급 취약,0.6257091789322794,2.239522587478218,0.20074520360078524,3
시험인증 iot,0.6257091789322794,2.239522587478218,0.20074520360078524,3
실증 시험인증,0.6257091789322794,2.239522587478218,0.20074520360078524,3
대응 중소,0.6257091789322794,2.239522587478218,0.20074520360078524,3
인프라 보급,0.6257091789322794,2.239522587478218,0.20074520360078524,3
중소 기술,0.6257091789322794,2.239522587478218,0.20074520360078524,3
바이어 상담회,0.6256941694470587,6.539864782531521,0.6248385770795097,3
통신부 장관,0.6256008508727554,1.393954856818664,0.11744249927051334,3
전달,0.6255927716883881,1.2843319810220901,0.10663315796918557,7
상담 교육,0.6255371443283371,7.2747357526117815,0.6978088911590701,15
매체 홍보,0.6253206764312139,1.172630806032097,0.09578222990949688,3
육종 전환,0.6249920301621149,19.425411311966403,1.901383256946914,4
배리어프리,0.6249799239349938,14.477970440457439,1.4121036292500266,4
소공,0.6249186105451372,11.542824149838777,1.1220776400667716,4
유통 환경,0.6246418969489567,1.3697595430130993,0.11573233519964843,4
구현,0.6243060622408569,6.0446171522376275,0.5797183859522385,42
mi,0.6242948034832018,1.302017553961295,0.10925744989674205,4
소요 자금,0.6242724335532942,6.759033628534901,0.6506893606193362,14
하청,0.6242369131521863,5.303359976645105,0.5063492439378545,5
센터 맞춤,0.6242012477438094,7.215688694269999,0.6962227277101547,14
실증 수소,0.624186624715054,6.099027766633275,0.5854394281955962,42
경쟁력 기술,0.6241845251357864,1.4062328404452955,0.11967591474129058,7
기술 공정,0.6240577498055667,2.7020933345072695,0.24845387999074195,5
연구개발 내외,0.6240145667737045,2.841453909206268,0.26235065581106537,6
iot 시장,0.6239236242011625,2.302022774917755,0.20887256353809097,3
교류 성과,0.6239236242011625,2.302022774917755,0.20887256353809097,3
비즈니스 교류,0.6239236242011625,2.302022774917755,0.20887256353809097,3
저변 iot,0.6239236242011625,2.302022774917755,0.20887256353809097,3
국내 iot,0.6239236242011625,2.302022774917755,0.20887256353809097,3
해외진출 저변,0.6239236242011625,2.302022774917755,0.20887256353809097,3
데이터 생산,0.6239095733720067,1.5386877875665161,0.1330367134202248,4
보호,0.6238272080749474,7.105705723342592,0.6864806642873702,32
전환 국내,0.6236883605747484,3.5942528797859685,0.33766011424969317,5
서빙로봇,0.6235357927459272,12.048767049934781,1.1793625129844378,3
학습,0.6233785640462005,5.294612794085887,0.507516745196639,23
역량 여성,0.6233732489468021,2.5168178552033003,0.23087297119310335,4
협력 플랫폼,0.623130289695737,2.1180361871996607,0.19140569269021723,7
연구 글로벌,0.6231297656196443,1.7790759236135831,0.15761222680522943,4
품질 공정,0.6230156511392149,2.4658295743339664,0.22621506930328722,4
활성 맞춤,0.6228998063460182,1.9211951581834896,0.1719986276851516,4
유도,0.6225625300875269,4.656307546890491,0.44566482803054325,102
전지,0.6225175684484066,10.828055128831974,1.0626824710860672,48
상용화 가능,0.6225107966956919,2.597634799498333,0.23998480512288,3
기술 인재,0.6224821496601577,9.123426032976283,0.892431188367871,18
제품 신속,0.6224351040889343,5.40052258820264,0.5203509067878163,6
키오스크,0.6221849776149229,15.719245921765767,1.5538698942109774,3
창업기업 해외,0.6221790591349664,3.0981342540339236,0.29049601626605176,3
판촉 홍보,0.622149071283987,1.0434916250072004,0.08483681710308885,4
개발,0.6220420853765863,11.81744132512899,1.1640341128922294,714
창업기업 추천,0.6219661082553924,1.1509394937594455,0.0957074193890613,3
합산,0.6219470759913266,3.7555496527691075,0.3567065480037231,3
대책 기술,0.621856869301433,2.6457357543034323,0.24561428089821732,3
emc emf,0.621856869301433,2.6457357543034323,0.24561428089821732,3
emf,0.621856869301433,2.6457357543034323,0.24561428089821732,3
emc,0.621856869301433,2.6457357543034323,0.24561428089821732,3
emf 안테나,0.621856869301433,2.6457357543034323,0.24561428089821732,3
안전 전자파,0.621856869301433,2.6457357543034323,0.24561428089821732,3
안테나 맞춤,0.621856869301433,2.6457357543034323,0.24561428089821732,3
전자파 제품,0.621856869301433,2.6457357543034323,0.24561428089821732,3
시스템 기술개발,0.6215870419004531,7.791740399213946,0.7623839776191704,42
디지털 혁신,0.6215369913103138,6.663566159063418,0.6493141678615107,20
컨설팅 데이터,0.6214359389102956,3.076070889229737,0.28935808877092645,3
업체 원료,0.6212279652597136,10.646003849525927,1.0505036886957155,3
진단 모델,0.6211852079256741,2.8063256184226386,0.2626031974853489,4
공동 협업,0.6211523138552797,3.4917369596356806,0.3315589762117212,3
클린,0.6210854362255436,8.454785138954717,0.8308000681735266,3
환경 비용,0.6210854362255436,8.454785138954717,0.8308000681735266,3
환경 소공,0.6210854362255436,8.454785138954717,0.8308000681735266,3
클린 제조,0.6210854362255436,8.454785138954717,0.8308000681735266,3
소공 작업장,0.6210854362255436,8.454785138954717,0.8308000681735266,3
심의 위원회,0.6208809171387116,15.351377861758476,1.52575751423176,4
김치 산업,0.6208057272894589,22.558401255519478,2.25193149793943,3
기술 통합,0.6206625900706675,0.6840284491505523,0.04947534398614373,3
일자리 창업,0.6206151104238985,27.40221506246392,2.7419115916606978,3
데이터 활용,0.620547453977965,6.137219105743022,0.5992049470407619,20
딥테크 보유,0.6203834187134931,1.9252196401527413,0.17479244883404152,3
딥테크스케일업밸리,0.6203834187134931,1.9252196401527413,0.17479244883404152,3
기술개발 연구,0.6203004323728698,2.1811817987928115,0.20069970177573337,5
상시,0.620147235075312,4.177897185519326,0.402473784955636,31
디스플레이 마이크로,0.6201138646269829,2.2523557143411734,0.2080858892396889,3
가족 친화,0.6200405170041104,7.205817031319339,0.7085503820685342,5
성장 가능,0.6200213970866585,7.544485147690841,0.7428259818783687,33
사이니지,0.6200085869681384,9.147052625646564,0.9047776972513928,3
대체 수입,0.6199859160904349,2.033607515999129,0.186123671666325,4
맞춤 분석,0.619901478371136,3.08794323417438,0.2927770784475696,3
대부분,0.6197122375814383,1.7977100106042325,0.16253517928005431,4
도전 성공,0.6197104628020016,1.980482574078773,0.18102580789017692,4
케어,0.6194465185467044,2.215373113869606,0.20507249783270365,11
전문 클라우드,0.6193684767962437,2.7894360317181364,0.2633127053238272,5
전자 부품,0.6193557129214724,4.70678778571911,0.4575785352048808,6
승계,0.6192802121035809,3.9087847317177666,0.37686870853237675,6
경량,0.6191867162434014,3.011474604920514,0.28606541995122625,7
확인서,0.6191168407208592,5.078105391731363,0.49574972226579517,8
ir 참여,0.6191129484216028,2.1414526866759913,0.1979369604701564,3
바이어 매칭,0.6189802799245475,2.2521462082530053,0.20930882379180518,12
구조,0.6188382066769857,7.444485401526945,0.736661943878852,57
ai 내재,0.6188193454744145,2.097132054214826,0.19374541311383942,4
기술개발 실증,0.6188013381806635,10.884382465547533,1.0861046263806058,54
창의 아이디어,0.6187243423554387,4.769648887700119,0.4653248577640964,23
글로벌 판로개척,0.6187171809239855,12.373301347651774,1.2377628812911186,4
보증 보험,0.6187070042844973,3.9581365964730235,0.38292113041334985,7
외국 교육,0.6186452768469046,2.237950831031599,0.20823487030359927,6
연구 교류,0.6186452768469046,2.237950831031599,0.20823487030359927,6
연구 외국,0.6186452768469046,2.237950831031599,0.20823487030359927,6
판로 진출,0.6186343328354044,2.580093801364041,0.24301589155042055,6
확산 민간,0.6185985809387419,3.497399508182312,0.3362922993956049,5
민간 통신,0.6185260424257072,2.057845009254764,0.19005440083558633,3
적합 보안,0.6185260424257072,2.057845009254764,0.19005440083558633,3
의료 중심,0.6185260424257072,2.057845009254764,0.19005440083558633,3
도입 확산,0.6185260424257072,2.057845009254764,0.19005440083558633,3
제로트러스트 확산,0.6185260424257072,2.057845009254764,0.19005440083558633,3
금융 의료,0.6185260424257072,2.057845009254764,0.19005440083558633,3
보안 보안,0.6185260424257072,2.057845009254764,0.19005440083558633,3
중심 제로트러스트,0.6185260424257072,2.057845009254764,0.19005440083558633,3
제로트러스트 도입,0.6185260424257072,2.057845009254764,0.19005440083558633,3
환경 적합,0.6185260424257072,2.057845009254764,0.19005440083558633,3
ict 환경,0.6185260424257072,2.057845009254764,0.19005440083558633,3
통신 금융,0.6185260424257072,2.057845009254764,0.19005440083558633,3
수작업,0.6184589205038029,7.677711441051114,0.7616460354586823,3
센서 보급,0.6184589205038029,7.677711441051114,0.7616460354586823,3
위주 생산,0.6184589205038029,7.677711441051114,0.7616460354586823,3
연계 기초,0.6184589205038029,7.677711441051114,0.7616460354586823,3
기초 스마트,0.6184589205038029,7.677711441051114,0.7616460354586823,3
수작업 위주,0.6184589205038029,7.677711441051114,0.7616460354586823,3
공인 수작업,0.6184589205038029,7.677711441051114,0.7616460354586823,3
스마트 기술,0.6184359180612271,16.106545542933187,1.6189955358292534,13
사고,0.6184038387121029,20.34815197035209,2.0506816240942713,14
참가 사전,0.6183215988740006,1.1973634909074242,0.10270317564527849,3
유출,0.6183088225402062,2.421870106607196,0.22731927579564803,5
센서,0.6180011983461522,6.914648511459076,0.6854697856168844,27
db,0.6177646209439205,1.616074518062993,0.14577096174327442,15
구입비,0.6176332136452151,11.512893309097121,1.155882938453045,4
나라,0.6175655479940494,2.71943119376016,0.2585695164625038,4
규제샌드박스 제도,0.6175263683538968,36.12577610504973,3.66939109247597,3
친환경 자동차,0.6174611916720664,1.301615265941915,0.11390766502525171,4
공식,0.6174576642231815,1.0907911749522392,0.09237882108003759,4
그린,0.6173578502118402,7.673595609215445,0.7650195646542048,19
해외 국내,0.6172515251661574,1.5021198459974545,0.13454845327458873,3
계획서 제출,0.6171926641941621,12.502043798036638,1.259268574698668,14
현장 방문,0.6171659057124087,2.9695015487597303,0.28466303326424547,3
시스템 제품,0.6169578230920614,1.7293948288801768,0.1580385543974053,3
조달 기관,0.6168995025778857,17.045428380723376,1.726003526781461,4
수입처 다변,0.6167523397623365,3.0880027929197262,0.29738782866185265,3
수입처,0.6167523397623365,3.0880027929197262,0.29738782866185265,3
거래 기관,0.6167454654756918,1.1854525050768578,0.10250548352614586,4
확충 공공,0.616703699405229,19.904934333854463,2.020447745661371,3
자율 이행,0.616703699405229,19.904934333854463,2.020447745661371,3
동력 확충,0.616703699405229,19.904934333854463,2.020447745661371,3
이행 자금,0.616703699405229,19.904934333854463,2.020447745661371,3
자금 글로벌,0.616703699405229,19.904934333854463,2.020447745661371,3
설계 자율,0.616703699405229,19.904934333854463,2.020447745661371,3
성장 클럽,0.616703699405229,19.904934333854463,2.020447745661371,3
성장 설계,0.616703699405229,19.904934333854463,2.020447745661371,3
규제샌드박스 상담,0.6166945933806617,21.33646532317556,2.1672014899865086,3
서류 컨설팅,0.6166945933806617,21.33646532317556,2.1672014899865086,3
상담 서류,0.6166945933806617,21.33646532317556,2.1672014899865086,3
컨설팅 심의,0.6166945933806617,21.33646532317556,2.1672014899865086,3
위원회 특례,0.6166945933806617,21.33646532317556,2.1672014899865086,3
활성 규제샌드박스,0.6166945933806617,21.33646532317556,2.1672014899865086,3
안정 활성,0.6166945933806617,21.33646532317556,2.1672014899865086,3
국제기구,0.6166609581075948,12.549435209120002,1.267073959602439,12
우수 공공,0.6164323035912748,1.6907997076917447,0.15454274793041695,3
제품 안전,0.6162375007300612,11.28824237642483,1.1399636421941748,5
ce,0.6161574266644768,15.017733140717853,1.523357568529383,4
상용화 시제품,0.6161405262291733,1.2966071696637866,0.11431174445993064,7
스마트상점기술보급,0.6159487971782829,7.11619591508288,0.7126008203738085,3
도입 소상공인,0.6159487971782829,7.11619591508288,0.7126008203738085,3
서빙로봇 경영,0.6159487971782829,7.11619591508288,0.7126008203738085,3
서비스 핵심,0.6159186027661772,3.0526511756805177,0.29498080270366606,4
오픈소스 상용화,0.6158775718521434,1.3800892680037873,0.12307764430783262,3
오픈소스,0.6158775718521434,1.3800892680037873,0.12307764430783262,3
제품 소재,0.6158133617738331,5.924676592437601,0.5904992519605401,3
완성,0.6156400678991244,2.1368269009532623,0.2011329319706467,6
한계,0.6156218544396683,7.845446728619704,0.7887137338524958,54
풍력 발전,0.6155133366730962,7.274163065195927,0.7302719119334373,41
실증 글로벌,0.6155061876590431,2.5317959238788412,0.24194723447796612,6
xaas 모델,0.6153833102788658,3.1485699008212635,0.30564452211860665,5
확산 역량,0.6151688510534165,16.741882346162594,1.7077431686859106,3
공개 sw,0.6151688510534165,16.741882346162594,1.7077431686859106,3
산업 공개,0.6151688510534165,16.741882346162594,1.7077431686859106,3
파운드리,0.6150234975698151,1.987853266159922,0.18641598734887904,6
반도체 핵심,0.6150162802786998,1.4746324902949741,0.13346447017771132,6
민관 협력,0.6149185737058182,3.432929359904298,0.33569823184468234,10
솔루션,0.6148738583021693,7.439799799496369,0.7494846727023053,51
bd 네트워크,0.614758389392296,1.6832403792404544,0.15521387258939198,4
양성 협동,0.6147492696820755,1.3843099797065568,0.12434065362961103,3
교류 인재,0.6147492696820755,1.3843099797065568,0.12434065362961103,3
안정,0.6147451984707426,10.512424626136232,1.067343298493439,135
기술 중개,0.6147244857054113,1.2358433614653546,0.10901989181370628,4
설치 비용,0.6144595711097157,7.129051288255271,0.718743027163473,8
첨단 산업,0.6142530181760651,2.557472899979395,0.24615446020146803,16
가수,0.6142498468986524,9.598402210453042,0.9750594540689697,6
매매 결제,0.6142498468986524,9.598402210453042,0.9750594540689697,6
매매,0.6142498468986524,9.598402210453042,0.9750594540689697,6
농산물 출하,0.6142498468986524,9.598402210453042,0.9750594540689697,6
자금 가수,0.6142498468986524,9.598402210453042,0.9750594540689697,6
출하 유도,0.6142498468986524,9.598402210453042,0.9750594540689697,6
가수 매매,0.6142498468986524,9.598402210453042,0.9750594540689697,6
자금 농산물,0.6142498468986524,9.598402210453042,0.9750594540689697,6
제품 해외,0.6141939353125414,5.3982510069625125,0.54038475895884,5
본격 기술개발,0.6141399335584837,1.1473247786202578,0.10024475279298327,3
혁신 검증,0.6141399335584837,1.1473247786202578,0.10024475279298327,3
아이템 본격,0.6141399335584837,1.1473247786202578,0.10024475279298327,3
검증 아이템,0.6141399335584837,1.1473247786202578,0.10024475279298327,3
투자 자금,0.6138276977776844,4.194758656108422,0.4164860244487772,18
로보틱스,0.6138161685867075,2.1895438022417513,0.20854181958378004,3
빌딩,0.6137721777012383,3.283932018617955,0.32211317845945775,33
기기,0.6136369490933393,10.768927147879667,1.0992040580772804,55
배달,0.6136201366010842,1.7008493232865793,0.15802978690998556,5
안심,0.6135818022631099,2.368038469997673,0.2273280680064567,5
식사,0.6133727887318009,2.8063344087787367,0.27311471113927493,5
보급 기준,0.6132913394658324,1.2246624853132753,0.1088222230537638,4
환경 측정,0.6132658663063502,4.42057376216821,0.4410670714367297,3
기술 iot,0.6132557792810808,7.251580073060288,0.7353949289301324,5
라이브,0.6129380304836525,2.91010356297436,0.28450963238788285,8
온라인 시장,0.6128551122157394,1.5456073441986724,0.14253588446673277,4
전자파,0.6126437639832573,11.087658349764453,1.137246403412756,11
탄소중립 핵심,0.6124505780162319,1.4579153682926749,0.13371706392606786,5
판로 여성,0.6124265106441532,2.1966292236574785,0.21080010279874303,3
자발,0.6123690806244875,15.002898177178155,1.547167322745584,14
부문 기술,0.6122994455215128,1.5293555815849822,0.14129087787133965,3
로드맵 산업,0.6122994455215128,1.5293555815849822,0.14129087787133965,3
비용 융자,0.6122354775387688,4.486713484605377,0.4501095131019711,4
iot 센서,0.6121498812481672,5.459193727214012,0.5518596255391129,5
연료 전지,0.6121001168605763,7.435897664205801,0.7584840219034154,42
재생에너지 핵심,0.612076301714222,4.407821257689747,0.44220254005743537,41
건강 일터,0.6118288437033755,12.384383187982909,1.2769472205943475,9
시연,0.6117584711103655,5.548951517239672,0.5622426064699946,4
경쟁력 자원,0.6116982268305803,4.296237886886045,0.43131035524739614,41
태양,0.6116982268305803,4.296237886886045,0.43131035524739614,41
기술개발 설치,0.6116982268305803,4.296237886886045,0.43131035524739614,41
발전 단지,0.6116982268305803,4.296237886886045,0.43131035524739614,41
lcoe 저감,0.6116982268305803,4.296237886886045,0.43131035524739614,41
태양 전지,0.6116982268305803,4.296237886886045,0.43131035524739614,41
기여 태양광,0.6116982268305803,4.296237886886045,0.43131035524739614,41
계통 연계,0.6116982268305803,4.296237886886045,0.43131035524739614,41
해상 풍력,0.6116982268305803,4.296237886886045,0.43131035524739614,41
대형 해상,0.6116982268305803,4.296237886886045,0.43131035524739614,41
실증 풍력,0.6116982268305803,4.296237886886045,0.43131035524739614,41
풍력 풍력,0.6116982268305803,4.296237886886045,0.43131035524739614,41
국내 보급,0.6116982268305803,4.296237886886045,0.43131035524739614,41
단지 lcoe,0.6116982268305803,4.296237886886045,0.43131035524739614,41
풍력 수출,0.6116982268305803,4.296237886886045,0.43131035524739614,41
연계 풍력,0.6116982268305803,4.296237886886045,0.43131035524739614,41
재생에너지 연관,0.6116982268305803,4.296237886886045,0.43131035524739614,41
기술 선점,0.6116982268305803,4.296237886886045,0.43131035524739614,41
시공 계통,0.6116982268305803,4.296237886886045,0.43131035524739614,41
보급 해외,0.6116982268305803,4.296237886886045,0.43131035524739614,41
안보 기여,0.6116982268305803,4.296237886886045,0.43131035524739614,41
안보,0.6116982268305803,4.296237886886045,0.43131035524739614,41
시장 기술개발,0.6116982268305803,4.296237886886045,0.43131035524739614,41
전지 수소,0.6116982268305803,4.296237886886045,0.43131035524739614,41
자원 안보,0.6116982268305803,4.296237886886045,0.43131035524739614,41
설치 시공,0.6116982268305803,4.296237886886045,0.43131035524739614,41
부가 시장,0.6116982268305803,4.296237886886045,0.43131035524739614,41
수소 수소,0.6116982268305803,4.296237886886045,0.43131035524739614,41
선점 대형,0.6116982268305803,4.296237886886045,0.43131035524739614,41
진출 부가,0.6116982268305803,4.296237886886045,0.43131035524739614,41
선점 재생에너지,0.6116982268305803,4.296237886886045,0.43131035524739614,41
발전 시스템,0.6116982268305803,4.296237886886045,0.43131035524739614,41
lcoe,0.6116982268305803,4.296237886886045,0.43131035524739614,41
풍력,0.6116815732498251,10.829947477648822,1.1150982262244415,42
제조 환경,0.6116155200896298,6.6405984499177615,0.6768840455385831,5
의욕,0.6115122006757014,8.10001688098632,0.8300376493151616,7
도입 데이터,0.6114625352208576,7.677711441051114,0.785986520732527,3
수집 연계,0.6114625352208576,7.677711441051114,0.785986520732527,3
자동 기기,0.6114625352208576,7.677711441051114,0.785986520732527,3
기기 도입,0.6114625352208576,7.677711441051114,0.785986520732527,3
우수 소상공인,0.611432634402353,1.1564728954664731,0.10292718775803857,3
청과,0.6113454563667531,5.668970967591091,0.5758858209517882,6
청과 출하,0.6113454563667531,5.668970967591091,0.5758858209517882,6
관계자 선도,0.6113454563667531,5.668970967591091,0.5758858209517882,6
시장도매인,0.6113454563667531,5.668970967591091,0.5758858209517882,6
시장도매인 중도매인,0.6113454563667531,5.668970967591091,0.5758858209517882,6
시장 법인,0.6113454563667531,5.668970967591091,0.5758858209517882,6
시장 관계자,0.6113454563667531,5.668970967591091,0.5758858209517882,6
법인 시장도매인,0.6113454563667531,5.668970967591091,0.5758858209517882,6
융자 청과부,0.6113454563667531,5.668970967591091,0.5758858209517882,6
중도매인 도매,0.6113454563667531,5.668970967591091,0.5758858209517882,6
청과부 공판장,0.6113454563667531,5.668970967591091,0.5758858209517882,6
청과부,0.6113454563667531,5.668970967591091,0.5758858209517882,6
유도 공판장,0.6113454563667531,5.668970967591091,0.5758858209517882,6
공판장 선도,0.6113454563667531,5.668970967591091,0.5758858209517882,6
공판장 청과,0.6113454563667531,5.668970967591091,0.5758858209517882,6
혁신 탐색,0.6113367265174948,1.083645506327069,0.09535645820414658,5
기술 시장,0.6111937679931028,1.763716958901684,0.1667598360121169,4
인프라 대학,0.6111910965206893,18.998839436527675,1.9741489891438107,6
노후,0.6111621589469952,8.126456092176868,0.8341080139517812,19
기술개발 재생에너지,0.6109361987299408,4.871316974104518,0.49322766828042175,41
기술 기술,0.610899658725977,7.882917191653456,0.8095146139198565,16
인프라,0.610882473977142,7.1968883326098645,0.7375418408240341,177
공급망 실사,0.6108573406514962,3.2256198590771405,0.32058692734766975,5
농산물 도매,0.6105026556208082,9.099565025640208,0.9389067072134623,6
이차전지,0.6104223821375092,6.477128461843277,0.6633441660331189,22
대외,0.6102179388215284,3.8859192131630027,0.391112074968889,26
sw 안전,0.6101953335215777,16.230498673963147,1.69111996178032,4
실증 ai,0.6101866241011036,3.553787774119093,0.3561932325645351,8
수출 성장,0.6101479858768029,7.967534390179756,0.821148495012173,5
연계 시스템,0.6101103691872294,2.266920829788285,0.22075944511832574,4
용역,0.6098145102684277,1.8376677536142663,0.1758207570935228,12
확인 제도,0.6097374660295944,1.9403041665230645,0.1867230013531884,5
손실,0.6097197220574366,3.671968986282714,0.36946134365184835,42
활성 ict,0.6096913453852487,7.357936844404436,0.7584913238935738,6
ai 혁신,0.6096412709487173,3.9755870926392682,0.40164719187272346,3
헬스케어,0.6095724477893496,2.774841301953061,0.2749998704915594,6
국민 생활,0.6093443231927678,2.708273173423033,0.26827632914031807,9
개발 고도,0.6092398086630241,7.065481645346249,0.7291051652604035,12
연비,0.6092207594716673,1.3426260079936077,0.12403969986215259,3
친환경 부문,0.6092207594716673,1.3426260079936077,0.12403969986215259,3
기관 이산화탄소,0.6092207594716673,1.3426260079936077,0.12403969986215259,3
이산화탄소 배출,0.6092207594716673,1.3426260079936077,0.12403969986215259,3
이산화탄소,0.6092207594716673,1.3426260079936077,0.12403969986215259,3
저감 연비,0.6092207594716673,1.3426260079936077,0.12403969986215259,3
친환경 내연,0.6092207594716673,1.3426260079936077,0.12403969986215259,3
성능 친환경,0.6092207594716673,1.3426260079936077,0.12403969986215259,3
자동차 일몰,0.6092207594716673,1.3426260079936077,0.12403969986215259,3
연비 성능,0.6092207594716673,1.3426260079936077,0.12403969986215259,3
인공지능 ai,0.6089752939132506,1.4127963716013778,0.1316466000995499,9
성장 역량,0.6086367209317711,9.941710917787523,1.03595660784026,5
시설 생산,0.608616059434944,4.358097573575389,0.44414519273365305,7
경쟁력 디지털,0.6084804016418074,3.1020312326857136,0.3111982106379766,3
고용 고용,0.6084457027281475,19.981844459287373,2.1019198966586847,28
투자 연계,0.608434322251408,5.19891280234599,0.5337231682750749,31
설비 자금,0.6083989909636717,16.09132369056152,1.689541005407773,6
용도,0.6083940517233135,1.6730615569847986,0.15970622727722003,3
시험 비용,0.608362266639207,5.217266893552175,0.5358474821752498,5
기술 스케일,0.6082186853946778,1.912662930561121,0.18530260109708063,3
양자 협력,0.6081001095677311,1.6809077306160711,0.1607986350643032,4
솔루션 ai,0.6080875481390898,1.820779105925036,0.1756701062457549,3
임상 의사,0.6080875481390898,1.820779105925036,0.1756701062457549,3
가치 임상,0.6080875481390898,1.820779105925036,0.1756701062457549,3
결정 시스템,0.6080875481390898,1.820779105925036,0.1756701062457549,3
시스템 cdss,0.6080875481390898,1.820779105925036,0.1756701062457549,3
cdss 개발,0.6080875481390898,1.820779105925036,0.1756701062457549,3
의료 솔루션,0.6080875481390898,1.820779105925036,0.1756701062457549,3
cdss,0.6080875481390898,1.820779105925036,0.1756701062457549,3
장비 부품,0.6080844207841484,0.892722572937591,0.07707222811640706,6
법령,0.6080065563467987,4.636514508151604,0.475000774070982,5
모니터링 차단,0.6079584644338588,37.89360255614352,4.01035501886315,3
디자인 활용,0.6079424585890264,1.3141280071776398,0.12194659810296618,3
편의,0.6078208677831679,4.103101015737624,0.41867501766899967,18
멘토링 교육,0.6077183109290542,4.957900188703296,0.5098339449311817,3
중소 부품,0.6072515609817052,1.6738292643800865,0.16079557976939227,3
검증 sw,0.6069650323693003,1.5871681101358095,0.15179835572805128,3
생산 학습,0.6069650323693003,1.5871681101358095,0.15179835572805128,3
학습 sw,0.6069650323693003,1.5871681101358095,0.15179835572805128,3
악취,0.606168619094152,40.24468312605262,4.292739766805953,9
지능 반도체,0.606046389486199,1.616207268929371,0.15568834224461534,4
실증 자금,0.6057506863234754,2.9527645279717456,0.29934089845750933,3
기술개발 소부장,0.6057356614763547,2.1543801074121833,0.21369974761870136,3
역량 sw,0.605678003416178,16.230498673963147,1.7244335710134653,4
소상공인 경쟁력,0.6055867217238403,4.466781808303957,0.46212952726074863,4
창업자 여성,0.6053639687631419,5.587808890270026,0.5830758978996737,10
여성 예비,0.6053639687631419,5.587808890270026,0.5830758978996737,10
보관,0.6053148234898373,3.083574585066103,0.3140390294276812,6
모바일,0.6052226338238517,12.665705963634046,1.3445104496158706,12
샘플,0.6049997649082672,5.411844458858738,0.5651031556024959,13
세계 최고,0.6049847992953825,2.283974565017495,0.22847854826645986,11
적용 기술,0.6049260701663587,1.6366106779847793,0.15885191956496708,9
수출 인증,0.604878688810131,0.6006241097250119,0.04733709999855604,4
보호 안전,0.6048778059430899,3.253692327077212,0.33302396166429066,8
모듈,0.6047433637313754,6.735297436895764,0.7083550453030322,24
원천 기술,0.6046854506990496,1.066191799149406,0.09758923739220132,3
명의,0.6046579714459915,1.5803058147751265,0.1530177389457411,5
소비 유통,0.6043434208948832,1.3046830376264045,0.12353911190061383,6
영역,0.6041823497824043,4.1960560534332885,0.4359105927939626,9
회사채 발행,0.6038802853345995,8.303370039024884,0.8806556025026002,3
소상공인 사업장,0.6037983594387157,5.198552025322584,0.5451300535244503,4
개발 시설,0.603730876596734,10.537066244470159,1.122921353682948,4
협업 제품,0.6036213430125945,1.7377593212199662,0.1709437969132167,4
기술 제조,0.6034579370058726,1.5386647219168634,0.1495282528170456,4
단기 중장기,0.6033740438301272,7.950285493613664,0.844366306676475,3
출하 융자,0.6032145944348494,8.246496001848385,0.877081347343803,6
오프라인 판로,0.6031427828345877,1.9246319762212039,0.19165530591193902,6
제출 승인,0.6030137391162784,10.084851121316314,1.0773652497794086,12
직접 고용,0.6030137391162784,10.084851121316314,1.0773652497794086,12
사업주 소속,0.6030137391162784,10.084851121316314,1.0773652497794086,12
승인 사업주,0.6030137391162784,10.084851121316314,1.0773652497794086,12
단축 유연,0.6030137391162784,10.084851121316314,1.0773652497794086,12
신청서,0.6030137391162784,10.084851121316314,1.0773652497794086,12
전환 직접,0.6030137391162784,10.084851121316314,1.0773652497794086,12
안정 사업주,0.6030137391162784,10.084851121316314,1.0773652497794086,12
균형 고용,0.6030137391162784,10.084851121316314,1.0773652497794086,12
참여 신청서,0.6030137391162784,10.084851121316314,1.0773652497794086,12
근로자 정규직,0.6030137391162784,10.084851121316314,1.0773652497794086,12
장려금 참여,0.6030137391162784,10.084851121316314,1.0773652497794086,12
신청서 계획서,0.6030137391162784,10.084851121316314,1.0773652497794086,12
안정 근로자,0.6030137391162784,10.084851121316314,1.0773652497794086,12
창업기업 선별,0.6030004346487319,1.8294454904030073,0.1814684596447102,3
첨단 제조,0.6029970288913223,3.4206509763816557,0.3541677937869649,15
취득 글로벌,0.6025449006852086,2.873165097678724,0.29539988707170917,3
정책,0.6024128372424337,3.227757438046458,0.33416887052777466,69
선순환 구조,0.6023678880174195,2.965957142419397,0.30575262273741916,8
시스템 도입,0.6020719796914445,14.336564391219666,1.5450382598816372,4
혁신 해외,0.6019867649863855,5.380569360369183,0.5694885139091677,8
진단 치료,0.6018045954760668,2.346515648859676,0.23902554630540934,8
인공지능 의료,0.601791769835639,3.873114149010807,0.4055609952174967,6
작성,0.6017196600325434,6.593302462385527,0.7025030641420299,29
수출 농가,0.6015811785494881,8.558535697800332,0.9174922981960572,4
캠페인,0.6014599963889163,1.0383952849236233,0.09655516611859342,5
장관 표창,0.6013693389402981,1.9297294802963703,0.1940080362487639,8
화장품,0.6013213336351324,14.060403113503076,1.5198594015382758,8
맞춤 기술,0.6012307936780362,6.6709737065904635,0.7125314973457622,20
사전 교육,0.6012045582484119,1.9592027278546629,0.19739860812862922,5
마케팅 컨설팅,0.6010613099536033,6.9048951393391125,0.7386645010233606,13
사항,0.6010479717644233,4.746769478030942,0.5025704155753804,53
구조 설계,0.6007299974309367,4.019030066979452,0.4235700507610774,4
물류 이송,0.600721400340579,1.9173184323651056,0.19330842116820432,4
이송,0.600721400340579,1.9173184323651056,0.19330842116820432,4
가치,0.6006515858247923,4.3205455848979595,0.45677070806311904,89
활용,0.6006153610268786,3.6981970525909014,0.3886281233375774,430
다차원,0.6004401030315357,1.9698083330184863,0.1993518201120547,3
통합,0.6004317156874719,4.1047029376184145,0.433557551820901,110
선별 민간,0.6003723505655184,1.5871501966190653,0.15743442639649974,3
연계 고급,0.6003723505655184,1.5871501966190653,0.15743442639649974,3
민간 역량,0.6003723505655184,1.5871501966190653,0.15743442639649974,3
체제,0.6002840924436901,3.518365961781308,0.369494666898623,10
저장 운송,0.6002732007373375,4.2758315736887536,0.4526622750331276,42
역량 전문,0.6001453178202404,1.0856871652288762,0.10255481071693341,3
이차전지 첨단,0.5998875098305438,2.9986557086476857,0.3130470443140213,7
기술 경영,0.5998557514777487,8.496346196017313,0.9176385988569388,22
우대,0.5997766210229364,3.8657261095452573,0.4085920540647111,23
건조 저장,0.5997365135851175,28.41501168480989,3.109527425394708,5
기술개발 세계,0.5996904852415172,1.6505118240401584,0.16499686755077975,3
기관 산업,0.5996709673020307,0.9834989111734913,0.09161100588454728,4
기술 컨설팅,0.599663685348399,2.2686983658559114,0.2330530386768392,24
바이오 첨단,0.5996574202430633,1.187679365917049,0.11408988695111474,3
소재 기술개발,0.5996157180390359,4.199511523214652,0.4456403570984583,8
상업,0.5991711724569043,1.5759187699741146,0.15723645174548054,8
제도 도입,0.599125624359974,12.866033886559869,1.4025537180824061,40
핵심 주체,0.5986806660044509,1.9002245485965124,0.19349667453082878,4
기관 보유,0.5985842895189821,1.7497468899726276,0.1769595250446966,9
고도,0.5985630113018041,6.138753863194994,0.6622137215219256,266
성장 산업,0.5985486317896839,3.957510313422567,0.42109083837510514,19
대학 연구,0.5983502860981673,15.73860120686346,1.7251117773095528,111
실증 재생에너지,0.5982579011492611,1.4493556488538366,0.14401553246080498,11
수여,0.5982418790835946,1.864281994065958,0.1899626913125934,13
개척 공동,0.59789381940107,1.8927573255870997,0.19346731036761386,3
물류 종사자,0.5978329390352516,4.917493352495819,0.5289510638214133,3
법률 회계,0.5977205771435988,4.856148903008536,0.5224158308716162,3
ai 서비스,0.597509974812519,7.763571632821206,0.8457635621716981,18
조달 네트워크,0.5975021441672947,12.325829347600568,1.3524116987428512,4
원전 산업,0.5973335961451555,1.94061489506291,0.1993532755672865,6
화장품 산업,0.5973007479466329,7.550209791187441,0.8228303890084762,4
노후 산단,0.5972692895887904,18.40292449311136,2.029258858627843,3
bm,0.5972307653956529,2.3920233449039228,0.24964344291336,18
소재 개발,0.5970738789334786,3.4545244516061473,0.3680353306989505,26
보조 서비스,0.597040830872466,2.5286169408109926,0.2650773611556634,4
고도 현장,0.5968780518604547,1.6820888215184602,0.17104311993864635,3
디자인,0.5968587361206764,16.18066752608746,1.7853772628236415,90
활성 우수,0.5965646961970296,2.998868075677942,0.3181246489274129,7
활동비,0.5965009670851312,3.576835397696878,0.3826705391313554,9
정보 참조,0.5964928778033949,1.7019714230018759,0.17361435072844159,10
문구 정보,0.5964928778033949,1.7019714230018759,0.17361435072844159,10
평가 인증,0.596483201073488,2.368504404249059,0.247953074728742,20
수집 분석,0.5964496563387895,14.494416765503058,1.600427989635568,7
초기 스타트업,0.5962061835710131,6.227994968258084,0.6791904083614678,5
전문 컨설턴트,0.5960896998625693,3.1217231101073186,0.3325745917646609,4
운용 기술,0.5960468002715338,10.293519083043947,1.133870817770886,12
제품 성능,0.5960371765983423,1.8835843884901884,0.19432853271602873,8
실사 에코디자인법,0.5959796359868336,1.4090044923406855,0.1413524005198849,3
공급망 규제,0.5959796359868336,1.4090044923406855,0.1413524005198849,3
개별 공급망,0.5959796359868336,1.4090044923406855,0.1413524005198849,3
실사 개별,0.5959796359868336,1.4090044923406855,0.1413524005198849,3
진행 eu,0.5959796359868336,1.4090044923406855,0.1413524005198849,3
에코디자인법,0.5959796359868336,1.4090044923406855,0.1413524005198849,3
에코디자인법 탄소중립,0.5959796359868336,1.4090044923406855,0.1413524005198849,3
eu 공급망,0.5959796359868336,1.4090044923406855,0.1413524005198849,3
전문 디자인,0.5958849267396096,1.3545632395274705,0.13534144821552613,3
지역 거점,0.5958832130625187,4.039690732714159,0.43552721037043934,9
변화 대응,0.595853988576818,3.7316544504364333,0.4011449710376572,32
디지털 육종,0.5958310114242148,18.925331989852875,2.1001369277024478,5
강소기업 강소기업,0.5958067973768506,1.2724115966691696,0.12621451346481774,3
품목 집중,0.5958067973768506,1.2724115966691696,0.12621451346481774,3
국산 선도,0.5958067973768506,1.2724115966691696,0.12621451346481774,3
집중 소부장,0.5958067973768506,1.2724115966691696,0.12621451346481774,3
소부장 국산,0.5958067973768506,1.2724115966691696,0.12621451346481774,3
led,0.5957345428638242,2.5131622080755185,0.26506304785542306,7
중심 기술개발,0.5956838313963435,1.8040675719892825,0.185790339214685,3
acdchybrid,0.5953742471238657,1.2755132878987405,0.12687873855760703,9
정액,0.5952855515460377,5.8533583179108435,0.6399965787866478,5
컨설팅 ai,0.5952130538422875,2.087876552105999,0.21806849085705285,3
네트워크 기술개발,0.5951495557189144,1.882737385335986,0.19513561037809468,4
경험,0.5951060750361579,4.074212465554222,0.44096800162759126,19
우수 활용,0.595024946508166,5.822961878323723,0.637332972330249,3
비용 부스,0.5948419020886943,9.444417847966347,1.0444705341354172,5
시장 다변,0.5947154623585633,5.95674083537669,0.6532447081529738,3
맞춤 진단,0.5946090107280984,2.539059913224526,0.26944886198129103,5
치료 제품,0.5946090107280984,2.539059913224526,0.26944886198129103,5
효능,0.5945990207018257,1.1297900382773673,0.11107044450190356,6
육상지중저장소 실증,0.5945069244581753,1.2589974534419386,0.12565951316991616,3
소멸지역,0.5945069244581753,1.2589974534419386,0.12565951316991616,3
소멸지역 탄소,0.5945069244581753,1.2589974534419386,0.12565951316991616,3
탄소 육상,0.5945069244581753,1.2589974534419386,0.12565951316991616,3
육상지중저장소,0.5945069244581753,1.2589974534419386,0.12565951316991616,3
평가 저장소,0.5945069244581753,1.2589974534419386,0.12565951316991616,3
저장 시범,0.5945069244581753,1.2589974534419386,0.12565951316991616,3
갱도 활용,0.5945069244581753,1.2589974534419386,0.12565951316991616,3
정립 소멸지역,0.5945069244581753,1.2589974534419386,0.12565951316991616,3
시범 육상지중저장소,0.5945069244581753,1.2589974534419386,0.12565951316991616,3
이산화 탄소,0.5945069244581753,1.2589974534419386,0.12565951316991616,3
이산화,0.5945069244581753,1.2589974534419386,0.12565951316991616,3
기준 정립,0.5945069244581753,1.2589974534419386,0.12565951316991616,3
활용 이산화,0.5945069244581753,1.2589974534419386,0.12565951316991616,3
저장소,0.5945069244581753,1.2589974534419386,0.12565951316991616,3
갱도,0.5945069244581753,1.2589974534419386,0.12565951316991616,3
저장소 보급,0.5945069244581753,1.2589974534419386,0.12565951316991616,3
육상 저장,0.5945069244581753,1.2589974534419386,0.12565951316991616,3
병행,0.5943329180186022,9.497849126957531,1.052795869788515,20
전문 기관,0.5942541679757091,5.576039569819709,0.6117423659050988,25
표창 수여,0.5942431420939218,1.8260347323529702,0.1896768102067727,5
기술 지식,0.5941691618032579,1.0392974847917271,0.10116903096162708,3
산업 협동,0.5941691618032579,1.0392974847917271,0.10116903096162708,3
학생 산업체,0.5941691618032579,1.0392974847917271,0.10116903096162708,3
적용 인건비,0.5941691618032579,1.0392974847917271,0.10116903096162708,3
이전 창업,0.5941691618032579,1.0392974847917271,0.10116903096162708,3
소스 수요,0.5941691618032579,1.0392974847917271,0.10116903096162708,3
교류 기술,0.5941691618032579,1.0392974847917271,0.10116903096162708,3
상용화 오픈,0.5941691618032579,1.0392974847917271,0.10116903096162708,3
홍보 오픈소스,0.5941691618032579,1.0392974847917271,0.10116903096162708,3
상용화 수요,0.5941691618032579,1.0392974847917271,0.10116903096162708,3
지식 발전,0.5941691618032579,1.0392974847917271,0.10116903096162708,3
발전 주도,0.5941691618032579,1.0392974847917271,0.10116903096162708,3
테스트 장비,0.5941691618032579,1.0392974847917271,0.10116903096162708,3
장비 포함,0.5941691618032579,1.0392974847917271,0.10116903096162708,3
주도 고급,0.5941691618032579,1.0392974847917271,0.10116903096162708,3
포함 제품,0.5941691618032579,1.0392974847917271,0.10116903096162708,3
창업 과학,0.5941691618032579,1.0392974847917271,0.10116903096162708,3
기기 글로벌,0.5941644899871916,1.187679365917049,0.11787908604178304,3
바이오 신약,0.5941644899871916,1.187679365917049,0.11787908604178304,3
진단 가능,0.5941644899871916,1.187679365917049,0.11787908604178304,3
탑재 의료,0.5941644899871916,1.187679365917049,0.11787908604178304,3
기기 디지털,0.5941644899871916,1.187679365917049,0.11787908604178304,3
부스 설치,0.5940640585059466,3.1017719543294726,0.3335569336851878,3
기관 민간,0.5939236327309292,1.250224678260657,0.1250961964820942,5
마케팅 지역,0.5937968724447362,4.140251232215988,0.4510885142197732,5
수출 여건,0.5937121653736651,11.174351592773009,1.2447590881119328,4
첨부 파일,0.5935364691231977,1.6058863355386337,0.16552775801804903,3
첨부,0.5935364691231977,1.6058863355386337,0.16552775801804903,3
파일,0.5935364691231977,1.6058863355386337,0.16552775801804903,3
참여 혜택,0.5933428175383028,0.8951021323154994,0.08539665608522386,3
반도체 기술개발,0.5933336401911988,4.247081768205561,0.46412175075568807,13
중요,0.5932912502011549,1.8331398007737327,0.19142742957098677,12
임상,0.593283951685476,4.68688777928907,0.5139288925000945,21
부품 국산,0.5932548604128826,1.999141572709187,0.210225503856867,10
맞춤 인재,0.5931904977958863,5.717391830545607,0.6306468546007816,4
개최 유망,0.5931677569869144,3.7822633639354897,0.41192216165173845,4
협업,0.5931033449641622,5.5165668000171255,0.6081810386766255,94
플랫폼 핵심,0.5930496311893814,1.1737224192266993,0.11707795213841743,5
국내 주력,0.5929878733400856,2.239275781877819,0.23768377308800173,5
전환 친환경,0.5929344676790334,1.301615265941915,0.13163145560349637,4
실험,0.5927671709861224,2.419552422749914,0.2583631732704162,6
요청,0.5927293961482797,2.919687162757884,0.3150602876915781,4
에너지 기술,0.5925597726742459,2.9890624029403066,0.3231803366767018,6
인증 기술,0.5925153923536752,2.4063691828663365,0.25719038560975077,11
기술 실증,0.5919227056259084,2.3455341241293235,0.251031554647302,16
경쟁력 주관,0.5918079952053815,2.983333782359107,0.32369248321326677,6
검증 수출,0.591723681957005,1.2460569295407646,0.12622526608095988,4
뒷받침,0.5917215794439658,1.117078029623811,0.11155662740502194,4
소급,0.5917106186974231,0.6637117413012996,0.05999534142416128,3
취약 계층,0.5916534412876069,13.24389903944426,1.4913064493154997,27
해결 기술개발,0.5914980709743751,3.206782944429915,0.34961098821772996,36
기능 구현,0.5914576324882621,1.9048627726791951,0.20143447808794748,3
산업 해외,0.5914355688931873,3.9080267060056095,0.4295689147877314,7
확산 거대,0.5914204939554643,2.1777754619427303,0.23255315788609177,4
ott 미디어,0.591404855862085,2.117837123720489,0.22574506274893097,5
홈쇼핑 입점,0.5913441273170943,2.0389441465412803,0.21682698346938079,4
기초,0.5912439895294289,3.701929076462403,0.40646115237053365,65
애로,0.5911757346309927,5.818612652697944,0.6478879792015739,96
활용 가능,0.5908310422720406,3.2906726891195133,0.3602923015967294,33
일자리 해운,0.5906836429111413,6.062637392055651,0.6771851548435041,3
중심 공동,0.5904163256087804,1.09855989086895,0.1103137455564884,3
변환,0.5902868617579929,2.9954307604002395,0.327435737007147,8
양성 산업,0.5902736700581116,2.298187525403913,0.24767480577133744,11
개척 자금,0.5900208221311114,7.154088664379612,0.8042000368659508,3
이차전지 핵심,0.5899778562234188,1.7474947800638625,0.18494937875272924,4
판매,0.5895954404534296,6.063609891871919,0.6805757453580532,62
디지털 온라인,0.5895771393162256,1.332278097414442,0.137690998268412,3
완료,0.5894434158379543,4.060182979858485,0.45100621242727973,14
현상,0.5894222161213772,0.8358211967529685,0.08080421856340303,4
단축,0.5893545454737951,13.434085979923491,1.5278744942163671,31
아이템 보유,0.5891573857823211,2.1578392739264025,0.23291785108346352,5
실증 클러스터,0.5886339300175059,2.1975564744015132,0.23810573721843956,3
기술 반도체,0.5885071935825121,0.8467558082557552,0.08255991245500616,3
금리 변동,0.5884644586330866,8.519388321882017,0.9671061182991181,5
함량,0.5884249177466847,3.0297458543305837,0.33430732507114846,5
전원,0.5881117234643237,4.44936167274799,0.49870043394092217,15
서비스 비용,0.5880335893413153,2.4814521478720066,0.27160732807947585,9
장비 인프라,0.5880172845141084,2.8913318892866786,0.3189683897171781,9
애로 기술,0.5880000613514119,5.0257915559141875,0.5655334138133489,15
태양광,0.5879388463129512,7.671580637150305,0.8713656194404545,44
행정,0.5878774983620495,6.766526926903249,0.7670086650669121,28
교류,0.587864768489513,3.9806005372839657,0.44508599135506355,27
마크,0.587756923643167,2.407705912435312,0.26344825461142035,5
실증 거대,0.5876633700257907,2.7271172118010925,0.30051391018703083,6
후보,0.5874858609693588,2.5561558212469664,0.28098207079522564,13
전파 복합,0.5874104651680848,5.631886351233694,0.6372099562935565,15
확산 공공,0.5873731435276522,1.9988859214747328,0.2166023497175079,6
일반형,0.5873319711257808,1.794057939830489,0.19292385656681266,3
기관 대학,0.5870306262117393,8.843686294239024,1.0107506557310983,96
acdchybrid 전망,0.5869789063415967,0.8970531139841107,0.0892327370501389,6
수소 생산,0.586956142062953,5.038641295557228,0.5696811661781147,43
제작 양산,0.5868090359745248,1.0425719133743023,0.10622114054816678,3
위험,0.5867885065730799,15.311915849174229,1.7626614781294334,38
제품 제작,0.5866268271489942,2.4190145401875465,0.2662266274510287,5
전문 연구,0.5865409627781369,2.1283354541533797,0.23256127437494908,3
초청,0.5865277720102372,10.483378584304207,1.2034978560103196,10
서비스 기관,0.5864087223653712,2.6130021610202427,0.28906509668111663,4
출퇴근 육아,0.5862481597930943,2.7808157522130674,0.30881337087594274,5
시뮬레이션,0.5860915052315506,1.7746920764873861,0.19191525659981207,7
대응 주관,0.585958533166038,0.956600137381428,0.09675585554059106,4
부피 변화,0.5859294631219537,1.31406800482512,0.13841658694870945,5
부피,0.5859294631219537,1.31406800482512,0.13841658694870945,5
스토리지,0.5859271296621057,0.9261417135694919,0.09322657061581917,4
국산 기술,0.585921403788816,3.9195079492544225,0.44195312137147014,15
팁스 글로벌,0.5858802383891817,1.8295339706119194,0.19851610487674495,4
기술개발 리튬,0.5855366043275352,1.3426543855693702,0.14205744784428692,3
실리콘 함량,0.5855366043275352,1.3426543855693702,0.14205744784428692,3
보유 대학,0.5854374253445923,1.7366387992658057,0.1881262440008088,8
테스트 실증,0.585412924913928,2.9643131867847456,0.33147271835537906,4
서비스 테스트,0.585412924913928,2.9643131867847456,0.33147271835537906,4
비용 한도,0.5847649575242155,6.778221532370429,0.7789295601016485,8
효능 안전,0.584759972194244,1.2148953601710897,0.12771773626809074,3
교육 연구,0.5847477575721993,4.574431907680207,0.5210052817091492,10
사업장 공정,0.584628295485188,13.221632074006548,1.5340546108818245,9
상품 기획,0.5846170938512918,0.9981938968050384,0.10244088176314439,3
퇴직 예정자,0.5845367290382893,3.4151695461929004,0.38567659148816164,4
연구개발 예산,0.5845328793847695,0.9970552672634693,0.10236034456610818,5
진출 글로벌,0.5844984114078992,2.3068535600506275,0.25586886607370185,8
기관 연계,0.5844503729619047,4.035838328876323,0.4585781343457663,8
국산 ai,0.5844305938680346,4.350287086246571,0.4954780864788736,9
소재 적용,0.5844024570336015,1.7067625109757445,0.18564110963779984,5
보육 투자,0.5843846567010618,5.53587780316578,0.6345781585903596,15
공영 홈쇼핑,0.5840415131527367,1.1785941598022294,0.12398231090246584,3
공영,0.5840415131527367,1.1785941598022294,0.12398231090246584,3
부품 시스템,0.5839001622987471,4.224085347632061,0.48184525054036864,45
국내 제품,0.5836182889561852,1.3461296729140622,0.14398929954812323,8
공사,0.5835799262373608,3.403850572053494,0.3860644769329269,13
상담 공동,0.5833745840887112,2.0102633304668998,0.22237033705067732,3
임산물,0.5833596830971005,51.66270836776183,6.068174893893485,6
임산물 수출,0.5832239622475615,41.68114781624638,4.895765296057148,6
전문가 양성,0.5832178913612462,6.128674563199021,0.7077065181699532,5
시설 전파,0.5830544427802116,1.6962817821131562,0.18571650116020466,4
제조업 경쟁력,0.583025017386186,4.327917960365776,0.49600531867360736,3
장비 임차,0.5829572562980712,2.5414295136176133,0.28547835445761827,6
조사 분석,0.5829135569677859,3.9701730549020486,0.4540595432721328,8
임산물 생산자,0.58274066568037,24.617557348122503,2.8915178504671144,6
생산자 수출,0.58274066568037,24.617557348122503,2.8915178504671144,6
수출 임산물,0.58274066568037,24.617557348122503,2.8915178504671144,6
ms,0.5825751303381301,1.2757696541604124,0.13651297542094812,4
개발 국내,0.5825319290883875,3.697484777763211,0.4226370583126513,37
센서 국산,0.5825252152198142,1.5077822797160718,0.163960986545372,4
단체 공공,0.5825219496324483,1.8440162254312078,0.2036867132043255,6
위상,0.5822235126814821,2.878096464704399,0.32631496607424687,6
poc,0.5820873284660053,5.232440330792919,0.6051665763804851,19
결제,0.5819850459626243,12.596304129785954,1.4773352562877906,11
여건 수출,0.5818449931940247,13.89663438178606,1.632264558506817,3
경쟁력 임산물,0.5818449931940247,13.89663438178606,1.632264558506817,3
관리 임산물,0.5818449931940247,13.89663438178606,1.632264558506817,3
반영,0.5818191908729834,2.117369269209596,0.2368081954962918,52
이온,0.5817862373928162,3.3558379147871387,0.383603569224333,7
가정,0.5817535909105516,5.049349392281142,0.5843670430217673,15
업체 박람회,0.5816647190498883,12.763154081538692,1.499128745112721,3
박람회 판촉,0.5816647190498883,12.763154081538692,1.499128745112721,3
판로개척 임산물,0.5816647190498883,12.763154081538692,1.499128745112721,3
개척 임산물,0.5816647190498883,12.763154081538692,1.499128745112721,3
항목,0.5816632874268152,2.021364722136087,0.22560989037098542,12
선도,0.581647333726386,5.278447750860708,0.6118074101894158,139
인건비 테스트,0.5816462251630875,2.9758597720556628,0.33880043412315386,4
유효,0.5816040762215265,2.109287113086571,0.23610342637945364,7
문화 기술,0.581446117524386,41.520289471081256,4.912961178041894,7
친환경 설비,0.5813560025356407,4.631914585367985,0.5358514528319103,5
이온 전지,0.5813398323235935,2.7502373204528423,0.31250526367177456,6
재생에너지,0.5812804266891827,12.291850341291106,1.4456119691447302,56
실환경,0.5812468705671999,1.180167196694121,0.1261801670113004,5
지역 환경,0.5811810723854348,9.614403025023908,1.1281594781681614,3
중견기업 시장,0.5811122929118671,1.3586684802404407,0.14748837087554745,4
보증 연계,0.5811043893653975,2.317213821101798,0.2613995354685296,7
생성,0.5808213504104529,8.494433182394113,0.9966599104643701,14
진단,0.5806799956526237,8.067060096267719,0.9463940268575524,111
미래 성장,0.5806673712738148,6.425711209504835,0.7510523882357676,21
인증 시험,0.5804310347381402,4.5395003802779215,0.5270694527676554,12
메타버스 마이크로,0.5801923443314183,2.3080776183614575,0.26147837325864515,3
최근,0.5801792699766412,9.454731188903004,1.1139706444872035,6
육종 국내,0.5799427795806336,4.864067253002777,0.5669803670521572,3
진출 국내,0.5798686671229044,5.985717417412564,0.7011327953920296,15
pbv,0.5798679207677259,3.022331518057564,0.347200921101671,4
개발 디지털,0.5797465100280554,4.522836219158424,0.5267021257832766,5
범위 연장,0.5796719963792281,1.3068100331673067,0.14246105863417213,3
부품 제조,0.5796478959372064,1.3819849448046397,0.151466779273659,6
현판,0.5795877341883569,1.4754560264974832,0.16269316209586904,6
연관 산업,0.5795644664225528,3.2667900885740266,0.37692940960150195,49
활용 ip,0.5794858514619484,25.460626053173122,3.0319641713264485,3
연구소 자발,0.5794858514619484,25.460626053173122,3.0319641713264485,3
자발 지재권,0.5794858514619484,25.460626053173122,3.0319641713264485,3
지식재산 서비스,0.5794858514619484,25.460626053173122,3.0319641713264485,3
인프라 지식재산,0.5794858514619484,25.460626053173122,3.0319641713264485,3
국내 전기,0.579439395309444,1.3923586873052425,0.15288041629706506,3
유망 자금,0.5793599972257747,11.8967722585907,1.4101668943453425,12
반도체 활성,0.5793523856345453,1.981727360843396,0.22349363798921762,3
디지털 데이터,0.5793523856345453,1.981727360843396,0.22349363798921762,3
디바이스 기술,0.5793523856345453,1.981727360843396,0.22349363798921762,3
생태 국산,0.5793523856345453,1.981727360843396,0.22349363798921762,3
전략 제품,0.5791615455919118,16.741274893461366,1.991642789514755,5
시제품,0.5791604391771376,7.679843811343228,0.9062466238551019,115
개발 연구,0.5791333582637669,2.975431303576106,0.34278160125677515,7
취업 박람회,0.578968971407601,3.9739246596026128,0.4627431041823566,4
출자 보조,0.578936817513503,1.6094798660250476,0.17933049169554882,7
융자 비율,0.578936817513503,1.6094798660250476,0.17933049169554882,7
비율 근거,0.578936817513503,1.6094798660250476,0.17933049169554882,7
플랫폼 개발,0.5784680489723312,2.9036860036834695,0.3352366647789042,20
투자 tips,0.5783280739954149,2.931918991066386,0.33885125654875303,3
계획서 작성,0.5781987347791319,7.450760486865934,0.8824772395396867,4
장년,0.5781591201897787,5.692480521275616,0.671149911995956,13
형성 지역,0.5779897251813397,2.8190802608816687,0.325809866930038,3
추경,0.5779050019294655,4.754307402951342,0.5589443417535331,4
프로세스,0.5778188205790364,2.90863222724461,0.33685924748133145,12
개척 국제,0.577729044458031,2.1808302958023043,0.24931009191485032,4
주파수,0.577703934457791,6.130275817025218,0.7252514885600749,23
문구,0.5776325756652575,2.0665134378004346,0.23564918767667795,11
응용과학,0.5775440928578935,3.09272561073158,0.3594930350638972,8
양성 기초,0.5775440928578935,3.09272561073158,0.3594930350638972,8
달성 교육,0.5775440928578935,3.09272561073158,0.3594930350638972,8
기관 고유,0.5775440928578935,3.09272561073158,0.3594930350638972,8
응용과학 연구,0.5775440928578935,3.09272561073158,0.3594930350638972,8
기초 응용과학,0.5775440928578935,3.09272561073158,0.3594930350638972,8
고유 달성,0.5775440928578935,3.09272561073158,0.3594930350638972,8
기술 실용화,0.5775364956551204,3.617112132486856,0.4227380619046062,7
철거,0.5774589374735146,2.034314289868294,0.23196863319056746,4
동력,0.5774553886523748,3.7820304717496955,0.44278824756625634,47
부담 완화,0.577345919985933,6.4133955640723785,0.7605560740953847,21
여건,0.5770120936419029,6.6960454096753965,0.7958217722623045,40
국내,0.5767362198127479,5.257400058407566,0.6227318258544918,401
질병 예방,0.5766304440510263,5.746448047116792,0.6822137514358623,7
장편,0.5764936446258931,7.610558461251279,0.9083672966545282,5
구분,0.5764019934603837,2.178502388898032,0.25065997261481754,12
공동 개발,0.5762844246589424,8.567551596750102,1.025179749601452,12
기술 국산,0.5762837384360094,3.4695102518871956,0.40728070141381245,21
설계 시제품,0.5761434901044412,1.235854226087915,0.13666024061620002,4
활용 연구,0.5760669539028999,2.320086744102966,0.26824858270780577,9
패키지 혁신,0.5760466811938522,2.335550656772119,0.27015110772495854,5
메모리,0.575905431743282,2.494202114169951,0.2895952944930916,4
실증,0.5759027458231857,11.937486298484856,1.4359481455385634,301
컨설턴트,0.5758592897470531,2.343422992423511,0.2713526615349737,5
중심 협력,0.5758283159061467,1.9885487141826554,0.2283010133275472,4
첨단 나노,0.5758207538707402,3.574152349825259,0.4208555250136616,6
시상,0.575801160206466,3.009255951552004,0.35229027140445823,8
검증 인증,0.57575966501293,2.0416233702216684,0.23482591415835205,3
전자파 저감,0.575587697973767,3.269537935885219,0.38427918158921553,4
우수,0.5755019321336637,5.152451594058586,0.613379681083057,241
집행,0.5754430651319409,5.09412190307122,0.6064453902335412,5
기술 도전,0.5754117676992724,5.814958439200106,0.6942100939517971,6
가격 친환경,0.5754004505835049,1.2513062679209253,0.13910856101582814,4
저가격장수명 나트륨,0.5754004505835049,1.2513062679209253,0.13910856101582814,4
저가격장수명,0.5754004505835049,1.2513062679209253,0.13910856101582814,4
친환경 나트륨,0.5754004505835049,1.2513062679209253,0.13910856101582814,4
대체 시장,0.5754004505835049,1.2513062679209253,0.13910856101582814,4
기술개발 가격,0.5754004505835049,1.2513062679209253,0.13910856101582814,4
선점 지속,0.5754004505835049,1.2513062679209253,0.13910856101582814,4
전지 대체,0.5754004505835049,1.2513062679209253,0.13910856101582814,4
전지 개발,0.5754004505835049,1.2513062679209253,0.13910856101582814,4
직결,0.5752613284503321,2.059135827518672,0.23753899502857861,3
소속 근로자,0.575173725982497,10.084851121316314,1.2148199401193358,12
판로 역량,0.5749253201684916,2.163073592903251,0.25060254945941096,7
엑스포,0.5746845846640163,5.2807617040842,0.6312561002070944,4
매칭 현지,0.5744869964549898,1.2932663609426596,0.14493999458709528,4
조선업 생산,0.5744720762726145,1.6814804614932592,0.19235512760849127,3
존속,0.5743590186307695,1.516312863822196,0.17228996816316736,3
데이터 바우처,0.5743318751620242,1.7478092282737168,0.20059793931770198,3
유망 산업,0.5743129852800737,3.6989649317602713,0.439020032875368,4
디스플레이 이차전지,0.5742636490196553,2.8656653742638314,0.33728114283035276,7
직업,0.5741751992235833,12.844874267179412,1.5574222158084305,19
맞춤 설계,0.5739986831931821,1.7512560879385128,0.20136137238344687,4
최신 기술,0.573850729241879,0.7145671647825259,0.07460556104296721,3
fta,0.573830546781404,7.130741153613051,0.8601269262343211,11
민간,0.5737363027529924,5.529996194484402,0.6644282497846599,172
미래 경쟁력,0.573730628222822,5.628777546054627,0.6765432447063243,5
rpc 사업자,0.5736205403251186,9.51425228117082,1.152964892209698,4
사업자 건조,0.5736205403251186,9.51425228117082,1.152964892209698,4
처리장 rpc,0.5736205403251186,9.51425228117082,1.152964892209698,4
종합 처리장,0.5736205403251186,9.51425228117082,1.152964892209698,4
dsc 사업자,0.5736205403251186,9.51425228117082,1.152964892209698,4
rpc,0.5736205403251186,9.51425228117082,1.152964892209698,4
dsc,0.5736205403251186,9.51425228117082,1.152964892209698,4
미곡 종합,0.5736205403251186,9.51425228117082,1.152964892209698,4
미곡,0.5736205403251186,9.51425228117082,1.152964892209698,4
시설 dsc,0.5736205403251186,9.51425228117082,1.152964892209698,4
밀도,0.5735846225488964,1.3016427767197514,0.14668726086764067,4
양성 공급,0.5735109469510853,14.230279503797663,1.7316267122306797,4
체인 고도,0.5734945508375459,1.7501944943494503,0.20174991032552814,5
식당,0.5734201311568337,2.9793082725339226,0.35255559196341907,7
도전 중소,0.5733864739920398,9.322303658006236,1.1305742712337625,3
입점,0.5732504121350547,7.3124539846593954,0.8845875038767526,47
출연 연구,0.5732030172028095,4.592056531961313,0.5508637070877666,14
정립,0.5731923480376281,0.986898863636436,0.10836919694202732,4
패러다임,0.5731229370458387,2.537558807919932,0.29880632502294924,5
검증 글로벌,0.5728483140372816,1.212641620490567,0.13634017820465177,4
평가 제품,0.5728287895725738,2.3115610038893237,0.2714442073379818,3
해상 물류,0.5727614853642198,6.062637392055651,0.7327758862596708,3
나트륨,0.5726457702903192,2.4162479296530464,0.28456340397393753,4
해운 항만,0.5725471443471285,6.9328442522262375,0.8405587118971185,3
기술 매칭,0.5724495603183637,3.251305537190718,0.38764380580992414,5
구매,0.5720515526903388,6.084140411056539,0.7377014235132966,84
절감 우수,0.5718625214407099,3.7952322200810493,0.4558234743932382,3
핵심 품목,0.5718090214352863,7.031099156508932,0.8553769032875114,8
계통,0.5717661892591984,7.848103845942882,0.9564058893378609,42
협력 채널,0.5717006247054449,1.2339839656943674,0.13985164300528286,4
우수 기술력,0.5716216398177356,3.3860126055474256,0.4057676515276034,7
수료 채용,0.571482242610311,2.7832407761121774,0.33152025809930286,3
국내 연구,0.5714128085660743,5.319706802868459,0.6452427000618391,3
어려움,0.5713442915287997,4.644219714049559,0.5618951518352586,16
리튬 이온,0.5711486593111299,2.383525403343379,0.2825652373143716,7
기술 창업,0.5710874936225266,5.232006433005951,0.6353088773166798,43
콘텐츠 해외,0.5710590878694665,5.212431320381212,0.6329645465347984,8
상품 브랜드,0.570827847128242,1.2218455210902406,0.1390249739138168,4
it 융합,0.5707305472110179,1.8735574083329374,0.21990390893306164,3
산업 it,0.5707305472110179,1.8735574083329374,0.21990390893306164,3
김치,0.570673308586233,26.420206611171555,3.264145197756357,4
보유 연구자,0.5706118004004,2.4169241076564694,0.28743786015316813,4
기본,0.5703343365644228,2.677789442196388,0.3202164460282112,29
일상,0.5702555974384731,1.562282739373009,0.1817586639269683,3
분기 분기,0.5702292574558591,12.217079420791976,1.505545991732614,3
경제 발전,0.5701703807496671,3.257035367658,0.392447589929582,11
경쟁력 해외,0.5700888319253364,6.902347280057375,0.845751548506174,7
저장 가공,0.5699247366622102,20.537014924976482,2.5424420419957183,5
풍력 재생에너지,0.5698904334557511,0.49157405881105387,0.048894296433989314,3
태양광 재생에너지,0.5697975893028684,0.4880204884842918,0.048489484137272804,3
수소 재생에너지,0.5697395129232571,0.4857503219144931,0.04823020902222949,3
수입 사료,0.5697287264618913,8.837113593835522,1.0879371534867441,3
일자리 성장,0.5697276670161643,4.866539086183332,0.5936234274603739,4
분산에너지계통접속확대를위한그리드포밍 기술개발,0.5697092317568692,0.4888925457322512,0.04863356596505511,3
분산에너지계통접속확대를위한그리드포밍,0.5697092317568692,0.4888925457322512,0.04863356596505511,3
배전,0.5695958409613323,0.48697029713020107,0.04843975838965133,3
acdchybrid 배전,0.5695958409613323,0.48697029713020107,0.04843975838965133,3
기술 재생에너지,0.5695958409613323,0.48697029713020107,0.04843975838965133,3
배전 기술,0.5695958409613323,0.48697029713020107,0.04843975838965133,3
테스트베드 재생에너지,0.5695754826690763,0.4866521423121263,0.04840829988328944,3
전망 테스트베드,0.5695754826690763,0.4866521423121263,0.04840829988328944,3
인력 창업,0.5695647243824445,1.171670045249589,0.1337509649235996,4
리튬,0.569492329999607,2.6613776090927623,0.3194452352045444,7
전망 요소,0.5694579046822962,0.48481898786509575,0.0482270353559925,3
요소 기기,0.5694579046822962,0.48481898786509575,0.0482270353559925,3
기기 재생에너지,0.5694579046822962,0.48481898786509575,0.0482270353559925,3
발전 기술개발,0.5694074770422524,0.48338094891356403,0.04806797710507628,3
차단,0.5694007759126273,17.638435656143155,2.1866473304321032,8
제작 현지,0.569229031748034,3.424626690466893,0.41505670486074075,3
교육 역량,0.5691590006508727,0.6851986553364418,0.07335114507236765,4
창업가,0.5691151616903466,0.8801141286123355,0.0976999944654682,5
전지 재생에너지,0.5690921569244597,0.48227724136027383,0.04805640528245383,3
입찰,0.5690084003713735,2.1974531051769337,0.26224889305338434,6
기관 협업,0.5689840190303844,2.4369763502177206,0.2921900817000714,3
쿼터,0.5689818615599926,2.3879313137886466,0.28606860508786613,3
공간 점포,0.5688690454444537,1.183907191357396,0.13580183614940108,3
선도 국제,0.5687751445784025,1.604809909418876,0.18847742943509924,3
격차,0.5684670675929433,3.7322725815378064,0.45500169364110143,49
자부담,0.5684513754487274,2.1069201723122988,0.251629064167489,5
연구 기술,0.5684229616413596,2.142379175122735,0.25610203785803676,5
다자,0.5684136126279622,3.5355248047493126,0.4304859307176785,7
유전체,0.5683753610125852,1.8459713277889271,0.2190559442055769,4
분기 변동,0.5683146130908602,7.565005831084841,0.9352309798819747,3
hrd 담당자,0.568183167743035,3.540950402333785,0.4316171957564849,3
hrd,0.568183167743035,3.540950402333785,0.4316171957564849,3
해상도,0.5681293823706222,0.99420582347047,0.11259153936820804,4
소상공인 예비,0.5680955659434821,2.9830497703635297,0.361869306659215,9
해외진출 해외,0.5680545934859741,2.1827561277574543,0.26162313398846015,7
세계 국내,0.5680429042752422,0.9842696394916479,0.1114033175125454,3
항만 물류,0.5679719296842268,6.43410909276999,0.7948049386935709,3
프리미엄 브랜드,0.5678256144509534,3.771114600261538,0.4611969881637611,3
필수 전략,0.5676887065197219,2.212819326308686,0.2658620926540721,5
전략 국제,0.5676760400078622,1.039619321768341,0.1185934604815063,4
디지털 콘텐츠,0.5675014305447623,4.512411987557488,0.5550022828053698,10
나트륨 이차전지,0.5672906931725076,1.54890851802667,0.18289559264329408,4
나트륨 이온,0.5672906931725076,1.54890851802667,0.18289559264329408,4
무역 상사,0.567273640384239,7.515856832283195,0.9332387354953602,3
임차 설치비,0.567273640384239,7.515856832283195,0.9332387354953602,3
설치비,0.567273640384239,7.515856832283195,0.9332387354953602,3
설치비 전시품,0.567273640384239,7.515856832283195,0.9332387354953602,3
상사,0.567273640384239,7.515856832283195,0.9332387354953602,3
보조금,0.5672369466451882,3.7648134834297853,0.4616320602620262,17
시장 규모,0.566972988777907,2.51031799808258,0.30423987372328465,3
기타,0.566835216473019,3.2009629077151556,0.39144059118311836,44
미래 환경,0.5667501102086642,12.406069984627342,1.55158089260972,4
공정 혁신,0.5667470071117715,6.056750394845515,0.7514775824340391,15
sw 융합,0.5664760601755441,9.545644913991701,1.1925085330212513,4
ict 제품,0.5662492739425186,1.6830531816952117,0.200824306632792,5
컨설팅 투자,0.5662259492144021,3.101910745505244,0.38002837363921493,5
기술 혁신,0.566185343044351,3.3452275906245355,0.41083179025852157,48
구성 수출,0.5660996052757965,3.1377363171229224,0.38477618518115586,4
연구 인프라,0.5660829204543819,1.7988533420318822,0.2156265675262571,3
중간 조직,0.5660736150827432,1.739554171860667,0.20814339654971942,5
유튜브,0.5659773964134198,1.7603631027087696,0.2108750460576873,3
전략 도출,0.5657274630020187,1.8554068559477181,0.22316756007660649,5
제품 개발,0.5656656569411308,2.9495958131967956,0.36173132728556884,54
온라인 식품,0.5656487777055048,6.546387570604563,0.8170484694529174,3
전반,0.565586139816083,4.061813608691031,0.5026871791404404,37
개발 주력,0.5653206830966756,0.729173423820386,0.08086888623194155,3
요구,0.5652233778961341,2.129002526288142,0.2584208221271126,26
주관,0.5649645001162262,10.379717600135166,1.3060496205876406,107
창업 예비창업자,0.5648206305693144,6.558978668341882,0.8215744970754925,12
인력 플랫폼,0.5647526280595717,1.160800040422397,0.13600744862882896,3
선도 기술,0.5647368625697626,3.516009798837828,0.43525471240454616,6
보호구 안전,0.5644983993268144,5.6572581159876725,0.7080406899297007,4
기구 방호,0.5644983993268144,5.6572581159876725,0.7080406899297007,4
장치 보호구,0.5644983993268144,5.6572581159876725,0.7080406899297007,4
검사 제품,0.5644983993268144,5.6572581159876725,0.7080406899297007,4
안전 사업주,0.5644983993268144,5.6572581159876725,0.7080406899297007,4
주기 검사,0.5644983993268144,5.6572581159876725,0.7080406899297007,4
보호구,0.5644983993268144,5.6572581159876725,0.7080406899297007,4
인증 주기,0.5644983993268144,5.6572581159876725,0.7080406899297007,4
제품 근원,0.5644983993268144,5.6572581159876725,0.7080406899297007,4
대면,0.5644318627072467,2.6099735493472775,0.3206000426616056,19
해운 물류,0.5642629414468386,6.839185315384006,0.8592236145719706,3
강국,0.5640791243753319,0.946576475820922,0.10922715397786137,4
전문가 컨설팅,0.564077382244921,4.168801041781754,0.5197196706036147,14
특화 교육,0.564075092595995,2.610191564357664,0.32116596365207606,7
발광,0.5639857084436071,1.4960127761889266,0.1793085252760362,3
무기 발광,0.5639857084436071,1.4960127761889266,0.1793085252760362,3
무기,0.5639857084436071,1.4960127761889266,0.1793085252760362,3
발광 디스플레이,0.5639857084436071,1.4960127761889266,0.1793085252760362,3
ax,0.5637046549033864,3.33322963936467,0.41397576140430214,15
정보,0.5635070370592263,5.800919879420787,0.7294470149359175,147
인증 위험,0.5634360760266003,4.380413003803759,0.5482356614815284,3
활용 맞춤,0.5633427186850094,0.9336273316276722,0.10805005697365962,5
부품 공동,0.5633374712728936,1.1716832981041672,0.138471654791,4
병원 디지털,0.5633137689572798,0.8396335385140288,0.09605719742488947,4
원가,0.5632084093370499,4.004198122750913,0.5006925195283505,8
적용 미래,0.5632051764952907,1.1513045146212342,0.13596768703559917,3
상시 미만,0.56306060316199,4.049969905446626,0.5068786728933482,4
사업장 기본법,0.56306060316199,4.049969905446626,0.5068786728933482,4
ai 디자인,0.5630453012210589,1.577653025613974,0.1906311187505304,5
가능 이차전지,0.5629414302050076,0.9952055778231252,0.11618907246327491,3
구조 재편,0.5628578944178273,4.068605597053681,0.5097235441376848,3
허브,0.5628040427151697,7.277808525842477,0.9208004639210398,13
전기 수소,0.5625593910877559,2.162102469274277,0.2660228920589192,6
조달 공공,0.5625039549395882,6.381846452895973,0.8071126739583834,4
개발 연구개발,0.5624883342399195,3.114272432899468,0.3882007897732893,12
제반,0.5624423242854749,1.8541416586227548,0.22667933505832555,23
멀티오믹스,0.5623215726687726,2.5287945204313838,0.3133773208471856,6
이후,0.5621750533649411,3.039515560004237,0.3791614449585047,24
지재권 활용,0.5621747342588139,35.26425241604232,4.516265691907247,3
기술 신뢰,0.5620684761844247,0.591482487186943,0.06492613096599091,3
제품 보유,0.5620421976708877,1.5497157345736796,0.18802537907892344,4
패권,0.5619058294598348,3.13390680167494,0.3917625532273343,5
수의,0.561852927551001,3.47699021173665,0.4359611458551152,4
기관 수의,0.561852927551001,3.47699021173665,0.4359611458551152,4
수의 계약,0.561852927551001,3.47699021173665,0.4359611458551152,4
글로벌 시장,0.561743676890074,4.268778377927728,0.5380070398838628,54
기술 스마트,0.5616290415172298,0.6800446191138164,0.07652655463007411,5
융자 환경,0.5616188849595907,6.807227932003666,0.8649352631986632,3
융자 미래,0.5616188849595907,6.807227932003666,0.8649352631986632,3
멀티오믹스 데이터,0.5615682604703152,1.9824380183729595,0.24417521324963953,6
항공 산업,0.561490366981515,0.9867402890124665,0.11608191712057309,3
활용 증가,0.561490366981515,0.9867402890124665,0.11608191712057309,3
고속 네트워크,0.561490366981515,0.9867402890124665,0.11608191712057309,3
증가 대응,0.561490366981515,0.9867402890124665,0.11608191712057309,3
신뢰 반도체,0.561490366981515,0.9867402890124665,0.11608191712057309,3
국내 우주,0.561490366981515,0.9867402890124665,0.11608191712057309,3
전문가 멘토링,0.5613812680340851,3.1125629265551784,0.38995575591852594,7
적용 에너지,0.5612503585575237,0.7929933091376837,0.0912765196181306,3
충전 이차전지,0.5612503585575237,0.7929933091376837,0.0912765196181306,3
최고 기술력,0.5612503585575237,0.7929933091376837,0.0912765196181306,3
이차전지 기술개발,0.5612503585575237,0.7929933091376837,0.0912765196181306,3
함량 적용,0.5612503585575237,0.7929933091376837,0.0912765196181306,3
기술력 선도,0.5612503585575237,0.7929933091376837,0.0912765196181306,3
이차전지 세계,0.5612503585575237,0.7929933091376837,0.0912765196181306,3
선도 함량,0.5612503585575237,0.7929933091376837,0.0912765196181306,3
이온 이차전지,0.5612503585575237,0.7929933091376837,0.0912765196181306,3
제출,0.5612163619777056,6.841491213176937,0.8708481589558513,21
신약,0.5610759384678498,1.5726770102184415,0.19192237101025866,4
구성 요소,0.5610633260589211,2.537912359645809,0.3164150921241152,6
순환 산업,0.5610313235212077,2.055199484688708,0.2542021768917559,5
판로 해외,0.560805802076893,4.888670067259475,0.6202780195280543,4
중견기업 제조,0.5606090030373195,4.686689578783136,0.5947175226533756,3
신뢰 평가,0.5606087813033209,1.8861100483636395,0.23287781791223705,9
undruggable 타겟,0.5605748790041611,1.2932820362031616,0.15631168639883913,3
난치암 undruggable,0.5605748790041611,1.2932820362031616,0.15631168639883913,3
표적 치료제,0.5605748790041611,1.2932820362031616,0.15631168639883913,3
표적,0.5605748790041611,1.2932820362031616,0.15631168639883913,3
식품 디지털,0.5605715347480787,2.637482201979698,0.33001400785095447,5
oled,0.5605702351328087,8.073159664133698,1.0324259470292911,9
건강 기능,0.5604663288118223,1.3719728306086751,0.16657550287325532,3
의료 건강,0.5603945646318028,1.658720260894679,0.2037191562050311,4
건강 전문,0.5603945646318028,1.658720260894679,0.2037191562050311,4
격차 기술개발,0.5603737191624609,2.5162948591477865,0.31464669823395464,9
제도,0.5603564407162197,10.347785257990228,1.3275529757273035,167
산업 서비스,0.5602244445049663,1.0318937453427213,0.12278077114476177,3
표준 개발,0.5601890660798227,2.5038496869257925,0.31330942371905235,8
탑재,0.5601705715163456,2.528155163764115,0.3164826022958194,13
자료,0.5601399962550087,5.479786311752675,0.6986108987896777,26
자금 환경,0.560072723624286,6.400246212299802,0.8179995753174879,3
오염 방지,0.560072723624286,6.400246212299802,0.8179995753174879,3
제품 글로벌,0.5599046654602197,2.8376157968310407,0.356975662976676,5
협력 체제,0.5596862407675791,3.9638653657522434,0.5033960509419088,8
팁스,0.5595746483123591,3.829096146365123,0.4861610112427276,11
트윈 시스템,0.5595176504201204,3.8270640777999843,0.4860213120119999,31
가능 유망,0.5594723584017933,2.1704077381346147,0.2710871365384744,3
해외 인재,0.5593856168017153,6.349624616298139,0.8138501669168142,3
컨설팅 기관,0.5593236574588809,3.683978389488002,0.4678597558959386,4
핵심 기술개발,0.5591246934118411,4.507840853254925,0.5753655711667813,34
제도 안정,0.5591005197044959,14.806209801453942,1.9141651365278456,6
고도 기초,0.5590956205719864,1.8783941158439585,0.23361715850903234,4
마이크로 led,0.55906377434673,2.6918005778892633,0.33940847625727766,4
농가 소득,0.5590593205364429,7.254225509986497,0.9326078545100853,8
전장 부품,0.5590574007699601,16.1144910772116,2.084608733529101,5
안전 진단,0.5590285180142831,19.21946348150461,2.4886081797185335,6
개발 보급,0.5589263060639181,1.721584658827823,0.2134131377517675,11
사업단,0.5588823378057387,1.6341916158381005,0.20208938844865443,5
부족,0.5588461697492938,3.861854804412797,0.49201076673173394,40
미래 전환,0.5585902287769801,1.4939221436912176,0.18411610219688002,3
홍보 연계,0.5585192525548344,1.2409031546808367,0.15121461730330416,4
마이크로 디스플레이,0.5584728667608179,2.855595955600805,0.3616897910283794,4
거래 활성,0.5583392840227684,1.0546752598308615,0.12707793784518526,6
연계 상용화,0.558139151572892,2.0256766623078972,0.25394031807374134,6
당해,0.5580370285752718,3.657047022356326,0.4670531352544418,16
시험 검사,0.5577698403129595,1.176061401300043,0.14335226183589145,4
인공지능 기술,0.5577161599019845,5.936497769194727,0.7657120214989794,4
최신,0.557404060343938,5.723526673666816,0.7388683617130685,13
산업 응용,0.557317815191069,1.2388828498519913,0.1519326123845639,4
가정 양립,0.5572949608794567,6.306736966491724,0.815588918595515,10
양립,0.5572949608794567,6.306736966491724,0.815588918595515,10
히트,0.557288758804072,4.231411890272495,0.5438391666519177,6
기금 융자,0.5572633221348152,11.607227163429286,1.5098903336122858,3
전극,0.557221139336893,1.2453668690969837,0.15286109309290857,3
pim,0.5570265719928984,2.0573577547497215,0.259467394502436,3
평가 임상,0.5570094536753764,2.047114506033134,0.2581459539678088,4
농식품 우수,0.556853505574708,26.84837381350239,3.511891790141862,5
관계,0.5568232071190723,2.3248669691958908,0.29482002655210326,4
보유 장비,0.55651749781271,1.587987973940611,0.1984483254017247,5
양립 환경,0.5563142026359852,6.29190761761665,0.8170862582695372,9
순환 생태,0.5561467064383152,1.1712607056580493,0.14399672152506957,4
난치암,0.5560516174429508,1.8467386268947064,0.23297234396798497,3
백년소공인,0.5560115637428051,1.6728193156936766,0.21012470907971365,3
고용 노동부,0.5558328965505464,4.0130135893369845,0.5185832644817032,3
노동부,0.5558328965505464,4.0130135893369845,0.5185832644817032,3
교육 인력,0.5557803262883645,2.2940407855620757,0.2922184558254497,4
핵심 부자재,0.5557760980898596,2.2894149134598054,0.2916148173873487,6
디지털 헬스케어,0.5557092535902485,2.039162418072746,0.2587254261954154,5
soc,0.5556254366239968,2.5250182886133947,0.32288510434016077,5
입점 홍보,0.5556047113520396,0.7711583123571991,0.0916694767691725,3
에너지 밀도,0.5555929682629419,1.3426543855693702,0.16703171584123794,3
sw 통합,0.5555761872350368,2.244104378337286,0.2859166321487081,5
장비 활용,0.555134265356274,3.55021001943817,0.45905712760880146,32
보급 리튬,0.555094175161896,1.2513062679209253,0.15540134364048938,4
플랫폼 노후,0.5550864792377206,10.869063661096066,1.426175839689967,3
산단 플랫폼,0.5550864792377206,10.869063661096066,1.426175839689967,3
리모델링 융자,0.5550864792377206,10.869063661096066,1.426175839689967,3
친화 복합,0.5550864792377206,10.869063661096066,1.426175839689967,3
복합 산단,0.5550864792377206,10.869063661096066,1.426175839689967,3
노후산단재생지원,0.5550864792377206,10.869063661096066,1.426175839689967,3
노후산단재생지원 도시,0.5550864792377206,10.869063661096066,1.426175839689967,3
도시 친화,0.5550864792377206,10.869063661096066,1.426175839689967,3
시설 리모델링,0.5550864792377206,10.869063661096066,1.426175839689967,3
입주 근로자,0.5550864792377206,10.869063661096066,1.426175839689967,3
응용 제품,0.5550662752948595,2.1917442624239114,0.27969222635153385,11
대응 전략,0.5549878261904292,7.543912272171201,0.9872468887483129,4
프로세서,0.5548983926405947,1.67825304357276,0.21201852588001763,6
전략 기획,0.5548628027031577,2.516533326757943,0.3229163309840344,3
통합 분석,0.5546932233646571,2.2430074068686663,0.28697462375973337,6
의존도 주요,0.554566525337166,1.23840119399574,0.15413190384711756,3
공통 플랫폼,0.554566525337166,1.23840119399574,0.15413190384711756,3
핵심 센서,0.554566525337166,1.23840119399574,0.15413190384711756,3
대외 의존도,0.554566525337166,1.23840119399574,0.15413190384711756,3
원천기술 공통,0.554566525337166,1.23840119399574,0.15413190384711756,3
센서 원천기술,0.554566525337166,1.23840119399574,0.15413190384711756,3
주요 센서,0.554566525337166,1.23840119399574,0.15413190384711756,3
선점 수요,0.554566525337166,1.23840119399574,0.15413190384711756,3
주도 센서,0.554566525337166,1.23840119399574,0.15413190384711756,3
기술개발 대외,0.554566525337166,1.23840119399574,0.15413190384711756,3
적합 인증,0.5544184107335461,1.1676575357337646,0.14488185146250793,4
연구소 tp,0.5543558305452752,2.1024291132225135,0.2688059310619603,6
차세대 지능,0.5543181472591112,1.6671300424573596,0.21116050077664975,3
성공 성과,0.5543181472591112,1.6671300424573596,0.21116050077664975,3
기술개발 성공,0.5543181472591112,1.6671300424573596,0.21116050077664975,3
사업단 운영비,0.5543181472591112,1.6671300424573596,0.21116050077664975,3
운영비 차세대,0.5543181472591112,1.6671300424573596,0.21116050077664975,3
확산 주관,0.5543181472591112,1.6671300424573596,0.21116050077664975,3
모델 활용,0.5543103441268667,1.1213213795797754,0.13882558134176065,4
여성,0.5543072944658571,10.545948053240185,1.3880125024706136,27
완화,0.5542612264680568,3.9043996568181787,0.5078142747439367,32
데이터 전문,0.5542150447785181,2.3036152375077417,0.295663776969313,4
의사 결정,0.5540401783838328,1.7608173286192004,0.223885682856493,6
의사,0.5540401783838328,1.7608173286192004,0.223885682856493,6
연산,0.5538698296985691,1.4597568257349702,0.18409987242431516,3
산업 자금,0.5538572428569651,8.303370039024884,1.0928504341890544,3
역할,0.5537953867161848,5.984670265188397,0.7851677185353652,26
전국 권역,0.553671493910111,7.15928614669529,0.9416768243025945,4
보유 기관,0.5536502620904129,2.319321801009434,0.2985421384377585,4
제시,0.5535413709431858,6.389129416030259,0.839801994298518,15
자동 장비,0.5534330927409883,4.0973162546867465,0.5353475749436487,4
치안 기술,0.5532908874422265,3.579814483266628,0.46680961625601725,3
자금 특별,0.5531398244919025,4.019960445531818,0.5257408716911532,3
초청 상담회,0.5529497991680796,9.041420671867098,1.1954178752134355,4
vc 투자,0.5529217799136485,1.2421500631732942,0.15599480118182663,3
반도체 제조,0.5528496046317812,1.8684586923329982,0.23955996537991325,7
투자 유도,0.5527760931487979,1.439839915489065,0.1824818365137226,3
융합 기술개발,0.5525487005434491,1.2550494350754864,0.15802785667181532,4
청년 일자리,0.5525378772140264,11.15868387624964,1.4801432034992987,8
업체 배정,0.5525166314917738,6.915298382006477,0.9137464599966842,3
배출 업체,0.5524689603991424,14.143440322950074,1.8791371160012567,3
부품 업계,0.5524498764268587,2.391927335426538,0.3099349266594945,6
녹색 설비,0.5524383203337264,4.9041041052785825,0.6454550713232353,3
자금 활용,0.5524383203337264,4.9041041052785825,0.6454550713232353,3
융자 기후,0.5524383203337264,4.9041041052785825,0.6454550713232353,3
기금 친환경,0.5524383203337264,4.9041041052785825,0.6454550713232353,3
기후 기금,0.5524383203337264,4.9041041052785825,0.6454550713232353,3
대기 자원,0.5524383203337264,4.9041041052785825,0.6454550713232353,3
추경 미래,0.5524383203337264,4.9041041052785825,0.6454550713232353,3
투자 미래,0.5524383203337264,4.9041041052785825,0.6454550713232353,3
자금 추경,0.5524383203337264,4.9041041052785825,0.6454550713232353,3
데이터 공유,0.5524079039510071,6.646699811754174,0.8782943839298295,3
ic,0.5523829516291413,2.125586493981105,0.27445435506559995,3
파워 ic,0.5523829516291413,2.125586493981105,0.27445435506559995,3
특례,0.5523682905901623,4.702105984401022,0.6186674122303304,20
항공 신뢰,0.5522630450242116,1.6706965382863632,0.2138177168432422,3
네트워크 반도체,0.5522630450242116,1.6706965382863632,0.2138177168432422,3
한정,0.5519751505096938,2.5749874135288437,0.3351202710766225,4
고체,0.5519000853587623,0.48212242318336634,0.05512426532695891,3
취업 창업,0.5518613053358268,5.610230313780905,0.7416038307219035,3
sns 홍보,0.5518317541588064,1.180384730753882,0.14863585915759545,3
전통문화 창업,0.5518114141708318,23.47776410006627,3.1340448869182187,4
대응 가능,0.5518095933087248,0.6861249943818919,0.08247681167455943,3
성공,0.5514947092868984,4.533851322869798,0.5984771559370257,55
병원,0.5514851872226353,6.013956570408616,0.7969347406696021,30
디지털 융합,0.5514497141592549,5.827618050438694,0.7720708623520779,7
소상공인,0.5514472594778195,22.476628174380032,3.0044968311971565,112
해결,0.5511838230479111,3.5534019042351925,0.4676869522623375,119
기술 핵심,0.551091089802976,0.6861249943818919,0.08286218603161212,3
복합 개발,0.5509905854599172,9.178352092647058,1.2237184983530895,4
국외 기관,0.5509639744525648,1.1798945128790446,0.1492680749556161,3
협력 연구소,0.5509639744525648,1.1798945128790446,0.1492680749556161,3
드론 해외진출,0.5507263792261504,11.52951173259146,1.5412596084390757,3
유도 기술개발,0.5505551690032011,1.2853171630800055,0.16378447140064314,3
제조 검증,0.5505551690032011,1.2853171630800055,0.16378447140064314,3
맞춤 협력,0.5505551690032011,1.2853171630800055,0.16378447140064314,3
수출 유도,0.5505551690032011,1.2853171630800055,0.16378447140064314,3
부자재 제조,0.5505551690032011,1.2853171630800055,0.16378447140064314,3
진출 가능,0.5505551690032011,1.2853171630800055,0.16378447140064314,3
글로벌 검증,0.5505551690032011,1.2853171630800055,0.16378447140064314,3
부자재 공급,0.5505551690032011,1.2853171630800055,0.16378447140064314,3
진출 부자재,0.5505551690032011,1.2853171630800055,0.16378447140064314,3
품질 고도,0.5503715650844501,4.472174611018148,0.5931216429354859,3
생산 산업,0.550357430374484,1.999283519623107,0.26011169974347986,4
수요 연계,0.5502974348825254,4.346042565053393,0.5763228572886648,22
hw,0.5502337828778618,1.444052641800904,0.18545133301784794,6
특성,0.5502292303841082,2.8116762694973123,0.369741388790776,49
진단 맞춤,0.5502138537688661,4.239463349258918,0.5621721049120325,8
역량 전략,0.5501843479407516,1.899448292797898,0.2468735446870992,4
연구소 재생에너지,0.5500757600417572,0.7499884175439975,0.09201934329481486,3
제작 국내,0.5499363793846517,2.428587410042918,0.31855644787274384,8
산업 글로벌,0.5499190806625871,3.8089181977648154,0.5048134404363409,57
시장 디스플레이,0.5499145631812119,1.6700163479579315,0.21624230669232058,3
생산 수요,0.5499133717247882,1.1940237574875792,0.15202222031853835,3
부자재 자립,0.5499133717247882,1.1940237574875792,0.15202222031853835,3
맞춤 핵심,0.5499133717247882,1.1940237574875792,0.15202222031853835,3
투여,0.5499133717247882,1.1940237574875792,0.15202222031853835,3
핵심 바이오,0.5499133717247882,1.1940237574875792,0.15202222031853835,3
투여 핵심,0.5499133717247882,1.1940237574875792,0.15202222031853835,3
바이오 부자재,0.5499133717247882,1.1940237574875792,0.15202222031853835,3
부자재 gmp,0.5499133717247882,1.1940237574875792,0.15202222031853835,3
연계 자립,0.5499133717247882,1.1940237574875792,0.15202222031853835,3
개발 투여,0.5499133717247882,1.1940237574875792,0.15202222031853835,3
자립 바이오,0.5499133717247882,1.1940237574875792,0.15202222031853835,3
개발 취업,0.5499031029760467,3.313492399358649,0.43800316903143977,3
종합 일자리,0.5499031029760467,3.313492399358649,0.43800316903143977,3
대학 학과,0.5499031029760467,3.313492399358649,0.43800316903143977,3
학과 무관,0.5499031029760467,3.313492399358649,0.43800316903143977,3
물류 대학,0.5499031029760467,3.313492399358649,0.43800316903143977,3
물류 실제,0.5499031029760467,3.313492399358649,0.43800316903143977,3
창업 인재,0.5499031029760467,3.313492399358649,0.43800316903143977,3
무관 항만,0.5499031029760467,3.313492399358649,0.43800316903143977,3
투자유치 종합,0.5499031029760467,3.313492399358649,0.43800316903143977,3
실제 취업,0.5499031029760467,3.313492399358649,0.43800316903143977,3
양성 서비스,0.5499031029760467,3.313492399358649,0.43800316903143977,3
어류,0.5498655013652348,6.024906596313724,0.8039746254153476,3
제조 복합,0.549789717565012,1.0875270869737022,0.13774736130064766,3
복잡 다양,0.549789717565012,1.0875270869737022,0.13774736130064766,3
구성 완제품,0.549789717565012,1.0875270869737022,0.13774736130064766,3
구성 조합,0.549789717565012,1.0875270869737022,0.13774736130064766,3
다양 구성,0.549789717565012,1.0875270869737022,0.13774736130064766,3
제품 핵심,0.549789717565012,1.0875270869737022,0.13774736130064766,3
복잡,0.549789717565012,1.0875270869737022,0.13774736130064766,3
조합 제조,0.549789717565012,1.0875270869737022,0.13774736130064766,3
진출 복잡,0.549789717565012,1.0875270869737022,0.13774736130064766,3
법률자문,0.5497255257649487,0.6968239815560717,0.08504200586859657,4
기술개발 전력,0.5494642708359991,0.6861249943818919,0.08373846610885523,3
시험,0.5494424361731669,5.063651701878561,0.6754950212398202,97
undruggable,0.549368042012044,1.665695346887337,0.21624649925734046,3
홈페이지,0.5493211008967691,3.04881697428129,0.4033560893007997,10
중견기업 기술개발,0.549307511669128,1.1376259903504247,0.1448893960823065,3
구현 특화,0.549307511669128,1.1376259903504247,0.1448893960823065,3
장비 후방,0.549307511669128,1.1376259903504247,0.1448893960823065,3
단지 기술개발,0.549307511669128,1.1376259903504247,0.1448893960823065,3
후방 산업,0.549307511669128,1.1376259903504247,0.1448893960823065,3
역량,0.5492509093575078,4.789690962443963,0.638994420078733,288
선제 대응,0.5491645507306204,4.4598656382941755,0.5945996328183336,15
식각,0.5491096151815421,1.0281495100553235,0.1302265329563228,3
레벨 공정,0.5491096151815421,1.0281495100553235,0.1302265329563228,3
원자 레벨,0.5491096151815421,1.0281495100553235,0.1302265329563228,3
원자,0.5491096151815421,1.0281495100553235,0.1302265329563228,3
증착 mi,0.5491096151815421,1.0281495100553235,0.1302265329563228,3
식각 증착,0.5491096151815421,1.0281495100553235,0.1302265329563228,3
장비 식각,0.5491096151815421,1.0281495100553235,0.1302265329563228,3
mi 어드벤스드패키징,0.5491096151815421,1.0281495100553235,0.1302265329563228,3
차세대 반도체,0.5491096151815421,1.0281495100553235,0.1302265329563228,3
미래 견인,0.5491096151815421,1.0281495100553235,0.1302265329563228,3
자동차 바이오,0.5491096151815421,1.0281495100553235,0.1302265329563228,3
부품 주관,0.5491096151815421,1.0281495100553235,0.1302265329563228,3
어드벤스드패키징 핵심,0.5491096151815421,1.0281495100553235,0.1302265329563228,3
어드벤스드패키징,0.5491096151815421,1.0281495100553235,0.1302265329563228,3
바이오 제조업,0.5491096151815421,1.0281495100553235,0.1302265329563228,3
기술개발 원자,0.5491096151815421,1.0281495100553235,0.1302265329563228,3
제조업 미래,0.5491096151815421,1.0281495100553235,0.1302265329563228,3
견인 차세대,0.5491096151815421,1.0281495100553235,0.1302265329563228,3
사업주 채용,0.5488533115624181,7.036679733034046,0.9445685100141085,7
암모니아,0.5487897828561553,4.3248336117785104,0.577274511460856,18
적용 실증,0.548676348793797,0.8420791031721957,0.10531162055771054,9
침투,0.5486462362474157,1.606583790974226,0.2090074898953296,4
경쟁력 ai,0.5486216613352726,1.9183489929826987,0.2513168897290201,4
전시품 운송,0.5484734436928049,5.769316196802159,0.774104070280784,4
자문 컨설팅,0.5484468580830167,2.2984005025366487,0.3031111938787635,5
ir deck,0.5483807853369945,0.5646224285975951,0.0678299341124741,3
deck,0.5483807853369945,0.5646224285975951,0.0678299341124741,3
기계 로봇,0.5483749238576908,0.9553221940942231,0.12087487551849131,3
상용화 중심,0.5483749238576908,0.9553221940942231,0.12087487551849131,3
보안 제어,0.5483749238576908,0.9553221940942231,0.12087487551849131,3
제어 구동,0.5483749238576908,0.9553221940942231,0.12087487551849131,3
센싱 연결,0.5483749238576908,0.9553221940942231,0.12087487551849131,3
연결 보안,0.5483749238576908,0.9553221940942231,0.12087487551849131,3
구동 주관,0.5483749238576908,0.9553221940942231,0.12087487551849131,3
첨단 기계,0.5483749238576908,0.9553221940942231,0.12087487551849131,3
미래 바이오,0.5483749238576908,0.9553221940942231,0.12087487551849131,3
범용 기술,0.5483749238576908,0.9553221940942231,0.12087487551849131,3
프로세서 스토리지,0.5483749238576908,0.9553221940942231,0.12087487551849131,3
경량 프로세서,0.5483749238576908,0.9553221940942231,0.12087487551849131,3
바이오 스마트,0.5483749238576908,0.9553221940942231,0.12087487551849131,3
스마트 가전,0.5483749238576908,0.9553221940942231,0.12087487551849131,3
가전 첨단,0.5483749238576908,0.9553221940942231,0.12087487551849131,3
개발 경량,0.5483749238576908,0.9553221940942231,0.12087487551849131,3
반도체 개발,0.5483749238576908,0.9553221940942231,0.12087487551849131,3
반도체 범용,0.5483749238576908,0.9553221940942231,0.12087487551849131,3
스토리지 센싱,0.5483749238576908,0.9553221940942231,0.12087487551849131,3
중심 시스템,0.5483749238576908,0.9553221940942231,0.12087487551849131,3
로봇 연계,0.5483749238576908,0.9553221940942231,0.12087487551849131,3
전기 기관차,0.5482452402112047,2.942290999568836,0.390860371502548,4
나노팹,0.5479345821754644,1.675476608068682,0.21912246204133803,4
oled 한계,0.5479180310185929,1.4155422405498101,0.18378609745579944,3
oled 기술개발,0.5479180310185929,1.4155422405498101,0.18378609745579944,3
돌파 상용화,0.5479180310185929,1.4155422405498101,0.18378609745579944,3
개발 도입,0.5476964892287977,2.6242060974869865,0.3485358723081609,4
유동,0.5476347608904951,7.826578785220278,1.0570329993967367,17
개발 수요,0.5476339814372223,1.12716137782601,0.14478589497757757,8
공공,0.5476290263379182,10.016730619376027,1.355294597429835,154
병목 현상,0.5475842018121033,0.8621558967202189,0.10873235034619433,3
기능 일부,0.5475842018121033,0.8621558967202189,0.10873235034619433,3
기술개발 dram,0.5475842018121033,0.8621558967202189,0.10873235034619433,3
in memory,0.5475842018121033,0.8621558967202189,0.10873235034619433,3
dram 제조,0.5475842018121033,0.8621558967202189,0.10873235034619433,3
memory pim,0.5475842018121033,0.8621558967202189,0.10873235034619433,3
pim 인공지능,0.5475842018121033,0.8621558967202189,0.10873235034619433,3
연산 병목,0.5475842018121033,0.8621558967202189,0.10873235034619433,3
개발 pim,0.5475842018121033,0.8621558967202189,0.10873235034619433,3
일부 메모리,0.5475842018121033,0.8621558967202189,0.10873235034619433,3
processing in,0.5475842018121033,0.8621558967202189,0.10873235034619433,3
processing,0.5475842018121033,0.8621558967202189,0.10873235034619433,3
담당 연산,0.5475842018121033,0.8621558967202189,0.10873235034619433,3
pim 메모리,0.5475842018121033,0.8621558967202189,0.10873235034619433,3
프로세서 연산,0.5475842018121033,0.8621558967202189,0.10873235034619433,3
소재 장비,0.5475842018121033,0.8621558967202189,0.10873235034619433,3
고도 pim,0.5475842018121033,0.8621558967202189,0.10873235034619433,3
dram,0.5475842018121033,0.8621558967202189,0.10873235034619433,3
고도 processing,0.5475842018121033,0.8621558967202189,0.10873235034619433,3
pim 차세대,0.5475842018121033,0.8621558967202189,0.10873235034619433,3
메모리 담당,0.5475842018121033,0.8621558967202189,0.10873235034619433,3
pim 프로세서,0.5475842018121033,0.8621558967202189,0.10873235034619433,3
memory,0.5475842018121033,0.8621558967202189,0.10873235034619433,3
연산 기능,0.5475842018121033,0.8621558967202189,0.10873235034619433,3
메모리 기술,0.5475842018121033,0.8621558967202189,0.10873235034619433,3
밸리,0.5473401205265261,1.8809946141845766,0.24778735389953566,6
해외 인증,0.5472416544004919,3.095411239782498,0.41353326379379174,24
능력 취약,0.547196040539155,2.9800457170706656,0.39788164700384365,14
이자 일부,0.5470636763657077,8.812443275877564,1.1941408619846867,4
산업 공통,0.5469822754220203,0.6456789017093415,0.07956343105506287,3
자립,0.5469784003019964,3.6608567298040784,0.49122595340367936,35
제작 기술,0.5468374030192198,1.1642215598783365,0.15047582610438226,14
기술 최종,0.546725245172998,1.4817348092737357,0.19396079062246166,3
상업 활용,0.5467197682136467,0.8536157028410659,0.10811989148551474,3
포함 접근법,0.5467197682136467,0.8536157028410659,0.10811989148551474,3
데이터 상업,0.5467197682136467,0.8536157028410659,0.10811989148551474,3
진단 패널,0.5467197682136467,0.8536157028410659,0.10811989148551474,3
디지털 통합,0.5467197682136467,0.8536157028410659,0.10811989148551474,3
기술 포함,0.5467197682136467,0.8536157028410659,0.10811989148551474,3
진단 플랫폼,0.5467197682136467,0.8536157028410659,0.10811989148551474,3
멀티오믹스 디지털,0.5467197682136467,0.8536157028410659,0.10811989148551474,3
가능 통합,0.5467197682136467,0.8536157028410659,0.10811989148551474,3
전단계암 정밀,0.5467197682136467,0.8536157028410659,0.10811989148551474,3
전단계암,0.5467197682136467,0.8536157028410659,0.10811989148551474,3
분석 전단계암,0.5467197682136467,0.8536157028410659,0.10811989148551474,3
오믹스 멀티오믹스,0.5467197682136467,0.8536157028410659,0.10811989148551474,3
오믹스,0.5467197682136467,0.8536157028410659,0.10811989148551474,3
예측 진단,0.5467197682136467,0.8536157028410659,0.10811989148551474,3
제품 학술,0.5467197682136467,0.8536157028410659,0.10811989148551474,3
임상 ai,0.5467197682136467,0.8536157028410659,0.10811989148551474,3
규모 오믹스,0.5467197682136467,0.8536157028410659,0.10811989148551474,3
패널 키트,0.5467197682136467,0.8536157028410659,0.10811989148551474,3
기초 임상,0.5467197682136467,0.8536157028410659,0.10811989148551474,3
키트,0.5467197682136467,0.8536157028410659,0.10811989148551474,3
접근법 무증상,0.5467197682136467,0.8536157028410659,0.10811989148551474,3
정밀 예측,0.5467197682136467,0.8536157028410659,0.10811989148551474,3
정밀 진단,0.5467197682136467,0.8536157028410659,0.10811989148551474,3
접근법,0.5467197682136467,0.8536157028410659,0.10811989148551474,3
무증상,0.5467197682136467,0.8536157028410659,0.10811989148551474,3
무증상 예측,0.5467197682136467,0.8536157028410659,0.10811989148551474,3
분석 고도,0.5467197682136467,0.8536157028410659,0.10811989148551474,3
ai 나노,0.5467197682136467,0.8536157028410659,0.10811989148551474,3
키트 장비,0.5467197682136467,0.8536157028410659,0.10811989148551474,3
진단 전문,0.5466821351950447,1.7496366662362912,0.23062347484647147,3
영상 제작비,0.5466777739392635,2.365393558046543,0.31479939783021493,4
간접,0.5466003822607314,1.0061060171744893,0.12904728016101352,8
기술개발 성과,0.5465383184898458,1.7644779023714423,0.23281623764198295,3
제품 수리,0.5465035234509098,1.3527483084930862,0.176534919698222,3
나노,0.546482890909328,6.258966643888848,0.847737643034501,24
연료,0.5463189561865114,6.860421734307245,0.9306667501463585,51
식품 기술개발,0.5461948012648918,1.59072447266122,0.209410907867834,5
제품 기획,0.5460701535023194,0.4914188120574077,0.05890278339927288,5
일반 공정,0.5459260193854212,0.48734889615563753,0.058408096415530936,4
기술개발 제품,0.5458847803637079,2.29952667644958,0.3069358651982525,6
딥테크,0.5456538983146123,2.0916575578296177,0.2787361283884913,12
ai 중소,0.545635153907501,2.176099977768352,0.29035250942692015,5
주관 공동,0.5456195987449971,11.065148431611764,1.5106621220854395,45
단기,0.5454838439940926,2.651250036481239,0.35582460212064315,14
반도체,0.5454251539623246,11.937574764004685,1.6317472220141014,82
전문 인력,0.5452272674079717,4.843930646810003,0.6577325846281907,53
마켓 테스트,0.5448355161297751,8.707469858548437,1.190917929734623,3
클러스터 정보,0.5446905544082181,1.6462863518164015,0.21864573056217745,7
성능,0.544665349465268,5.042890145763126,0.6867565793338425,125
하이브리드 친환경,0.5446198691454361,1.301615265941915,0.17121472174766697,4
하이브리드,0.5446198691454361,1.301615265941915,0.17121472174766697,4
수소 하이브리드,0.5446198691454361,1.301615265941915,0.17121472174766697,4
그린 전기,0.5446198691454361,1.301615265941915,0.17121472174766697,4
정보 분석,0.5445780494514431,8.775483782639828,1.2015831285371987,4
국민 건강,0.5445167561894795,1.1971741774880316,0.1569051342168672,3
상생,0.5444183750614332,6.807329048806233,0.9308889284642232,39
상환,0.5444178906408501,12.820962264664534,1.7604526308398043,28
실증 poc,0.54439530322523,1.2532176512563171,0.16473820195531796,4
기술 선도,0.54420165059749,3.8255429955227265,0.5200596025121405,9
도출 시스템,0.5441844266681477,0.9837865048072608,0.1277186660086012,3
타겟 치료,0.5441844266681477,0.9837865048072608,0.1277186660086012,3
개념 난치암,0.5441844266681477,0.9837865048072608,0.1277186660086012,3
치료 후보,0.5441844266681477,0.9837865048072608,0.1277186660086012,3
분석 난치암,0.5441844266681477,0.9837865048072608,0.1277186660086012,3
기술개발 멀티오믹스,0.5441844266681477,0.9837865048072608,0.1277186660086012,3
타겟 타겟,0.5441844266681477,0.9837865048072608,0.1277186660086012,3
데이터 통합,0.5441844266681477,0.9837865048072608,0.1277186660086012,3
개발 개념,0.5441844266681477,0.9837865048072608,0.1277186660086012,3
난치암 표적,0.5441844266681477,0.9837865048072608,0.1277186660086012,3
치료제 상용화,0.5441844266681477,0.9837865048072608,0.1277186660086012,3
물질 도출,0.5441844266681477,0.9837865048072608,0.1277186660086012,3
가전,0.5440991687864829,0.9022995249607191,0.11652443440024651,5
가스 전기,0.5439629267635081,9.917924301375649,1.3625762234192937,3
전기 안전,0.5439629267635081,9.917924301375649,1.3625762234192937,3
작성 가스,0.5439629267635081,9.917924301375649,1.3625762234192937,3
관리 계획서,0.5439629267635081,9.917924301375649,1.3625762234192937,3
진단 중소,0.5439629267635081,9.917924301375649,1.3625762234192937,3
교육 일반,0.5439629267635081,9.917924301375649,1.3625762234192937,3
집중 관리,0.5439018381491523,13.711621879025394,1.8873426553721089,8
워크,0.5438812701425404,1.4621512132917938,0.1940678079652925,4
맞춤 스마트,0.5438778944660995,1.831065576464129,0.24507261240495604,5
응용,0.5438582411613698,4.692142863050581,0.6406640689115027,47
파급,0.5436419103455694,3.424626690466893,0.46586890307014583,3
보급 산업,0.5436267587450608,16.837851702062025,2.3221231386914414,8
멀티,0.5434815320122778,2.1439103236371597,0.2888635628335173,6
개발 글로벌,0.5433945028409163,3.5891154325238332,0.48916808120687055,11
사회적기업 제품,0.5433865843376038,3.2339131202793534,0.43998212033930373,7
전주,0.5433065286482669,6.598248064341862,0.9063234556231742,5
글로벌스타,0.5433034289367489,1.3392571863797982,0.17760774611554703,3
기술 보유,0.5432100606394707,2.579388016947917,0.3496004870996719,29
계획 용역,0.5428637826981431,2.642404826505568,0.3589060946844317,3
창업 경영,0.5428429777922047,0.9480406063402402,0.12371971241877246,3
다양 교육,0.5428429777922047,0.9480406063402402,0.12371971241877246,3
장비 핵심,0.5426443184681865,4.320739070770806,0.5924497419525977,10
주간,0.5426300274787051,2.9318086058620443,0.3995024900173977,11
명확,0.5426221271222865,1.379205588589821,0.18378428420760404,3
기술개발 에너지,0.5426203617938626,1.2108868277568092,0.16039807045740426,5
사료 제조,0.5425770043032431,14.505500795430745,2.0080429889467424,4
원자재,0.5424490729481813,3.1066531104589576,0.4241417407258712,8
장비 시제품,0.5424088243859355,2.064774763522888,0.2793262913636742,3
기능,0.5420334737563949,4.740848835166108,0.6525451772129152,62
센터 실증,0.5420136390691245,2.901296509013556,0.39637011823178103,30
인식 확산,0.5418996199133368,5.01078977292145,0.6905414420200178,3
모델,0.5418871042396729,4.592037033078224,0.6322209810696436,144
수송,0.5418306987135123,2.2283964842770065,0.30290186328130203,7
디스플레이 기술개발,0.5417813309866473,3.263230645890497,0.44724902452940807,8
자금 장기,0.5417671824597484,7.2754332406571525,1.0066920706884557,3
보조 융자,0.5416088250087122,2.068716276922534,0.2809392481709323,8
대학 환경,0.5415868770692536,6.057087967610056,0.8374645270203266,3
산업체 지자체,0.5415868770692536,6.057087967610056,0.8374645270203266,3
소재 연구소,0.5415868770692536,6.057087967610056,0.8374645270203266,3
증축,0.5415139530740801,12.350446939166051,1.7160932363568913,3
작품 제작,0.5415120123215375,1.7174329475955088,0.23203910678007872,6
전공자,0.5414967701975181,3.5813501425801046,0.49222250202087114,5
서비스 실증,0.5414816361090541,1.6705903354899005,0.22553491231860684,23
컨설팅 화학,0.5414046145476232,6.2264234249398385,0.8617609243501421,5
기술 미래,0.5412910867231235,1.8372374848664328,0.24902638709538621,13
환경 창업,0.5411013959405055,3.2681034546144048,0.4492938656603509,3
실증 의료,0.5410350142238942,1.2578443301292315,0.1683125318520428,4
배정,0.5409088481907794,4.273015261671185,0.5902795509449019,7
시스템,0.5406458770728058,7.82623854132031,1.088620230554605,192
감면,0.5406287608730518,4.799756746288753,0.6647822757197701,7
혁신 자동,0.5404301220796929,2.0622760972740233,0.28161108046502675,3
감소 인력난,0.5404301220796929,2.0622760972740233,0.28161108046502675,3
제조 로봇,0.5404301220796929,2.0622760972740233,0.28161108046502675,3
자동 설비,0.5404301220796929,2.0622760972740233,0.28161108046502675,3
자동 제조,0.5404301220796929,2.0622760972740233,0.28161108046502675,3
로봇 자동,0.5404301220796929,2.0622760972740233,0.28161108046502675,3
해소 제조,0.5404301220796929,2.0622760972740233,0.28161108046502675,3
인력난 해소,0.5404301220796929,2.0622760972740233,0.28161108046502675,3
설비 생산,0.5404301220796929,2.0622760972740233,0.28161108046502675,3
홍보 청년,0.5404160360956838,2.7123889139672688,0.3727686022985144,4
대응 소재,0.5403780228263434,1.1102881628360497,0.14820191363005014,3
고도 제품,0.5403688297827086,12.691025127034573,1.7720106466481316,3
홈쇼핑,0.5402677266392889,5.913456677547377,0.8220438933313938,12
대응 필수,0.540205277373973,2.8228921092201578,0.388631986405879,34
조선,0.5401620774094896,7.533368014444806,1.049741082102187,14
컨설팅 테스팅,0.5395176479279509,4.081239011779717,0.5668934961906825,3
테스팅,0.5395176479279509,4.081239011779717,0.5668934961906825,3
농산물 유통,0.5394870865686937,11.36339674786006,1.5916732436058123,10
음극,0.5394555455899701,1.3426543855693702,0.18164072610241466,3
근원,0.5393586524377526,7.170435892004982,1.002207416236328,7
근원 안전,0.5393586524377526,7.170435892004982,1.002207416236328,7
민간 주도,0.5392156381039829,3.8434297094119407,0.5341440779482575,15
이차전지 산업,0.5391135657046543,0.9952055778231252,0.1329952011764524,3
기준 개발,0.5389886874771017,3.229173202259874,0.44806962938142925,31
판매 자금,0.538952321508932,11.346270606253363,1.592795341315882,6
만기일,0.538952321508932,11.346270606253363,1.592795341315882,6
매출채권 만기일,0.538952321508932,11.346270606253363,1.592795341315882,6
매출채권 매입,0.538952321508932,11.346270606253363,1.592795341315882,6
만기일 구매,0.538952321508932,11.346270606253363,1.592795341315882,6
매입 판매,0.538952321508932,11.346270606253363,1.592795341315882,6
기금 상거래,0.538952321508932,11.346270606253363,1.592795341315882,6
자금 매출채권,0.538952321508932,11.346270606253363,1.592795341315882,6
팩토링 서비스,0.538952321508932,11.346270606253363,1.592795341315882,6
상거래 매출채권,0.538952321508932,11.346270606253363,1.592795341315882,6
청구 팩토링,0.538952321508932,11.346270606253363,1.592795341315882,6
회수 상환,0.538952321508932,11.346270606253363,1.592795341315882,6
설명,0.5389271449462503,1.6561352260457034,0.22634463818226547,4
온라인,0.5388942240570727,16.41525818306857,2.3081626050959194,73
컨설팅 컨설팅,0.5388414051964369,1.689666706208612,0.23117064294921486,3
기자재,0.5388157143098486,9.148465290644472,1.283599271800784,31
수요 제조,0.5387745942737898,1.3547886406473222,0.18398879291245815,3
기술개발 첨단,0.538734324714073,0.7954769362541532,0.10508475000352208,6
난제 해결,0.5386832863435296,1.775246334326199,0.243430907111029,3
시공,0.5386141403176501,4.008735303767191,0.5589025297990692,46
우수 사례,0.5384361173959197,2.5233199481949393,0.34943373029078484,4
다목적 자동차,0.5383708505661846,2.1605685572324593,0.2982645116491225,4
다목적,0.5383708505661846,2.1605685572324593,0.2982645116491225,4
기술 협력,0.5383602867498353,2.617134769049484,0.3628167121225349,12
취업 연구,0.5382945311909407,2.710592719954352,0.37614008625539586,3
역량 취업,0.5382945311909407,2.710592719954352,0.37614008625539586,3
검진,0.5382945311909407,2.710592719954352,0.37614008625539586,3
취업 역량,0.5382945311909407,2.710592719954352,0.37614008625539586,3
건강 검진,0.5382945311909407,2.710592719954352,0.37614008625539586,3
전담 취업,0.5382945311909407,2.710592719954352,0.37614008625539586,3
졸업 수료,0.5382945311909407,2.710592719954352,0.37614008625539586,3
종사자 특수,0.5382945311909407,2.710592719954352,0.37614008625539586,3
활동 종사자,0.5382945311909407,2.710592719954352,0.37614008625539586,3
수료 취업,0.5382945311909407,2.710592719954352,0.37614008625539586,3
훈련 재학,0.5382945311909407,2.710592719954352,0.37614008625539586,3
컨텐츠,0.5379837524768388,1.123438622873036,0.15198275975453318,3
혁신 다양,0.5379000610131387,1.204106522967395,0.16347463257066236,3
플랫폼,0.5377389584211372,3.5664946792765884,0.49838152799883084,175
안전 환경,0.5376803049262894,3.678278279531239,0.5143552675990689,9
원격,0.537671934748933,2.4340492998081182,0.3380099493154741,10
검증,0.5376147074115529,3.439913255061651,0.480709175356331,123
협력사,0.5375393117727892,2.129682441979659,0.29505124282140327,9
맞춤 민간,0.5374861527859259,2.554773716302316,0.3554250179533537,4
내역사업명,0.5374578622731636,2.280396374627765,0.31654579675875416,4
거치 분할,0.5372038821348022,2.123472277236498,0.2946351954916715,5
기술 ct,0.537122639044198,26.843355961057785,3.806439969334162,7
기술 국내,0.5370126873863313,1.9481902901558346,0.2699888566639633,11
부대 비용,0.536951878238512,2.9123255060297857,0.4071257101950542,5
전기 다목적,0.536829012428779,1.8215107363032859,0.25220804053152424,4
첨단 바이오,0.5368209333125153,1.848888709773413,0.2561118814233098,14
여성 판로,0.5366396424222228,2.1291997136242444,0.2962333940751481,7
활성 공공,0.5365003528604954,4.300459436874175,0.6056481944662852,3
주기,0.5364702262975544,2.045830574359843,0.28459487831895125,45
지자체,0.5363821139494507,3.803195933136953,0.5351083602792057,60
특구 관리,0.5362825064820579,0.696381402381429,0.09249678936361956,3
네트워크 특구,0.5362825064820579,0.696381402381429,0.09249678936361956,3
내실 견인,0.5362825064820579,0.696381402381429,0.09249678936361956,3
기획 활동,0.5362825064820579,0.696381402381429,0.09249678936361956,3
활성 내실,0.5362825064820579,0.696381402381429,0.09249678936361956,3
활동 지역,0.5362825064820579,0.696381402381429,0.09249678936361956,3
성과 가능,0.5362825064820579,0.696381402381429,0.09249678936361956,3
동력 기획,0.5362825064820579,0.696381402381429,0.09249678936361956,3
견인 지역,0.5362825064820579,0.696381402381429,0.09249678936361956,3
지역 특구,0.5362825064820579,0.696381402381429,0.09249678936361956,3
기획 혁신,0.5362825064820579,0.696381402381429,0.09249678936361956,3
관리 특구,0.5362825064820579,0.696381402381429,0.09249678936361956,3
혁신 네트워크,0.5362825064820579,0.696381402381429,0.09249678936361956,3
특구 전담,0.5362825064820579,0.696381402381429,0.09249678936361956,3
중점,0.536264418078268,6.465383527214667,0.914881714126779,14
대학 병원,0.5362434144471167,6.356215157656941,0.8993998820280628,22
컨설팅 브랜드,0.5361946509765377,3.575083513109747,0.503022914428641,4
기술 경쟁력,0.5360035348323513,3.584068830066114,0.5047302658737814,52
규제 실증,0.5359532490721847,1.5698463548599293,0.21735438913981747,5
국내 규제,0.5359532490721847,1.5698463548599293,0.21735438913981747,5
실증 지역,0.5359532490721847,1.5698463548599293,0.21735438913981747,5
특구 국내,0.5359532490721847,1.5698463548599293,0.21735438913981747,5
자체,0.5358381204386344,5.039387363368897,0.7129117319055251,23
전주기,0.5358351962423978,2.2577174340886135,0.31570711533647233,5
기술 격차,0.5355753209829217,1.031406142390162,0.14079301948572992,6
서비스 거대,0.5355045460594747,1.1969913548366018,0.1645238085193016,3
시험 성능,0.5354501097999796,15.347008802821584,2.1882787911427917,3
프로젝트 네트워크,0.5353867644892872,7.519729947944515,1.0691215205773053,3
내외 타당성,0.5353867644892872,7.519729947944515,1.0691215205773053,3
대학 단체,0.5352735959036036,1.7314646992339604,0.24121667728038915,4
먹거리,0.5348320042787568,2.2794982757788604,0.32030776013223133,4
융자 국내외,0.5346862006047788,7.071565043671176,1.0079847034750071,4
평가 기술개발,0.5343789150362542,3.0288690878341766,0.42861875396064336,6
활용 국내,0.5342244388351873,2.254074824509677,0.3175591521686571,5
원인,0.5341941129889158,1.5492735341202368,0.21629446857579782,7
기술 이전,0.5341762065091871,3.9790967541425255,0.5656061929808656,30
확인,0.5341340513980628,3.1396931434742124,0.44502388873640836,29
만족,0.5340173193329701,1.706296759473061,0.23907059261132652,5
다양 전기,0.5337860145823822,0.9675482521039465,0.13297599633518464,4
샤시플랫폼,0.5337860145823822,0.9675482521039465,0.13297599633518464,4
기관 다목적,0.5337860145823822,0.9675482521039465,0.13297599633518464,4
개발 내연,0.5337860145823822,0.9675482521039465,0.13297599633518464,4
업계 동화,0.5337860145823822,0.9675482521039465,0.13297599633518464,4
동화,0.5337860145823822,0.9675482521039465,0.13297599633518464,4
자동차 전기,0.5337860145823822,0.9675482521039465,0.13297599633518464,4
샤시플랫폼 성능,0.5337860145823822,0.9675482521039465,0.13297599633518464,4
전력 샤시플랫폼,0.5337860145823822,0.9675482521039465,0.13297599633518464,4
동화 전환,0.5337860145823822,0.9675482521039465,0.13297599633518464,4
전기 전력,0.5337860145823822,0.9675482521039465,0.13297599633518464,4
지급,0.5336822266656425,4.214069244937916,0.6006743644630195,49
개발 기술,0.5334631589391672,2.949447606153999,0.4189335208700766,28
게임 체인저,0.5334519004727144,1.9843501370276406,0.27981541810871136,3
체인저,0.5334519004727144,1.9843501370276406,0.27981541810871136,3
환경 자금,0.5334301155367582,4.9041041052785825,0.7008257383193739,3
융자 출연,0.5334170680131022,1.1934732045067555,0.1658238995675861,8
출연 출자,0.5334170680131022,1.1934732045067555,0.1658238995675861,8
사슬,0.5332658332460974,2.535309930288114,0.35955405137089097,7
사슬 경쟁력,0.5332658332460974,2.535309930288114,0.35955405137089097,7
sw 품질,0.5331976646511969,2.106785268108166,0.2978221572542301,4
융자 농산물,0.5331507828963389,4.06317711134426,0.5802845985274288,5
온라인 도매,0.5331507828963389,4.06317711134426,0.5802845985274288,5
공연,0.5330816727943022,3.4584234311068887,0.493141739446914,15
고용 노동,0.533077106143929,3.221868259804117,0.45899585327714415,4
진출 해외진출,0.5327295203245934,3.3303868674087695,0.47539784300466137,3
경영,0.5326626953282716,10.192581133230624,1.4680119146535333,121
맞춤 전기,0.532543647908288,1.2809172987894986,0.17923555523185974,4
발급,0.5325090505071154,2.5480277051452553,0.36264160307775595,21
위성,0.5322703223498862,6.061784168280182,0.8720305514603487,11
소자 전력,0.5319940935138026,1.3923586873052425,0.19590314400189918,3
상용화 소자,0.5319940935138026,1.3923586873052425,0.19590314400189918,3
지역 전략,0.5318753080883226,1.4727125203969824,0.20767880609538894,13
도래,0.5317962767408825,5.740074012134242,0.8270969079139576,5
지능,0.5317867884415414,6.898252943949622,0.9952270798873112,73
유통 융자,0.5315318996213673,2.3997778562880256,0.34272543178173165,5
시장 통합,0.5315318996213673,2.3997778562880256,0.34272543178173165,5
자금 온라인,0.5315318996213673,2.3997778562880256,0.34272543178173165,5
정산 조직,0.5315318996213673,2.3997778562880256,0.34272543178173165,5
통합 정산,0.5315318996213673,2.3997778562880256,0.34272543178173165,5
대금 정산,0.5315318996213673,2.3997778562880256,0.34272543178173165,5
시장 정산,0.5315318996213673,2.3997778562880256,0.34272543178173165,5
융자 도매,0.5315318996213673,2.3997778562880256,0.34272543178173165,5
조직 대금,0.5315318996213673,2.3997778562880256,0.34272543178173165,5
유도 화훼,0.5315318996213673,2.3997778562880256,0.34272543178173165,5
융자 화훼,0.5315318996213673,2.3997778562880256,0.34272543178173165,5
정산 융자,0.5315318996213673,2.3997778562880256,0.34272543178173165,5
정산 자금,0.5315318996213673,2.3997778562880256,0.34272543178173165,5
특구 규제자유특구,0.5314386102091331,1.4637903517902315,0.20683436019438384,5
상용화 자금,0.5314386102091331,1.4637903517902315,0.20683436019438384,5
적용 특구,0.5314386102091331,1.4637903517902315,0.20683436019438384,5
자금 지역,0.5314386102091331,1.4637903517902315,0.20683436019438384,5
사업자 기관,0.5314386102091331,1.4637903517902315,0.20683436019438384,5
발전 기술,0.5314386102091331,1.4637903517902315,0.20683436019438384,5
규제자유특구 사업자,0.5314386102091331,1.4637903517902315,0.20683436019438384,5
서비스 규제,0.5314386102091331,1.4637903517902315,0.20683436019438384,5
미만 중소,0.5314072385346963,10.407190480831648,1.506881532761688,3
통신 기술,0.531241257539408,3.4479483114200984,0.49564797696427587,13
마케팅 제품,0.5312073266310193,2.716634834291316,0.38933305024948794,8
중개 수수료,0.5311878697120344,1.1346871382598587,0.1592124160222137,3
성장 중심,0.531098060296914,2.0512030641341794,0.2926783667695607,3
적용 기술개발,0.5310686768752494,0.7687711922889546,0.10605058054550554,4
특구 혁신,0.5310470272329935,1.8711160338727635,0.26653320963318783,5
조사 컨설팅,0.5310100676471974,3.0754090073727958,0.4419159283021394,4
박람회,0.5309433034120598,9.437283473454858,1.3685358630256932,38
보유 자원,0.5307315431382059,1.697400317655748,0.24161447368894282,3
인력 기술,0.5307315431382059,1.697400317655748,0.24161447368894282,3
자원 인력,0.5307315431382059,1.697400317655748,0.24161447368894282,3
인력 협력,0.5307315431382059,1.697400317655748,0.24161447368894282,3
경쟁력 미래,0.5305027579176183,5.370754473257578,0.7777849049915954,5
도입,0.5304070844799285,8.456181857371808,1.2284061819001106,107
인증 컨설팅,0.5304021040960064,2.931545905288137,0.42212164598440904,8
사례,0.5301953787263698,4.246310753989152,0.6145603948811662,27
글로벌 공급망,0.5301707279431104,5.579700250015367,0.8094126794429639,11
격차 완화,0.5301298632658893,1.503085742498753,0.21392891326110366,4
상이 참조,0.529929796579191,0.573995076960954,0.07828460535844785,4
공정 제품,0.5298215924997067,1.7002987448945623,0.24310575453303462,3
trl,0.5298012448523679,10.504158218409323,1.5311393917375051,10
제조 핵심,0.5297710012326831,0.7200067157766307,0.09973058703354781,3
융합 연구,0.5297424037851733,0.8192428732208122,0.11426951300690336,3
우선,0.5295622437628927,4.390706397253325,0.6373970430641167,15
성층권,0.5295367083287826,6.87964251605533,1.0019871602265173,3
해외 환경,0.5295136212617786,9.71047545253502,1.4167155761446493,3
국내 전파,0.529498243780056,5.192983454141466,0.7550900954653578,16
홍보 맞춤,0.5294825627759167,1.1183790738783084,0.15826075661964895,3
과학 기술,0.529443333467162,7.799788408660595,1.1371929375752354,30
전파 방송,0.5294290670437175,1.1880439536356198,0.16851273053227422,3
그린카,0.5293913896992333,1.07323217818602,0.15172109366015984,3
그린카 그린,0.5293913896992333,1.07323217818602,0.15172109366015984,3
분석 서비스,0.5291180922169155,8.313095083770905,1.2140470308785614,8
시스템 안전,0.5290663327231682,2.984021766856592,0.43235991488735337,30
개발 장비,0.528950670480532,5.310387073459088,0.7740964278631557,3
서비스 확산,0.5289170846629856,2.922768702573043,0.42365572026502435,10
수요 제품,0.5287928917262411,0.6603096219758254,0.09155043156007078,3
컨설팅 지급,0.5287645830167071,0.8229412915072226,0.11545882828816141,3
음극 적용,0.528750650097629,0.7929933091376837,0.11106815874719447,3
물류 서비스,0.5287186506873536,4.0129783803820365,0.5842259522274467,9
활용 국산,0.5285661327400784,3.8209531100667258,0.5563812466955632,7
첨단,0.5284830212364294,5.558639359292357,0.8121566570967589,142
생산 제품,0.5282267798118543,0.7294444212627744,0.10205095415784042,3
확산 인프라,0.5281207912999385,25.460626053173122,3.7447868506330653,3
ip 확산,0.5281207912999385,25.460626053173122,3.7447868506330653,3
내부,0.5280744160522832,2.108351186186784,0.30528178367746084,6
생활 균형,0.5280233151188684,9.070608493042942,1.331231056181711,13
개별,0.5278752705509185,4.186056222878955,0.611893908923925,32
프로젝트 내외,0.5277946743507915,12.732009559934442,1.8724950172283317,3
조사 프로젝트,0.5277946743507915,12.732009559934442,1.8724950172283317,3
중금속,0.5276656834408482,1.5977462174235382,0.2305201451457064,3
인증 발급,0.5276100580894272,0.8948263159857676,0.12683685894215235,4
개발 역량,0.5274862232313132,1.4133390118901121,0.20349150327488766,7
연구 산업체,0.5274707274580924,2.0637907567688814,0.29956292509172106,6
바이어 초청,0.5274694315864961,10.38072899183751,1.5277775408444667,8
타겟,0.5274457916223175,1.275299037831482,0.18314549180122913,5
전장,0.5273980281167936,15.157698757712918,2.233875871005312,5
생태 핵심,0.5273542902608351,2.5025687110686627,0.36455320901366456,30
판매 온라인,0.5271558102443281,5.853047446994042,0.8602919447884002,7
기술 응용,0.5271256621700672,1.2966942754948785,0.18660904825409533,4
라이프,0.5271016242209049,3.6846753826263625,0.539800304467916,6
생태 연구,0.527036814434358,1.3133498849848892,0.1891573071602788,3
인증 혁신,0.5267880883583708,0.9517667039956232,0.1358527145068197,4
위주,0.5265185614227156,3.8840767951035877,0.5707408083967175,7
접속,0.5264740669575301,5.141308928704343,0.7572575646000574,16
적용,0.5263975461500215,5.854485996650044,0.863278423544861,140
평가 신뢰,0.5263461898041539,1.3214366066335264,0.1910203943404727,4
바이오 기술,0.5261033814839915,2.0086700475028456,0.2933008524778077,3
부품,0.5260865192877626,24.180209933613998,3.5857444137019883,185
스마트 생산,0.5260640975830868,7.13553074381866,1.0547499002957208,9
유럽,0.5259788708612521,5.037599916350971,0.7434553831388842,6
기술 공공,0.525825104613756,1.6466040779134758,0.23986190250815256,4
공정 고도,0.5255822841859569,3.8932485024117645,0.5744409947890088,9
수요,0.5255040210630036,6.2736388691065015,0.9289460381211039,249
사업자 은행,0.525443120560947,9.090102003067322,1.3485037965612454,3
은행 자금,0.525443120560947,9.090102003067322,1.3485037965612454,3
관광부 대출,0.525443120560947,9.090102003067322,1.3485037965612454,3
대출 문화,0.525443120560947,9.090102003067322,1.3485037965612454,3
이차보전 국내외,0.525443120560947,9.090102003067322,1.3485037965612454,3
외국,0.5253364236236854,2.1248368072704444,0.31166091960805464,10
기술개발 다양,0.525318403824135,1.4858704306889006,0.21650933227422048,4
선진국,0.5248368657318563,2.3063137301060963,0.3394704348553981,6
ai 활용,0.5247968624100747,2.273585662993074,0.33464767363262826,19
전시회 직접,0.5247552803967352,2.5861898722495726,0.3813812804110682,4
정규직 전환,0.5246564991945002,7.9512505019306285,1.1828328530730556,16
대처,0.5245642720562013,1.8453843164290555,0.2710303432499892,9
신속 상용화,0.5245574443041686,3.9099386960404474,0.5795062341573411,5
부여,0.5243503995603241,3.62452752459532,0.5373500650793999,41
연계 기술,0.524336179262158,2.1319014303912556,0.3141708784770644,8
hw sw,0.5243217208285821,1.57925313387972,0.231542184773056,5
공동 협력,0.524301435766051,2.3127171392801404,0.3412652109266347,4
안전 국내,0.5241053488193662,4.78456435624829,0.7115641324536333,3
니켈,0.5241004214837972,0.7355337346899311,0.10549994627325485,3
표준 인증,0.5240579245760354,2.540720800293487,0.3757819487627222,7
검토 기술,0.5240446700339786,1.155406594374173,0.1683974354383208,3
소부장 전략,0.523831280810873,2.874974049552355,0.4262557361319163,5
수소,0.5237640470626745,11.895159068468582,1.778392777596638,61
차세대 우주,0.5236375565662995,0.9867402890124665,0.14346047401818215,3
통신 네트워크,0.5236375565662995,0.9867402890124665,0.14346047401818215,3
신뢰 통신,0.5236375565662995,0.9867402890124665,0.14346047401818215,3
요구 사항,0.5235544223406888,2.820332130402692,0.4185876381617938,6
산업 현장,0.5235329109618279,2.2870392017908667,0.33862025929471773,15
ess,0.5234407500979122,5.64762197953878,0.8431248693967791,30
작업 환경,0.5232597033391495,3.0655004512825816,0.45596350739666525,10
차세대 나노,0.523258175283667,0.9224552000658511,0.13409986533541032,3
상용화 기술,0.5231612912671947,2.866760454579886,0.42630253630844817,18
청년 친화,0.5230658213406024,3.5791151378661348,0.5335568515397823,4
연구 조합,0.5227989640424165,1.045849578289908,0.15300596626095384,5
매출 증대,0.5227211981670011,2.357573468653937,0.3505032762918503,3
산업 주도,0.5226493991920618,0.7348096225012932,0.10629807405727884,3
경쟁력 산업,0.5223117892896636,8.19023509818962,1.2305054360362497,7
등록,0.5222742876007683,2.931970314523661,0.43783162922510355,39
제조 경쟁력,0.5221319037635996,1.5409566117239626,0.22824667590903025,5
ai 데이터,0.5220968795865564,1.3769470914748794,0.20353800721706922,14
타당성조사 예비,0.5218852812007273,7.519729947944515,1.1314364495642113,3
산업 타당성조사,0.5218852812007273,7.519729947944515,1.1314364495642113,3
타당성조사,0.5218852812007273,7.519729947944515,1.1314364495642113,3
선행,0.5217085765035832,3.6830748276747074,0.5524511048684223,4
실증 탄소중립,0.52168092591438,4.082876503559955,0.6129454021892977,3
학술 연구,0.5215966258642563,0.8543684018825821,0.12503561576309832,5
post,0.5212804708648634,1.3291609925389607,0.19713471783601938,7
유지 보수,0.5211189244132062,1.7346315300635453,0.2587172767328845,10
테스트베드,0.5211065340323894,1.9242459008986073,0.28745767998024174,21
산업 재해,0.5210008581131397,12.700780994348381,1.920851763261059,10
시험 시험,0.5209179466576181,1.7766654725041042,0.26533862058682467,3
밀도 급속,0.5208528484300546,0.7929933091376837,0.11625078761508159,3
테스트베드 활용,0.5208140189571859,0.6816424884137865,0.09938810523481323,3
나노 전문,0.5208140189571859,0.6816424884137865,0.09938810523481323,3
연구실 인증,0.5208140189571859,0.6816424884137865,0.09938810523481323,3
창업 역량,0.5208016670806895,4.461087482663346,0.672651344061186,5
기술 도입,0.5206970156501344,6.021971457054354,0.9098043301527022,11
예측 정밀,0.5205343726577051,0.834209825999452,0.122721381103083,6
테스트,0.5205006173116768,4.442384257978049,0.6706832953159567,35
연구 규모,0.5204734414517721,0.6250724649032744,0.09100042704619843,4
측정 기술,0.5203941885716437,1.7965758963899878,0.2690259827160256,6
건조,0.5203726976699712,11.900617620878167,1.8042431797612783,11
부처 연계,0.5202956685473451,2.189015816465218,0.32879695089060723,4
실증 디지털,0.5202808142977623,1.6687671716134234,0.2497447572535592,6
문화 확산,0.5202032446325991,3.2594850531810193,0.4916928578715092,6
태양광 풍력,0.5200933700344903,2.6734177057493165,0.4027856526925063,30
ai 기술개발,0.520070762813744,1.4959666382481704,0.2237103423254216,3
집중,0.5198773009562372,3.7312783892544825,0.5642265420531767,47
스케일 글로벌,0.5198272726802466,1.9732999900298271,0.29666129972655897,3
기술개발 디지털,0.5197496201812289,1.7156587813605522,0.25752578295541323,3
유형,0.5196806307141615,3.716846716564454,0.562511880072323,30
기관차,0.5195505072109655,3.205884583755712,0.4849404550217292,4
이동,0.5194253829795327,2.3546569725478403,0.3553829001726469,19
구동,0.5194217898478561,1.399646738104479,0.2097323706827276,7
국산 시장,0.5191354249624284,1.2005740167914465,0.17963345007734466,4
민·관,0.5190683514505509,0.6468755223178444,0.09512645278109486,4
자동차 개발,0.5188893314829514,1.2809172987894986,0.19213990526580899,4
심의,0.5188547605869499,9.240321774698462,1.4088874020853228,7
후방,0.5186670147741541,0.8905293373951308,0.13263410024209907,4
실증 산업,0.5185857124530993,1.5698463548599293,0.2366493213867706,5
레퍼런스,0.5184453798932724,4.992926522200286,0.7609382319038026,14
자원,0.518434752817711,3.9811771791788804,0.606051322907722,106
사회 가치,0.5182260264591223,7.843987651724334,1.1985773174779752,10
감독,0.5181705683460013,4.509961334594654,0.6878002855995015,8
ai 기술,0.5181495459938761,2.6486420638538903,0.4025270780720919,25
생활,0.5179730744284535,4.572415067915761,0.6979648850756669,48
제작 실증,0.5178577354276289,2.313230004095086,0.35157836787321317,5
공동 엔지니어링,0.5177895570551457,0.9318330965937995,0.1396179906886249,3
어려움 벤처,0.5177895570551457,0.9318330965937995,0.1396179906886249,3
인력 기술력,0.5177895570551457,0.9318330965937995,0.1396179906886249,3
전파 공동,0.5177895570551457,0.9318330965937995,0.1396179906886249,3
벤처 창업가,0.5177895570551457,0.9318330965937995,0.1396179906886249,3
창업가 전파,0.5177895570551457,0.9318330965937995,0.1396179906886249,3
기술력 부족,0.5177895570551457,0.9318330965937995,0.1396179906886249,3
개발 어려움,0.5177895570551457,0.9318330965937995,0.1396179906886249,3
해소 맞춤,0.5177895570551457,0.9318330965937995,0.1396179906886249,3
방송 개발,0.5177895570551457,0.9318330965937995,0.1396179906886249,3
부족 전파,0.5177895570551457,0.9318330965937995,0.1396179906886249,3
엔지니어링 고급,0.5177895570551457,0.9318330965937995,0.1396179906886249,3
전파 애로,0.5177895570551457,0.9318330965937995,0.1396179906886249,3
rfp,0.5175924484798278,0.8461746836362483,0.12660719820903632,3
품목,0.5172502688805707,5.455546704553834,0.8360034644114325,50
해외 선진,0.5169900987388616,0.6562101994208085,0.0977771462190414,3
계약,0.5169624889216647,4.05089420100745,0.6206694881541117,30
상이,0.5168978348727574,1.433964619260703,0.21765864713713923,12
사회 실현,0.5168220767970497,2.5025687110686627,0.3824272667725938,30
보수,0.5168118027090047,4.70246794310235,0.7214954199997321,15
경제 시장,0.5168068608280376,2.5025687110686627,0.382453616573161,30
벤처 스타트업,0.5167927932128612,2.99452219093288,0.4583040444825248,11
특화,0.5167918306878926,6.1763202875387675,0.9487266842000206,108
최고,0.5166903224804115,1.7623249411204065,0.2685129603528654,23
권익,0.5165622251301931,3.9991339583963517,0.613760027406246,4
연구개발 기관,0.5164938048425056,9.971013055479744,1.5355058282550378,51
가능 핵심,0.5164670392660597,1.0885286020204044,0.164808336844001,5
산업체 해외,0.5163401522059219,7.290038504938434,1.1225064173550283,4
특허 출원,0.5162997215602743,3.296141298764144,0.5058898729635477,5
실리콘,0.5162767496474848,3.6562820191949505,0.5615652571569822,32
서비스 공공,0.5161791753757402,2.3716827585188875,0.3633185239072723,4
저지연,0.5159203384954819,1.1726456657411073,0.17828964370243947,3
요구 고속,0.5159203384954819,1.1726456657411073,0.17828964370243947,3
저지연 지능,0.5159203384954819,1.1726456657411073,0.17828964370243947,3
인프라 한계,0.5159203384954819,1.1726456657411073,0.17828964370243947,3
유선 통신,0.5159203384954819,1.1726456657411073,0.17828964370243947,3
미래 복합,0.5159203384954819,1.1726456657411073,0.17828964370243947,3
서비스 인프라,0.5159203384954819,1.1726456657411073,0.17828964370243947,3
복합 서비스,0.5159203384954819,1.1726456657411073,0.17828964370243947,3
차세대 유선,0.5159203384954819,1.1726456657411073,0.17828964370243947,3
극복 요구,0.5159203384954819,1.1726456657411073,0.17828964370243947,3
네트워크 원천기술,0.5159203384954819,1.1726456657411073,0.17828964370243947,3
고속 저지연,0.5159203384954819,1.1726456657411073,0.17828964370243947,3
지능 네트워크,0.5159203384954819,1.1726456657411073,0.17828964370243947,3
소재 원천기술,0.5157476877821305,1.5802292300910374,0.2415328769704349,3
문화 원천기술,0.5157476877821305,1.5802292300910374,0.2415328769704349,3
학생 대학,0.5156766204638613,18.268235620259784,2.82530331523175,8
성장,0.5155445727965043,8.400720535739735,1.298297539763627,373
제작 플랫폼,0.5155407572255533,0.8304233732563804,0.12562415138171237,3
국내 산업,0.5155144835641038,5.34397316736079,0.8248978113030143,16
부지,0.5154516712203664,2.5025687110686627,0.3848066651060854,30
시제품 제작,0.5154429696253007,6.550978747007365,1.0121955028051295,86
설비 연계,0.5153379342669371,2.237506503847992,0.3439112951173124,32
면허 주파수,0.5151843933194967,1.057246329206257,0.16106160238151918,3
위성 위성,0.5151843933194967,1.057246329206257,0.16106160238151918,3
활용 전파,0.5151843933194967,1.057246329206257,0.16106160238151918,3
면허,0.5151843933194967,1.057246329206257,0.16106160238151918,3
기관 면허,0.5151843933194967,1.057246329206257,0.16106160238151918,3
창업 민간,0.5151431149437565,4.595159953569035,0.7100182156283634,6
개척 시장,0.5150882500325955,11.17734081616935,1.7316617412244957,4
참가 드론,0.5150882500325955,11.17734081616935,1.7316617412244957,4
드론 해외,0.5150882500325955,11.17734081616935,1.7316617412244957,4
물류비,0.5150596868042924,8.083923292338495,1.2517488114601083,13
센싱,0.5150467041532086,1.5584684912683708,0.23897467052572635,6
국고 보조,0.5149120875121791,1.9355814367956923,0.2976952112902814,4
속도,0.5147229240868701,1.5169083542849102,0.23289042083849643,6
연계 민간,0.5143903312153982,2.4176006442818183,0.3734352198635736,7
선도 대학,0.5143248276119313,9.004227468106299,1.3988416557180696,4
공공 조달,0.5140802907030647,9.071646649139797,1.4107656394921473,14
고도 기술개발,0.513979401954907,4.06010906924151,0.6301642716334319,15
환경 규제,0.5138948611314822,2.134495989388833,0.33013102938749767,7
탄성소재,0.5137698243070478,1.2563479493541592,0.19332197066505194,3
open,0.513757490151642,0.7833908875045367,0.1195445808445173,5
공동 연구개발,0.5136838608234461,9.633524504169282,1.5007740438612853,50
온실가스 목표,0.51365760120632,20.002714093846933,3.1193552817976373,6
가능 오픈,0.513601429137776,1.501024599119684,0.23168364979042486,3
개방 네트워크,0.513601429137776,1.501024599119684,0.23168364979042486,3
진입 가능,0.513601429137776,1.501024599119684,0.23168364979042486,3
국내 국외,0.5135148109771864,3.8971400974794554,0.6059797344678385,3
관리 업무,0.5132107815347421,4.672431564506699,0.7280022888702127,7
디지털 안전,0.5132038026489704,1.541050505016755,0.238390931396944,3
안전 선도,0.5132038026489704,1.541050505016755,0.238390931396944,3
활용 서비스,0.5129456796577702,1.4987979385552916,0.2320754699075323,10
연구소 연구개발,0.512726963735599,1.0019972571751266,0.15449271462833286,7
혁신 대학,0.5126411093082051,2.0479971674998123,0.3184877899714369,5
설계,0.5123190566131381,5.231677810289721,0.8185399277114793,133
제작 공정,0.5121619649000965,2.432734273643188,0.3796052916682994,5
자율 공장,0.5119494066311053,6.8377856440906495,1.0722262542337548,3
기초 기술,0.5119190708962381,4.890826589680524,0.7663600827079322,3
기술개발 상용화,0.511603674763374,1.0280371312449934,0.15951198800988664,8
변화,0.5115424662442065,3.161879284513499,0.4954439321433626,76
연계 산업,0.5114202106250946,2.8941643968174584,0.4535501869633325,3
역량 주관,0.5113660710963875,1.194815259369478,0.1859818109185017,4
성장 주기,0.5112978540553659,4.63012855105649,0.7273164922784022,3
연구소 대학,0.5112573919436879,5.92760941073377,0.9319074278757569,50
글로벌 경쟁력,0.5112205390161739,3.5872335969106457,0.563186970684147,77
팁스 딥테크,0.5110176779730068,1.5875042283794483,0.2482528122652286,5
수요 특화,0.5109694652253399,2.9151652418715077,0.4577726124336094,4
부처,0.5108154308180124,2.13576543430274,0.3350456465497538,24
서버 엣지,0.510798611689661,1.6701341630845061,0.26155966509124573,3
유도 소상공인,0.5107481314022523,2.15882976947536,0.33879139764281996,3
컨설팅 디자인,0.5103612065020894,4.003524947611343,0.6311367714469005,5
우수 기술,0.5102970298024363,3.0699513829611513,0.4836269299370887,31
박람회 참가,0.5102967829734962,12.711759671886101,2.0088954198817426,6
다양,0.5102851561409913,3.1004655919936495,0.48847964895050744,90
반도체 설계,0.5100681857369254,0.911152602950474,0.1422961176572164,6
설정,0.5098081008077299,9.07332203696333,1.4362230306545647,23
건강 진단,0.50980109009202,5.8928749190596115,0.9321408222857696,4
실증 평가,0.509786267441204,2.5187432430824503,0.39734304674663584,7
성능 평가,0.5095291228879221,2.2345995920040136,0.3527157147255593,22
히트 펌프,0.509391340355183,7.247813747176173,1.1488725041942223,3
펌프,0.509391340355183,7.247813747176173,1.1488725041942223,3
가스 히트,0.509391340355183,7.247813747176173,1.1488725041942223,3
집적 기술개발,0.5093829486729565,1.2081642914809043,0.18998145508182,3
기술개발 ai,0.5093829486729565,1.2081642914809043,0.18998145508182,3
패키징 반도체,0.5093829486729565,1.2081642914809043,0.18998145508182,3
반도체 성능,0.5093829486729565,1.2081642914809043,0.18998145508182,3
파운드리 패키징,0.5093829486729565,1.2081642914809043,0.18998145508182,3
성능 극대,0.5093829486729565,1.2081642914809043,0.18998145508182,3
극대 팹리스,0.5093829486729565,1.2081642914809043,0.18998145508182,3
반도체 첨단,0.5093829486729565,1.2081642914809043,0.18998145508182,3
반도체 순환,0.5093829486729565,1.2081642914809043,0.18998145508182,3
반도체 이종집,0.5093829486729565,1.2081642914809043,0.18998145508182,3
첨단 이종,0.5093829486729565,1.2081642914809043,0.18998145508182,3
이종집,0.5093829486729565,1.2081642914809043,0.18998145508182,3
이종 집적,0.5093829486729565,1.2081642914809043,0.18998145508182,3
이종집 핵심,0.5093829486729565,1.2081642914809043,0.18998145508182,3
생태 반도체,0.5093829486729565,1.2081642914809043,0.18998145508182,3
평가 기술,0.5092154600156954,1.9311063338839303,0.3050027360675458,26
해양 레저,0.5090223917984045,1.5536227556384343,0.24525648409356868,5
가능,0.5089800804247048,2.4291842020469683,0.3845459847988427,242
플랫폼 기술,0.5088601128624896,1.402485792010434,0.22140158912222285,6
내외 내외,0.5087089587001972,2.2120552541654095,0.35045040660619897,4
행사 콘텐츠,0.5087059110540829,3.825978371388761,0.6073973055504901,3
탄소중립 사회,0.5086679322157219,2.487456825996559,0.39436767252486105,31
양국,0.5086436224086929,1.4493699923228625,0.22910277010168195,4
심화 컨설팅,0.5086179721675936,2.118957726195706,0.33576956213951836,4
사업체 융자,0.5086128414761072,7.29437291746935,1.1600279597229786,3
비용 iot,0.5084686584614687,2.236353383676003,0.3547076369722988,3
주도 핵심,0.5083442643012016,0.7509357253336457,0.11808316367051208,3
mid 대역,0.5083442643012016,0.7509357253336457,0.11808316367051208,3
기술 커버,0.5083442643012016,0.7509357253336457,0.11808316367051208,3
필수 특허,0.5083442643012016,0.7509357253336457,0.11808316367051208,3
upper mid,0.5083442643012016,0.7509357253336457,0.11808316367051208,3
부품 자립,0.5083442643012016,0.7509357253336457,0.11808316367051208,3
특허 지분,0.5083442643012016,0.7509357253336457,0.11808316367051208,3
연계 표준,0.5083442643012016,0.7509357253336457,0.11808316367051208,3
국산 가능,0.5083442643012016,0.7509357253336457,0.11808316367051208,3
차세대 네트워크,0.5083442643012016,0.7509357253336457,0.11808316367051208,3
반영 개발,0.5083442643012016,0.7509357253336457,0.11808316367051208,3
민·관 협력,0.5083442643012016,0.7509357253336457,0.11808316367051208,3
mid,0.5083442643012016,0.7509357253336457,0.11808316367051208,3
지분 대학,0.5083442643012016,0.7509357253336457,0.11808316367051208,3
표준 필수,0.5083442643012016,0.7509357253336457,0.11808316367051208,3
표준 반영,0.5083442643012016,0.7509357253336457,0.11808316367051208,3
시장 파급력,0.5083442643012016,0.7509357253336457,0.11808316367051208,3
단말 네트워크,0.5083442643012016,0.7509357253336457,0.11808316367051208,3
기술 주도,0.5083442643012016,0.7509357253336457,0.11808316367051208,3
종합 고려,0.5083442643012016,0.7509357253336457,0.11808316367051208,3
기술개발 upper,0.5083442643012016,0.7509357253336457,0.11808316367051208,3
native 성능,0.5083442643012016,0.7509357253336457,0.11808316367051208,3
native ai,0.5083442643012016,0.7509357253336457,0.11808316367051208,3
보장 기술,0.5083442643012016,0.7509357253336457,0.11808316367051208,3
대역 기술,0.5083442643012016,0.7509357253336457,0.11808316367051208,3
성능 보장,0.5083442643012016,0.7509357253336457,0.11808316367051208,3
자립 표준,0.5083442643012016,0.7509357253336457,0.11808316367051208,3
cloud native,0.5083442643012016,0.7509357253336457,0.11808316367051208,3
cloud,0.5083442643012016,0.7509357253336457,0.11808316367051208,3
커버,0.5083442643012016,0.7509357253336457,0.11808316367051208,3
지분,0.5083442643012016,0.7509357253336457,0.11808316367051208,3
커버 sw,0.5083442643012016,0.7509357253336457,0.11808316367051208,3
네트워크 부품,0.5083442643012016,0.7509357253336457,0.11808316367051208,3
sw cloud,0.5083442643012016,0.7509357253336457,0.11808316367051208,3
협력 연계,0.5083442643012016,0.7509357253336457,0.11808316367051208,3
기지 단말,0.5083442643012016,0.7509357253336457,0.11808316367051208,3
부품 민·관,0.5083442643012016,0.7509357253336457,0.11808316367051208,3
파급력 종합,0.5083442643012016,0.7509357253336457,0.11808316367051208,3
고려 국내,0.5083442643012016,0.7509357253336457,0.11808316367051208,3
연구 기지,0.5083442643012016,0.7509357253336457,0.11808316367051208,3
upper,0.5083442643012016,0.7509357253336457,0.11808316367051208,3
요인 집중,0.5082811714282263,4.996077248931928,0.7951160139250875,3
데이터 분석,0.5080649667791233,1.5310814424721781,0.24279185954961346,4
성장 경영,0.5080275220349136,2.972064166800174,0.4728685842035121,4
관제,0.5079943950344364,2.487456825996559,0.3955668128315594,31
서비스 중소,0.5079446417966587,2.2953430178163234,0.36497704804658393,4
비용 국비,0.5077792405770857,2.6939623406540614,0.42894903380565097,4
관리 배출,0.5077548345221388,10.407190480831648,1.6616495479744187,3
유연탄,0.5074344425408517,3.670031206682639,0.5857962003863811,3
한계 돌파,0.5074202180427797,5.193482656727412,0.8296218659095406,32
돌파,0.5074202180427797,5.193482656727412,0.8296218659095406,32
절감,0.5073413611220868,3.840433956304093,0.6133102302816765,51
치안,0.5073260674825301,6.403825159249625,1.0237106332688042,3
산업 특화,0.5071572843417296,1.8238707895843373,0.2907598555628064,9
빌딩 전파,0.5071323162493867,1.1672798419072612,0.18560219575253273,3
차원 빌딩,0.5071323162493867,1.1672798419072612,0.18560219575253273,3
분석 자동,0.5071323162493867,1.1672798419072612,0.18560219575253273,3
특성 측정,0.5071323162493867,1.1672798419072612,0.18560219575253273,3
전략,0.5071007904761031,5.350288487201898,0.8558715788793427,164
산업 협업,0.5070764143322775,3.7154570049749065,0.593986820820027,3
고도 공동,0.5069839396982446,0.5027040785911727,0.07920793465360795,3
국내 나노,0.5069839396982446,0.5027040785911727,0.07920793465360795,3
나노 기술개발,0.5069839396982446,0.5027040785911727,0.07920793465360795,3
보수 성능,0.5069839396982446,0.5027040785911727,0.07920793465360795,3
기술 연구자,0.5069839396982446,0.5027040785911727,0.07920793465360795,3
반도체 소부장,0.5069839396982446,0.5027040785911727,0.07920793465360795,3
반도체 장비,0.5069839396982446,0.5027040785911727,0.07920793465360795,3
성과 실용화,0.5069839396982446,0.5027040785911727,0.07920793465360795,3
산업체 대학,0.5068770346657444,5.211007797467163,0.8343460715625847,30
수확,0.506548549493605,3.0955083457666257,0.49579474518553596,3
교육 경영,0.5063823008974403,0.7187792161870589,0.11424049544203344,3
수출입,0.5063219777821579,2.2313104304711415,0.3573879348945238,10
개발 방송,0.5062548611956657,1.187514078907031,0.18968382323869945,3
함량 실리콘,0.5061463731300849,0.7929933091376837,0.12633233671114355,3
급속,0.5061463731300849,0.7929933091376837,0.12633233671114355,3
급속 충전,0.5061463731300849,0.7929933091376837,0.12633233671114355,3
전기,0.5061071269940243,5.017571973973867,0.8059566867980895,41
실증 인공지능,0.5060452542565462,1.6160188894630643,0.258834382233645,5
반려동물 연관,0.5056983093292645,6.455630317915435,1.0390730051879795,5
기본 교육,0.5055763997036252,3.0087070836806014,0.4839284025585003,3
연계 bd,0.5054971746416029,1.9625438479077646,0.31539301178817586,4
안정 재생에너지,0.5054923252334926,2.8888788202894276,0.4647840922306047,14
실증 공정,0.5054860176469287,5.233518439894142,0.8429113433968429,3
장관 명의,0.5052941134023061,1.0535225959194428,0.16898174981299693,4
감지,0.5052103623844758,6.123542424457519,0.9875868864569886,3
국내 전시회,0.5051484139724567,5.913894097108467,0.9539888907302312,15
회사채,0.5051285256405473,8.245062214712474,1.3305485481917172,7
스마트팜 실증,0.5047477073979418,1.326132702149842,0.2135541337290105,3
연구개발 연구개발,0.5045972177343762,3.7985143068487974,0.6138479197036115,14
법률 서비스,0.5045111695466294,1.8325586709452444,0.2957928223374767,3
고급 기술,0.504483844391673,1.499059560537592,0.24183198988518917,5
승인,0.5043066762179815,4.662054457114724,0.7545394864332811,22
컨설팅 제품,0.5040973160247144,1.3400971478863284,0.21650529087015377,5
성과 확산,0.5040544451024997,1.7307448163266554,0.2799116047044588,15
방송 기술개발,0.5039876947684575,1.2104845625157907,0.19559421890125436,3
기술개발 표준,0.5039876947684575,1.2104845625157907,0.19559421890125436,3
창업 공간,0.5039614259127129,4.961545291692065,0.8042450163997306,5
서비스 활용,0.5039105440259667,0.7630260536708801,0.12305326916187295,3
벤처 농식품,0.5038733986661489,7.755409340686464,1.2580214309034075,11
공급,0.5038453530085032,2.276923212700555,0.3688485074443302,123
실증 플랫폼,0.503836595357539,1.8641029961650957,0.3018479518598529,5
양성 교육,0.503734082779377,2.0322756013874144,0.3293037865795556,5
협력 생태,0.5036764953142888,0.6783987030847272,0.10946857168320692,5
용량,0.5036574465857159,1.2161224702306077,0.19683476713881043,11
결정,0.5036438596738185,1.5287722907692727,0.24764138243776967,43
수소 경제,0.5036144105210337,4.361484216476931,0.7079340353697946,43
스마트공장 솔루션,0.5035244231794525,4.6782614390989945,0.7596952485121153,3
솔루션 연동,0.5035244231794525,4.6782614390989945,0.7596952485121153,3
가능 ai,0.5035144833293091,1.7445293662537433,0.2828655764608214,4
소재 업계,0.5034251263035641,1.0559381559379744,0.17101788434749168,5
업계 수요,0.5034251263035641,1.0559381559379744,0.17101788434749168,5
실증 국제,0.5033291691426911,6.430264846219068,1.04531752325402,6
에너지 산업,0.5031595590179586,3.5333133325419985,0.5745085064922484,12
규제자유특구 혁신,0.5030614398084357,1.0563441431135174,0.17140576743415045,4
탄성소재 기술력,0.5030047623969223,0.6557540747691311,0.10620937697035039,3
소재 재도약,0.5030047623969223,0.6557540747691311,0.10620937697035039,3
최고 탄성소재,0.5030047623969223,0.6557540747691311,0.10620937697035039,3
gmp,0.5029294799343255,1.389950469559718,0.22587556927308938,6
실리콘 음극,0.5027591255861672,0.7929933091376837,0.12873792161355704,3
산업 수요,0.5027237775485813,2.6011670947841026,0.4236028994903993,22
미래 전략,0.5025544246553758,1.927275566736794,0.3139650397224126,10
현지 마케팅,0.5025354194715909,4.558670655844573,0.7433897807263201,5
협력 프로젝트,0.5025225594868687,12.87815996278402,2.101093730007755,5
밀착,0.5024242001275345,3.8020640849380527,0.6202230977481057,14
시험 측정,0.5023876623946694,1.444254810677439,0.23534087722089525,3
반도체 실증,0.5023323731333019,1.0886669772390953,0.17733120679761138,3
서버 엣지용,0.5023323731333019,1.0886669772390953,0.17733120679761138,3
공개 기능,0.5023323731333019,1.0886669772390953,0.17733120679761138,3
적용 공개,0.5023323731333019,1.0886669772390953,0.17733120679761138,3
응용 실증,0.5023323731333019,1.0886669772390953,0.17733120679761138,3
레퍼런스 대학,0.5023323731333019,1.0886669772390953,0.17733120679761138,3
엣지용,0.5023323731333019,1.0886669772390953,0.17733120679761138,3
엣지용 다양,0.5023323731333019,1.0886669772390953,0.17733120679761138,3
테스트 ai,0.5023323731333019,1.0886669772390953,0.17733120679761138,3
코어,0.5020363043403107,2.6992096532312067,0.44093786136242125,3
심층,0.5020201647130728,3.637408486412306,0.5943828576885681,10
기술 단기,0.501947218838925,2.8319767611125015,0.4628291125617641,4
전남,0.5018696469010625,5.537684722752502,0.905689286394297,4
사항 해결,0.501719258901603,4.437792181028491,0.7261944664345891,11
현장 활용,0.5016907093088319,2.8319767611125015,0.46335557179690784,4
휴먼,0.5016519198820034,0.9389396140906892,0.15343145900625607,3
사물 공간,0.5016519198820034,0.9389396140906892,0.15343145900625607,3
안전 미래,0.5016519198820034,0.9389396140906892,0.15343145900625607,3
공간 사물,0.5016519198820034,0.9389396140906892,0.15343145900625607,3
공간 융합,0.5016519198820034,0.9389396140906892,0.15343145900625607,3
주변 공간,0.5016519198820034,0.9389396140906892,0.15343145900625607,3
사물 지능,0.5016519198820034,0.9389396140906892,0.15343145900625607,3
휴먼 사물,0.5016519198820034,0.9389396140906892,0.15343145900625607,3
결합 안전,0.5016519198820034,0.9389396140906892,0.15343145900625607,3
인간 주변,0.5016519198820034,0.9389396140906892,0.15343145900625607,3
융합 인간,0.5016519198820034,0.9389396140906892,0.15343145900625607,3
트윈 결합,0.5016519198820034,0.9389396140906892,0.15343145900625607,3
메타버스 디지털,0.5016519198820034,0.9389396140906892,0.15343145900625607,3
사회 지향,0.5016519198820034,0.9389396140906892,0.15343145900625607,3
데이터 메타버스,0.5016519198820034,0.9389396140906892,0.15343145900625607,3
지향 융합,0.5016519198820034,0.9389396140906892,0.15343145900625607,3
예정자,0.5015840851706205,7.14730001937823,1.1704436966799256,20
융합 부품,0.5015730940082656,1.1161377204499825,0.18252272606150907,4
tp,0.5015291134782256,1.9616055334273428,0.32108547790899256,8
tv,0.5014343196886335,4.762640251627346,0.7803230973595827,14
홍보 해외진출,0.501389572363727,2.5739109780036338,0.4216690860707108,5
네트워크 산업,0.5013315976187595,0.5596055936399467,0.09149289708979355,6
계약 가능,0.5013172241866398,2.1469360098042882,0.35179050876481793,4
성능 인증,0.5013172241866398,2.1469360098042882,0.35179050876481793,4
설치 사업장,0.5011235324977209,6.036523179861346,0.9904084142389699,4
특정 연구,0.5010388711920377,3.253974272438398,0.5339718129085991,11
기관 특정,0.5010388711920377,3.253974272438398,0.5339718129085991,11
기관 기술,0.5009682001273378,1.8395319308335951,0.3018734838922989,21
품질 인증,0.5008763483652134,2.749115180666469,0.45141896209132903,6
응용 기술,0.50078468160463,0.814422740851233,0.13367664104760277,3
위험 공정,0.5006686886650222,2.952954200657202,0.485347855869275,3
영업,0.500600731446422,5.250986309856363,0.8634048436078814,7
제주,0.5005878122867001,5.2228423718206844,0.8588235360082453,13
산업 연구,0.5005110738261757,7.173304569475496,1.1799711618483792,7
전통 소재,0.500488876399864,2.0736922643283884,0.3410736841663432,3
마케팅 지식재산,0.5003594317483754,0.47203901256771863,0.07762995568931168,5
플랫폼 연계,0.5003327791922958,3.6741711713079273,0.6047989940317221,5
반도체 sw,0.5001798132075274,1.64589579435226,0.271087759657053,3
디바이스 엣지,0.5001623011527139,0.9720925701260901,0.16010879784674167,3
엣지 국내,0.5001623011527139,0.9720925701260901,0.16010879784674167,3
적용 인공지능,0.5001623011527139,0.9720925701260901,0.16010879784674167,3
스마트 디바이스,0.5001623011527139,0.9720925701260901,0.16010879784674167,3
기술 인공지능,0.5001623011527139,0.9720925701260901,0.16010879784674167,3
반도체 npu,0.5001623011527139,0.9720925701260901,0.16010879784674167,3
다양 스마트,0.5001623011527139,0.9720925701260901,0.16010879784674167,3
npu 적용,0.5001623011527139,0.9720925701260901,0.16010879784674167,3
농식품 시설,0.5001147853905665,61.218146022599775,10.086890627830925,3
디스플레이,0.5000255062380807,11.645687570658184,1.9195401543771429,31
해결 컨설팅,0.5000203340281489,0.6792252314371816,0.1119541614060191,3
haps 비산,0.5000083565903682,10.55319702741946,1.739588956793353,4
비산,0.5000083565903682,10.55319702741946,1.739588956793353,4
비산 배출,0.5000083565903682,10.55319702741946,1.739588956793353,4
패러다임 변화,0.4996840137505347,0.9722753002324086,0.1605413125734132,3
산업 패러다임,0.4996840137505347,0.9722753002324086,0.1605413125734132,3
물류,0.4996254234458709,8.057033356317367,1.3302334823303839,61
안전 사업장,0.49958923224856255,5.520219837756075,0.9115629269578954,3
화학 안전,0.49958923224856255,5.520219837756075,0.9115629269578954,3
유지 관리,0.4995600916311132,7.615252885573375,1.2576403678461894,12
글로벌 규제,0.4995487817130991,0.6627870684952326,0.10954527411998044,4
다량,0.49945007436563643,5.815720879428708,0.9609176483215198,4
가능 보유,0.4993994073855614,4.620865315796843,0.7636820342974032,12
gmp 제조,0.499343703786142,1.1575520967046238,0.19145046585406297,4
거대 ai,0.49905740647047164,5.147840559065426,0.8519936523594075,9
변동 금리,0.49882721679083725,9.38128247946317,1.5539705760395213,7
재생에너지 공급망,0.4987514658130897,2.5181761551637223,0.41743906160456795,29
재생 연계,0.4987514658130897,2.5181761551637223,0.41743906160456795,29
풍력 수소,0.4987514658130897,2.5181761551637223,0.41743906160456795,29
supply chain,0.4987514658130897,2.5181761551637223,0.41743906160456795,29
로드맵 연료,0.4987514658130897,2.5181761551637223,0.41743906160456795,29
재생 발전,0.4987514658130897,2.5181761551637223,0.41743906160456795,29
재생에너지 디지털,0.4987514658130897,2.5181761551637223,0.41743906160456795,29
재생에너지 글로벌,0.4987514658130897,2.5181761551637223,0.41743906160456795,29
보급 목표,0.4987514658130897,2.5181761551637223,0.41743906160456795,29
표준 재생에너지,0.4987514658130897,2.5181761551637223,0.41743906160456795,29
건축 재생에너지,0.4987514658130897,2.5181761551637223,0.41743906160456795,29
제로 에너지,0.4987514658130897,2.5181761551637223,0.41743906160456795,29
제로,0.4987514658130897,2.5181761551637223,0.41743906160456795,29
국내 ess,0.4987514658130897,2.5181761551637223,0.41743906160456795,29
supply,0.4987514658130897,2.5181761551637223,0.41743906160456795,29
설계 규격,0.4987514658130897,2.5181761551637223,0.41743906160456795,29
설계 건축,0.4987514658130897,2.5181761551637223,0.41743906160456795,29
트윈 모델,0.4987514658130897,2.5181761551637223,0.41743906160456795,29
실현 태양광,0.4987514658130897,2.5181761551637223,0.41743906160456795,29
화재 예방,0.4987514658130897,2.5181761551637223,0.41743906160456795,29
전지 단가,0.4987514658130897,2.5181761551637223,0.41743906160456795,29
단가 절감,0.4987514658130897,2.5181761551637223,0.41743906160456795,29
모사 디지털,0.4987514658130897,2.5181761551637223,0.41743906160456795,29
통합 관제,0.4987514658130897,2.5181761551637223,0.41743906160456795,29
통합 설계,0.4987514658130897,2.5181761551637223,0.41743906160456795,29
수소 한계,0.4987514658130897,2.5181761551637223,0.41743906160456795,29
화재 손실,0.4987514658130897,2.5181761551637223,0.41743906160456795,29
설비 실증,0.4987514658130897,2.5181761551637223,0.41743906160456795,29
모사,0.4987514658130897,2.5181761551637223,0.41743906160456795,29
전지 보급,0.4987514658130897,2.5181761551637223,0.41743906160456795,29
chain 기술개발,0.4987514658130897,2.5181761551637223,0.41743906160456795,29
효율 supply,0.4987514658130897,2.5181761551637223,0.41743906160456795,29
chain,0.4987514658130897,2.5181761551637223,0.41743906160456795,29
공급망 종합,0.4987514658130897,2.5181761551637223,0.41743906160456795,29
시행 탄소중립,0.4987514658130897,2.5181761551637223,0.41743906160456795,29
단지 모사,0.4987514658130897,2.5181761551637223,0.41743906160456795,29
최초 재생,0.4987514658130897,2.5181761551637223,0.41743906160456795,29
실증 표준,0.4987514658130897,2.5181761551637223,0.41743906160456795,29
의무 제도,0.4987514658130897,2.5181761551637223,0.41743906160456795,29
부지 인허가,0.4987514658130897,2.5181761551637223,0.41743906160456795,29
실증 안전,0.4987514658130897,2.5181761551637223,0.41743906160456795,29
경쟁력 재생,0.4987514658130897,2.5181761551637223,0.41743906160456795,29
규격 개발,0.4987514658130897,2.5181761551637223,0.41743906160456795,29
기술개발 경제,0.4987514658130897,2.5181761551637223,0.41743906160456795,29
예방 건물,0.4987514658130897,2.5181761551637223,0.41743906160456795,29
감축 화재,0.4987514658130897,2.5181761551637223,0.41743906160456795,29
기술개발 연료,0.4987514658130897,2.5181761551637223,0.41743906160456795,29
관제 센터,0.4987514658130897,2.5181761551637223,0.41743906160456795,29
빌딩 의무,0.4987514658130897,2.5181761551637223,0.41743906160456795,29
필수 건물,0.4987514658130897,2.5181761551637223,0.41743906160456795,29
운송 인프라,0.4987514658130897,2.5181761551637223,0.41743906160456795,29
결정 실리콘,0.4987514658130897,2.5181761551637223,0.41743906160456795,29
실리콘 태양,0.4987514658130897,2.5181761551637223,0.41743906160456795,29
평가 센터,0.4987514658130897,2.5181761551637223,0.41743906160456795,29
평가 설비,0.4987514658130897,2.5181761551637223,0.41743906160456795,29
개발 통합,0.4987514658130897,2.5181761551637223,0.41743906160456795,29
인허가 실증,0.4987514658130897,2.5181761551637223,0.41743906160456795,29
시스템 현장,0.4987514658130897,2.5181761551637223,0.41743906160456795,29
종합 실증,0.4987514658130897,2.5181761551637223,0.41743906160456795,29
인프라 통합,0.4987514658130897,2.5181761551637223,0.41743906160456795,29
단지 부지,0.4987514658130897,2.5181761551637223,0.41743906160456795,29
안전 확립,0.4987514658130897,2.5181761551637223,0.41743906160456795,29
확립 기술개발,0.4987514658130897,2.5181761551637223,0.41743906160456795,29
태양광 결정,0.4987514658130897,2.5181761551637223,0.41743906160456795,29
탄소중립 대응,0.4987514658130897,2.5181761551637223,0.41743906160456795,29
활성 로드맵,0.4987514658130897,2.5181761551637223,0.41743906160456795,29
에너지 빌딩,0.4987514658130897,2.5181761551637223,0.41743906160456795,29
손실 감축,0.4987514658130897,2.5181761551637223,0.41743906160456795,29
센터 국내,0.4987514658130897,2.5181761551637223,0.41743906160456795,29
센터 제로,0.4987514658130897,2.5181761551637223,0.41743906160456795,29
센터 설계,0.4987514658130897,2.5181761551637223,0.41743906160456795,29
ess 화재,0.4987514658130897,2.5181761551637223,0.41743906160456795,29
ess 안전,0.4987514658130897,2.5181761551637223,0.41743906160456795,29
ess 시스템,0.4987514658130897,2.5181761551637223,0.41743906160456795,29
돌파 문제,0.4987514658130897,2.5181761551637223,0.41743906160456795,29
연계 ess,0.4986941392739109,4.2636428572687395,0.7067857702113637,29
건물 태양광,0.4986941392739109,4.2636428572687395,0.7067857702113637,29
태양광 실증,0.4986941392739109,4.2636428572687395,0.7067857702113637,29
haps,0.4986827031026402,16.766662098682932,2.7787777503792754,4
완료 산업,0.4986805976588877,9.583530371223393,1.588427656397099,3
국가물산업클러스터,0.4986805976588877,9.583530371223393,1.588427656397099,3
클러스터 정상,0.4986805976588877,9.583530371223393,1.588427656397099,3
정상 시설,0.4986805976588877,9.583530371223393,1.588427656397099,3
국가물산업클러스터 완료,0.4986805976588877,9.583530371223393,1.588427656397099,3
의욕 고취,0.4986210210158399,4.457140241317201,0.7390807773564012,7
성층권 드론,0.49847224943563484,6.87964251605533,1.1413373305294392,3
패널,0.49846938558857734,1.374265612035789,0.2282400420461434,6
간담회,0.498295603537412,7.136746106848481,1.184851762558648,11
부스 임차,0.4982892108413778,6.332023234550768,1.0513173666156161,7
인프라 안전,0.49819759840843275,3.420680006613778,0.5683261449671447,32
안전 기준,0.4981516332560375,2.3394482894766484,0.38888080757659316,30
유연 근무,0.49802048544068656,8.81005517996934,1.464241976120904,14
응용 적용,0.4978585139965066,1.2409871773630963,0.20676137975891762,3
일자리 미스,0.4978497614331692,1.9425022611451426,0.32341101455009724,7
미스,0.4978497614331692,1.9425022611451426,0.32341101455009724,7
유동 증권,0.4978220100068668,10.167496278104789,1.6911709027756867,8
ai 공장,0.4977454286008219,2.382228940883358,0.39671059277743903,3
융자 자금,0.4976732104101214,5.710745183939046,0.9506617629767271,13
연동,0.49767271589792866,2.700335860095101,0.449769527410805,10
참여 홍보,0.497646615867114,1.1337582382171763,0.18913569702299976,3
모니터링,0.4975700325917148,6.2111010688986665,1.0343619650194062,29
서비스 이용료,0.49732856660336444,5.731107400526276,0.9554349201333261,5
tech,0.49697351471089896,5.174161798600771,0.8639356236798774,7
질환,0.4968956088321036,2.081492585725325,0.34803718253622007,11
로드맵,0.4968548441803776,2.174027985636874,0.3635492736091608,43
주요 국제기구,0.4967561113382352,9.724729581278552,1.6246692031562262,4
설계 기술,0.496691558713096,2.063909897691176,0.3454251641398396,5
높이,0.49668402943411377,2.3539946912582836,0.39389479750839945,4
물질 상시,0.4965323414393596,7.003200671707612,1.1712703900002919,3
유도 일반,0.4965323414393596,7.003200671707612,1.1712703900002919,3
기기 tms,0.4965323414393596,7.003200671707612,1.1712703900002919,3
상시 감시,0.4965323414393596,7.003200671707612,1.1712703900002919,3
완화 대기,0.4965323414393596,7.003200671707612,1.1712703900002919,3
운영비 유지,0.4965323414393596,7.003200671707612,1.1712703900002919,3
감시 오염,0.4965323414393596,7.003200671707612,1.1712703900002919,3
관리비 굴뚝,0.4965323414393596,7.003200671707612,1.1712703900002919,3
정도,0.4965323414393596,7.003200671707612,1.1712703900002919,3
tms 부착,0.4965323414393596,7.003200671707612,1.1712703900002919,3
저감 유도,0.4965323414393596,7.003200671707612,1.1712703900002919,3
사업장 운영비,0.4965323414393596,7.003200671707612,1.1712703900002919,3
정도 검사,0.4965323414393596,7.003200671707612,1.1712703900002919,3
비용 재정,0.4965323414393596,7.003200671707612,1.1712703900002919,3
설치 관리비,0.4965323414393596,7.003200671707612,1.1712703900002919,3
tms,0.4965323414393596,7.003200671707612,1.1712703900002919,3
부착 사업장,0.4965323414393596,7.003200671707612,1.1712703900002919,3
관리비,0.4965323414393596,7.003200671707612,1.1712703900002919,3
관리 정도,0.4965323414393596,7.003200671707612,1.1712703900002919,3
확산 수요,0.49652783452418825,1.1470939298405325,0.19243737063935895,5
점검 기술,0.49649730803729797,9.246573418501598,1.5464697017476623,3
국비 대행,0.49649730803729797,9.246573418501598,1.5464697017476623,3
물질 haps,0.49649730803729797,9.246573418501598,1.5464697017476623,3
대기 물질,0.49649730803729797,9.246573418501598,1.5464697017476623,3
업무 국비,0.49649730803729797,9.246573418501598,1.5464697017476623,3
배출 관리,0.49649730803729797,9.246573418501598,1.5464697017476623,3
기술 배출,0.49649730803729797,9.246573418501598,1.5464697017476623,3
관리 유해,0.49649730803729797,9.246573418501598,1.5464697017476623,3
haps 지도,0.49649730803729797,9.246573418501598,1.5464697017476623,3
방송,0.4964919694483925,15.200113468458314,2.5417877035910106,57
굴뚝 자동,0.49647281376852953,11.857449472197262,1.9831331585023415,3
컨설팅 소요,0.49639778292641473,2.699544092298881,0.4521924055713367,3
중견기업 민간,0.4963777504475882,1.06857706967548,0.17945089964918612,3
극복,0.4962844568671793,4.1902151199957345,0.70183020511975,34
기본 계획,0.49605751226942396,2.433949982472807,0.4083984698022707,5
우수 연구실,0.4959859489795454,0.6816424884137865,0.1149938860321533,3
인간,0.4959740348288352,1.1374842320659173,0.19136520870632343,6
환경 변화,0.49591211619720116,3.074679942276427,0.5160280290712841,27
기초 자산,0.4958672504106163,4.220809522731396,0.7082134249610347,6
유연,0.49578915034940696,4.687332181618661,0.7866609125079294,24
연구소 인정,0.4957689396736367,1.6377802906841556,0.27544263291283766,3
수요 지원단,0.4957689396736367,1.6377802906841556,0.27544263291283766,3
거래 환경,0.495601091869744,0.6840284491505523,0.11564839327769513,3
복합,0.49560091252406674,2.985066742593868,0.5016985245074116,78
집중 글로벌,0.4955504804355533,2.2375157762597597,0.37636634190837015,3
산업 해외진출,0.49548184229685394,7.650111104303424,1.2849985181617187,15
동력 글로벌,0.4953416926457122,0.9065004081219109,0.15318368357169168,4
프로젝트 기술,0.49474735392053715,4.096637899118496,0.6907140392792495,3
대구 호남권,0.49473356972753857,7.897130213713583,1.3305876168097077,3
전주 전남,0.49473356972753857,7.897130213713583,1.3305876168097077,3
경북 대구,0.49473356972753857,7.897130213713583,1.3305876168097077,3
실무 sw,0.49473356972753857,7.897130213713583,1.3305876168097077,3
울산 경남,0.49473356972753857,7.897130213713583,1.3305876168097077,3
전남 제주,0.49473356972753857,7.897130213713583,1.3305876168097077,3
ict 이노베이션스퀘어조성,0.49473356972753857,7.897130213713583,1.3305876168097077,3
수도 서울,0.49473356972753857,7.897130213713583,1.3305876168097077,3
경남 동북,0.49473356972753857,7.897130213713583,1.3305876168097077,3
제주 충청권,0.49473356972753857,7.897130213713583,1.3305876168097077,3
광주 전주,0.49473356972753857,7.897130213713583,1.3305876168097077,3
강원 경북,0.49473356972753857,7.897130213713583,1.3305876168097077,3
충북 세종,0.49473356972753857,7.897130213713583,1.3305876168097077,3
이노베이션스퀘어조성,0.49473356972753857,7.897130213713583,1.3305876168097077,3
충남 충북,0.49473356972753857,7.897130213713583,1.3305876168097077,3
이노베이션스퀘어,0.49473356972753857,7.897130213713583,1.3305876168097077,3
이노베이션스퀘어 ai,0.49473356972753857,7.897130213713583,1.3305876168097077,3
충청권 충남,0.49473356972753857,7.897130213713583,1.3305876168097077,3
충청권,0.49473356972753857,7.897130213713583,1.3305876168097077,3
이노베이션스퀘어조성 전국,0.49473356972753857,7.897130213713583,1.3305876168097077,3
동남권,0.49473356972753857,7.897130213713583,1.3305876168097077,3
호남권,0.49473356972753857,7.897130213713583,1.3305876168097077,3
sw ai,0.49473356972753857,7.897130213713583,1.3305876168097077,3
호남권 광주,0.49473356972753857,7.897130213713583,1.3305876168097077,3
동남권 부산,0.49473356972753857,7.897130213713583,1.3305876168097077,3
부산 울산,0.49473356972753857,7.897130213713583,1.3305876168097077,3
동북 강원,0.49473356972753857,7.897130213713583,1.3305876168097077,3
권역 ict,0.49473356972753857,7.897130213713583,1.3305876168097077,3
ict 이노베이션스퀘어,0.49473356972753857,7.897130213713583,1.3305876168097077,3
양성 수도,0.49473356972753857,7.897130213713583,1.3305876168097077,3
data,0.49473356972753857,7.897130213713583,1.3305876168097077,3
data iot,0.49473356972753857,7.897130213713583,1.3305876168097077,3
동북,0.49473356972753857,7.897130213713583,1.3305876168097077,3
특화단지,0.4946802336446121,11.520898598846172,1.9410927421924808,9
복합 바이오,0.4945163411324744,1.7002902078042093,0.2876104965246928,6
기술 적용,0.4942739529455892,2.6389777612015326,0.4462618208685636,20
공급 기술개발,0.49425694611464654,2.5181761551637223,0.42591918931102685,29
돌파 탄소,0.49425694611464654,2.5181761551637223,0.42591918931102685,29
탄소 공급,0.49425694611464654,2.5181761551637223,0.42591918931102685,29
고도 국내,0.49418918161677566,0.9135394476248062,0.15531027800840136,7
브랜드,0.4941084562818465,6.575658842352928,1.111010797676135,43
경쟁력 기술개발,0.4939900788484075,0.8141101015242898,0.13868456467581128,7
혁신 생태,0.4938649318651247,4.635058944395686,0.7842950277809423,8
자동 측정,0.49384774610162946,8.239818940097026,1.3933870148303737,4
기술 trl,0.4938393955184049,4.005225785966166,0.6779645761192477,4
대비,0.4936705641400653,4.100720991740368,0.6946020636941532,38
통신 차세대,0.49366693963904834,1.6865029507500187,0.2864285933326512,5
자동차 산업,0.493537485381801,2.2173702663812023,0.37640584134256533,7
예술 영화,0.4935098611478355,3.6900904252667126,0.6256098693851387,3
독립 예술,0.4935098611478355,3.6900904252667126,0.6256098693851387,3
부가 가치,0.4933084157063195,3.7165250056371404,0.6306304233926537,31
단기 기술사업화,0.49327858840041905,2.921205484442145,0.4960338018489955,3
단기 치안,0.49327858840041905,2.921205484442145,0.4960338018489955,3
출연연 중소,0.49327858840041905,2.921205484442145,0.4960338018489955,3
유망 공공,0.49327858840041905,2.921205484442145,0.4960338018489955,3
대응 유망,0.49327858840041905,2.921205484442145,0.4960338018489955,3
활용 극대,0.49327858840041905,2.921205484442145,0.4960338018489955,3
현안 대응,0.49327858840041905,2.921205484442145,0.4960338018489955,3
치안 현안,0.49327858840041905,2.921205484442145,0.4960338018489955,3
치안 현장,0.49327858840041905,2.921205484442145,0.4960338018489955,3
연계 활동,0.49327858840041905,2.921205484442145,0.4960338018489955,3
활동 치안,0.49327858840041905,2.921205484442145,0.4960338018489955,3
실용화 치안,0.49327858840041905,2.921205484442145,0.4960338018489955,3
물질 유해,0.4932197715191784,4.15082233403703,0.7044322102702951,3
취약 유해,0.4932197715191784,4.15082233403703,0.7044322102702951,3
요인 비용,0.4932197715191784,4.15082233403703,0.7044322102702951,3
국비 보조,0.4932197715191784,4.15082233403703,0.7044322102702951,3
보조 일반,0.4932197715191784,4.15082233403703,0.7044322102702951,3
과학,0.4932099743096424,7.362231398238196,1.2484247893583493,43
예비 소상공인,0.4929323371530866,4.894208259555702,0.8313582913030388,19
산화물,0.49287986578496085,5.608684479760982,0.9527244864801039,3
질소 산화물,0.49287986578496085,5.608684479760982,0.9527244864801039,3
지방비 국민,0.49287986578496085,5.608684479760982,0.9527244864801039,3
bd 가치,0.49287105150510274,2.024378847556019,0.3448101374654695,3
화학 사고,0.4927562606526211,12.459789752849758,2.1158001248458866,9
ai ai,0.4927018490448142,1.8486473976640472,0.31525073294279526,9
산업 선도,0.4926628152759778,2.9723520511833135,0.5060630807375386,7
연계 활성,0.4926530803498549,1.02281464525781,0.17512670521150261,3
산업 대학,0.49255017701702286,1.491786571990085,0.25486596581632215,8
전파 위성,0.4925091504147348,1.5111433196086144,0.2582039511429325,3
저감 기술,0.4925053527039301,2.4922385797369917,0.4248601307644964,4
디지털전환 가속,0.49249517307600804,0.2693938298075873,0.047285666560974084,3
협업 플랫폼,0.4924560982008975,0.8590801258794891,0.14748632825287084,3
규모,0.49200100804575436,5.93460953067843,1.0117308462917203,116
협력 대학,0.4917075690659407,2.5660395488681784,0.4389543835048118,10
실증 수출,0.4916674321308586,4.808291517944995,0.8211869360720182,3
위험 요인,0.49153170351975173,5.577476719439174,0.9528260330533895,9
대행,0.49149549404387094,10.592315506547294,1.8082541968827393,27
전환 글로벌,0.4914283281507465,0.9220280515917341,0.1590387743492607,3
활용 반도체,0.4912393793427214,0.24455052211553133,0.04353432837809303,3
기술사업화 대학,0.4912014699300153,5.3455576880137095,0.9145515224788726,7
저장,0.491182930149631,6.356660501851342,1.0872828864825896,65
기술 기술개발,0.49096850419247,4.986359835357325,0.8540604000618801,9
디자인 혁신,0.4909482292991097,3.031262521372243,0.5199601259858677,9
기기 개발,0.4908878829234852,1.614361223735282,0.27785643427580986,10
전담 기관,0.4906714310955856,0.6751103128206515,0.11742181122642263,4
다변,0.4905938591809498,3.164528015509976,0.5435795136394642,17
재정 능력,0.49053522907656405,3.4326283967698465,0.5896194446510095,9
기술 재정,0.49053522907656405,3.4326283967698465,0.5896194446510095,9
기술개발 기술,0.49051297427571744,1.0255103431537194,0.17752427502486534,5
표준,0.49049863972575486,5.733248472176846,0.9836530028089039,102
평가,0.49027420734739846,3.1258447237864138,0.5377094616259086,224
활용 제품,0.49021363883144886,2.1124359255044,0.36412583909208435,9
고취,0.4901828230505386,3.3839027399323753,0.5821680943523019,9
제반 비용,0.48985581074257845,1.4267787273844021,0.24701035685001554,18
기준 적합,0.4898554617859692,5.026674729264907,0.8650168844422697,5
국내 드론,0.48982306509623214,14.996134236463575,2.576847660173422,4
연동 자동,0.4898007676082376,3.339649797890668,0.5755366012539729,4
농식품 산업,0.4895220365707052,19.448300173285475,3.345352552992941,6
적용 검증,0.48940805478058863,1.0448659265248432,0.1818612841645325,3
산업 발전,0.4893233089332283,4.326437192458309,0.7464991467959774,19
핵심 장비,0.48923632932902117,1.3439272535324052,0.23348889011632068,4
정비,0.4891768064270248,1.5383585745519233,0.26702587066058303,3
공인,0.48893158321545693,14.47915063997908,2.4971547442928808,17
경영 컨설팅,0.48885124261771673,5.746097104947541,0.9927044229130075,13
시작,0.48883135173441955,3.4623950775863785,0.5991266709327817,3
활용 디지털,0.488799114368763,1.1260033391683821,0.1964151372435951,3
기자재 업체,0.4887256995662615,8.52207584166871,1.4719494043451387,6
전자 조달,0.488646047647841,7.023475382116429,1.213916735809255,3
마케팅 판로,0.4886234461493729,3.215683653493124,0.5571038937400765,3
ai 경쟁력,0.48857514578815414,0.7069623766793515,0.1243284195539809,3
크라우드펀딩 활성,0.48847380276511343,14.8152133420249,2.5598384377515377,12
한계 극복,0.4882542310292508,3.4588159317611353,0.6000092950194162,14
유도 지역,0.48821895913647256,8.5836611562497,1.4856811347288692,4
판매 홍보,0.4881881354185566,4.87739891435197,0.8453445336173558,12
계층 위험,0.48816482492025043,2.610862075620781,0.4536826207383475,3
위험 환경,0.48816482492025043,2.610862075620781,0.4536826207383475,3
유망 강소기업,0.48815130199729867,1.85554426638677,0.323154612368997,5
강소기업 핵심,0.48815130199729867,1.85554426638677,0.323154612368997,5
중장기,0.48813430801565694,4.439129392562455,0.7697782198473737,7
시스템 반도체,0.4880704717380772,3.9010454302066235,0.6769507929683111,9
축제,0.4879449946169681,2.905964687706943,0.5051760362951827,6
현지 수요,0.4878421812779217,1.29226157084994,0.2261336730677143,3
공간,0.4878350237127688,4.284894793817854,0.7440678329171824,69
유니콘,0.48780627169290525,7.965152221970782,1.3811638690350372,13
it sw,0.4877046367875026,29.70024168997417,5.145337863989438,8
시스템 고도,0.4874244850687502,3.0656893487798005,0.5340223790782732,5
주관 연구개발,0.48736178291228816,1.5801998423429064,0.27659223746991357,6
tips,0.48735649833990585,2.482351505702959,0.4330312108850298,8
전력,0.48728515594693517,5.8787632165866945,1.022271258915396,39
글로벌 디지털,0.4871448859128861,0.7366065852470411,0.13047383752024658,3
디바이스 개발,0.4868901937107847,0.6227508126313621,0.11087857304990584,3
검증 컨설팅,0.4867796547304717,1.4183813135735512,0.24923009910435556,6
주파수 활용,0.48657375074254455,1.8745317596157027,0.328820997357311,5
모니터링 평가,0.4861697871812528,3.5635434195048146,0.6237012614825328,5
개발 연구소,0.486077051463714,2.2573312326319424,0.3962927562335451,14
시장 진입,0.48605285149112154,1.5419107723578684,0.2716338687494176,17
제도 시행,0.4858196137756706,2.349302791191869,0.4127991023670935,30
제품 구매,0.4857953785237585,3.387101013265509,0.5939250735242168,14
기술개발 신뢰,0.48569982449958987,0.7355337346899311,0.1313335475732709,3
보급,0.4855513908266851,5.51002837828698,0.9653370340475815,120
보유 전문,0.4854815004027,2.095913178225346,0.3691574730196902,4
중심 혁신,0.4853431148064418,0.8440263821680818,0.15055741723786314,3
제조 유연,0.48521984698156045,1.1908444143063264,0.2113108342037639,5
공급 경쟁력,0.48521984698156045,1.1908444143063264,0.2113108342037639,5
방호 장치,0.4851460824872358,6.4754136127969995,1.1358703385482882,5
경북,0.48502533780221113,7.655911014759426,1.343059761313063,4
발생,0.48478009255259596,4.369163495375619,0.7686016339816443,60
연구소 산업,0.4847184566009394,0.5050809426685717,0.09166290871044613,3
국제 기구,0.48468762760806783,16.550723501342674,2.903861456031644,3
포장,0.48466151510436817,1.9994702750987805,0.3536312918509036,12
배급사,0.484658031114347,3.960257571280247,0.6973278850983271,4
업체 맞춤,0.48459155396833714,6.3389301720096665,1.1145765947509794,7
예방 치료,0.4843084803833193,0.7619411650700956,0.13698169803027957,3
활용 데이터,0.48425835392583555,4.453978901124461,0.7852038790372067,5
재도약,0.4841246032157003,1.9909540238062151,0.3530039902139812,13
유선,0.48407460010423187,2.240446900147083,0.3969186039925833,5
성장 부설,0.48397331548963196,1.7939677953487219,0.3186252353096512,4
중복,0.4839128903906581,2.486197729922229,0.44041251490570354,8
혁신 중소,0.4838064489796922,2.05397725654522,0.36460229215018,7
클라우드,0.4837450895507398,8.952353216358832,1.5782942438843737,35
제작 상품,0.4837267577272118,3.308397342746069,0.5854334452967128,3
기술개발 탄소중립,0.4836406263862,2.5025687110686627,0.4438287099145805,30
근무,0.48360531034173726,7.158340040594768,1.2634191557190402,18
달성 시·도,0.4835978136067159,5.99896014764542,1.0593754865083447,3
시·도 폐기물,0.4835978136067159,5.99896014764542,1.0593754865083447,3
폐기물 다량,0.4835978136067159,5.99896014764542,1.0593754865083447,3
설정 달성,0.4835978136067159,5.99896014764542,1.0593754865083447,3
달성 여부,0.4835978136067159,5.99896014764542,1.0593754865083447,3
여부 모니터링,0.4835978136067159,5.99896014764542,1.0593754865083447,3
다량 배출,0.4835978136067159,5.99896014764542,1.0593754865083447,3
trl 기술,0.48355883893790874,3.0018866341059987,0.5318980227165527,4
산업 가치,0.4835357847571738,1.132636579790985,0.20283002184613758,5
경쟁력 필수,0.4835340627913025,1.215740652559884,0.21746412757015351,4
징후,0.4835017999993072,8.12017621263846,1.4333386846974527,5
차원 공간,0.4834519007378969,1.7770128331699304,0.3164093935101625,9
생산 수소,0.4834489948612794,2.5025687110686627,0.44420779837424884,30
수소 저장,0.4834489948612794,2.5025687110686627,0.44420779837424884,30
방지 기술,0.483376544499227,10.851509366630038,1.9152996422969837,9
실증 해외,0.4832678924733336,1.5035018258442807,0.26847029042541365,10
기술 경험,0.4832216207704077,9.956298750542494,1.7586997423046244,3
정보 해외진출,0.48319319768864083,12.09530577891023,2.136040892343594,3
해외진출 주요,0.48319319768864083,12.09530577891023,2.136040892343594,3
국제기구 정보,0.48319319768864083,12.09530577891023,2.136040892343594,3
산업 클라우드,0.48311325689303497,8.212507057549812,1.4519327807427629,3
인력 국내,0.48311325689303497,8.212507057549812,1.4519327807427629,3
기술 산업,0.48311016149587027,4.493189175612219,0.7959682996819429,17
고도 실증,0.48310826560559145,0.49137247930592665,0.09016141721773478,3
모듈 상용화,0.48306698178745006,1.0396731493181575,0.18690613623982547,3
단순,0.4830590026838935,0.8699123879748014,0.1569665464464932,6
의존 국내,0.4830443058589927,2.51031799808258,0.4463764655816079,3
역량 활용,0.48286870692083617,2.0191451658622834,0.3600127638795278,8
생태 지속,0.4827197061026298,3.3404170062595386,0.5936573680620322,3
협력 수요,0.48268553520769464,5.667496725668147,1.0048754194036928,3
시나리오,0.4826425409060411,2.761806664380276,0.49161442659914545,7
교육 실증,0.48261032258893316,8.94671863023695,1.5847146245549826,3
국제 it,0.48261032258893316,8.94671863023695,1.5847146245549826,3
공동 it,0.48261032258893316,8.94671863023695,1.5847146245549826,3
국내 it,0.48261032258893316,8.94671863023695,1.5847146245549826,3
굴뚝,0.4825670319925677,11.495261641185444,2.0354681378216126,4
국산 인공지능,0.4824494905857722,1.871736747397596,0.33463412688789895,5
엣지 디바이스,0.4824494905857722,1.871736747397596,0.33463412688789895,5
스마트 엣지,0.4824494905857722,1.871736747397596,0.33463412688789895,5
프로젝트 정보,0.4823820456493844,15.148111424048832,2.683155098557381,3
진흥,0.48237265664348555,7.801191590797439,1.3836349646957105,21
미만 사업장,0.4823471840591329,4.122052841010687,0.7328988258134048,6
it 협력,0.4823173442277581,18.775693660671184,3.3257015851231544,3
민간 해외,0.48222411017235317,6.280041666111062,1.1152463530349017,4
차세대 통신,0.48212045649777757,1.4390044636893426,0.2585164100712378,5
가스 터빈,0.4820243879033641,5.214199379083556,0.9273749999149108,18
공정 소재,0.48199260113315423,1.1198657470223654,0.20213485105143567,5
인공지능 반도체,0.48187975239096437,4.965182898733233,0.8838048932917757,15
작가,0.48186509683376977,2.936029789706752,0.5241851443543881,4
시나리오 작가,0.48186509683376977,2.936029789706752,0.5241851443543881,4
영화 산업,0.48186509683376977,2.936029789706752,0.5241851443543881,4
저변,0.4818243409084964,2.6348930326581237,0.47089261226030266,15
장벽,0.48180031996719125,4.233989904620119,0.7544618552805894,10
입점 연계,0.48172779206160005,5.088656978008263,0.9062716810204475,12
중견 글로벌,0.481621934774338,8.309265008359025,1.4780976495385938,5
전파 인증,0.4815521630612888,2.1029792004524253,0.377058927174805,6
시설 관리,0.4815381600741892,9.290799789766732,1.6528189830810485,4
국소배기장치,0.4814488919700733,2.939745595181629,0.5258028841461134,3
공학 설비,0.4814488919700733,2.939745595181629,0.5258028841461134,3
중독 직업,0.4814488919700733,2.939745595181629,0.5258028841461134,3
설비 국소배기장치,0.4814488919700733,2.939745595181629,0.5258028841461134,3
기본 공학,0.4814488919700733,2.939745595181629,0.5258028841461134,3
비용 산재,0.4814488919700733,2.939745595181629,0.5258028841461134,3
예방 기본,0.4814488919700733,2.939745595181629,0.5258028841461134,3
일터 급성,0.4814488919700733,2.939745595181629,0.5258028841461134,3
급성 중독,0.4814488919700733,2.939745595181629,0.5258028841461134,3
급성,0.4814488919700733,2.939745595181629,0.5258028841461134,3
직업 질병,0.4814488919700733,2.939745595181629,0.5258028841461134,3
중독,0.4814488919700733,2.939745595181629,0.5258028841461134,3
중소 조선,0.4814059045940126,5.810538758048419,1.0356970575548612,6
자재,0.4812726233054786,2.6735067112857127,0.47890566831563464,3
협력 해외,0.4811858424983378,2.6488664742718924,0.47471008652417923,4
친화,0.4811740002000272,3.143349129408479,0.5626267395259557,21
요인 자금,0.48109188176786843,2.0909788658638764,0.37571332137401026,3
건설 현장,0.48109188176786843,2.0909788658638764,0.37571332137401026,3
미만 건설,0.48109188176786843,2.0909788658638764,0.37571332137401026,3
자금 안전,0.48109188176786843,2.0909788658638764,0.37571332137401026,3
현장 유해,0.48109188176786843,2.0909788658638764,0.37571332137401026,3
특별법 공인,0.48102508306980046,10.56343302778923,1.8826612184808598,8
공인 특별법,0.48102508306980046,10.56343302778923,1.8826612184808598,8
도시 공인,0.48102508306980046,10.56343302778923,1.8826612184808598,8
특별법,0.48102508306980046,10.56343302778923,1.8826612184808598,8
클라우드 서비스,0.48081329067823403,7.15491023817955,1.277578069357259,7
인증 지식재산,0.4806872994458276,0.8168190011079292,0.14948646003327026,3
공공 기관,0.48066874230079143,8.230338469819781,1.469886174621287,62
에너지효율 안전,0.48046561984680775,5.584764084241336,0.9995498401672346,7
제작,0.48034564813658254,9.470233136248995,1.6929721601427725,217
수출 업체,0.480265095564861,21.240623898234716,3.7932928531478907,26
분석,0.4802012520774433,4.901675664230293,0.8787724898310745,137
개발 활용,0.4801709497644051,2.473464932494546,0.445545459949487,4
협력 기관,0.47995235605835246,7.392766957166361,1.3246500846275047,4
공정 근원,0.4799292619090339,2.0865957746034303,0.37691776391784415,3
동행 기술,0.4799292619090339,2.0865957746034303,0.37691776391784415,3
노후 위험,0.4799292619090339,2.0865957746034303,0.37691776391784415,3
업종 사업장,0.4799292619090339,2.0865957746034303,0.37691776391784415,3
제조 업종,0.4799292619090339,2.0865957746034303,0.37691776391784415,3
안전 동행,0.4799292619090339,2.0865957746034303,0.37691776391784415,3
부합,0.4798309522168042,2.936142563700085,0.5289031856131021,7
개발 핵심,0.4798251498978988,1.2502532941736053,0.2276348284648041,5
확장,0.47964353787642094,3.7231636345581016,0.6700873419654831,18
발전 가스,0.4795852988663601,4.155531453825726,0.7475972450127137,16
역량 해외진출,0.47945297646314755,6.028377072271932,1.0832120819688464,4
실감 콘텐츠,0.4794068492632453,2.111657433508801,0.38229851664299086,3
시장 한계,0.4793953299514543,2.5025687110686627,0.45229783391693207,30
복합 기술,0.4793176103885013,1.194636299995096,0.21824055654689106,13
기술 이용,0.4791717833167424,0.5147735776827922,0.09658198657914413,3
이관,0.47914183210353073,4.750111979963432,0.8555633332315282,3
주요,0.47904207093870194,3.1694669127553627,0.57256387040291,80
컨설팅 클라우드,0.47892757988037543,8.212507057549812,1.4773279416023732,3
제작 마케팅,0.478827280105936,3.8767744207654884,0.7000078156971932,15
프로모션,0.4786189390248621,1.8222788634705274,0.33170072720867577,10
맞춤 중소,0.4786175144350666,6.145173092508047,1.1079857538363542,4
성능 컴퓨팅,0.4785679511234124,6.0982327850346625,1.0997848022256593,10
전환 기술개발,0.47849458240556936,3.094088850193075,0.5603885489271659,18
인증 취득,0.4784365211616513,3.601077689919268,0.6516390638368534,19
애로 사항,0.47818530096417144,5.1827105547058645,0.936859586577344,27
ai 응용,0.47806647539986064,2.6344622775745052,0.47871685391931273,6
전산,0.4780065396558693,2.447643198817514,0.445213629376615,4
발전 설비,0.4777095625613101,2.5025687110686627,0.4557025974860141,30
활용 글로벌,0.47760053258024143,8.279982788712797,1.4976387069279167,4
특화 전문,0.47753532437863233,1.1231123622527994,0.20726358658189054,5
취득 시험,0.47741702408417025,2.261429422829496,0.41278450877122885,3
smr,0.47733995258503287,2.737653403601966,0.498884307201923,3
시험 기관,0.4772105730401978,8.57910803486114,1.554078703249414,5
보험,0.47713932372714674,15.0403723261123,2.7217114200335915,81
기술 친환경,0.47706343028305376,6.341025298532078,1.150610727839191,7
스마트,0.47705013840520355,7.192406942707694,1.304524817401478,107
보조 국비,0.47693507062048013,7.0264280312325775,1.2751424423791717,4
단체 보조,0.47693507062048013,7.0264280312325775,1.2751424423791717,4
제조 기술개발,0.47661154441203735,1.5627233061873873,0.28779828182751555,10
통신망,0.4765890949838528,3.5284896973004067,0.6437123865969557,3
취약 개입,0.47658403309169406,2.950763705775219,0.5391324292046632,3
보건 유해,0.47658403309169406,2.950763705775219,0.5391324292046632,3
관리 취약,0.47658403309169406,2.950763705775219,0.5391324292046632,3
역량 유망,0.47653492753158183,8.066826520688732,1.4656651016928806,5
스타,0.4765331661724952,1.5219545936754109,0.28052198480638457,10
참조,0.476333952559985,1.4794800401400294,0.27308856283698324,26
우선 중견기업,0.4761226081336224,2.452907073527952,0.44992221212732986,5
성능 신뢰,0.47610814638006516,0.5156563959959546,0.0985531182918268,6
회수,0.47591569547549356,8.765123965551057,1.596194484952838,23
전력 반도체,0.47589756243509784,0.6861249943818919,0.1296260238988098,3
취약,0.47587137676956276,8.546566847998731,1.5568052731998248,65
대응 제조,0.47582116642219496,6.338792601401466,1.1561993630156566,3
확산 대내외,0.47582116642219496,6.338792601401466,1.1561993630156566,3
dx 맞춤,0.47582116642219496,6.338792601401466,1.1561993630156566,3
중견기업 dx,0.47582116642219496,6.338792601401466,1.1561993630156566,3
대내외 환경,0.47582116642219496,6.338792601401466,1.1561993630156566,3
융합 스마트공장,0.47582116642219496,6.338792601401466,1.1561993630156566,3
대내외,0.47582116642219496,6.338792601401466,1.1561993630156566,3
전사,0.4756729322420368,0.8374915114752898,0.15729221132591678,5
국비 지방비,0.4754827858639467,5.608684479760982,1.025070120462854,3
기지,0.47537393673915884,0.6694734012678778,0.12697420418919805,4
굿즈,0.4753294981759976,14.626784542338019,2.6666399648270116,3
중기부,0.475167591539932,1.9245519154820692,0.35563966376292694,7
현황,0.4751671488817427,4.827819098479399,0.884254964847953,16
유관,0.4750152697066563,4.1295096285454695,0.7576014391492504,19
양성 지역,0.4747598146485335,6.769713833197928,1.2399322233862942,4
맞춤 기술개발,0.47475443399928907,5.057051763450192,0.9276092918795484,12
발간,0.47459237103792745,1.6106489726090765,0.2992904293418476,3
바이오 의료,0.4745196829402322,1.1264075277962133,0.21099441369853855,10
기관 전문,0.47432545224996076,1.452357999418696,0.27074613801402647,8
기관 주관,0.47432095901300725,1.3814013680228003,0.2577885197388453,3
소상공인 성장,0.4742776244137831,3.1929681520497333,0.5888631379024267,8
관리 혁신,0.47386545232752203,1.1539146385060568,0.2167147315889697,5
일몰,0.47386545232752203,1.1539146385060568,0.2167147315889697,5
일몰 관리,0.47386545232752203,1.1539146385060568,0.2167147315889697,5
생태,0.47375866441562653,4.391622982011562,0.8096765707455542,196
산단 입주,0.47367349861447366,12.169203570536554,2.234587547759899,6
sw 인재,0.4735758932387961,25.116293440070528,4.60792563997229,3
위조 상품,0.47333816255437594,26.920450551394264,4.943281372926395,4
터빈,0.4733059326400351,5.837065598881076,1.076391148662029,18
안정 제작,0.47311382693720266,2.6489685179712943,0.49198417664782185,3
제작 영화,0.47311382693720266,2.6489685179712943,0.49198417664782185,3
배급사 감독,0.47307495261901766,3.317745701351616,0.614862908509567,4
영상 위원회,0.47307495261901766,3.317745701351616,0.614862908509567,4
상영관,0.47307495261901766,3.317745701351616,0.614862908509567,4
상영관 운영자,0.47307495261901766,3.317745701351616,0.614862908509567,4
위원회 영화,0.47307495261901766,3.317745701351616,0.614862908509567,4
운영자,0.47307495261901766,3.317745701351616,0.614862908509567,4
운영자 제작사,0.47307495261901766,3.317745701351616,0.614862908509567,4
지역 영상,0.47307495261901766,3.317745701351616,0.614862908509567,4
영화제,0.47307495261901766,3.317745701351616,0.614862908509567,4
감독 개인,0.47307495261901766,3.317745701351616,0.614862908509567,4
제작사 배급사,0.47307495261901766,3.317745701351616,0.614862908509567,4
영화제 단체,0.47307495261901766,3.317745701351616,0.614862908509567,4
영화 상영관,0.47307495261901766,3.317745701351616,0.614862908509567,4
대량,0.47286936287315956,6.159427759356793,1.1376033512481607,8
in,0.4728644026864002,0.6806266362786303,0.13081404249844647,4
문화 향유,0.4728520486444558,1.123438622873036,0.2122004672455296,3
향유,0.4728520486444558,1.123438622873036,0.2122004672455296,3
상승,0.47283742289097436,1.6721376988084886,0.3130585582066815,8
섬유 복합,0.47283074229166466,0.8075133713905087,0.15415897549502733,5
유관 기관,0.47270517798933115,4.6843355947133825,0.8671420641466219,14
기관 일반,0.47266164937816907,2.095611611968776,0.3911977648030274,8
제도 대응,0.472614883843238,8.560834858830535,1.5805534717543477,4
수출 컨설팅,0.47259447291794254,3.7825567595072744,0.7016543842700667,8
치료제,0.4725694493270845,1.99943582889941,0.3736663107144184,8
성장 시장,0.47250998894355406,2.153773786170739,0.4021696939305568,5
솔루션 솔루션,0.4724971804427804,3.361333478611307,0.6244275446320352,3
국민 취약,0.47249220423301064,9.855625757028749,1.819649294746984,6
계층 청년,0.47249220423301064,9.855625757028749,1.819649294746984,6
가능 성능,0.47246748626863,0.5673202332027745,0.11024724819149018,3
수소 산업,0.47243672528006386,3.260976868935582,0.6061174285154847,46
성장 전략,0.47242557359853976,3.2999256417125173,0.613316826757129,5
서비스 활성,0.47218459927906264,7.961654618724952,1.472961691459734,4
실증 협력,0.47207954146655684,5.418228932936544,1.0047365708382214,3
조기,0.47182059317083064,2.377459947636382,0.444700441866517,33
클럽,0.471756070299146,14.459618493588565,2.675004236891721,4
표준 대응,0.4717491748424449,1.8127667548839255,0.3406059051773252,8
소재 제작,0.4717069770876133,5.590651677781428,1.038147348609058,6
장비 제조,0.4714927390001431,3.2258529725232963,0.6021172476202644,7
전환 공급망,0.4714665895981038,0.9216515521295023,0.17637211779786435,3
개발 규모,0.4714449861628136,1.4567143113787357,0.2752792516728808,3
안전 평가,0.4710835633708563,3.359113240555714,0.6278531969603764,44
실증 단지,0.4710430292223511,3.679459349756465,0.6872637604731862,31
해외진출 가능,0.4708464544523476,8.540864976580057,1.588466095172863,3
saas 마켓,0.4708464544523476,8.540864976580057,1.588466095172863,3
해외 레퍼런스,0.4708464544523476,8.540864976580057,1.588466095172863,3
sw 해외,0.4708464544523476,8.540864976580057,1.588466095172863,3
글로벌 saas,0.4708464544523476,8.540864976580057,1.588466095172863,3
가능 국내,0.4708464544523476,8.540864976580057,1.588466095172863,3
플레이스 진입,0.4708464544523476,8.540864976580057,1.588466095172863,3
성능 테스트,0.47079679165965027,1.0052713577251065,0.19247589124201164,6
맞춤 sw,0.47060343853797937,11.968048398311176,2.2256021325663116,3
iot 디지털,0.4701569993805402,3.3404213691198517,0.6269064541990992,5
전환 데이터,0.47012100059435075,2.500114129059511,0.47087560036967296,3
실증 행정,0.46992039842534505,11.508553229021043,2.146407315426588,3
혁신 기술,0.46983237533454236,3.032147337879311,0.5704455955082752,45
세분,0.46968362613644216,3.202864427805962,0.6025911213025662,4
타당,0.46965748594784773,0.7113114907592885,0.13886805078105663,6
실증 신뢰,0.46962896698223355,0.49903889608357593,0.09937154770781673,3
해외 농업,0.46960665239151905,9.236095401659979,1.7260813172804024,4
경쟁력 생태,0.46950928231501776,6.014600771582251,1.1267518776728682,4
자유,0.46949516113556566,4.086260834003884,0.7676326344605602,4
상영,0.4694673747113477,3.2531977218050376,0.612534434440348,3
수요 디지털,0.4688727665681306,5.667496725668147,1.0649474454530141,3
혁신 특구,0.4687954951225254,2.295936916725574,0.4355165711123903,6
지재,0.4687784593469737,4.735023443567435,0.8911802636806943,8
개발 전통,0.46877072619962395,1.7768636419121075,0.3385970261128789,6
역량 초기,0.4685462043739996,1.9377375464299844,0.36902744328482456,5
영화 제작,0.46848107722238747,4.271053797513021,0.8055300894804533,3
상세,0.4682950217323642,0.9577455385994358,0.18602842649004858,7
우수 제품,0.46819953579946283,4.64558270295613,0.8766242318466294,19
국외,0.4681026810375359,3.310034348420806,0.6268213285928151,17
개발 산업,0.46799696923309914,1.3056341538707796,0.25150231338772344,12
food,0.4677888912026926,6.652897786373846,1.2546209776898447,4
목표 달성,0.46778017825088003,3.387737792912557,0.6422722141348529,57
창업기업 보육,0.46744761376388155,5.423282207836434,1.0254828264416354,12
홍보 오프라인,0.46741827034790207,5.423282207836434,1.0256096050940646,12
국내 기술,0.46733797754597056,1.1145599261706447,0.21640097422677976,10
조사 마케팅,0.46717737773769336,4.709222142934721,0.8924013484011639,3
진단 산업,0.4671344428962741,5.098092689995127,0.9656876418830052,6
기능 성능,0.4671153947895964,1.283370105462103,0.24838500724403123,8
연구 국제,0.4671089715283657,0.6066858056666685,0.121135077320282,3
데이터 수집,0.46697551942226584,6.428968860845828,1.2167558749006373,20
임상 시험,0.4669283188054909,6.851676401530451,1.2965484470854314,7
유해 위험,0.4669153904148663,4.031038692889912,0.7657549798739459,9
인건비 여비,0.46684632081602995,0.6935340452273797,0.13766572754612993,5
전망,0.46673583392005763,0.6377274147626727,0.1272382806400443,8
산재,0.4667347181061949,18.277838803919337,3.449640127938587,27
관리 평가,0.4666811268457312,1.8944875051196586,0.3640308609232987,3
측정 기기,0.4666725283248754,14.0542027258413,2.65482131235055,7
기관 it,0.4666068630944615,24.083005853992532,4.54536589476426,8
콘텐츠 활용,0.4665235133564753,4.452344868312664,0.8464580469274291,3
사업장 노후,0.4663370996713982,2.259586966574129,0.4334776489471791,6
사물,0.46623355238473213,1.5015273095913373,0.2906154175494116,5
치료,0.46605139354020114,2.168856492361739,0.416897551960057,17
ac,0.46598033544000816,2.3157992790131923,0.4447906386119086,15
소재 복합,0.4657520093757055,1.267357621551955,0.24699633528807735,5
비용 인증,0.4657379771925677,1.5981410705469545,0.3095640405068728,3
전시품,0.46569160326828546,4.388634251300974,0.8374100365463124,9
창업 도약,0.4656733961008012,4.452344868312664,0.8495257413148992,3
헬스 산업,0.46557623789734515,6.1853536474498325,1.1778010877286542,4
현장 설비,0.46556364559052366,3.571194364894583,0.683180771467094,3
레저 장비,0.4655521867334708,1.908926706756459,0.36864590272027464,5
sw 플랫폼,0.46548919588008986,1.2104845625157907,0.23654478215332347,3
정보 컨설팅,0.4652656437089362,8.673439572800824,1.6507243793194926,4
준비,0.465252214823255,5.041836500843424,0.9627401173564893,44
완제품,0.4651720242049775,0.9589689648435995,0.18924054524468847,7
저변 국제,0.46493488013850887,7.288827959513572,1.3903112816868033,6
플랫폼 대학,0.4649086340119363,1.505439080430694,0.2931761899255721,8
생산 품질,0.4648342689006572,2.908857548010574,0.5596301260749232,10
전환 근로,0.4647401162141743,1.4290249326275917,0.2789008015848575,4
적시,0.4646921569736071,0.7636379060869123,0.1526098907581413,5
제작 서비스,0.4646668068420259,3.0113421774764437,0.5795040671922538,3
창업 콘테스트,0.4645477195264867,5.423282207836434,1.0380892812519487,12
선도 모델,0.4644987617205904,2.851611276529102,0.5495736356325305,10
수요 시범,0.4643238604714779,2.375779104435137,0.45950287491857733,4
시범 적용,0.4643238604714779,2.375779104435137,0.45950287491857733,4
서비스 적용,0.4642236510029671,0.8185216288561484,0.1634337225269771,9
디지털 트윈,0.46421291118856056,3.228540855212358,0.6219785454855032,47
트윈,0.46421291118856056,3.228540855212358,0.6219785454855032,47
co,0.46392093444154625,6.72312706303528,1.288436635854844,7
대역,0.4637499830651346,3.5342262557577966,0.6814992539556451,13
기술개발 친환경,0.46359663353438174,0.7182854239274061,0.14485403148110687,4
진출 복합,0.46354278534306764,1.004218786958557,0.1994453348043578,6
제품 공공,0.4634958474132615,4.590248880646568,0.8837485583679565,10
디지털 서비스,0.46343782076617307,1.516423324128549,0.2973080259170628,5
난치 질환,0.4632995966396162,0.7580971554237983,0.15268946774293013,3
난치,0.4632995966396162,0.7580971554237983,0.15268946774293013,3
먼지 저감,0.4632782468722227,1.589061782370863,0.31140337430380927,4
성과 기술,0.4631039852921241,2.6311928834756184,0.5108210756559809,3
토대,0.4627866868123191,1.4986942055186308,0.2948261607952278,11
프린팅,0.4627507148853311,0.9918786431434083,0.19787952244974769,6
구체,0.4626925831840184,2.9433962837320484,0.5715146435268132,8
제조 중소,0.46258179952856965,4.109286781815719,0.7950764468669032,5
신고,0.4622957985938211,4.481734649438568,0.867460492461926,20
ict 융합,0.46205065809777013,12.409401748479894,2.3898754320429663,15
콘테스트,0.46192704081625696,5.423282207836434,1.049618082546313,12
의존,0.461799391846449,1.2793943207979066,0.25406696990477706,10
설계 제조,0.46170945559674936,0.3378484890228649,0.07322352457035333,3
생산,0.46163925485666,5.400195286435012,1.046453802111873,213
고도 수출,0.46156444227218035,3.1938579442429016,0.6225055997393698,6
유도 농산물,0.46154725807633346,7.3216803372931185,1.4163865665951894,7
전시관,0.46154602324660815,7.3082111419154625,1.413803536601188,4
디젤 기관차,0.46137924184278745,1.1932879192186712,0.23801086202924163,4
기관차 대체,0.46137924184278745,1.1932879192186712,0.23801086202924163,4
디젤,0.46137924184278745,1.1932879192186712,0.23801086202924163,4
지역 창업,0.4612215373951383,6.707728596714492,1.3000839795068693,7
진입 활용,0.46093499087434053,6.281632831041984,1.2194957984865795,4
검사 비용,0.46084703341114064,6.789286704174065,1.3178492741709156,4
체험,0.4607180742872463,5.289478493723133,1.0291625150525998,11
산업 첨단,0.4606697234858575,5.8854945701593575,1.1443997697403494,6
사후 관리,0.46062375337786765,4.416631303517941,0.8610872808173502,30
세미나 개최,0.4604589071980728,4.150752215761711,0.8103355104729034,5
작품,0.46042174150074916,2.122554714262261,0.41864441358483306,12
드론 기술개발,0.460174863807126,3.578635685115381,0.7006848371133604,6
국고 보조금,0.45979298462812546,2.095796363115668,0.41464967516751616,4
트렌드,0.4597804781792577,2.562524738097376,0.5050716250283291,11
팹리스,0.4596488928727797,2.3688524978083088,0.46783437171895403,12
통신 adv,0.45962301800174227,1.1105285877097097,0.2240145752874905,4
adv,0.45962301800174227,1.1105285877097097,0.2240145752874905,4
중심,0.4593486118796756,3.9455256456881838,0.7743711523403388,122
제작 표준,0.4591267363165162,1.0533156568889626,0.2134521643840196,4
참고,0.45904943219326566,1.0208173255388546,0.2072211764854894,3
공동 혁신,0.4590272062086479,2.9572689309228246,0.5834462652223784,8
지자체 지역,0.4589268217803929,2.6053417220474793,0.5153044662246069,11
가입,0.45891214911640166,23.46087618979559,4.568902309235763,70
산단,0.4588964961712024,10.796603170817221,2.107559953850515,17
ai native,0.45886749277392497,2.7292986130125003,0.5395366374078268,4
우체국,0.458748301635173,0.5369499414323899,0.11342483902517883,3
전통문화,0.4586355798874769,18.30331513597253,3.570488710287266,7
금융,0.4585869227788759,15.640789473364862,3.053020963239616,86
예비 창업,0.45841255096000477,10.109368418334054,1.977926659558093,6
노동 시장,0.45835156118531806,9.368379612685887,1.8340778385431642,15
대응 유선,0.45833585647100467,1.3168158775074659,0.2656266149257996,4
민간 출연연,0.4582120268288482,9.836795660782357,1.9264373756032036,8
유통 플랫폼,0.4582000371652899,12.87731984488608,2.519198599079854,8
농업 진출,0.45819491670156937,4.474126436814063,0.8812485737185706,4
산업 저변,0.45819491670156937,4.474126436814063,0.8812485737185706,4
해외진출 민간,0.45819491670156937,4.474126436814063,0.8812485737185706,4
미래 해외,0.45819491670156937,4.474126436814063,0.8812485737185706,4
해외 식량,0.45819491670156937,4.474126436814063,0.8812485737185706,4
진출 정착,0.45819491670156937,4.474126436814063,0.8812485737185706,4
농업 자원,0.45819491670156937,4.474126436814063,0.8812485737185706,4
정착 농식품,0.45819491670156937,4.474126436814063,0.8812485737185706,4
개발 사업자,0.45819491670156937,4.474126436814063,0.8812485737185706,4
이용료,0.4581354328125865,3.0280371169670914,0.5995234142938539,9
최초,0.457942893713777,2.8125524676983122,0.5579811117114288,46
농식품 크라우드펀딩,0.45791151511340183,16.643694364768916,3.257190341859758,12
융합 활용,0.4578279841279348,1.1522767474653222,0.23415256634063472,4
기술 km,0.4576756613793084,1.4484702276814685,0.29218378208509205,4
ai 솔루션,0.4576662379195068,4.636802629533445,0.9150115222479324,10
국내 중소,0.45758038154611264,4.7349930995335,0.9345327313063583,18
파워,0.457576323137186,1.6225492214802686,0.32633799438525624,6
홍보 마케팅,0.4575205006710491,3.924295174620908,0.7763140447686925,27
saas 개발,0.45735240116828274,5.0416899282399195,0.9954240372881569,4
반복,0.4573080047797139,5.385010804563528,1.062772872438679,3
사업장 관리,0.45722401106506216,8.964135245048602,1.7635492102363197,4
공개,0.45720400150470886,3.1411683310108667,0.6241058674046733,18
제조 기술,0.45719881995010264,3.6523374360773033,0.7241608928370833,34
업무,0.45715893806368907,3.703432014922782,0.7342866470026218,47
감축 배출,0.45696476596860086,5.788771667939062,1.1434076740026144,3
미래 자율,0.45684645143697866,1.2887476270603921,0.26202527408840615,4
모델 적용,0.4567569975720263,1.0302555452810815,0.21145812001377667,3
무선 전송,0.4567429802064572,1.6765540611942868,0.3381925959596544,4
국제 행사,0.4566291163655414,5.045835500471633,0.9992887813505971,6
상태,0.4566054478047168,1.4500322850825915,0.2939690933417285,4
패킷,0.4565777398115212,1.723417726818972,0.34764588178003974,4
초저지연,0.4565777398115212,1.723417726818972,0.34764588178003974,4
기대 소재,0.4565233712981423,0.8302401935505356,0.17245269905279303,5
선박 건조,0.45646895779967117,4.273102040154721,0.8482891084037574,4
산업,0.4564045252404893,6.15150724260826,1.2173239464625984,794
예측,0.45636211199015214,3.938829206238344,0.7830345068857356,32
크라우드펀딩,0.4561585731930593,14.672020846117404,2.8931372612517405,13
벤처 창업기업,0.4561508447258682,9.182414979579173,1.8143103783210637,12
클러스터 바이오,0.45611425203739364,1.4474330834839537,0.2941398621175208,3
구매 수요,0.4560632962852248,2.2007548114774544,0.44231949585103414,5
가치 공급,0.4560632962852248,2.2007548114774544,0.44231949585103414,5
공급 사슬,0.4560632962852248,2.2007548114774544,0.44231949585103414,5
창업 센터,0.4560010081493505,7.4106540069950055,1.4670072480005523,12
지식재산 획득,0.45592807112655376,0.8834503487204505,0.1834543726376277,4
혁신 바우처,0.4558203029857466,2.161363280735599,0.4350497250872872,5
km,0.45568998750937856,2.0194843827281685,0.4073681139803541,4
ict 혁신,0.45560440819551534,3.2517841559416256,0.6502543409750827,5
지상 통합,0.45555820466791197,1.0252058977019969,0.2117298051862243,4
기관,0.455280903109977,6.215529197759357,1.2357047025798673,498
증대,0.45527974325816445,2.9926223290362515,0.6000571551919657,17
탄소 탄소,0.4549896437986161,0.9216515521295023,0.1918826139242818,3
관리,0.45492456913778756,13.273716802396175,2.631634274049696,241
의료 산업,0.4548762083457687,2.597760624789135,0.5231104755013531,10
디스플레이 핵심,0.4545176873309684,2.363293330982457,0.477553471685106,4
네트워크 핵심,0.45451683347332317,1.3089892715895073,0.2689742675788298,4
re,0.454505384160947,4.864449748987243,0.9724253713267975,3
제품 생산,0.4544772535818974,2.9047243510776997,0.5847720487284723,18
혁신 소재,0.45433561025070296,5.765026256787023,1.1514239619630804,4
가공 ai,0.45425137125151727,1.4110130469915585,0.28952176208320857,3
불가,0.454210767083768,2.77041679231523,0.5588508241326718,6
부착,0.45401805937459394,4.252337734955173,0.853094499170707,8
근로자,0.4537102020362599,44.46472794208043,8.835669889000695,106
실증 레퍼런스,0.4536284567786928,0.8033945104752046,0.1697346597005726,3
tbps,0.4536185116259339,3.232620282582345,0.6520805206481584,4
iso,0.45354568526936406,2.264977912870113,0.4600993097135898,3
무선 통신,0.45350120904098556,3.1865950747188503,0.6432699877440824,9
소재 성능,0.453437557231574,0.737791412292675,0.1568685812443926,5
시·도,0.45333939963118797,2.75405836124862,0.5577432942042055,5
대응,0.4532992932437941,4.463659883164324,0.8977305860611815,233
평가 고도,0.4532246112556269,3.546894344930272,0.7156975103394609,3
시장 주도,0.45310786929094654,2.8154363963356976,0.5705234795901887,13
소액,0.4530828501858181,4.782579915793528,0.9620191860058074,12
학교,0.4530772269038966,3.689157155912466,0.7444619313748138,6
산업 sw,0.4528408090587465,11.051254896333422,2.21160273701878,6
산업체 연구,0.4525548319968233,2.4147246337287167,0.4920041074058753,11
유통 영화,0.4523714463325196,2.5904418602359702,0.5274711863256826,3
보증 대출,0.4522608090742938,1.7073037339301158,0.35141343309991585,7
시스템 개발,0.4521246564378129,5.26713462673035,1.0627337693223746,27
증권,0.4515671799688597,9.87003504628877,1.9867725924968533,8
증진,0.4515472535215626,3.4375429437996528,0.6990048711517238,19
위성 지상,0.4514213062430671,1.7358244751875644,0.35848972269156226,4
창업기업 소액,0.45140280173399283,5.494134977427288,1.111458778501473,11
자본 판로,0.45140280173399283,5.494134977427288,1.111458778501473,11
산업 농식품,0.45140280173399283,5.494134977427288,1.111458778501473,11
자금 판로,0.45140280173399283,5.494134977427288,1.111458778501473,11
자금 기회,0.45140280173399283,5.494134977427288,1.111458778501473,11
자금 여건,0.45140280173399283,5.494134977427288,1.111458778501473,11
소액 투자,0.45140280173399283,5.494134977427288,1.111458778501473,11
창업자 자금,0.45140280173399283,5.494134977427288,1.111458778501473,11
사례 창업,0.45140280173399283,5.494134977427288,1.111458778501473,11
보유 벤처,0.45140280173399283,5.494134977427288,1.111458778501473,11
네트워킹 액셀러레이터,0.45140280173399283,5.494134977427288,1.111458778501473,11
기회 기술,0.45140280173399283,5.494134977427288,1.111458778501473,11
연계 네트워킹,0.45140280173399283,5.494134977427288,1.111458778501473,11
센터 센터,0.45140280173399283,5.494134977427288,1.111458778501473,11
스케일 민간,0.45140280173399283,5.494134977427288,1.111458778501473,11
판로 창업,0.45140280173399283,5.494134977427288,1.111458778501473,11
판로 후속,0.45140280173399283,5.494134977427288,1.111458778501473,11
여건 산업체,0.45140280173399283,5.494134977427288,1.111458778501473,11
농식품 예비,0.45140280173399283,5.494134977427288,1.111458778501473,11
산업체 판로,0.45140280173399283,5.494134977427288,1.111458778501473,11
농식품 창의,0.45140280173399283,5.494134977427288,1.111458778501473,11
농촌 성장,0.45140280173399283,5.494134977427288,1.111458778501473,11
네트워킹 농식품,0.45140280173399283,5.494134977427288,1.111458778501473,11
아이디어 인력,0.45140280173399283,5.494134977427288,1.111458778501473,11
주도 농식품,0.45140280173399283,5.494134977427288,1.111458778501473,11
맞춤 농업,0.45140280173399283,5.494134977427288,1.111458778501473,11
농식품 유망,0.45140280173399283,5.494134977427288,1.111458778501473,11
인력 성공,0.45140280173399283,5.494134977427288,1.111458778501473,11
기술력 평가,0.45140280173399283,5.494134977427288,1.111458778501473,11
제품 원활,0.45140280173399283,5.494134977427288,1.111458778501473,11
추천 농식품,0.45140280173399283,5.494134977427288,1.111458778501473,11
투자 추천,0.45140280173399283,5.494134977427288,1.111458778501473,11
투자 액셀러레이터,0.45140280173399283,5.494134977427288,1.111458778501473,11
농식품 창업,0.45140280173399283,5.494134977427288,1.111458778501473,11
농업 농촌,0.45140280173399283,5.494134977427288,1.111458778501473,11
농식품 초기,0.45140280173399283,5.494134977427288,1.111458778501473,11
기술 융자,0.45140280173399283,5.494134977427288,1.111458778501473,11
평가 보유,0.45140280173399283,5.494134977427288,1.111458778501473,11
콘테스트 농식품,0.45140280173399283,5.494134977427288,1.111458778501473,11
권역 벤처,0.45140280173399283,5.494134977427288,1.111458778501473,11
평가 기술력,0.45140280173399283,5.494134977427288,1.111458778501473,11
크라우드펀딩 벤처,0.45140280173399283,5.494134977427288,1.111458778501473,11
기술 아이디어,0.45140280173399283,5.494134977427288,1.111458778501473,11
원활 판매,0.45140280173399283,5.494134977427288,1.111458778501473,11
초기 벤처,0.45140280173399283,5.494134977427288,1.111458778501473,11
초기 업체,0.45140280173399283,5.494134977427288,1.111458778501473,11
기술 자본,0.45140280173399283,5.494134977427288,1.111458778501473,11
액셀러레이터 민간,0.45140280173399283,5.494134977427288,1.111458778501473,11
액셀러레이터 기술,0.45140280173399283,5.494134977427288,1.111458778501473,11
센터 권역,0.45140280173399283,5.494134977427288,1.111458778501473,11
브랜드 개발,0.45138700092898026,5.540024424764372,1.1207269505734911,9
기여 국내,0.45132873310617766,4.158218965695815,0.844089246667064,5
자연,0.4511288902946739,1.8255850171631307,0.3769748803289962,4
국내 원전,0.4510896788625304,1.0986535304028167,0.23122504545039166,4
통신 방송,0.451039257604308,1.1735101036155968,0.24630109043086398,4
native,0.4509582114540411,2.415501109375387,0.4956652633283979,4
대학 보유,0.45078694902644556,1.231758202241835,0.2583016545512467,5
전문가 기술,0.45069116069661364,0.6670029080769022,0.14495244296029558,3
실증 센터,0.45066219036536753,3.4700078862281494,0.7082104296455594,31
영화 유통,0.45044768835553567,4.38599933206299,0.8930863519539389,3
클라우드 전환,0.45022456410079575,3.0223140161652244,0.6194333537591642,3
탄소중립 실현,0.45019304635972046,1.0137952123853544,0.21516168302099314,7
전파 민간,0.44980205909618437,1.6567580276658915,0.3452274359718508,6
통신 전파,0.44980205909618437,1.6567580276658915,0.3452274359718508,6
민간 업체,0.44980205909618437,1.6567580276658915,0.3452274359718508,6
방송 통신,0.44980205909618437,1.6567580276658915,0.3452274359718508,6
활용 선도,0.4496261549654011,1.1522767474653222,0.24371291294442302,4
지역 sw,0.44952591135593384,11.051254896333422,2.242082951793118,6
광고 마케팅,0.449330042176423,6.635759109287361,1.3518608945879695,5
우주 항공,0.4492871503790062,1.4910122226956717,0.3125602175334532,7
제조 데이터,0.44927037810578474,14.374802102087589,2.9160502193137177,12
전략 소부장,0.4491551857225348,2.041956902883569,0.4241365055441505,5
전문 성장,0.4491551857225348,2.041956902883569,0.4241365055441505,5
융합 클러스터,0.44909884367827413,6.967748398088432,1.4203040353388616,6
기술개발 출연,0.44909470691567865,2.4242406622996313,0.5015564952511022,3
협력 토대,0.4490184059546383,3.2433524869579164,0.6674156228387995,4
상용화 미래,0.44900038248619667,0.9076489138481041,0.19497003464123358,4
용품,0.44888783994020537,6.772305951542658,1.3820038354419628,11
사업자,0.44866792152965684,8.773614273976358,1.7886737511706232,84
개발 환경,0.448497099323644,3.546428636106644,0.7303642952241667,5
소스,0.44835653391612756,4.836716020419615,0.9925050362946638,6
유예,0.4481343013540509,0.8983908910433904,0.19394986218521573,4
탄성,0.44797052920708075,0.9484315046931506,0.2042765992130332,5
기술 가치,0.44793257981210494,4.515178843255754,0.9289673687900728,12
제작 교육,0.4479251296320526,2.539791014496544,0.5276476143380592,5
고장,0.44785559147792436,1.7451552514385709,0.3663146170541726,4
편의 시설,0.4476294883712653,4.293594214307937,0.8850937627974776,7
기술개발 선박,0.44739118830145,2.7762136494561043,0.5770353404590979,3
보육 멘토링,0.4472182601793402,5.607923290524039,1.1544536293304872,4
모범,0.4471039239529534,6.028402804113923,1.2407259422191848,4
성장 혁신,0.44697814113809226,0.6857525063813878,0.1517246836650885,3
수소 에너지,0.4468597825522456,1.937492901920825,0.4072418064656615,5
유망 기술,0.44675545301875325,3.8755651120623877,0.8030699007649341,10
팩토링 금융,0.44674588131030574,16.15194129299838,3.3092803760251086,6
중복 가능,0.4466363919197517,1.336584703410689,0.2849276817846461,3
목표 관리,0.44602122899299834,35.432562217325135,7.266772595525374,8
디바이스,0.4457385542295689,3.116128656089784,0.6509181831100359,16
산출,0.44526983414280696,2.2778980918772063,0.4801023531725272,4
백신,0.44522713450513685,1.4464707680500026,0.30941462987183616,6
첨단 전략,0.4451732974049863,5.62286524690108,1.1675324979285089,21
파악,0.4450740695104413,1.9754135911663406,0.41835231298024417,11
재생,0.4450091411887005,4.659374784115647,0.9702614315976095,41
동력 미래,0.4447851989743129,4.42673465589019,0.9233159654632047,12
담당,0.4444086743772167,1.0051464903359495,0.21965661378470935,6
언론,0.4441336531666348,2.6747828256297757,0.564430895193752,10
지역 게임,0.4441217077183153,13.06790231333656,2.7088377399259507,3
전파 특성,0.4440743161093326,1.5083301893335586,0.3238621692028454,4
오프라인 판매,0.44406655250211985,3.7486713905979454,0.7862192153629406,13
제작비,0.44386177075200534,4.594801128801626,0.9616761879720839,19
개발 실증,0.44379380513355776,6.261267316561099,1.3062481189297408,78
국내 제조업,0.4437326407531419,3.8856167479571817,0.815651153981071,7
근로,0.44358524205814376,16.467713206319534,3.4178375510560035,42
플라스틱,0.44339960641685683,10.932492392835801,2.2750376136831627,5
양자 센서,0.4433567987381127,3.7380834739515096,0.786435839532605,8
사전 방지,0.4431846419280759,1.6391292674151905,0.3523021738709558,3
공급 판매,0.4431846419280759,1.6391292674151905,0.3523021738709558,3
대행 한국환경산업기술원,0.4431846419280759,1.6391292674151905,0.3523021738709558,3
저감 도로,0.4431846419280759,1.6391292674151905,0.3523021738709558,3
재비산먼지 이동,0.4431846419280759,1.6391292674151905,0.3523021738709558,3
국비 악취,0.4431846419280759,1.6391292674151905,0.3523021738709558,3
재비산먼지,0.4431846419280759,1.6391292674151905,0.3523021738709558,3
nox 배출,0.4431846419280759,1.6391292674151905,0.3523021738709558,3
국비 영세,0.4431846419280759,1.6391292674151905,0.3523021738709558,3
국비 가정,0.4431846419280759,1.6391292674151905,0.3523021738709558,3
co nox,0.4431846419280759,1.6391292674151905,0.3523021738709558,3
시스템 도로,0.4431846419280759,1.6391292674151905,0.3523021738709558,3
한국환경산업기술원 국비,0.4431846419280759,1.6391292674151905,0.3523021738709558,3
규명 발생,0.4431846419280759,1.6391292674151905,0.3523021738709558,3
확산 예측,0.4431846419280759,1.6391292674151905,0.3523021738709558,3
권역 가정,0.4431846419280759,1.6391292674151905,0.3523021738709558,3
도로 오염도,0.4431846419280759,1.6391292674151905,0.3523021738709558,3
도로 재비산먼지,0.4431846419280759,1.6391292674151905,0.3523021738709558,3
측정 시스템,0.4431846419280759,1.6391292674151905,0.3523021738709558,3
오염 사전,0.4431846419280759,1.6391292674151905,0.3523021738709558,3
보일러 대기,0.4431846419280759,1.6391292674151905,0.3523021738709558,3
관리 권역,0.4431846419280759,1.6391292674151905,0.3523021738709558,3
차량 경비,0.4431846419280759,1.6391292674151905,0.3523021738709558,3
배출 기준,0.4431846419280759,1.6391292674151905,0.3523021738709558,3
발생 규명,0.4431846419280759,1.6391292674151905,0.3523021738709558,3
한국환경산업기술원,0.4431846419280759,1.6391292674151905,0.3523021738709558,3
악취 확산,0.4431846419280759,1.6391292674151905,0.3523021738709558,3
인증 대기,0.4431846419280759,1.6391292674151905,0.3523021738709558,3
악취 취약,0.4431846419280759,1.6391292674151905,0.3523021738709558,3
발생 지역,0.4431846419280759,1.6391292674151905,0.3523021738709558,3
유발 배출,0.4431846419280759,1.6391292674151905,0.3523021738709558,3
조사 악취,0.4431846419280759,1.6391292674151905,0.3523021738709558,3
여비 차량,0.4431846419280759,1.6391292674151905,0.3523021738709558,3
보일러 제조,0.4431846419280759,1.6391292674151905,0.3523021738709558,3
이동 측정,0.4431846419280759,1.6391292674151905,0.3523021738709558,3
물질 co,0.4431846419280759,1.6391292674151905,0.3523021738709558,3
배출 원인,0.4431846419280759,1.6391292674151905,0.3523021738709558,3
원인 가정,0.4431846419280759,1.6391292674151905,0.3523021738709558,3
판매 오염,0.4431846419280759,1.6391292674151905,0.3523021738709558,3
지도 제작,0.4431846419280759,1.6391292674151905,0.3523021738709558,3
먼지 지도,0.4431846419280759,1.6391292674151905,0.3523021738709558,3
먼지 유발,0.4431846419280759,1.6391292674151905,0.3523021738709558,3
보일러 인증,0.4431846419280759,1.6391292674151905,0.3523021738709558,3
제조 공급,0.4431846419280759,1.6391292674151905,0.3523021738709558,3
조사 대행,0.4431846419280759,1.6391292674151905,0.3523021738709558,3
악취 민원,0.4431846419280759,1.6391292674151905,0.3523021738709558,3
악취 발생,0.4431846419280759,1.6391292674151905,0.3523021738709558,3
악취 실태,0.4431846419280759,1.6391292674151905,0.3523021738709558,3
인증 미세,0.4431846419280759,1.6391292674151905,0.3523021738709558,3
오염도 분석,0.4431846419280759,1.6391292674151905,0.3523021738709558,3
방지 대행,0.4431846419280759,1.6391292674151905,0.3523021738709558,3
경비 대행,0.4431846419280759,1.6391292674151905,0.3523021738709558,3
민원 발생,0.4431846419280759,1.6391292674151905,0.3523021738709558,3
해상,0.44312297287761293,4.286804222409782,0.900903484191458,61
배터리,0.4431054245367577,3.4893031970620085,0.73574651224596,14
개입,0.4430880332922522,2.8606321214974164,0.6055459516654733,4
의무,0.44301453741895924,3.6488408235006125,0.7691008243660653,53
견인,0.4427123990485371,3.1808298061608054,0.672988348549421,18
농촌,0.44257304379417484,3.5312410600002258,0.7461511329810546,12
활성 농식품,0.4425059557882751,9.432655022340347,1.9719845156008766,11
스마트공장 활용,0.4424117585070078,3.192714613457382,0.6763391530233152,3
비용 바우처,0.442368389684732,1.0486713785198962,0.23093951419243586,3
화재,0.4423193245418135,3.0797963202607272,0.6531425397628198,32
투자 스케일,0.4422933745321958,12.411931011532388,2.5930028612679523,13
벤처 창업,0.4422421569704333,12.117694561637734,2.5323787399660227,12
발생 폐수,0.44222475073588996,1.0267023971781353,0.22653539228352942,4
평가 시스템,0.44222475073588996,1.0267023971781353,0.22653539228352942,4
기관 협력,0.4421649721991881,0.5473759395247229,0.12691729022939668,4
제작 성능,0.44202974632655434,2.1474451250783955,0.45996187679900474,7
기술 조기,0.44182004563019733,2.959658128979358,0.6295473375924001,15
인식,0.4418124727044751,5.447040945861562,1.1476070368843727,44
모델링,0.4417455541053436,0.9306887079405358,0.20707133331660785,4
퇴직,0.4416658278480492,4.1172703355046085,0.8712078322453904,7
피드백,0.4416191343836562,2.596282117266592,0.5543627471277256,6
반도체 서버,0.44157630716495055,1.5082685914881573,0.3276537004132907,5
ai 반도체,0.4415435584321972,8.19317467549728,1.7214657689224855,19
성과 도출,0.441363728212299,1.618799455897656,0.3510412477329728,5
연구 활동,0.4413174136884943,3.8256990126357397,0.8116638105826215,8
일반 소부장,0.4412161762452381,2.089051438446155,0.4494562480529719,5
소부장 일반,0.4412161762452381,2.089051438446155,0.4494562480529719,5
역량 미래,0.4412161762452381,2.089051438446155,0.4494562480529719,5
기술개발 차세대,0.4411821217265762,3.6189002915967787,0.7689572576604783,10
개정,0.44100418626622445,4.388263108759746,0.9303072914937843,9
수요자,0.4409014658476684,2.097465512179246,0.4518531092149667,6
재난 피해,0.44070923208396673,4.549462618659531,0.9652040311819037,6
제작 환경,0.44055400037896403,3.344104330370631,0.7135230124522951,7
스마트공장 보급,0.4404867213392929,6.192100328550285,1.3100722087742818,4
소비자 홍보,0.44041942870347145,5.7691817509888175,1.2218646837246954,4
학계,0.44016062962032326,4.848720951712584,1.0302109462029152,8
진입,0.4401181145978497,3.5260397909682517,0.7530270893691932,30
입주,0.4399969916192272,4.949115737594663,1.0519919834856954,41
조달,0.4399540490457454,13.167919303673767,2.7768400156202055,45
산업 특성,0.439915213857553,1.147173289816043,0.25442215446615135,3
도로 먼지,0.43977202253304776,2.775287097697318,0.5964994323947487,3
지역 악취,0.43977202253304776,2.775287097697318,0.5964994323947487,3
혁신 산업,0.4397184734534709,0.8680423787442088,0.19603572537180508,5
연구소 기관,0.4392012746893178,0.22885114049754005,0.06201273169854457,5
방송 산업,0.4391832265933411,3.313270755849481,0.7112922838130942,7
보건,0.4389818150415551,7.434064708685044,1.5800532553677002,16
최적,0.43875390612238996,3.416404805035808,0.7343681980351554,32
가정 보일러,0.4387464912985617,3.4398968233130747,0.7393456714100772,3
사료,0.43848607343359686,15.122160539798921,3.206272870060064,8
위험 기계,0.438357794072645,7.230947269502318,1.5412895488311564,6
고객,0.4382838324500482,1.0041592177834464,0.22623061416854448,7
방송 매체,0.43812095597918377,2.07293990192214,0.45236477900952526,5
역사,0.43805350283816796,2.9086993360558986,0.6292391067045644,8
기관 중견기업,0.4379971948627109,0.6759808044449158,0.1571372184131305,4
ai 차세대,0.4378653976507001,8.101804090290692,1.7287751056142393,3
도약 성장,0.4377843313202113,10.344750806426944,2.204192223277542,3
투자유치 활성,0.4377843313202113,10.344750806426944,2.204192223277542,3
관광 중견,0.4377843313202113,10.344750806426944,2.204192223277542,3
규제샌드박스,0.43758955652719034,19.033307885544236,4.04679811404099,9
탄소 산업,0.4374274958069905,1.5081591049033736,0.33404476265583516,9
전략 산업,0.437379349459142,4.8224982050345995,1.0369200894948107,50
검사,0.43731477170912003,3.4736369655968384,0.7511064799050171,34
제작 지역,0.4370092136461586,5.66001227109433,1.2164171877371022,5
만족도,0.4369830436925125,0.9646875161864982,0.21931106430726036,4
반도체 응용,0.4369276139649615,1.0554134574071146,0.23864538740315955,4
서비스 기술개발,0.43623122985033935,4.354318081712823,0.9422633973927778,21
창업기업 관광,0.4360878980936706,10.65383977843614,2.285676371134589,3
지도,0.43574718530079215,11.36388983655284,2.440482298802505,51
ai 생태,0.43574139080163793,1.4052450732962882,0.3147177591192005,5
기관 종사자,0.4355351762094259,8.841354270039751,1.9037056483240424,4
종사자 임상,0.4355351762094259,8.841354270039751,1.9037056483240424,4
제약 제약,0.4355351762094259,8.841354270039751,1.9037056483240424,4
종사자 화장품,0.4355351762094259,8.841354270039751,1.9037056483240424,4
전환 비용,0.43540441280210607,3.670031206682639,0.7993339469524348,3
설치 재정,0.43540441280210607,3.670031206682639,0.7993339469524348,3
노후 방지,0.43540441280210607,3.670031206682639,0.7993339469524348,3
기체 연료,0.43540441280210607,3.670031206682639,0.7993339469524348,3
연료 청정,0.43540441280210607,3.670031206682639,0.7993339469524348,3
재정 중소,0.43540441280210607,3.670031206682639,0.7993339469524348,3
사업장 방지,0.43540441280210607,3.670031206682639,0.7993339469524348,3
벙커,0.43540441280210607,3.670031206682639,0.7993339469524348,3
저감 일반,0.43540441280210607,3.670031206682639,0.7993339469524348,3
연료 기체,0.43540441280210607,3.670031206682639,0.7993339469524348,3
비용 벙커,0.43540441280210607,3.670031206682639,0.7993339469524348,3
비용 미세,0.43540441280210607,3.670031206682639,0.7993339469524348,3
청정 연료,0.43540441280210607,3.670031206682639,0.7993339469524348,3
사용 연료,0.43540441280210607,3.670031206682639,0.7993339469524348,3
요인,0.4353680487398567,3.9047062799697034,0.8496306682491956,15
강도,0.43532834266011594,1.6060909777216474,0.3582767314230851,7
사회,0.43529136784591255,3.4512147234213213,0.7529293512144295,102
어선,0.4351308968590087,5.573088412426068,1.2075259555999405,3
조직,0.4350781812848071,4.962791865302981,1.0771667274915995,33
산업 혁신,0.4348118055848369,2.4428679640183177,0.5384351359252282,20
문화 예비,0.43475764786344434,12.589312933401768,2.7131623997962797,4
문화 청년,0.43475764786344434,12.589312933401768,2.7131623997962797,4
출연,0.4345492308900967,4.881854793304127,1.0622341944482652,99
대응 활용,0.43427440598321815,5.827863888781696,1.2666278571738905,4
산업 활성,0.4342343477914615,4.466839920600621,0.9745244529700868,46
기술 해외진출,0.43418144762279187,3.7511929413723757,0.8210067091192315,4
활성 유도,0.4341222029009849,2.091802931376833,0.46465347428794135,10
미만,0.43398713814761425,8.59134693942259,1.8623015155690203,33
연계 혁신,0.4339604971493213,4.01907303217488,0.87938942237466,3
글로벌 탄소,0.43392466756327064,6.363231624574966,1.383633950218948,4
비용 맞춤,0.4335876054813979,4.214771169721666,0.9229439763978765,5
원천기술,0.4335598162801712,5.784642947698677,1.2611552992121298,41
제작 비용,0.4335380240793347,2.6344148175393793,0.5827509473572913,10
스케일 농식품,0.43336403106725,5.800449967587106,1.2656080997096675,11
건조 민간,0.433229489374503,2.4389559510654606,0.5413940779279022,3
사업자 선박,0.433229489374503,2.4389559510654606,0.5413940779279022,3
보조금 차등,0.433229489374503,2.4389559510654606,0.5413940779279022,3
건조 가격,0.433229489374503,2.4389559510654606,0.5413940779279022,3
가격 보조금,0.433229489374503,2.4389559510654606,0.5413940779279022,3
적용 친환경,0.433229489374503,2.4389559510654606,0.5413940779279022,3
보급 인증,0.433229489374503,2.4389559510654606,0.5413940779279022,3
선별,0.4329311776154172,2.922843122636719,0.646594360015017,17
식품 시장,0.4329204820119109,4.9213127888665005,1.0781546346158102,8
미래 사회,0.4327838496173687,0.9102595422863804,0.21219305041223543,4
현장 실증,0.4327381233830302,2.424668474432821,0.539491500456535,43
장르 영화,0.4326559665702604,13.373391424259992,2.906397441064644,3
우주 기술,0.4326146927393883,2.8735183906983597,0.6368290468357138,3
간담회 식사비,0.4321182845020199,6.223792756224683,1.364013282016882,3
식사비,0.4321182845020199,6.223792756224683,1.364013282016882,3
상반기,0.4318655414533176,12.1020871791189,2.640239354440903,3
중복 불가,0.4316196054642488,2.8944168480263603,0.64415645040823,5
취급 사업장,0.43132198608823097,11.45979130461932,2.5066092548848022,8
기술개발 연구소,0.43129859219307554,1.6649111899151572,0.3778175349413376,7
산업 시장,0.4311487683375711,3.1443941904671675,0.6998589594061498,9
개발 표준,0.4310542459798862,0.7279982646069013,0.17439162874349437,4
자금 한도,0.43097402391215917,4.130358532848961,0.9149885093646265,4
공학,0.4308893509857997,1.5977193435513872,0.36390266045506847,11
매체 광고,0.43082050733943966,2.157203298643852,0.48586677551688573,4
계통유연자원서비스화 기술개발,0.4308021530331927,2.6819052182831578,0.6001882906601596,14
계통유연자원서비스화,0.4308021530331927,2.6819052182831578,0.6001882906601596,14
국내 최초,0.43069480816199246,2.938887966229265,0.656468990907247,39
현실,0.43040063719827143,1.9478148360956724,0.4411051319846635,5
혁신 고도,0.430353074997111,1.4275050616685114,0.3276678790062676,7
제작 디자인,0.4302976546083629,2.198066948704067,0.4959292933264556,3
터빈 발전,0.430258006991689,2.677529112316591,0.60067769520054,14
중소형급무탄소 가스,0.430258006991689,2.677529112316591,0.60067769520054,14
중소형급무탄소,0.430258006991689,2.677529112316591,0.60067769520054,14
수소 전환,0.4302378174641602,2.6772963698119185,0.600680479132328,14
역량 국내,0.43003557938327464,2.724590472141726,0.6115505857369787,9
부문 온실가스,0.4296200440141994,8.862273278410223,1.9559381942574285,6
무선,0.429542276281442,3.9510400969641806,0.8813838765882659,16
수요 요구,0.4293900987649878,0.635042279642118,0.15555714527504902,6
보험 가입,0.42935866546518525,18.467146146305783,4.062400880627267,63
개발 제조,0.4292904690073476,3.311207812311803,0.7421223369286793,10
서비스 비즈니스,0.42928131555562493,1.6572848999056045,0.37968123911985363,5
참가 마케팅,0.4292682139699674,1.8218428151388086,0.4157703551200612,3
시험분석,0.42920752808872586,3.1681563114908844,0.7110302025805731,9
혁신 시장,0.42884181971092017,3.468303211329716,0.7780649667070725,8
적용 비용,0.42872399148290374,1.9976604898673391,0.45542594782186285,4
규모 사업장,0.428461248575028,5.338001561780288,1.1904865425367972,11
활성 전통,0.42844659097479093,15.891940471406208,3.5114383768076554,8
생산 저장,0.4281497774873359,2.3680426216325596,0.5381606604206953,13
기능 식품,0.42809027678840345,2.2359464505261597,0.5092125336899105,10
사후,0.42802224412746376,3.5180070267599883,0.7917901796488783,44
공모 산업체,0.42793231353188826,2.465476134399864,0.5601546227259472,9
설계 제작,0.4278607443072581,1.024686391021819,0.2427352631538084,10
디지털 기술,0.4276067364060937,4.736655416960826,1.0621296194856458,21
취급,0.4275220400618518,8.421501994008125,1.8759014902247584,12
국내 경쟁력,0.4273902475045787,4.092160727631441,0.9207724681698033,6
선순환,0.42716396426983233,3.7712287991647893,0.850724834904801,11
창업 법인,0.4269764399410657,1.842836227062323,0.4247950882696796,4
정보 국내외,0.42693309656981765,6.499934928044375,1.455356618211405,4
도로,0.42682414860516504,3.9114449279794465,0.8830161738893486,3
인건비 보조,0.42675720344771273,2.0779031554831264,0.4772714790522046,3
산재 보험,0.42673207594167667,12.779288121864449,2.847170254486529,21
발전,0.4266806021010719,3.778748262381137,0.8541716639829476,137
외산,0.426530029097153,2.4947715183120485,0.5701540505035343,14
개발 전문,0.42625196312401586,1.861059835511432,0.4302469638265712,3
획득 마케팅,0.42615888842975536,1.3327396359140058,0.3131576344626988,5
청년 인턴,0.4258250099677379,6.054859960150996,1.3632631753119755,3
수신,0.42581218226236145,1.006649343438071,0.24118739336643857,3
지식재산 ip,0.42570664287659593,0.666770741240107,0.16573001544908045,5
핵심 원천,0.4255796925523487,0.5941434936321782,0.1496826412990445,3
소재,0.42556014675192716,7.496577963289655,1.6856003550356595,174
여성 참여,0.4254339391000745,0.6824339541688981,0.16945791856202674,3
자율 선택,0.42533979211141876,3.096523416061983,0.7072003248004626,5
상품 코칭,0.42527548441818686,1.550298429321067,0.3629389418432053,4
기술 분석,0.42512955693492993,2.3153307177016176,0.5337176045613843,6
sw 성장,0.42508631689341214,17.205794736120477,3.853615998481449,5
바이오 산업,0.4250552690432176,1.3450753176216206,0.3175513469340405,9
우수 성과,0.42477613168983097,2.163315406198028,0.5006279206471002,6
개발 시스템,0.42445739935046733,0.6455904692862684,0.16210133093045273,3
유해 물질,0.4243840667059459,5.842242553018765,1.3240814820472622,3
활용 인프라,0.4243514058455569,5.715401686790336,1.2959011437918528,5
역량 지역,0.42433247127762874,4.723323012681025,1.074140312233391,7
식량,0.4243042884106398,4.358946475904106,0.9927726635434098,5
잠재력,0.42426863967133516,2.13224744591532,0.4948231808370213,16
현장 중심,0.42411672873965206,8.533862598089463,1.9280630211543517,19
투자 구매,0.424077670160139,1.912020974475726,0.44594720646676933,5
ict sw,0.42395457838847733,11.5473710091396,2.6043512009233956,10
특수 건강,0.42387967900456863,3.837776282016891,0.877818071327125,5
ict 중소,0.4237052843434767,4.097081669922464,0.9366202307913715,6
ai 전문,0.42366708759428784,4.957500253495491,1.1297206813532095,7
up,0.4234973684225079,6.5277129322196625,1.482900995183551,11
오픈 소스,0.42337503694783246,5.56753701982235,1.26809521251445,5
수소 활용,0.4233059055863224,2.3680426216325596,0.5499299974786956,13
구매 제품,0.42323941452073627,1.8446176324591734,0.4325112629143223,6
달성 산업,0.4230979132577364,2.468119253700144,0.5729356442590638,32
특화 맞춤,0.42264113851045837,3.787314734762753,0.8711739841577721,4
국내 유망,0.4225992717553087,1.473572560159528,0.3502080483984384,5
혁명,0.4225390446565624,4.011622702159003,0.9220928284343087,16
융합 현장,0.42253381313551386,0.9147037905145179,0.2244076764782595,4
녹색 산업체,0.4224816250108246,10.688478660313805,2.4268747149556384,5
의존도,0.4224599428751059,3.4365612318128624,0.7928129894915483,21
수집,0.42223907586739573,4.975947560355022,1.1408044631561922,28
분석 도로,0.4222103399162964,1.6391292674151905,0.3881943529610347,3
연료 전환,0.421845145891877,2.226717297309342,0.5216030607221125,5
자금 보수,0.4216399225807926,11.025986602710748,2.5117527590762427,3
보수 자금,0.4216399225807926,11.025986602710748,2.5117527590762427,3
자금 설비,0.4216399225807926,11.025986602710748,2.5117527590762427,3
일자리 취업,0.42160856461501367,7.186603713280488,1.6438190216329103,4
허가,0.42151488033916296,12.685481152043515,2.8884998916852513,10
가점,0.42132096547604014,1.524138741833792,0.3637598684017893,14
대응 정책,0.42117125659595483,2.5216226689489143,0.5899965196536553,3
투자유치 해양,0.42117125659595483,2.5216226689489143,0.5899965196536553,3
투자 일자리,0.42117125659595483,2.5216226689489143,0.5899965196536553,3
공유 해양,0.42117125659595483,2.5216226689489143,0.5899965196536553,3
일자리 해양,0.42117125659595483,2.5216226689489143,0.5899965196536553,3
해소 취업,0.42117125659595483,2.5216226689489143,0.5899965196536553,3
수산 대응,0.42117125659595483,2.5216226689489143,0.5899965196536553,3
중견기업 투자유치,0.42117125659595483,2.5216226689489143,0.5899965196536553,3
고용 동향,0.42117125659595483,2.5216226689489143,0.5899965196536553,3
변화 해양,0.42117125659595483,2.5216226689489143,0.5899965196536553,3
타깃 투자,0.42117125659595483,2.5216226689489143,0.5899965196536553,3
수산 일자리,0.42117125659595483,2.5216226689489143,0.5899965196536553,3
정책 고용,0.42117125659595483,2.5216226689489143,0.5899965196536553,3
타깃,0.42117125659595483,2.5216226689489143,0.5899965196536553,3
매칭 고용,0.42117125659595483,2.5216226689489143,0.5899965196536553,3
노동 환경,0.42117125659595483,2.5216226689489143,0.5899965196536553,3
미스 매칭,0.42117125659595483,2.5216226689489143,0.5899965196536553,3
동향 정보,0.42117125659595483,2.5216226689489143,0.5899965196536553,3
매칭 해소,0.42117125659595483,2.5216226689489143,0.5899965196536553,3
경쟁력 국내,0.4210454091901834,2.9786804369312594,0.6939280556789225,8
개념 검증,0.42102341382787406,1.7241463340611292,0.40960490141919814,3
홍보물 제작,0.42100785705698496,2.04024569470028,0.4812953582933571,10
경쟁력 첨단,0.42091163295735273,0.8362660485308745,0.20844984953550405,5
측정 기술개발,0.42089010423680123,0.6269200426664384,0.16099007945693675,3
홍보물,0.4207363333006788,2.012039257916431,0.47548589692846355,11
내구,0.42054267021970954,1.4628459915469079,0.3511612429623816,8
전파 이용,0.4202913122119455,0.6066858056666685,0.1569084519707699,3
확산 핵심,0.4202901355192175,1.95587695297379,0.46367918268561337,6
수요 투자,0.42028816937436875,3.237332922105054,0.7550542553077944,5
개념,0.4202365229027316,1.0117218582751546,0.24906954346832916,9
산업 제조,0.4195171923229812,1.1031885205988625,0.2708172018637999,5
설계 기술개발,0.4194407254088134,1.789067826488124,0.4274132226314265,8
기술 고도,0.41927952438488575,4.658746662957793,1.0829300212547848,82
양산 비용,0.419132769569723,0.9055336161438866,0.22616863412455257,3
산학 협력,0.4189376218054853,1.223379275299113,0.29906211855331866,7
샘플 운송,0.4189206201755955,3.9969693536047792,0.9332825467541159,5
콘텐츠 역량,0.4185373638510279,4.91777609764282,1.1457111986650876,3
장비 유지,0.4183965045673358,0.3736663685171093,0.10512885005106551,5
주도,0.41829529809165195,1.5059895187486996,0.3647711606144708,73
타당성,0.41826434316927524,4.195668025204007,0.9814938201596558,11
업무 질병,0.4178861774525159,4.255690174979194,0.9968812623813775,6
자원 기술개발,0.4178172966494988,0.24785276832893927,0.07659992487910534,3
예방 관리,0.4176441754538883,5.089947378865974,1.189683993207275,6
화학,0.417632153501584,11.144162165836297,2.581423442636926,29
발효 식품,0.41756933724284095,16.81186249265158,3.885270070668846,7
기술 로드맵,0.4173336420292547,1.1981121004124469,0.2955556853642676,4
용구 생산,0.4173185350485657,8.264966833375958,1.9221264237335984,3
업체 시설,0.4173185350485657,8.264966833375958,1.9221264237335984,3
업체 체육,0.4173185350485657,8.264966833375958,1.9221264237335984,3
활동 적극,0.4173185350485657,8.264966833375958,1.9221264237335984,3
업체 스포츠,0.4173185350485657,8.264966833375958,1.9221264237335984,3
체육 용구,0.4173185350485657,8.264966833375958,1.9221264237335984,3
용구,0.4173185350485657,8.264966833375958,1.9221264237335984,3
국내 체육,0.4173185350485657,8.264966833375958,1.9221264237335984,3
적극 스포츠,0.4173185350485657,8.264966833375958,1.9221264237335984,3
서비스 업체,0.4173185350485657,8.264966833375958,1.9221264237335984,3
생산 업체,0.4173185350485657,8.264966833375958,1.9221264237335984,3
체육 시설,0.4173185350485657,8.264966833375958,1.9221264237335984,3
경쟁력 체육,0.4173185350485657,8.264966833375958,1.9221264237335984,3
업체 생산,0.4173185350485657,8.264966833375958,1.9221264237335984,3
설치 업체,0.4173185350485657,8.264966833375958,1.9221264237335984,3
체육 업체,0.4173185350485657,8.264966833375958,1.9221264237335984,3
해외 프로젝트,0.417161367304052,6.0336859373569665,1.409504646130678,4
노동,0.41695859701330606,10.55198854559185,2.452222503596093,22
수급 가격,0.4168342436476233,5.877178237335053,1.3753752721654013,9
응용 기술개발,0.41677013775398236,1.2388828498519913,0.3057627748744187,4
맞춤 현장,0.41676609402327564,8.463181650284396,1.9723389004633476,6
서비스 ai,0.41670382959714697,1.3964318404852227,0.34221405574087227,5
업체 수입,0.41663732187537444,5.477780338366632,1.284344767435489,5
마케팅 광고,0.4165606339204913,6.509047002540812,1.522869488380554,3
세종,0.4164621642445851,4.013517631363983,0.9470940159891696,10
분산 에너지,0.41637439678248345,4.556367567400757,1.0728859892862486,14
재생 원료,0.416328223485777,5.120718188193343,1.2035239295934348,3
기술개발 성장,0.4160389099844878,0.6821867711284011,0.1780260501123713,3
소부장 혁신,0.4157580158667233,3.605374348488441,0.8554421474651182,7
모델 개발,0.4157209095735134,2.622819140142777,0.6279381752336988,61
핵심 소재,0.4157040091528319,3.4115113760928164,0.8107254178365586,13
정보 활용,0.4155943276869946,3.5629454866104076,0.8462173371045246,8
판매 방송,0.4155261886259809,1.6208495331470671,0.3961554147152306,3
홈쇼핑 영상,0.4155261886259809,1.6208495331470671,0.3961554147152306,3
정보 공유,0.4154771741181748,2.199519094409632,0.5304485450889309,5
본격,0.4153766339434885,2.6151329816723994,0.6271165768407166,12
직접 소요,0.41506513593346,1.373323031794992,0.3395003381505483,7
중견기업,0.41504154190962306,5.580519959642237,1.3170090706156539,181
응용 연구,0.41501861135285706,0.9033517077076139,0.2303748027941813,4
지상,0.4149112816302873,1.7912290834674698,0.43689275336076494,5
로봇 기술,0.414461263859277,0.6525179130823193,0.1726028631550983,3
시장 대응,0.4142827287891176,0.9222772873200693,0.2356369593644929,3
기획,0.41413590312545123,4.13367106330157,0.9847120314008202,82
출퇴근,0.41407609232518416,1.5922218493900868,0.39215098608644416,6
완제품 제조,0.41349271156504064,0.8068493323255417,0.2095792468923256,6
도입 컨설팅,0.4134614120401198,2.4542639140235925,0.5948622134003854,4
기후 위기,0.4130081968000847,2.257126279047328,0.5498816097547221,3
가점 부여,0.41293856605016405,1.5417125422173468,0.3823926038042762,13
연구 산업,0.41285190066942035,0.7556601832387845,0.19826544633117535,3
다양 ai,0.41280809710851313,0.7915179056721416,0.20671830159284105,4
긴급,0.41280380140346296,5.615518330515817,1.3378838285539827,9
보일러,0.4127901127550154,3.4398968233130747,0.8277804261073718,3
tv 홈쇼핑,0.41268926943611894,3.88465977198859,0.9324857119430692,10
양산,0.4126299426329245,3.5980145902280336,0.865463694103312,9
산업 혁명,0.4125874890960631,4.355502991803481,1.0434031456048916,14
폐수 처리,0.4125468741574302,1.5139783954457129,0.3765817388433906,8
수출 국내,0.41242784718693987,8.727913873970243,2.070984791016967,3
적극,0.4122246413017701,3.281859478423881,0.7926847462985074,16
saas,0.4119889596243417,5.117795057331424,1.2254562819686927,14
단가,0.4116599295221367,1.7568378632556465,0.4353629265765914,33
차원,0.41138083424882177,2.875500400402096,0.6997786116456124,25
출원,0.4111817937274232,2.276461200171143,0.5589852144140808,13
흐름,0.41113764619576687,1.3991868034976904,0.3519679286473124,4
초기 창업,0.4111036779947959,2.4380767088943527,0.5973452235244684,3
신조,0.4111036779947959,2.4380767088943527,0.5973452235244684,3
신조 수요,0.4111036779947959,2.4380767088943527,0.5973452235244684,3
수요 고려,0.4111036779947959,2.4380767088943527,0.5973452235244684,3
중견기업 외항,0.4111036779947959,2.4380767088943527,0.5973452235244684,3
산업 예비창업자,0.4111036779947959,2.4380767088943527,0.5973452235244684,3
산업 인큐베이팅,0.4111036779947959,2.4380767088943527,0.5973452235244684,3
고려 예산,0.4111036779947959,2.4380767088943527,0.5973452235244684,3
해운 활성,0.4111036779947959,2.4380767088943527,0.5973452235244684,3
외항,0.4111036779947959,2.4380767088943527,0.5973452235244684,3
외항 해운,0.4111036779947959,2.4380767088943527,0.5973452235244684,3
예비창업자 초기,0.4111036779947959,2.4380767088943527,0.5973452235244684,3
교육 장비,0.4111036779947959,2.4380767088943527,0.5973452235244684,3
활성 신조,0.4111036779947959,2.4380767088943527,0.5973452235244684,3
인큐베이팅 해양,0.4111036779947959,2.4380767088943527,0.5973452235244684,3
영업 비용,0.4110768732112052,8.931587132549389,2.130948173107498,3
서비스 고도,0.41095148770198686,1.3536151118891686,0.3415091964515709,10
관계자,0.4109065505051365,3.3254866700507093,0.8075940775868645,7
목표,0.4108518482734568,11.522271174914033,2.745370934297851,84
관리 기술개발,0.410414771076733,1.6866132302866896,0.4212358677230789,10
바이오 의약품,0.410305787811926,0.8827469405201911,0.230998343862106,5
전력 계통,0.40991902355877785,4.166750380655928,1.010729993396284,14
생산 유통,0.4098101903288991,3.16461653888228,0.7732976479938612,3
빅데이터,0.40979215736556013,0.49923538756621616,0.14054196416201553,3
첨단 기술,0.4096295748880449,7.8021834197760604,1.8757082484955552,25
가공 시설,0.409574536455776,16.560946541311502,3.9575316781233623,8
기술 서비스,0.4095169218412413,2.1575278366885806,0.534920493416176,19
환경 수출,0.40947094311446125,7.737317387031009,1.8615508982965094,5
절감 효율,0.4093185238795673,1.685029532760319,0.4229997440993501,33
역량 산업,0.40927835760645725,1.852983060758684,0.4630388171793785,7
역량 수요,0.4091746475112193,1.88767232782132,0.4715159621253287,3
터빈 수소,0.4090783515687758,4.244312608630971,1.0328934659832893,14
탈피,0.40896382590164454,0.745881963790064,0.19995585468240967,5
소재 산업,0.40894677288656733,1.0226874937875803,0.26592307992625774,6
산업 보건,0.40881785557656425,2.950763705775219,0.7257055585663468,3
활성 예비창업자,0.4086773581577101,8.195549689644901,1.9771333815378194,8
채널 입점,0.40866176782008234,3.546905399768656,0.868406520168995,15
제품 적용,0.4080697248152726,2.2383000209749198,0.5577476770824419,4
기술 개념,0.4076298824302409,1.1231416176117095,0.291714120849058,5
실증 국산,0.4075842681551246,1.0776227400687484,0.28087235911085384,5
공단,0.4075608674133501,9.104246034743237,2.2042692568164615,24
안전,0.4073830080256657,7.660503943179906,1.8597215234790088,225
패션,0.4073121228690595,6.1772578578031725,1.504495857634442,8
가능 경영,0.4071615324271825,2.646364742352423,0.6579814612264091,3
잠재력 보유,0.4071057411277687,0.6883207420201931,0.18806704822791812,9
현황 파악,0.4070745818727379,2.824253709074021,0.7009488128665128,4
뿌리산업 경쟁력,0.4070745818727379,2.824253709074021,0.7009488128665128,4
뿌리산업 현황,0.4070745818727379,2.824253709074021,0.7009488128665128,4
제조업 근간,0.4070745818727379,2.824253709074021,0.7009488128665128,4
혁신 작업,0.4070745818727379,2.824253709074021,0.7009488128665128,4
인식 정책,0.4070745818727379,2.824253709074021,0.7009488128665128,4
정책 국내,0.4070745818727379,2.824253709074021,0.7009488128665128,4
정책 뿌리산업,0.4070745818727379,2.824253709074021,0.7009488128665128,4
인식 뿌리산업,0.4070745818727379,2.824253709074021,0.7009488128665128,4
파악 정책,0.4070745818727379,2.824253709074021,0.7009488128665128,4
환경 인식,0.4070745818727379,2.824253709074021,0.7009488128665128,4
뿌리산업 공정,0.4070745818727379,2.824253709074021,0.7009488128665128,4
근간 뿌리산업,0.4070745818727379,2.824253709074021,0.7009488128665128,4
경쟁력 정책,0.4070745818727379,2.824253709074021,0.7009488128665128,4
기계 기구,0.4069365662486944,8.019289984784473,1.949452963732106,7
타당성 조사,0.40690447451112477,6.1590441303485655,1.5027471278205922,8
안전 인공지능,0.4068991321136038,1.8432121069677445,0.46576931783664444,3
교육 마케팅,0.4068476797547566,2.5098319646129843,0.6260894958104467,10
환경 시제품,0.4062264024085646,2.4768084394061094,0.6198756488581716,3
ct,0.4061167105080299,16.015698625561324,3.8838849465744474,10
모듈 개발,0.4060959399633306,0.7348096225012932,0.20027314735376597,3
공동 물류,0.40586417354037485,3.7183277370113945,0.9204785362625225,13
계정 출연,0.40579534251293153,8.252975088645384,2.015341983370713,5
상용화 비용,0.4054495140230466,0.8774239447238668,0.23541908448282123,3
역량 컨설팅,0.40536152407711107,5.878569857647439,1.4448886847806388,12
디지털,0.4053586295410723,5.2347618120656705,1.2892206122081449,213
가치 실현,0.4051805040068415,4.396691314060783,1.0873981935881347,3
상반기 소요,0.4050857056010577,8.175319231185988,2.0026309125442743,3
지역 일자리,0.40495288492382175,7.583761688995258,1.8604707624136223,22
산업 안전,0.4047531978954116,2.1488045418132806,0.5444642956116115,4
건물,0.40475103267880946,3.0851152672802717,0.7714604159410761,33
산업 클러스터,0.4047459013496796,9.118756675801944,2.2342509949241682,7
컨설팅 교육,0.404725639752195,3.4912893848791064,0.870026590924091,10
지능 기술,0.4042466178486027,0.8019379261053805,0.2185090553209982,3
환경 지역,0.4041999397927801,4.643399241448029,1.1519836614354872,4
지역 매체,0.4041999397927801,4.643399241448029,1.1519836614354872,4
송출 비용,0.4041999397927801,4.643399241448029,1.1519836614354872,4
소상공인 방송,0.4041999397927801,4.643399241448029,1.1519836614354872,4
실현,0.40414876640138764,1.5578587496651979,0.4023356353414812,47
참여,0.40414159104863845,2.497905996140779,0.6308230882785879,145
역량 성장,0.4040201602072337,4.4622442226073495,1.1088303029311781,3
사업주,0.40383642469455294,46.026612807137454,11.224546792632252,91
연계 식품,0.40378569422293686,9.29776602667932,2.2869481895352766,4
매체 송출,0.40368878918848067,5.837423227866699,1.445286215281262,4
광고 소재,0.40368878918848067,5.837423227866699,1.445286215281262,4
시설 현대,0.4035632200875777,35.90650709778365,8.771790645832668,10
현대,0.4035632200875777,35.90650709778365,8.771790645832668,10
체결 협력,0.4033389344810321,1.9308027224195272,0.49480482365728495,6
장비 상용화,0.4032182875131171,1.167777814141256,0.30891581719212036,9
용수,0.40319277896514527,2.4463070505291014,0.6209214848710692,8
센터 관리,0.40316370558400577,2.9064316956981058,0.7332888664440431,3
챗봇,0.40305583727422517,1.253826259364277,0.33016642706682875,3
발생 악취,0.4028469341218471,1.6391292674151905,0.42464780785370626,3
에너지 수요,0.402756029881827,2.811547254583818,0.7114229463260251,5
중견,0.4027108567450378,7.717578195361016,1.9110627590758313,128
화물 운송,0.40270116436189635,0.9268242095969463,0.250773954216675,3
기관 영리,0.40269164807039803,0.8280525593195653,0.22663481593190105,3
데이터 ai,0.40266220149808146,2.804102482380969,0.7098994494076304,20
이용 환경,0.40257175906366627,0.9329706353351204,0.25243945648233523,3
사회 문제,0.402501682088553,3.377145908521894,0.8506345635546685,5
파일럿,0.40237600927885436,3.8343881487917146,0.9630542436957591,7
비용 시설자금,0.4022965682519343,7.840133569276988,1.944459658781113,3
최근 영업,0.4022965682519343,7.840133569276988,1.944459658781113,3
자금 최근,0.4022965682519343,7.840133569276988,1.944459658781113,3
디지털 의료,0.4021251409358789,2.6597914859064846,0.6762292043145021,7
중소 중견,0.4020809543163879,8.575943308562701,2.126622213561509,115
ict 규제샌드박스,0.40194790443107636,22.08591225180063,5.441435193636442,5
생태 수소,0.4014502388272888,1.904148030452168,0.49254943511345867,31
전파 산업,0.4011740481846982,1.2896849409137605,0.3419771968366716,6
의약품 개발,0.40089586207154515,0.8941758618346496,0.244998715664363,6
산업 격차,0.40072916864906405,3.0020752477589854,0.7648399726449854,15
sw 국산,0.40065352901172835,1.074008957546948,0.28964271220061755,4
서비스,0.4005899137665886,4.166346314288058,1.052493622803832,364
공동 기획,0.4001429881924732,1.073669678673153,0.2902819046654329,4
목표 설정,0.399829569850115,12.324347503114895,3.0746411393130026,7
공정 기술,0.39968624340803327,4.49645167858223,1.1383836323574876,20
내재,0.39961410821873244,3.1137644958648556,0.7962957358497877,11
산업 기술개발,0.3994513368483247,2.019361396561029,0.5256392216294039,18
행사 참가,0.3992884720389581,4.583646718798587,1.1619803361168586,4
활성 미디어,0.39925713709841587,0.5941434936321782,0.17260112539395944,3
기술 전파,0.3988962327494666,0.779831799914084,0.21906299358229878,4
지역 소상공인,0.3988459571609162,8.464224459952815,2.1283907682981082,7
기술개발 공통,0.39867303304320034,0.6153671291576444,0.17842106473784913,3
공통 활용,0.39867303304320034,0.6153671291576444,0.17842106473784913,3
수요 맞춤,0.39855084842489474,2.8366793155246084,0.7311266114223391,32
기관 내외,0.39828573613992974,0.6792252314371816,0.19469381326847288,3
핵심 전략,0.39795073184126734,2.469977561138984,0.6416331278137579,13
관리 행정,0.3979307818689357,2.4630388919958732,0.6399601383274539,3
뿌리산업 인식,0.3978959112996308,4.554692908557347,1.1618190038020637,6
전통 문화,0.3978228610513949,20.802992039969777,5.216526679048632,9
단지 개요,0.3971442870702709,2.6900750040236034,0.6990412786871718,6
휴게 시설,0.3971442870702709,2.6900750040236034,0.6990412786871718,6
체제 특화,0.3971442870702709,2.6900750040236034,0.6990412786871718,6
활동 기획,0.3971442870702709,2.6900750040236034,0.6990412786871718,6
단지 공동,0.3971442870702709,2.6900750040236034,0.6990412786871718,6
활동 공동,0.3971442870702709,2.6900750040236034,0.6990412786871718,6
대응 뿌리산업,0.3971442870702709,2.6900750040236034,0.6990412786871718,6
품질 친환경,0.3971442870702709,2.6900750040236034,0.6990412786871718,6
집적 뿌리산업,0.3971442870702709,2.6900750040236034,0.6990412786871718,6
뿌리기업,0.3971442870702709,2.6900750040236034,0.6990412786871718,6
뿌리 맞춤,0.3971442870702709,2.6900750040236034,0.6990412786871718,6
뿌리산업 특화단지,0.3971442870702709,2.6900750040236034,0.6990412786871718,6
시설 방재,0.3971442870702709,2.6900750040236034,0.6990412786871718,6
경기 대회,0.3971442870702709,2.6900750040236034,0.6990412786871718,6
정책 인식,0.3971442870702709,2.6900750040236034,0.6990412786871718,6
시설 식당,0.3971442870702709,2.6900750040236034,0.6990412786871718,6
처리 편의,0.3971442870702709,2.6900750040236034,0.6990412786871718,6
인식 지원형태,0.3971442870702709,2.6900750040236034,0.6990412786871718,6
전환 지원형태,0.3971442870702709,2.6900750040236034,0.6990412786871718,6
특화단지 생산,0.3971442870702709,2.6900750040236034,0.6990412786871718,6
뿌리산업 주간,0.3971442870702709,2.6900750040236034,0.6990412786871718,6
뿌리산업 실태,0.3971442870702709,2.6900750040236034,0.6990412786871718,6
뿌리산업 디지털,0.3971442870702709,2.6900750040236034,0.6990412786871718,6
제작 민관,0.3971442870702709,2.6900750040236034,0.6990412786871718,6
개요 뿌리산업,0.3971442870702709,2.6900750040236034,0.6990412786871718,6
실증 뿌리산업,0.3971442870702709,2.6900750040236034,0.6990412786871718,6
개요 환경,0.3971442870702709,2.6900750040236034,0.6990412786871718,6
대회 백서,0.3971442870702709,2.6900750040236034,0.6990412786871718,6
출연 뿌리,0.3971442870702709,2.6900750040236034,0.6990412786871718,6
주간 개최,0.3971442870702709,2.6900750040236034,0.6990412786871718,6
구매 공동,0.3971442870702709,2.6900750040236034,0.6990412786871718,6
시스템 개요,0.3971442870702709,2.6900750040236034,0.6990412786871718,6
인식 개요,0.3971442870702709,2.6900750040236034,0.6990412786871718,6
휴게,0.3971442870702709,2.6900750040236034,0.6990412786871718,6
조사 뿌리산업,0.3971442870702709,2.6900750040236034,0.6990412786871718,6
친환경 에너지효율,0.3971442870702709,2.6900750040236034,0.6990412786871718,6
설비 선도,0.3971442870702709,2.6900750040236034,0.6990412786871718,6
환경 입지,0.3971442870702709,2.6900750040236034,0.6990412786871718,6
공정 생산,0.3971442870702709,2.6900750040236034,0.6990412786871718,6
단지 뿌리,0.3971442870702709,2.6900750040236034,0.6990412786871718,6
원자재 공동,0.3971442870702709,2.6900750040236034,0.6990412786871718,6
백서 제작,0.3971442870702709,2.6900750040236034,0.6990412786871718,6
개최 경기,0.3971442870702709,2.6900750040236034,0.6990412786871718,6
식당 휴게,0.3971442870702709,2.6900750040236034,0.6990412786871718,6
설비 폐수,0.3971442870702709,2.6900750040236034,0.6990412786871718,6
기획 교육,0.3971442870702709,2.6900750040236034,0.6990412786871718,6
맞춤 지능,0.3971442870702709,2.6900750040236034,0.6990412786871718,6
비축 시설,0.3971442870702709,2.6900750040236034,0.6990412786871718,6
시스템 뿌리기업,0.3971442870702709,2.6900750040236034,0.6990412786871718,6
개요 뿌리,0.3971442870702709,2.6900750040236034,0.6990412786871718,6
뿌리 집적,0.3971442870702709,2.6900750040236034,0.6990412786871718,6
입지,0.3971442870702709,2.6900750040236034,0.6990412786871718,6
시설 지원형태,0.3971442870702709,2.6900750040236034,0.6990412786871718,6
마케팅 원자재,0.3971442870702709,2.6900750040236034,0.6990412786871718,6
입지 편의,0.3971442870702709,2.6900750040236034,0.6990412786871718,6
안전 뿌리,0.3971442870702709,2.6900750040236034,0.6990412786871718,6
방재 비축,0.3971442870702709,2.6900750040236034,0.6990412786871718,6
방재,0.3971442870702709,2.6900750040236034,0.6990412786871718,6
비축,0.3971442870702709,2.6900750040236034,0.6990412786871718,6
물류 전문,0.3970858637189351,3.061620596331198,0.7922193186420701,3
측정 국내,0.396824971917464,0.9687132083385439,0.2687265881596677,5
바이오,0.39626014505331614,3.415095679902797,0.8839082674518536,62
참여 기관,0.3961480557007367,3.1701492232572255,0.8227968626923957,32
활성 경쟁력,0.39591025890906106,7.756693252363492,1.9772983548684606,5
단지 중심,0.39578034639421444,0.776910121784615,0.22185168494550678,6
곡물,0.3957675437876801,4.396318136900323,1.1327835336890213,3
ai 접목,0.3956874869385783,0.6390862279952849,0.18725872296790977,3
기금,0.39554946408827574,15.515380325460578,3.934814697360025,51
개발 지역,0.39553428664306517,3.919046338760358,1.0137029415596515,12
행정 안전부,0.3955325869353784,11.157022493690764,2.837124570666858,4
단체 국민,0.3955325869353784,11.157022493690764,2.837124570666858,4
안전부,0.3955325869353784,11.157022493690764,2.837124570666858,4
안전부 지방,0.3955325869353784,11.157022493690764,2.837124570666858,4
커머스,0.39552369171047586,2.766125799403308,0.7232918494948917,13
공정 시스템,0.39533961701143494,5.626686817756227,1.4451110851728526,6
도출 가능,0.3951151535852328,1.4930517820701708,0.4033371657537853,3
의료,0.39508267405966496,7.514605122697426,1.9232256071612133,53
온·오프라인,0.3950745152201523,1.9908263982306802,0.5290557653746674,7
산업 성장,0.3948243942954398,2.1697438633233928,0.5748693825380333,34
사업체,0.3947576854988277,10.817879812199246,2.7607850112663255,15
기술 대학,0.3943901307083663,2.366834593184708,0.6258959866106406,9
출시,0.3939260876405614,5.105884790532124,1.3218964142281866,14
전시회 수출,0.3938464920794144,3.8148503410927153,0.9948088581376517,6
공정 설비,0.39383973922321114,2.6900750040236034,0.7094664903256863,6
선도 지능,0.39383973922321114,2.6900750040236034,0.7094664903256863,6
기술개발 시험,0.3937073189129692,1.2867439073085383,0.3536447529970655,8
뿌리산업 특화,0.39363985789515327,4.554692908557347,1.1835797701042035,6
활용 시설,0.39363985789515327,4.554692908557347,1.1835797701042035,6
출연 뿌리산업,0.39363985789515327,4.554692908557347,1.1835797701042035,6
ai 모델,0.39321069981809365,2.5109228276533284,0.6658973595760815,14
연계,0.39288335322964546,3.8375544843214042,1.0048178772723593,336
중소,0.3927981565815323,4.86845440907315,1.2678932699431382,352
개요,0.39262007486662226,5.6454244608828485,1.4670166177391677,6
지원형태 출연,0.39262007486662226,5.6454244608828485,1.4670166177391677,6
지원형태,0.39262007486662226,5.6454244608828485,1.4670166177391677,6
상용화 연구,0.3925043047432611,0.5385333893308158,0.16478783791975418,5
단편,0.39246543890006635,4.923714621789492,1.2838346022925706,3
지능 공정,0.39246340246503914,4.554692908557347,1.1896781279748163,6
매입,0.3923887386297628,10.672805989979512,2.7517904833988123,15
활용 확산,0.39218919609692215,3.19000056617547,0.8424584703488995,5
진출 현지,0.3921832631211532,1.4810450366889871,0.40587248082639327,12
분석 기술,0.39192244159881673,4.7223684396840575,1.2353796431980975,11
md,0.3916878113820516,3.1637632582788116,0.8376208838747081,10
소방,0.3916079761262665,7.023310963538528,1.8263483721172336,7
기준 온실가스,0.3910168579593529,12.067457266447025,3.126026343968117,5
의약품 제조,0.39083144751474547,3.035597317595613,0.8078875985648741,5
혁신 역량,0.39070044446368835,2.7420192420750764,0.7328874130640416,33
생산 공정,0.3905725345215255,6.932455018336208,1.8111550207574718,20
thz 대역,0.3903178558779086,0.9600124532364641,0.2752955937784904,3
thz,0.3903178558779086,0.9600124532364641,0.2752955937784904,3
세종 지역,0.39022968813964587,4.436509668916248,1.1709157190323483,6
경쟁력 콘텐츠,0.3900199382008805,4.299286132678231,1.1366143799130393,4
최적 협업,0.3899372424455428,2.940623244160238,0.7866229477556205,4
글로벌 테크,0.38991499982566363,2.446107269168288,0.6591518243140564,4
기술 활용,0.3898209609258879,1.717297546324193,0.47137770937443546,36
해외 유출,0.38948088889183974,0.5475389505577855,0.1698594595912617,3
내수 시장,0.38946245812001806,1.1072561983314826,0.3145180269905289,6
개발 검증,0.389376513569963,3.529897487766042,0.9409324821298743,9
채용 근로자,0.389073758677476,1.7427034163414883,0.4795947827453637,4
제약 산업,0.3889321149495396,6.818311940896354,1.7944731767560043,6
개발 제품,0.3888643430469396,2.5903385557805065,0.6996584083690441,25
보고,0.3888277476179917,3.2089469319509907,0.8600613771333108,3
소부장 유망,0.3887381028591174,2.7226955598033253,0.7343647021104267,5
강소기업 소부장,0.3887381028591174,2.7226955598033253,0.7343647021104267,5
이미지,0.3886128604710019,2.0694822494929275,0.5653711188144972,6
핵심 공정,0.3885610960388887,1.835585660618753,0.5048322495129216,6
안착,0.38853476832051115,0.8436934097587513,0.2475675969333733,5
확산 ai,0.3884595629539439,1.3453598880558368,0.3778501166079315,4
테크,0.3883963826179585,2.3547503952496136,0.6399822188379486,29
지구,0.3883881040059033,11.541858976152046,3.0248854530298055,14
전산 시스템,0.38838709516726344,2.082862747398042,0.5694296508842064,3
국방,0.3883492909489972,0.9958422049222186,0.28730274289529745,6
기구,0.3882900946221189,7.409501603420223,1.9529941468228476,14
홍보 영상,0.38817937647822587,2.3402149499092673,0.6368363265637474,11
환경 분석,0.38803345884160384,6.499934928044375,1.7186927494134345,4
규제,0.3879887253527274,3.896406860970722,1.042039315059672,64
마케팅 판로개척,0.3879291565733264,3.062172788602453,0.8253358005859275,9
광고 송출,0.3878023987797403,5.489992201274236,1.4575965903115318,4
교육 설명회,0.3877083356068899,1.3739277562793586,0.3866429050369298,3
융합혁신지원단,0.38762217788237624,5.363930957316702,1.4259116197817534,6
업종 중소,0.3876004205227113,3.934809358858171,1.0538289213210084,3
산단 재생,0.3875134401938034,6.307032821724671,1.6723109782218306,5
개발 위성,0.3869239581765285,0.49682103616603995,0.15899194469999695,3
디딤돌,0.3867699456366204,1.7846754057881327,0.49572837469254016,5
증권 선순위,0.3865074972509204,2.9085855578413566,0.7904092507866739,5
시장 경쟁력,0.3863780220122484,1.7990525279745646,0.5003949711727392,27
지역 맞춤,0.3863650297938699,2.0517489181565054,0.5665841217923133,3
저감 장치,0.38633007958055265,2.748765904636018,0.7491894530882127,3
의약품,0.3862666297993897,7.421917028163307,1.9733991060978209,20
문화 체육,0.38612691883901534,6.5265883051100255,1.7399484853870937,4
체육 관광부,0.38612691883901534,6.5265883051100255,1.7399484853870937,4
관광부,0.38612691883901534,6.5265883051100255,1.7399484853870937,4
이중,0.38600420751256515,1.3413885599989102,0.3812590858248183,8
사업장 지자체,0.3859610450686907,7.16514429078555,1.908668507456734,6
소방 유관,0.3859610450686907,7.16514429078555,1.908668507456734,6
지자체 소방,0.3859610450686907,7.16514429078555,1.908668507456734,6
국민 화학,0.3859610450686907,7.16514429078555,1.908668507456734,6
번역,0.38594091381618884,4.623358267312095,1.242172651329488,12
역량 판로개척,0.3857865255874703,6.186057447941491,1.6531482353135747,4
제조 공정,0.38566892960346283,3.893170338164417,1.0519222841279123,37
해소,0.38561413758785423,1.6492139373410626,0.4628177571165445,75
제품 제조,0.3855578154184071,0.8125166913037128,0.24313478075249947,10
출연금,0.38555105612571394,5.036040637831363,1.3527174612556276,17
극대,0.3855462860806247,1.5394422447226337,0.4341256285914682,8
균형,0.3855287993866505,5.391239691276141,1.4461734018836923,47
관광 산업,0.38532761806777294,6.186896495561945,1.6566712603528713,9
지역 특화,0.3852819903711401,6.9848382719651,1.8668679517389648,3
거대,0.38519906765952605,3.3341714279640415,0.9070355790544145,14
활력,0.3851959050839969,2.618096589814495,0.7186439631890675,10
보고서 작성,0.3851262939646339,1.1889658368859737,0.3427449012031422,5
산업 경쟁력,0.3850588555503113,3.481434761134007,0.9463708716876673,57
도약,0.38489746580088585,5.242467708401127,1.4109749391296473,28
기후 변화,0.3847762769309256,3.124362185145116,0.8534458011991326,7
중소 사업장,0.3847365675116968,4.65984266552912,1.258377759133686,9
산업 생태,0.3845820475672563,3.2447406188140464,0.8859420972184049,93
사업주 근로자,0.38442120813703257,22.55105483873105,5.9828575630738605,61
수출 수주,0.3841897945050765,4.10990300764589,1.116094835400842,3
디스플레이 산업,0.3838819059406307,0.6259565287413156,0.19585894886399177,4
구간,0.3837910160544771,1.0998621514216196,0.3213837950246352,7
공정 자동,0.38373756493757744,3.6300776975075837,0.991300574876362,9
기술 창업기업,0.3836043814407133,2.2545457112417666,0.6275326637949978,7
생산자,0.38352018932495313,13.498474424852096,3.60715631032477,21
원천,0.38349643944181266,1.8650967454165301,0.524636669095783,11
사각지대,0.38335356146039484,2.680157619960902,0.7411087131451307,4
개발 필수,0.38334844557237147,0.5214249538251814,0.16869566167808075,3
개발 공모,0.38333955992911156,1.423089052154868,0.40780673406344126,6
sw 산업,0.38324489818071567,21.035902292925023,5.610989689355862,10
순환경제,0.38321381049208164,11.328771130827603,3.0362321487213526,4
청구,0.3831849525685284,12.374422186460365,3.3140756541562975,15
경쟁력 선점,0.3830244288221841,2.771353923459493,0.7664267835753176,13
특정,0.3829818274539763,2.755055452866491,0.7622454118496429,22
심사,0.38293246816485593,2.3309708930397783,0.6497626818054227,30
lg,0.38270823086961336,3.056788634332725,0.8434140088683236,3
검토,0.38270015600445323,3.2012429106063207,0.8818546487464101,27
양자암호,0.38261042149739427,0.7304365904991383,0.22497664252607605,3
양자암호 통신,0.38261042149739427,0.7304365904991383,0.22497664252607605,3
지식,0.3824462347694735,1.5153736658064767,0.43410552429559857,21
격자,0.38204521380595485,1.152477201450547,0.3381669549964095,7
창업 투자,0.3818501817909048,5.195719757848623,1.4174545549585116,7
시설 확충,0.3817974834282261,6.1084506182774945,1.6614050468483406,8
보증,0.3816103088277942,19.257056966761418,5.175125906900258,56
가입 사업주,0.3815797216383366,18.13643386539633,4.876414428400201,50
전지 핵심,0.3813155806631934,2.397036913566145,0.672241375762707,12
연구 분산,0.3813155806631934,2.397036913566145,0.672241375762707,12
전원 활용,0.3813155806631934,2.397036913566145,0.672241375762707,12
태양광 차세대,0.3813155806631934,2.397036913566145,0.672241375762707,12
암모니아 연소,0.3813155806631934,2.397036913566145,0.672241375762707,12
안정 전력,0.3813155806631934,2.397036913566145,0.672241375762707,12
분산 전원,0.3813155806631934,2.397036913566145,0.672241375762707,12
증가 안정,0.3813155806631934,2.397036913566145,0.672241375762707,12
탄소중립 달성,0.3813155806631934,2.397036913566145,0.672241375762707,12
연소,0.3813155806631934,2.397036913566145,0.672241375762707,12
활성 연료,0.3813155806631934,2.397036913566145,0.672241375762707,12
출력 제한,0.3813155806631934,2.397036913566145,0.672241375762707,12
발전 ndc,0.3813155806631934,2.397036913566145,0.672241375762707,12
주파수 안정,0.3813155806631934,2.397036913566145,0.672241375762707,12
연소 기술개발,0.3813155806631934,2.397036913566145,0.672241375762707,12
그리드포밍 grid,0.3813155806631934,2.397036913566145,0.672241375762707,12
터빈 암모니아,0.3813155806631934,2.397036913566145,0.672241375762707,12
그리드포밍 기술,0.3813155806631934,2.397036913566145,0.672241375762707,12
탠덤 태양,0.3813155806631934,2.397036913566145,0.672241375762707,12
탠덤,0.3813155806631934,2.397036913566145,0.672241375762707,12
주기 기술,0.3813155806631934,2.397036913566145,0.672241375762707,12
발전 chps,0.3813155806631934,2.397036913566145,0.672241375762707,12
선점 상용화,0.3813155806631934,2.397036913566145,0.672241375762707,12
안정 복원,0.3813155806631934,2.397036913566145,0.672241375762707,12
forming 기술개발,0.3813155806631934,2.397036913566145,0.672241375762707,12
활용 수소,0.3813155806631934,2.397036913566145,0.672241375762707,12
거래 시장,0.3813155806631934,2.397036913566145,0.672241375762707,12
이행 대비,0.3813155806631934,2.397036913566145,0.672241375762707,12
운송 주기,0.3813155806631934,2.397036913566145,0.672241375762707,12
전지 글로벌,0.3813155806631934,2.397036913566145,0.672241375762707,12
외산 발전,0.3813155806631934,2.397036913566145,0.672241375762707,12
조기 발전,0.3813155806631934,2.397036913566145,0.672241375762707,12
경제 기술,0.3813155806631934,2.397036913566145,0.672241375762707,12
청정 수소,0.3813155806631934,2.397036913566145,0.672241375762707,12
계통 안정,0.3813155806631934,2.397036913566145,0.672241375762707,12
기여 중소형급무탄소,0.3813155806631934,2.397036913566145,0.672241375762707,12
ndc,0.3813155806631934,2.397036913566145,0.672241375762707,12
탄소 분산,0.3813155806631934,2.397036913566145,0.672241375762707,12
에너지 계통,0.3813155806631934,2.397036913566145,0.672241375762707,12
해소 전력,0.3813155806631934,2.397036913566145,0.672241375762707,12
수소 터빈,0.3813155806631934,2.397036913566145,0.672241375762707,12
수소 의무,0.3813155806631934,2.397036913566145,0.672241375762707,12
실증 외산,0.3813155806631934,2.397036913566145,0.672241375762707,12
경쟁력 수소,0.3813155806631934,2.397036913566145,0.672241375762707,12
접속 그리드포밍,0.3813155806631934,2.397036913566145,0.672241375762707,12
접속 증가,0.3813155806631934,2.397036913566145,0.672241375762707,12
의무 발전,0.3813155806631934,2.397036913566145,0.672241375762707,12
복원 그리드포밍,0.3813155806631934,2.397036913566145,0.672241375762707,12
수소 기술개발,0.3813155806631934,2.397036913566145,0.672241375762707,12
ndc 목표,0.3813155806631934,2.397036913566145,0.672241375762707,12
제한 해소,0.3813155806631934,2.397036913566145,0.672241375762707,12
실증 발전,0.3813155806631934,2.397036913566145,0.672241375762707,12
실증 주파수,0.3813155806631934,2.397036913566145,0.672241375762707,12
실증 연료,0.3813155806631934,2.397036913566145,0.672241375762707,12
차세대 탠덤,0.3813155806631934,2.397036913566145,0.672241375762707,12
달성 탄소중립,0.3813155806631934,2.397036913566145,0.672241375762707,12
grid,0.3813155806631934,2.397036913566145,0.672241375762707,12
grid forming,0.3813155806631934,2.397036913566145,0.672241375762707,12
forming,0.3813155806631934,2.397036913566145,0.672241375762707,12
dchyb,0.3813155806631934,2.397036913566145,0.672241375762707,12
재생에너지 출력,0.3813155806631934,2.397036913566145,0.672241375762707,12
발전 탄소중립,0.3813155806631934,2.397036913566145,0.672241375762707,12
chps,0.3813155806631934,2.397036913566145,0.672241375762707,12
도입 연구,0.3813155806631934,2.397036913566145,0.672241375762707,12
dchyb 대학,0.3813155806631934,2.397036913566145,0.672241375762707,12
대비 탄소,0.3813155806631934,2.397036913566145,0.672241375762707,12
중소 수소,0.3813155806631934,2.397036913566145,0.672241375762707,12
chps 이행,0.3813155806631934,2.397036913566145,0.672241375762707,12
ac dchyb,0.3813155806631934,2.397036913566145,0.672241375762707,12
달성 청정,0.3813155806631934,2.397036913566145,0.672241375762707,12
시장 제도,0.3813155806631934,2.397036913566145,0.672241375762707,12
실증 ac,0.3813155806631934,2.397036913566145,0.672241375762707,12
계통 계통,0.3813155806631934,2.397036913566145,0.672241375762707,12
실증 계통유연자원서비스화,0.3813155806631934,2.397036913566145,0.672241375762707,12
재생에너지 계통,0.3813155806631934,2.397036913566145,0.672241375762707,12
자원 서비스,0.3813155806631934,2.397036913566145,0.672241375762707,12
실증 거래,0.3813155806631934,2.397036913566145,0.672241375762707,12
계통 자원,0.3813155806631934,2.397036913566145,0.672241375762707,12
체결,0.3812568359946373,4.793598414943445,1.3135701200196404,37
시장 국산,0.38120283846534,0.6270585543997189,0.19895830195215225,3
국비,0.381049725742861,15.397848032946053,4.1542006190633725,30
기술 도출,0.38102131647585064,2.87414960182138,0.800911779000959,6
기관 연구개발,0.3808687704668093,0.43870143916528614,0.14883728558456938,5
실질,0.38073677954380736,2.9070661059035308,0.8107646871634743,4
개발 연결,0.38072613267677485,0.8019379261053805,0.24635269523462458,3
금융 이용,0.3804824493480589,12.494822849913326,3.3851306972520923,3
서비스 팩토링,0.3804824493480589,12.494822849913326,3.3851306972520923,3
금융 신용보증,0.3804824493480589,12.494822849913326,3.3851306972520923,3
실증 상용화,0.3803418839521812,0.9714410277849421,0.29235939994864035,10
기술 검증,0.3800814684555737,3.9629315385565445,1.097047233835089,19
생태 창업,0.3798996438455138,3.248942009351918,0.9058172920777782,3
스마트 haccp,0.37986616461063116,13.65487985453235,3.7063112552148074,3
next,0.37964460319900517,5.1088237608133715,1.407839480773207,3
강소기업,0.37956964607103566,4.214094579540507,1.1672182786873084,14
개발 전파,0.3795462639326791,0.7251125520939041,0.22713763025635963,3
활성 중소,0.37935186239650504,3.0152612228796905,0.8450193685034724,6
시범 서비스,0.37933287130273396,0.40126789533914287,0.14004098989246827,3
사용,0.3792149447632568,2.8495339769068857,0.8008174151190139,61
자격,0.37907872061992753,2.0658790871021258,0.5897129261500956,13
경쟁력 우수,0.37886718216444726,2.6603736567249707,0.7509537721083424,4
성장 sw,0.3788267541480746,11.780145827280172,3.2161861437677786,5
기술 위성,0.3788034830560416,0.39554578104054905,0.13892204315611162,3
현황 조사,0.378685388510727,2.946868882435904,0.8290596561610659,8
농식품 기술,0.37859463703398044,7.710706627456959,2.118345713015871,12
매출액 규모,0.37848669372693583,0.9663184459085732,0.29368087212924543,6
개발 기관,0.3782854197477823,7.146343295854021,1.9682979298417091,7
계정,0.37824188264842024,6.172692263267142,1.7048364153137792,10
글로벌 혁신,0.3782051224335384,2.060022009519919,0.5905053144601048,13
수출 활성,0.37815265569205236,8.327678826457197,2.2896716635551453,24
유연 생산,0.378002874660947,1.7520153463539718,0.5075094465214435,5
검증 기술,0.3779837165244704,1.2143906119785304,0.36171192884018244,10
문제 해결,0.37767871101820655,2.252950069533395,0.644345140467385,64
일반,0.377396865629513,5.802443160481369,1.61046632311385,181
동영상,0.37737504399173627,3.2248847137733914,0.9095860283145192,10
영화,0.37729061950449716,14.094328744667315,3.867223249884921,12
사전 컨설팅,0.37726735934908223,3.2773108481274082,0.9242911330562831,3
인체,0.3771134645772496,1.2222711101052757,0.3653850661717136,8
국외 전시회,0.3770896427496474,3.051444691834481,0.8635235886928073,4
계통 접속,0.37700222964191765,4.058536291902634,1.138203590028367,12
그리드포밍,0.37700222964191765,4.058536291902634,1.138203590028367,12
기술 테스트베드,0.3769262965341681,0.6061088431506965,0.19781430917562307,3
기술 부품,0.3768986822479036,1.007250462734314,0.30716588652566834,4
국내 공급망,0.3767592341782952,2.1533039235372433,0.6198955535834753,4
물질 취급,0.3765696719522774,5.920973486505892,1.6486729057582492,7
조치 국내,0.3764487383967015,4.030460364048043,1.13334163042627,3
도심지,0.3763366802424535,5.617861359636359,1.5675551860028523,6
유망 ai,0.3762893729188813,1.537831173760305,0.45306807444154545,3
기술 공급,0.3762619448534299,1.738804583290016,0.508046560381056,4
한국어,0.3761136873610423,1.215660951467524,0.3653502392862138,3
확충,0.37598960745610294,5.552092662481692,1.551955968581196,30
용품 전시회,0.37595803509810216,2.5295048145303016,0.7251232329864565,4
지식재산 인증,0.37595336901905946,6.513120125772548,1.8151674787637155,3
협력,0.3756556638733707,4.16290677136279,1.1736351754747996,181
판로개척 어려움,0.3756056427858929,3.7858045854865856,1.0705573740597851,9
실증 기술,0.37545794821507683,1.7222047555759075,0.5054106262955662,8
밀집,0.37543855953961575,8.891274112657706,2.4714252777463934,4
밀집 지역,0.37543855953961575,8.891274112657706,2.4714252777463934,4
생산 기술개발,0.3753326685034782,5.9347912712432676,1.6614438594378287,7
한미 fta,0.3753201616471915,11.151664377683053,3.092877099319506,3
한미,0.3753201616471915,11.151664377683053,3.092877099319506,3
fta 체결,0.3753201616471915,11.151664377683053,3.092877099319506,3
장비 이용,0.3753103438836493,1.0845036807465662,0.3307884179413237,3
시설 공동,0.3750013819267292,3.1546585853510978,0.900047383246829,8
품목 국산,0.3749582163935422,2.661867789475927,0.7648075260579538,6
연계 현지,0.37492329626418003,4.485691700563297,1.266175406578562,4
융합 시장,0.37491985809219114,1.049966075816073,0.3219310872593343,5
제조 서비스,0.37491981062897467,3.7656190480157967,1.0682925224217095,4
국무총리,0.37485099896436924,1.7007521696965577,0.5009528808448845,4
품목 허가,0.37460564365273324,11.003263285568558,3.061632706011043,3
ai sw,0.3744818374711844,2.2480879509582565,0.6525311418437478,4
주도 지역,0.37438201095599244,5.838649089729351,1.641916742446764,5
해석,0.3742897030986999,1.0347725486698025,0.31874586676550587,6
파급력,0.37408359894319676,0.7206482668117431,0.2324289114294075,4
가능 시장,0.37408359894319676,0.7206482668117431,0.2324289114294075,4
백서,0.37404046048200307,2.031869123525828,0.5942080608994017,8
산업 전문,0.37398651326482113,2.7714752839325443,0.7984390305995126,5
관리 산업,0.37374542181889425,4.132611837436083,1.175284218641575,6
글로벌 역량,0.37355675899578145,5.238322599889217,1.4819362842444121,13
구성 제품,0.37341822042248224,1.2506001276335719,0.37982018358835073,3
업체 품질,0.3733634501987733,6.78335012373099,1.9106645712562003,5
산업 사업체,0.3733350041576228,5.215411231856351,1.4770491919408673,6
예비 사회적기업,0.3730947392015467,5.467334300351628,1.5483979949746751,12
고유,0.3730546770688947,1.3186874864096283,0.3993512546244922,16
의료 기기,0.3729485926538201,7.216347065212201,2.0341547893277268,23
기초 자료,0.3729377819020772,2.6815452937155726,0.7773240432177799,9
해외진출 컨설팅,0.3727400048257449,3.6781458254951738,1.054489147263644,5
제작비 맞춤,0.37270773810355723,1.5291178550135633,0.45840157381000246,3
치료 기술,0.37245294726787176,0.5505762017601645,0.1871671011451701,3
온라인 유통,0.3723619476741632,5.253546908195773,1.4940132741588465,14
매체,0.3722344131363241,3.215851924901206,0.9283590316408725,18
패키지 제품,0.371968391720585,4.055156251708747,1.16307340648204,6
공급 안정,0.3718076653317063,2.290083091176591,0.6723053720010098,3
해양 산업,0.3717308121702786,2.619057759981603,0.764198306352629,4
활성 기여,0.3717306383729096,4.0933747854624665,1.1749568211742185,11
문제,0.3715854747377839,1.8790448607163115,0.5584027721151468,71
제품 수요,0.37123912989343083,2.5151561303123358,0.7369057675121122,5
생태 기술,0.37114950773602173,1.7635985886309593,0.5272954825470687,13
뿌리 공정,0.3709157825472276,4.372168052639096,1.2571860417021588,6
복원,0.37065090893517205,2.019440430965482,0.6001407218804388,13
제한,0.3706089667954258,2.839602616173856,0.8298629268821514,13
사전 검토,0.3703138595848669,0.9719031840417856,0.307450458395893,3
제작 자문,0.3703138595848669,0.9719031840417856,0.307450458395893,3
수입 등록,0.3703138595848669,0.9719031840417856,0.307450458395893,3
식품 검사,0.3703138595848669,0.9719031840417856,0.307450458395893,3
자문 특수,0.3703138595848669,0.9719031840417856,0.307450458395893,3
일터,0.3698112239862108,6.987232756097256,1.99799176395445,17
영상 제작,0.3698045797737654,2.0779902396154672,0.6189526440427808,10
포함 산재,0.3697010816341167,1.9749245323047484,0.5902838765418568,5
상생 협약,0.3697010816341167,1.9749245323047484,0.5902838765418568,5
이중 구조,0.3697010816341167,1.9749245323047484,0.5902838765418568,5
구조 상생,0.3697010816341167,1.9749245323047484,0.5902838765418568,5
시장 이중,0.3697010816341167,1.9749245323047484,0.5902838765418568,5
기준 포함,0.3697010816341167,1.9749245323047484,0.5902838765418568,5
전시회 참여,0.36959994256976836,1.9328758482840813,0.5787392210718392,6
중소 제조,0.3695626438155721,11.171612442730261,3.1768688464449513,16
작업,0.369381371186421,1.7449509575899822,0.5264418113366084,25
확산 산업,0.36937937236229273,4.45975339695696,1.2904783097174404,4
관리 전산,0.3692630829203284,2.274484547837024,0.675836604692332,3
스마트 제조,0.3691698617281408,2.960251818795164,0.8692975489307533,13
보유 중소,0.36913629809113035,2.78643210870745,0.8204605893505592,6
민간 투자유치,0.3691182333456979,6.589405509224548,1.8920062065895766,4
컨설팅 공공,0.36911726227473807,1.1930017485863493,0.37158492068744775,3
공급 매칭,0.36891749453727096,1.693385896851069,0.5130503315058921,6
기술 마케팅,0.3689131866446685,3.1467387498844457,0.9228999768422975,4
재정,0.36859201955492593,5.990668435140638,1.727326416326846,37
품질 검사,0.36854805053400974,0.6379831840885484,0.21585846023131422,5
제품 홍보,0.3685312046633046,2.23707780933577,0.6675561040769785,21
교육 기술,0.3683468496371199,1.6951222268630919,0.5149233593244602,5
산업 제품,0.3680410234426987,4.211348277794685,1.2278958403673554,6
컨설팅 모빌리티,0.3680109290788422,0.0,0.035865530203555616,4
공정 발생,0.3679688567665989,1.2040226322622192,0.3767909505013017,6
서비스 개발,0.36778139386241093,5.567209106238784,1.6135346486542983,58
환경 다양,0.3676936103346207,2.0410805124176843,0.6145837467208622,3
장르,0.36765143349790147,26.183036637259193,7.459654016857283,13
전통문화 해외,0.36741030534166763,4.316347229482166,1.2611682944927767,4
해외진출 전통문화,0.36741030534166763,4.316347229482166,1.2611682944927767,4
문화 해외진출,0.36741030534166763,4.316347229482166,1.2611682944927767,4
기관 참여,0.36734813311405284,3.401133497912389,1.0016904543552057,28
제작 지식재산,0.3672536757675608,1.735822597077491,0.5291450266292984,4
식품 업체,0.36710423937588166,10.125107504456004,2.9137317555987328,3
성과 녹색,0.3669877801388162,3.984365314274437,1.1691589110541833,4
서비스 수요,0.36691825941499817,2.828677568239425,0.8408171690458772,3
중견기업 디자인,0.36691825941499817,2.828677568239425,0.8408171690458772,3
온라인 제조,0.36691825941499817,2.828677568239425,0.8408171690458772,3
우려,0.3667492319223654,6.734618345835973,1.9532222276246287,8
스포츠 서비스,0.3667244562874915,7.806241385025016,2.2584869174733413,5
산업 시제품,0.36640297941332123,1.963888101131894,0.5962817576091837,4
바우처 형태,0.3663601985240937,2.01089033684474,0.6098016522464169,5
sw 개발,0.36635721209988603,5.756444425670328,1.677716943964848,6
사용료,0.3663381928692066,1.5919649202450632,0.4904132613474014,5
박람회 개최,0.36621892491353714,4.3057648596302895,1.2648922123404622,18
표준 모델,0.36596901405355614,1.3332572945157941,0.4173891531846662,5
선도 투자,0.36593385126713823,1.5291172657499639,0.47340420504569386,4
물류 지능,0.3657287138911372,1.1187265813172287,0.356542090506406,5
이전 기술,0.3655549668544382,4.888779135011271,1.4354612171760843,14
예비 타당성,0.36525197737009846,4.544526343449789,1.338783730852609,6
경쟁 우위,0.36506479725857455,2.009807743446424,0.613186188381396,9
쇼핑,0.36499403299671507,1.7800127696398949,0.5474849473128091,6
품질,0.364794946538121,3.0360152367514073,0.9085215961116764,118
희망자,0.3647853928228927,2.287139372939135,0.6935948073623749,6
지식재산 기술,0.36467032413776923,8.949918019766772,2.6074781393443685,4
시즌,0.36432580536227155,4.679615081641922,1.3832002818657307,5
활용 고도,0.36426870196902433,0.24455052211553133,0.10761678054160209,3
사업장 기술,0.36402014394224685,4.534486778818842,1.3432962042175602,4
고급 디자인,0.36397556387248076,3.870869750401501,1.152404708389166,3
현장 적용,0.36397104268774694,1.88186491337731,0.5794693511625452,12
기능 원료,0.3639495616349881,1.204226829382573,0.3843071429519644,4
pilot,0.36357737779622373,2.2901535232025925,0.6983540291710528,4
단일 광자,0.3632549186242946,0.7830433948201551,0.26390942475511364,3
광자,0.3632549186242946,0.7830433948201551,0.26390942475511364,3
ip 제작,0.36311340583388496,2.488936012149045,0.757331053535695,3
시장 활성,0.36306053677348515,4.219089902542896,1.2578742530139864,8
시범,0.3630303774703289,2.1000042749198577,0.6451276675398874,45
검증 실증,0.362986087174005,1.8955539950357396,0.5861149883054493,14
부문,0.3628195145738777,3.1008592762221916,0.9355099601300589,23
국산 차세대,0.36272332240388666,1.5446708276801533,0.485215248392327,4
ip 활용,0.3626982785438588,3.572169716454424,1.072543152036128,3
아이디어 구체,0.36261740737963566,3.4128816973141323,1.0267816781517585,6
벤처기업 예비창업자,0.36249961643021883,5.765026256787023,1.7092208099709645,4
현지 홍보,0.36241442966327236,6.624382339582104,1.9590899087592066,3
맞춤 우수,0.3624139659305876,2.9147512696527076,0.8832677315948287,3
기술개발 국산,0.36206565368303306,0.24455052211553133,0.10912535081922584,3
디자인 제조,0.36195699574166595,1.9806054990518414,0.6136686464051517,4
해외진출 수출,0.3619332571829553,3.210201405797469,0.9710735144027138,3
평가 시험,0.36184623224224105,0.6274415844009278,0.22059169874154966,5
종류,0.36181015357251173,4.5917338808776655,1.3733234836902517,4
면제,0.36178426443310224,2.413111438809694,0.7399382705165448,6
원천기술 개발,0.3616771319962692,2.665876128436749,0.8138431478902111,17
이용 바우처,0.36127251449987424,2.2484771921499687,0.6937095341673052,4
전문 기술,0.361188913818591,0.8591985593968628,0.28893250440116214,11
재난 감시,0.36111837797395085,2.529243556036873,0.7760894566851512,3
상시 재난,0.36111837797395085,2.529243556036873,0.7760894566851512,3
전형 상시,0.36111837797395085,2.529243556036873,0.7760894566851512,3
감시 성층권,0.36111837797395085,2.529243556036873,0.7760894566851512,3
환경 녹색,0.3610870508935075,9.276201695165836,2.7441573516240068,6
기술 연구,0.3610022596105818,1.3482142322917534,0.4318955738507292,6
컨설팅 국내외,0.36090900586184665,1.9252970049470886,0.6005441581948096,5
개발 제작,0.36082678989710343,1.4355315003700175,0.4577598044323136,4
의약품 특허,0.3606659714265683,8.648745820393692,2.5659121645691347,3
관리 기술,0.36061777921678756,1.4292922880724461,0.45639666900823717,12
자금 농식품,0.3604841348288402,6.473834828354801,1.9319364304490763,14
제품 디지털,0.3604506665232966,0.6505044340790673,0.22897896892741523,4
전략 컨설팅,0.36035851610921127,3.9652519798008656,1.1989969043098472,7
검증 제품,0.36032566680985156,1.5694219636648832,0.49804700584939043,4
중심 소재,0.3602117487772234,2.460505977556898,0.7592182528552415,6
텍스트,0.36012092116936817,3.090359862760272,0.9440247398425925,3
지방비,0.3600846047931744,3.2357055661751675,0.9867606370107536,4
결과물,0.3599796144845268,1.5430388820080314,0.4911381354164114,7
데이터,0.359940219564633,6.455710813702695,1.931306810160824,136
활성 디자인,0.3597022025381522,2.742275126004724,0.8436917637695099,4
성능 고도,0.35957646124080106,3.4714532346018236,1.0582653108307387,11
반려동물,0.3594621357155583,4.414588213785759,1.335856053342456,6
연계 공공,0.35941560781856224,2.1722093999014063,0.6773174175181564,4
고도 첨단,0.3594090843639518,3.852483051186141,1.1710222757635704,6
경쟁국,0.3591609718868433,0.6525179130823193,0.23113756374169886,3
개발 도심지,0.3588870689284105,2.765655159008609,0.8537468188944585,4
중소 규모,0.35884484443989734,7.930155701514067,2.3750285155763686,6
판로 맞춤,0.35865236191156785,3.584724686660766,1.0961142522832423,12
연구개발 미래,0.3586130870822,1.3313420661311466,0.4319454486011095,3
인프라 기술,0.35849825935304186,0.6856344373617561,0.241717156494827,3
인증 실증,0.3584899441421636,1.0971153228711592,0.3631095357032797,4
기술 연계,0.3584186187043266,3.325004075812953,1.0206415015752532,10
대한민국,0.3578134696480389,3.4395638055323867,1.0573570805007977,18
중소 중견기업,0.35771386243119724,4.3717631544684235,1.3337546445606172,85
판로개척 투자유치,0.3576740839574624,3.6572064711354466,1.1224592704361147,3
관리 사각지대,0.3575169412460944,2.7646028901464477,0.8588373702192791,3
이종,0.3575072415983468,1.6513680776450876,0.5290779887320873,8
미래 유망,0.3574469901747854,1.3109062811563603,0.428341047626409,6
제품 기술개발,0.3572792620222679,1.16409338734981,0.38515375849257083,7
학술,0.35702608656220813,0.9485915384521368,0.32165715537711653,6
핵심 원천기술,0.35701337411528733,2.780329083421221,0.8655015637432366,14
연계 가치,0.3569082909667116,0.44103327767136824,0.17109016066654512,3
형태,0.3566479733971478,1.5512650652144633,0.5014825798617526,21
농산물,0.3566049558239933,21.076663528825186,6.308799206466638,22
선진,0.35659392473698703,1.2973333674978846,0.42608490895598683,13
전략 대응,0.3564504076725696,0.7608535154708055,0.26671631539127116,4
성공 사례,0.3563459788399079,3.4000571273018667,1.052694965980624,14
컨설팅 상품,0.35630289290792794,2.9437705785977544,0.917015290653616,7
제품 시범,0.35618184173826006,0.6986694254645822,0.24855855421106088,5
해결 현장,0.35603454462114836,2.40286786300899,0.7568725552936031,7
스마트팜,0.3559364196038513,10.103201932819589,3.0541249758697404,13
부품 핵심,0.3556412408195278,0.6446885282449899,0.23314092779043852,3
수출 농식품,0.35553992629516,6.552810332572505,1.9986315358557887,7
산업 국내,0.3554650407250253,0.9825154538872524,0.33433548752795317,8
지능 뿌리공정,0.35545232638218777,1.148287596717934,0.38390899679312557,4
뿌리공정 시스템,0.35545232638218777,1.148287596717934,0.38390899679312557,4
개발 공간,0.35523069995316625,3.470466951235657,1.079140742989527,5
스포츠 산업체,0.3552093565583122,14.942340121922564,4.512027748744924,6
산업체 일반,0.3552093565583122,14.942340121922564,4.512027748744924,6
효율,0.35505397953224843,4.931768374474666,1.5175811523601714,114
핵심 구성,0.35477452281157223,1.0165177120752193,0.34569009212334545,5
센터 글로벌,0.3543762457669733,2.810352766466304,0.8851140034684891,7
산업 환경,0.3540068326299445,2.7762110768159114,0.8763552274231694,10
데이터 플랫폼,0.353948605052486,2.904809446291277,0.9152847968950378,3
예약,0.35380021477400136,1.329826611704925,0.4417108923404578,3
유발,0.3536936573487723,4.6200966932273655,1.4330464086034893,5
컨설팅 패키지,0.3534634871717934,0.859567646724566,0.3006400741112758,4
동향,0.353442610588834,1.815885098124184,0.5890538653085462,14
디자인 주도,0.35309000728444434,1.3057874258267252,0.43598110658993644,3
생산 설비,0.353060189679103,1.8769728052741275,0.6085765844723036,8
약사법,0.35297155550472253,7.675411597716015,2.3609861977813367,3
약사법 개정,0.35297155550472253,7.675411597716015,2.3609861977813367,3
체결 의약품,0.35297155550472253,7.675411597716015,2.3609861977813367,3
특허 보호,0.35297155550472253,7.675411597716015,2.3609861977813367,3
배출 시설,0.35286334687112475,8.49811811556089,2.610849575156998,6
of,0.35283620324336773,0.6750956984531822,0.2458280552013839,4
연계 기타,0.35278058165438625,3.389005951957971,1.0666671109948547,3
제작 개발,0.3527582799589089,1.1460266149188143,0.3883664245276705,4
모색,0.3527000871744406,3.5958360671180576,1.1296344926646795,3
확산 지역,0.35246796704767597,5.268265556647638,1.6373200640965129,6
활성 성장,0.35195191562307987,4.712914925362336,1.4725752881389376,13
게임 허브,0.3518209948440632,8.968705308291193,2.7659508170126097,5
허브 센터,0.3518209948440632,8.968705308291193,2.7659508170126097,5
국비 한도,0.3514682701858412,1.832768343620341,0.5997415313406786,3
기술 자립,0.35116478794105743,2.3355315934774326,0.7537388478842291,14
ip 분쟁,0.3510549012289853,3.8398354893330606,1.2125280924513377,3
첨단 의료,0.3507194552715339,0.6986413736092045,0.2557725152934345,5
내실,0.35043411176123773,0.6751103128206515,0.2489658664458997,4
관광 사업체,0.3503523468750484,9.867336408174587,3.058845216209553,6
언어,0.35034946247668736,0.9881198792706337,0.34475537857081606,4
소셜,0.3501648974158675,2.4521377060137506,0.7929482141264087,4
관광 진흥,0.35016244160906046,8.394130749272716,2.610752356781899,6
정착 유도,0.35015974665250704,5.220925522744176,1.6400144639256282,3
관광객 수용,0.35004668364904734,7.427920676461959,2.316369631171934,6
국내외 관광객,0.35004668364904734,7.427920676461959,2.316369631171934,6
진흥 관광,0.35004668364904734,7.427920676461959,2.316369631171934,6
사업자 금융,0.35004668364904734,7.427920676461959,2.316369631171934,6
사업체 관광,0.35004668364904734,7.427920676461959,2.316369631171934,6
경쟁력 관광,0.35004668364904734,7.427920676461959,2.316369631171934,6
수용 관광,0.35004668364904734,7.427920676461959,2.316369631171934,6
관광 예정자,0.35004668364904734,7.427920676461959,2.316369631171934,6
관광객,0.35004668364904734,7.427920676461959,2.316369631171934,6
확충 관광,0.35004668364904734,7.427920676461959,2.316369631171934,6
관광 시설,0.35004668364904734,7.427920676461959,2.316369631171934,6
완화 서비스,0.35004668364904734,7.427920676461959,2.316369631171934,6
총괄 관리,0.3498507208885142,5.622869760576033,1.7654444174957515,4
컨설팅 총괄,0.3498507208885142,5.622869760576033,1.7654444174957515,4
역량 맞춤,0.349818953783415,2.972647463831718,0.9537077653515218,13
뿌리공정,0.34976565991053205,1.148287596717934,0.39485420932211346,4
공유,0.349645807102626,1.5376452648813677,0.5144732054234613,46
심화,0.3496043659889112,0.9390711508973664,0.3310084045876158,12
전통,0.34950342516635713,9.217692174767043,2.871150649681371,30
국고,0.34933793901814436,1.306628471778338,0.44430797982349796,12
공용,0.349224780411393,1.13690840715503,0.392418268196632,4
of concept,0.3491348425523066,0.8587449400363947,0.3071112415838369,3
proof,0.3491348425523066,0.8587449400363947,0.3071112415838369,3
poc proof,0.3491348425523066,0.8587449400363947,0.3071112415838369,3
concept,0.3491348425523066,0.8587449400363947,0.3071112415838369,3
proof of,0.3491348425523066,0.8587449400363947,0.3071112415838369,3
국내 개발,0.3487685760142363,5.083855837699185,1.6081972803003872,4
기본법,0.3486294843054884,4.283876248889661,1.362824658336608,26
독립,0.34844935667357657,4.844489853771598,1.5367482657981313,13
창업기업 보유,0.34816796484259716,7.229509603425614,2.2747819220497183,3
ip 나래,0.34816796484259716,7.229509603425614,2.2747819220497183,3
나래 초기,0.34816796484259716,7.229509603425614,2.2747819220497183,3
나래,0.34816796484259716,7.229509603425614,2.2747819220497183,3
경쟁력 ip,0.34816796484259716,7.229509603425614,2.2747819220497183,3
환경 맞춤,0.34816796484259716,7.229509603425614,2.2747819220497183,3
판로 매출,0.3479207953680065,1.159537518550531,0.40195765150746554,4
모델 설계,0.34738899898850983,1.5786246854975505,0.5328024000554656,7
안전 국민,0.3473863155003432,1.675323717816039,0.562755595544824,13
개발 ai,0.3472831546128134,2.022094357972455,0.6704732560640866,12
로봇,0.3470392511748566,3.423258771870996,1.1058343993384248,37
제품 전시,0.34683901040365,3.6684855252800546,1.1829831756400282,3
실현 가능,0.3468063788277348,1.9434695323046083,0.6475793601497719,3
용품 품질,0.34673783899522514,3.859828481037763,1.2429599442042265,3
사례 어린이,0.34673783899522514,3.859828481037763,1.2429599442042265,3
위반 사례,0.34673783899522514,3.859828481037763,1.2429599442042265,3
관리 환경,0.34673783899522514,3.859828481037763,1.2429599442042265,3
제도 위반,0.34673783899522514,3.859828481037763,1.2429599442042265,3
국민 고도,0.3466682260660626,7.540612446784588,2.3868611538347086,3
일정,0.3463473571740925,2.261900022974342,0.7480613538298981,13
업체 제품,0.34611190922503954,6.60222060684819,2.100610298703005,15
제안,0.3455201270477177,3.063704606732937,1.0013467882901836,12
보도,0.345318690402757,3.699775410093178,1.201073078277833,3
양자,0.3453014624851415,4.040362511912148,1.3076191596579225,19
다양 산업,0.3452152507856697,1.6581699209462388,0.5632970375993098,7
제품 경쟁력,0.34517990054569986,2.9365312272386004,0.9631606111828769,7
체육,0.3450386240764185,10.989284455971887,3.4836163223454335,9
규제 특례,0.34459859185385167,1.68766489145484,0.5742205468254791,14
위조,0.34457446891977817,20.28748651793829,6.406408793627249,4
스타트업 중소,0.3444911722876378,3.578947966348135,1.1677631153615575,3
컨설팅 성과,0.34428236334596923,0.0,0.04522962929052226,3
성능 검증,0.3442618105285942,1.4028652680410407,0.48572735448850746,16
생산 환경,0.34424737717619436,2.0272791211217376,0.6818353586543362,7
프리,0.344003099874378,2.581923138007399,0.8569815994830441,4
기술 해결,0.3437876935735728,0.6591631487235847,0.2528461151940304,4
엣지,0.3436972078955897,2.951569137389974,0.974568924804287,15
페이지,0.3434295573542662,1.2637190618256402,0.4438548809740393,10
이행,0.3431223532007032,8.183234008620545,2.6282065898723803,63
다수,0.34301690851053007,1.2328365472888596,0.43500920055235653,5
식품 소재,0.34281999868513474,5.137347265829453,1.6692831561303025,8
기관 교육,0.3428195856438409,0.8999907735134126,0.33025257181401624,5
기준,0.3426373093055385,2.8344259869041206,0.942350023854285,100
수용,0.3425140863474244,3.4888043284513697,1.1499618177742414,12
품질 평가,0.34225167853976524,0.9632079956704825,0.35124019456564537,3
안정 인프라,0.34220710983260894,5.227725950806506,1.7026067207762867,3
제조 현장,0.3419942578866079,9.97033624664685,3.2084658674996267,13
협의체 구성,0.3413575590014654,1.2251736118435783,0.43616047107697276,3
공동 마케팅,0.3410393984580296,1.902322476115839,0.6525324083954334,6
교육 상담,0.34053599381452326,0.9693814253239799,0.356284347580811,4
자금 녹색,0.34051152629840264,3.03615023492542,1.0161780080245708,3
전송,0.3403651640504683,2.4211318154226493,0.8203905868976189,11
기관 공동,0.3401435258073012,1.3569832449860604,0.4809463667475243,11
기기 제조,0.34001887683841797,2.2576103522349484,0.769412844451648,7
기술 문제,0.3399265845817321,3.6624286645557733,1.2194312105496177,3
임대료,0.3399240798067427,4.646873044246881,1.5345687955997032,3
디자인 제작,0.33986511429021166,4.220934391629886,1.398605292037943,7
품평회,0.33975390693876967,3.7070433014029125,1.2347007545603572,6
스마트시티,0.3394049941003884,5.316711238970003,1.753154144253389,6
자가,0.3393450584524297,1.4101696605551743,0.4999087862575766,6
매장,0.3392618040949446,3.11891319825313,1.04870427880554,6
양자 기술,0.3391547443866326,2.159326238961519,0.7410071025588,10
금리 대출,0.33879361562060645,3.082036959914926,1.0391383507324259,5
선박 보급,0.3387305917554397,2.9837843145109915,1.0078259970296424,4
식품 산업,0.33864514882953967,7.998351719721304,2.6225907261693013,26
현지 시장,0.3384816119749453,4.685417326154846,1.5572168836597355,4
녹색 기술,0.3383925380275864,3.130780568298872,1.0568006332786268,6
융합 혁신,0.3383823852710947,0.8670136234613972,0.32721095935268385,6
환경 공단,0.3382001576218085,13.127805175190966,4.282540054420096,12
대행 환경,0.3382001576218085,13.127805175190966,4.282540054420096,12
공단 국비,0.3382001576218085,13.127805175190966,4.282540054420096,12
부품 성능,0.3376787085210154,0.23489825889241295,0.12401879768089955,4
정체,0.33744739200729557,1.2069537680308249,0.4388164121038734,6
전형,0.33740307493306804,1.8764089854607653,0.655633541022248,4
혁신 전형,0.33740307493306804,1.8764089854607653,0.655633541022248,4
조리,0.3372308235766947,3.1020202886237676,1.0532458993582188,4
총괄,0.336899021296574,2.6109027946895864,0.8955386979616389,8
처리,0.3367510102906417,4.2235897793,1.4197602047445002,39
제품 기술,0.3366839425698576,5.192744695901828,1.7349538812286038,25
신선,0.33659219368399457,5.011389676386598,1.6767645496249208,5
it,0.33639634363100074,12.565589997190571,4.13481818954739,18
여부,0.33629353531232564,3.207960179425462,1.092351623248113,15
업체 판로,0.3359522421897976,4.904514456575779,1.6468989140677155,3
스마트팜 기자재,0.3358413197570407,4.055863493592235,1.3710841930835387,3
세계 주요,0.33577939717315186,1.6057104356105343,0.5725114119358631,4
화물,0.33568631491147644,0.8985142049040944,0.3420662771655087,4
대한민국 국민,0.33561941972466586,6.011485753789743,2.010662943666484,3
시행 의약품,0.33561941972466586,6.011485753789743,2.010662943666484,3
개정 본격,0.33561941972466586,6.011485753789743,2.010662943666484,3
안정 제약,0.33561941972466586,6.011485753789743,2.010662943666484,3
특허 침해,0.33561941972466586,6.011485753789743,2.010662943666484,3
활용 한미,0.33561941972466586,6.011485753789743,2.010662943666484,3
국민 의약품,0.33561941972466586,6.011485753789743,2.010662943666484,3
침해 여부,0.33561941972466586,6.011485753789743,2.010662943666484,3
제도 약사법,0.33561941972466586,6.011485753789743,2.010662943666484,3
보호 품목,0.33561941972466586,6.011485753789743,2.010662943666484,3
본격 시행,0.33561941972466586,6.011485753789743,2.010662943666484,3
고려 제도,0.33561941972466586,6.011485753789743,2.010662943666484,3
여부 고려,0.33561941972466586,6.011485753789743,2.010662943666484,3
병원 연계,0.3354139506384904,0.0,0.04906953006820537,3
기여,0.3353897709003603,2.87973239943967,0.9897710210160343,93
촬영,0.33514815203018883,1.54555928177638,0.5546063864214048,7
제작 투자,0.33507626146876623,2.8636674453534665,0.9859796562305633,5
개발 첨단,0.33461527923767553,0.5400181357431172,0.22644150076839048,5
수요 산업,0.33449362837982066,1.940928914178806,0.6860575353201563,8
대학 출연,0.33445898598660767,5.627415316885413,1.895438870186705,50
인지도,0.3343645871544645,2.2990799186795434,0.8040173849617108,7
별표,0.33423565768454033,1.4890797260239217,0.5385436773429767,4
서울,0.334102139902437,4.40575439228352,1.497180171251986,7
교육 어린이,0.33407405786437855,3.7419293570395857,1.2792460117388975,4
맞춤 환경,0.33407405786437855,3.7419293570395857,1.2792460117388975,4
용품 제도,0.33407405786437855,3.7419293570395857,1.2792460117388975,4
설계 생산,0.33393500076590293,1.96674600939326,0.6963964095497372,4
홍보 국내,0.3336843202809886,2.4613332284566063,0.8600421083100254,5
기계,0.3336328981720712,3.8086515927787814,1.3038535342239579,15
미래모빌리티,0.33355413096351444,1.0757402785142198,0.40421079369697127,3
상담 온라인,0.3333614088035741,2.6392705872129807,0.92002207043978,4
기술개발 레저,0.3330897168110792,0.710061890551678,0.2844677829671495,4
판로 사회적기업,0.33291856347149335,1.798635843603726,0.6442897031589748,3
의약품 허가,0.3327973656918906,12.615777876056434,4.21960196194808,3
고도 스마트공장,0.3323930185991773,2.4136574242555127,0.8495629884541831,5
컨설팅 소상공인,0.33231605215621063,4.422793955439973,1.5153115288784471,6
경쟁력 의료,0.33221770993615435,2.641936548785732,0.9259147772333437,4
종사자,0.33220732201901443,10.643517545006231,3.5774247997500517,106
국내외 판로개척,0.3321760945103268,1.3827797382052067,0.5087954161081646,5
규모 기준,0.332043346072565,2.5688363724233727,0.902441267292714,5
입주 공간,0.33187652497257025,4.268302778524517,1.4671465930065455,9
유통 md,0.3318374197783628,2.526371022934507,0.8892310029686954,4
부품 기술개발,0.33155607511414686,1.2819679350224416,0.4768561264447039,11
유도 국내,0.3314585910642169,3.425858397416095,1.1899067506217649,4
운용,0.3314400644969192,4.0630911611240865,1.401900668086144,28
경쟁력 혁신,0.3314307426663406,3.470578402564933,1.2049333406730225,3
인허가,0.3312291377631186,1.229590082870078,0.4602010207961542,41
홍보 우수,0.3310392534166585,2.6063365488283967,0.9192582486259664,9
이용,0.33100015046336473,4.169332691656903,1.440184195508176,93
부품 장비,0.3307717658844832,4.732526035562925,1.629559061376787,27
조기 상용화,0.330711406638184,2.5008483840298865,0.8855024728062069,8
국제 환경,0.33062167884809085,2.527653661161183,0.8948280021306874,5
신뢰,0.33047828092577775,2.092143185641031,0.7499957727325204,58
허가 특허,0.3303900699724399,15.318508778898696,5.169202365808906,3
특화 단지,0.3303782413744965,3.343653669797894,1.1685056986378548,15
동영상 서비스,0.3298184779709027,0.6850726940906262,0.28107157261457816,3
정보 통신,0.3296547347190794,1.8520792765067962,0.6725090387137732,19
홈쇼핑 판매,0.3295962349607679,2.835709321688502,1.0025101105917442,4
콘텐츠 ip,0.3294907737075544,1.0032947296264827,0.38831323995595757,3
기능 평가,0.3293499745790593,5.095529870893199,1.762243747887712,4
건강,0.32929681788729553,3.56072922811234,1.2473654864713497,37
설계 실증,0.3292570031884949,1.5849708994348073,0.5841123018369899,4
예산 범위,0.3288536266066833,2.864420544690388,1.01571462141716,6
콘텐츠 개발,0.328835062326827,7.660051456541131,2.6293245249497774,8
스타트업 혁신,0.32847066262276303,4.8779811863594995,1.6961609439374008,7
비용 국산,0.3278409712630155,2.3613491524465577,0.8505931869194912,3
영위,0.32760455802492217,5.395291850054125,1.8780619122842024,7
인자,0.3275424457440276,3.6912804188997885,1.3019091614790512,8
안전 생산,0.32744667715162157,2.576506280712983,0.9250548626767354,4
구매 자금,0.3273362138897624,5.108801597240381,1.7833635275157285,3
생명,0.3272786187631102,0.8155450690675284,0.3291146077529118,5
서비스 상용화,0.3270538655598145,2.1858605709933308,0.7942943904027739,9
투자 센터,0.32702870766627606,4.99107920052767,1.7459919390878103,6
고위험군,0.32694848994631437,2.137430335705659,0.7782640071661893,3
제품 시제품,0.3268920122623846,5.0432666942227335,1.7648222384948316,3
동안,0.32674496247233253,3.703369401982068,1.3109221073783257,7
채널 연계,0.32647729414415727,4.833043469144507,1.6967551441779798,3
준수,0.32645641726593144,2.1489200917591407,0.7840266928960445,6
해결 성장,0.32624549502078853,4.229084346178743,1.4929887583827883,5
인공,0.32608819838021613,1.6028456259753725,0.5993887785194912,4
마이 데이터,0.3260251575488666,3.3811705795848566,1.2055871051364513,4
마이,0.3260251575488666,3.3811705795848566,1.2055871051364513,4
강원,0.3257497677191533,4.876525305435847,1.7173835464891574,6
우수 참여,0.3256766793978617,3.7419293570395857,1.3307139175975298,4
용품 환경,0.3256766793978617,3.7419293570395857,1.3307139175975298,4
함유량 분석,0.3256766793978617,3.7419293570395857,1.3307139175975298,4
인자 사용,0.3256766793978617,3.7419293570395857,1.3307139175975298,4
인자 함유량,0.3256766793978617,3.7419293570395857,1.3307139175975298,4
함유량,0.3256766793978617,3.7419293570395857,1.3307139175975298,4
사용 저감,0.3256766793978617,3.7419293570395857,1.3307139175975298,4
발효,0.32563659375504284,14.335853078916813,4.94752171564899,10
충족,0.32547159604652853,1.1616158001000576,0.45047397152083446,5
장려,0.32534495554244525,2.6524812297528793,0.9603912347951615,7
노하우,0.32531710424451643,1.179012009445705,0.45677369599276524,9
금융 민간,0.32522415487369394,1.8416283729315137,0.6836178587277966,3
활용 콘텐츠,0.3251814645441451,2.1678351426435403,0.7953522436072918,3
데이터 연결,0.32516622174778964,3.1346802943528473,1.1261807597926388,3
투자 설명회,0.3251486010264675,0.9104867627862526,0.3652897413002916,3
ax dx,0.32505607972761147,3.7762182572088343,1.3463596762745145,5
위기 대응,0.3249950811193386,0.9462555074255189,0.3778269147031153,4
연구 농산업체,0.32496279251641524,4.097933313689906,1.4571184181189305,5
방송 마케팅,0.3248546462168848,1.0747645805315453,0.42212795592037894,3
qa,0.3248546462168848,1.0747645805315453,0.42212795592037894,3
방송 방송,0.3248546462168848,1.0747645805315453,0.42212795592037894,3
부처 감염병,0.32474058712151666,5.315399167799033,1.8759653439892336,3
방역 고도,0.32474058712151666,5.315399167799033,1.8759653439892336,3
감염병 방역,0.32474058712151666,5.315399167799033,1.8759653439892336,3
언어 모델,0.3247182222003083,1.0192531415680706,0.40339177008540283,3
콘텐츠 글로벌,0.32465286812215693,2.5097137277355124,0.9146268817901014,3
동물,0.324558221544352,0.9478702410889326,0.37923398930407215,4
생산 제조,0.324523610869776,4.161936098613928,1.482100284429984,8
해외 유통,0.32446389192390424,3.675461585842755,1.3155549149833337,5
수출 애로,0.3244120851209628,3.786516009648439,1.354001708175063,10
대응 녹색,0.3244031442573308,0.6234422549901689,0.26816003541298433,3
메타버스,0.32432347250376264,3.321716313323474,1.1949434500081968,12
대표,0.3242517960537633,2.0134314124395236,0.7458997229327529,17
소득,0.3239000117561289,4.1502134923815,1.4824334851900764,11
수출 판로,0.32388259397807345,1.7349471064514288,0.651409845365354,6
컨설팅 홍보,0.3237282522309642,1.8104750043986715,0.6779135582607337,7
고도 해외,0.3236002190940106,3.978242390221102,1.4252779471979382,5
혁신 조달,0.323582822810177,7.016815682480759,2.47246688708568,6
송출,0.3235637053538787,5.55390700476853,1.968534811001641,10
방역,0.32349124571365995,5.467017363500954,1.9392491109202292,9
업체 공동,0.3232813395316892,2.12730568773841,0.7887297707907195,5
민간 육종,0.3231450140959907,7.332354102109958,2.586469466949598,3
우편,0.32286017080063706,0.6624765441283801,0.2839061144450408,3
뿌리산업,0.322779040952489,7.3253614504894875,2.588467402356684,9
일자리 예비,0.3227494259160671,1.0408885791910363,0.4149713153651128,3
사회적기업 일자리,0.3227494259160671,1.0408885791910363,0.4149713153651128,3
일부 예비,0.3227494259160671,1.0408885791910363,0.4149713153651128,3
근로자 인건비,0.3227494259160671,1.0408885791910363,0.4149713153651128,3
사회적기업 채용,0.3227494259160671,1.0408885791910363,0.4149713153651128,3
실감,0.32274869051088734,1.9112992166481502,0.7160564686807188,7
공백 기술,0.3226376308477752,0.0,0.05497262321390735,3
출원 디자인,0.3226376308477752,0.0,0.05497262321390735,3
마케팅 전시회,0.3226376308477752,0.0,0.05497262321390735,3
부품 전문,0.3226376308477752,0.0,0.05497262321390735,3
액션,0.3226376308477752,0.0,0.05497262321390735,3
진단 혁신,0.3226376308477752,0.0,0.05497262321390735,3
국내 행사,0.3226376308477752,0.0,0.05497262321390735,3
양심,0.3226376308477752,0.0,0.05497262321390735,3
교육 문구,0.3226376308477752,0.0,0.05497262321390735,3
지역 시제품,0.3226376308477752,0.0,0.05497262321390735,3
유망 전문,0.3226376308477752,0.0,0.05497262321390735,3
액션 혁신,0.3226376308477752,0.0,0.05497262321390735,3
인증 에너지,0.3226376308477752,0.0,0.05497262321390735,3
개발 유망,0.3226376308477752,0.0,0.05497262321390735,3
인식 연계,0.3226376308477752,0.0,0.05497262321390735,3
개발 해양심층수,0.3226376308477752,0.0,0.05497262321390735,3
지도 국내외,0.3226376308477752,0.0,0.05497262321390735,3
제품 패키징,0.3226376308477752,0.0,0.05497262321390735,3
바이어 창업,0.3226376308477752,0.0,0.05497262321390735,3
운송 기기,0.3226376308477752,0.0,0.05497262321390735,3
행사 전시,0.3226376308477752,0.0,0.05497262321390735,3
전시 바이어,0.3226376308477752,0.0,0.05497262321390735,3
참가 모빌리티,0.3226376308477752,0.0,0.05497262321390735,3
고도 공백,0.3226376308477752,0.0,0.05497262321390735,3
컨설팅 해양심층수,0.3226376308477752,0.0,0.05497262321390735,3
절감 안전,0.3226376308477752,0.0,0.05497262321390735,3
양심 활용,0.3226376308477752,0.0,0.05497262321390735,3
진단 액션,0.3226376308477752,0.0,0.05497262321390735,3
기기 부품,0.3226376308477752,0.0,0.05497262321390735,3
창업 양심,0.3226376308477752,0.0,0.05497262321390735,3
개척 국내,0.3226376308477752,0.0,0.05497262321390735,3
지식재산 시장,0.3226376308477752,0.0,0.05497262321390735,3
성장 종합,0.3226376308477752,0.0,0.05497262321390735,3
바이어 연계,0.3226376308477752,0.0,0.05497262321390735,3
국내외 시험,0.3226376308477752,0.0,0.05497262321390735,3
성장 운송,0.3226376308477752,0.0,0.05497262321390735,3
환경 진단,0.3226376308477752,0.0,0.05497262321390735,3
도출 유망,0.3226376308477752,0.0,0.05497262321390735,3
패키지 시험,0.3226376308477752,0.0,0.05497262321390735,3
활용 관광,0.3226376308477752,0.0,0.05497262321390735,3
선수,0.32256007031241035,2.092133079994542,0.7793241248074642,4
개발 경기력,0.32256007031241035,2.092133079994542,0.7793241248074642,4
역량 신체,0.32256007031241035,2.092133079994542,0.7793241248074642,4
경기력 첨단,0.32256007031241035,2.092133079994542,0.7793241248074642,4
신체 능력,0.32256007031241035,2.092133079994542,0.7793241248074642,4
운동,0.32256007031241035,2.092133079994542,0.7793241248074642,4
운동 역량,0.32256007031241035,2.092133079994542,0.7793241248074642,4
스포츠 선수,0.32256007031241035,2.092133079994542,0.7793241248074642,4
국민 개인,0.32256007031241035,2.092133079994542,0.7793241248074642,4
기술개발 대표,0.32256007031241035,2.092133079994542,0.7793241248074642,4
선수 일반,0.32256007031241035,2.092133079994542,0.7793241248074642,4
개인 운동,0.32256007031241035,2.092133079994542,0.7793241248074642,4
대표 스포츠,0.32256007031241035,2.092133079994542,0.7793241248074642,4
지역 중소,0.32219850323440385,3.596944702337583,1.302539479319122,6
엔지니어링,0.32210381861943876,1.2193429042135369,0.47825899815614753,4
특허 연계,0.3220125111317811,12.615777876056434,4.433926148530563,3
연계 제도,0.3220125111317811,12.615777876056434,4.433926148530563,3
시장 기술,0.3220123550493011,1.1501116064922534,0.4544516947698283,5
지역 사회,0.3219845977502063,4.350125155582457,1.5653105621844576,3
지속,0.32177591288539387,2.8780700596715483,1.0553843478895595,78
국내 환경,0.3215609099626683,8.26980275932256,2.931699571247979,8
ar,0.3214856684433437,1.2649406966793137,0.4956215790462198,4
vr ar,0.3214856684433437,1.2649406966793137,0.4956215790462198,4
식품 기능,0.32139801377522814,5.9471418269457095,2.125510375160332,3
중점 대체,0.32105221639087705,6.704732122470269,2.393065913938198,3
발전 푸드테크,0.32105221639087705,6.704732122470269,2.393065913938198,3
테크 시장,0.32105221639087705,6.704732122470269,2.393065913938198,3
식품 의약품,0.32105221639087705,6.704732122470269,2.393065913938198,3
급성장 푸드,0.32105221639087705,6.704732122470269,2.393065913938198,3
제품 실용화,0.32105221639087705,6.704732122470269,2.393065913938198,3
메디푸드,0.32105221639087705,6.704732122470269,2.393065913938198,3
메디푸드 일반,0.32105221639087705,6.704732122470269,2.393065913938198,3
급성장,0.32105221639087705,6.704732122470269,2.393065913938198,3
시장 선제,0.32105221639087705,6.704732122470269,2.393065913938198,3
산업체 자체,0.32105221639087705,6.704732122470269,2.393065913938198,3
학계 업계,0.32105221639087705,6.704732122470269,2.393065913938198,3
국내외 규제,0.32105221639087705,6.704732122470269,2.393065913938198,3
국민 식품,0.32105221639087705,6.704732122470269,2.393065913938198,3
국내외 정책,0.32105221639087705,6.704732122470269,2.393065913938198,3
푸드테크 안전,0.32105221639087705,6.704732122470269,2.393065913938198,3
푸드테크 산업체,0.32105221639087705,6.704732122470269,2.393065913938198,3
분석 중점,0.32105221639087705,6.704732122470269,2.393065913938198,3
실용화 제품,0.32105221639087705,6.704732122470269,2.393065913938198,3
자체 안전,0.32105221639087705,6.704732122470269,2.393065913938198,3
시장 환경,0.32105221639087705,6.704732122470269,2.393065913938198,3
정책 시장,0.32105221639087705,6.704732122470269,2.393065913938198,3
의약품 학계,0.32105221639087705,6.704732122470269,2.393065913938198,3
관리 국내외,0.32105221639087705,6.704732122470269,2.393065913938198,3
식품 메디푸드,0.32105221639087705,6.704732122470269,2.393065913938198,3
검증 푸드테크,0.32105221639087705,6.704732122470269,2.393065913938198,3
기술 소재,0.32105221639087705,6.704732122470269,2.393065913938198,3
공정 유통,0.32105221639087705,6.704732122470269,2.393065913938198,3
제품 컨설팅,0.32088784776867313,5.10850435450551,1.8380303596529586,4
복합 소재,0.320469782606771,1.0424353246055704,0.4203957533010605,8
일반 국민,0.3201750527353516,7.651598354113759,2.7343417362698013,121
바이오 소재,0.32015285976332564,1.3315386845753219,0.5222819487988362,8
독자,0.3200649677390119,3.4504825098122454,1.2645512836038808,4
정보 표준,0.31990785009087996,2.4619680241744826,0.919080438058235,5
첨단 소재,0.3198688807071448,2.6334782317424734,0.9793697701476898,9
인센티브,0.3198459256821047,1.8485131740810088,0.7043126673352389,23
기구 안전,0.3197812558244054,4.029089168722762,1.4691546499072277,6
방지 시설,0.31963172316262983,4.980672790128559,1.804101194222077,5
차세대 무선,0.3194707601722112,1.3020567788465294,0.5137266437047876,7
선택근무,0.31937648020728976,0.7374696503102536,0.3156301651158302,5
재택,0.31937648020728976,0.7374696503102536,0.3156301651158302,5
재택 원격,0.31937648020728976,0.7374696503102536,0.3156301651158302,5
근무 활용,0.31937648020728976,0.7374696503102536,0.3156301651158302,5
달성,0.3191282364525711,3.8171328025305993,1.3991786734601346,75
장시간 근로,0.319063188958858,1.5309650764432512,0.5953169251506341,6
장시간,0.319063188958858,1.5309650764432512,0.5953169251506341,6
데이터 서비스,0.3188004985934381,4.736408285585434,1.7251680205209234,3
판매 마케팅,0.3185436702311449,1.0910008782963851,0.4417081938884258,5
유망 성장,0.3183823127364166,2.9442168315369774,1.0961005805847728,4
매출액,0.31834747651023265,2.638582604372136,0.9884045244773948,20
참가 국내,0.31809200247174985,2.830570996880968,1.057474207560771,6
협력 업체,0.3180116671746394,1.808903650558406,0.6967067738785607,9
ip 기술,0.3179689023969601,7.229509603425614,2.6135132241593584,3
경영 복합,0.3179689023969601,7.229509603425614,2.6135132241593584,3
복합 컨설팅,0.3179689023969601,7.229509603425614,2.6135132241593584,3
전문가 밀착,0.3179689023969601,7.229509603425614,2.6135132241593584,3
밀착 맞춤,0.3179689023969601,7.229509603425614,2.6135132241593584,3
동안 전문가,0.3179689023969601,7.229509603425614,2.6135132241593584,3
기술 농식품,0.31759521043468986,4.096034379684991,1.50823877692283,13
포트폴리오,0.3174844181564761,2.888850587070097,1.0812353349812882,3
방법,0.3174121599234874,2.001800943740859,0.767156247131739,11
플레이스,0.31714216526451633,9.340501953471462,3.3729673248660634,5
마켓 플레이스,0.31714216526451633,9.340501953471462,3.3729673248660634,5
핀테크 핀테크,0.3167066383227613,11.141797875062213,4.020498578411685,3
경영 전략,0.3165214229720734,7.289780962996615,2.6528264413579157,4
소멸,0.3165105012895507,3.5200806255152535,1.3110384019462635,6
기기 산업,0.31628099166295803,3.1509597500205566,1.1809455590095814,6
소개 제품,0.31596855609057084,2.7393345826477007,1.0358292275166263,3
안내서 어린이,0.31596855609057084,2.7393345826477007,1.0358292275166263,3
참여 제품,0.31596855609057084,2.7393345826477007,1.0358292275166263,3
제품 안내서,0.31596855609057084,2.7393345826477007,1.0358292275166263,3
제작 소개,0.31596855609057084,2.7393345826477007,1.0358292275166263,3
참여 홍보물,0.31596855609057084,2.7393345826477007,1.0358292275166263,3
해외 주요,0.3155835266799518,1.6441960945180543,0.6462470673494931,6
보안 검증,0.3154392262662444,0.9994748138792755,0.4160664765550178,3
검증 시스템,0.3154392262662444,0.9994748138792755,0.4160664765550178,3
현장 진단,0.3151431248273716,3.9898286292669614,1.4879592590242194,6
기술개발 해외,0.3149349587382792,1.9276046010204657,0.7499672202521652,9
품질 안전,0.31489378909732046,9.455280481078187,3.449923980245931,12
원격 제어,0.3148533843238514,0.44481631062357024,0.21836751124730366,3
시범 구매,0.31484247158156725,2.611199374836933,0.9955401267873554,6
시장 정보,0.31462130016738704,2.2313268061753133,0.8601991722592673,11
우수 품종,0.3145829499239851,3.395876927652808,1.2786298376985854,3
사료 원료,0.31438389525764965,4.952752374858046,1.8395530588748916,4
스포츠 산업,0.31405720222441236,23.655734857658057,8.576333536338542,8
컨설팅 지역,0.3140278267410402,4.692068550381308,1.7488073289206816,5
융합 국민,0.31402104354730215,10.991569720457418,4.017348029669511,6
능동,0.31401750277559104,0.9390889430277279,0.3974033019232927,6
유해 인자,0.31398302305678155,3.7582254876546353,1.4128402714928048,7
전기 산업,0.31394581891663104,0.7276305739404348,0.3213783344074,5
조달 제안,0.3139214654517231,4.948852415062134,1.8422077967020754,5
업체 수요,0.3139214654517231,4.948852415062134,1.8422077967020754,5
제안 제품,0.3139214654517231,4.948852415062134,1.8422077967020754,5
포함,0.31381051757304407,1.494004590963799,0.5978570084396344,74
실증 소형,0.3136164809451229,1.7521499645003944,0.6915754933619289,3
가상,0.3135946361732689,1.684116016156944,0.667102802874218,15
유통 활성,0.31351224848389636,3.9568819947370644,1.4877487787913788,6
시험 분석,0.31318989346817694,5.242474471807728,1.9547940721330255,20
효율 기술개발,0.31297496895534355,0.6117383469806585,0.2811207753928388,4
해외 거점,0.31284515534984897,2.06149244658916,0.80624551845152,6
초기 창업자,0.31275391367698313,2.5851417998097825,0.99629169995842,3
예비 초기,0.31275391367698313,2.5851417998097825,0.99629169995842,3
건설,0.3126756990989887,4.157877952944833,1.566575566961379,14
에너지 환경,0.3124992806501795,1.1995443108910828,0.49502911891124557,5
미래 시장,0.31244929348073597,1.0380712328580808,0.43658222555855286,7
전체,0.3120980898827274,3.195035575325397,1.221089527210773,24
해외진출 기초,0.3120360631856847,2.8380700397970218,1.091719575688328,4
가치 산업,0.3119562035574009,0.0,0.060278909121933344,3
고용 지역,0.3116405401026688,5.088565493627369,1.9132655449957339,9
경쟁력 지역,0.3114774715262463,0.0,0.06052525325507148,3
해외진출 판로개척,0.3114534912833756,1.9639108856891836,0.7762514012301218,4
도시,0.3113012977662676,5.559826109020306,2.0882384584498634,31
기술개발 협력,0.3112240719222674,0.44103327767136824,0.22155507372874766,3
집중 시장,0.31116263969168184,0.6130000459677575,0.2843883407116702,3
진단 진단,0.31089946677374464,1.0403742706394654,0.44095158756766284,3
마켓,0.3105563853684452,6.092460889613221,2.2906096466127077,23
선박 기자재,0.31015581079277477,4.19700400019344,1.6000299304205339,5
경영 기초,0.3100909321613394,0.96049154042034,0.4135115660376459,4
재산 보호,0.31005592443334723,1.1399411122117495,0.4794128687130597,3
산업 대응,0.30998735943914235,1.9988812908609521,0.7947588599977726,5
업체 우수,0.3097245069575912,9.449166719330561,3.532939832398747,4
관광 도약,0.30972250844776505,5.425018867522653,2.0545377551938273,5
부품 기술,0.3096226890378282,1.23251774416701,0.5145142443955429,12
통합 판로,0.3094956596799008,1.5870279338585878,0.6452319959116519,4
판로 통합,0.3094956596799008,1.5870279338585878,0.6452319959116519,4
온·오프라인 통합,0.3094956596799008,1.5870279338585878,0.6452319959116519,4
산업 연계,0.3094787146181389,4.016936122811202,1.5390322376023398,8
시설 개방,0.30937516541929533,0.45224833184582997,0.22803827034674062,3
방지,0.3093644676452005,5.406887293561373,2.0513937504609854,32
성장 맞춤,0.30933458394100366,3.8150560606126978,1.4658007992612618,9
기술 시험,0.30926911380360844,1.2704381925459587,0.5294102949974684,7
요건,0.3092351947622835,3.2078117453521324,1.242900788863116,7
lng,0.3090205553429628,0.5150529551240349,0.2516500353639293,4
기업체,0.30896671352697286,5.575607428693151,2.117516742186088,10
어린이 용품,0.30885169419995034,7.1900502414439265,2.7142392781840563,4
배출 사업장,0.3087650670049515,10.625591646361837,3.9832182661523365,13
완화 자금,0.3085807019267334,1.6821812393372149,0.6833632058828579,5
반도체 디스플레이,0.3085640194947075,4.320824420589109,1.6581069074503643,11
수입,0.3083576025501762,2.1872484958797305,0.8708776296111229,35
해외진출 유통,0.30800874927106137,4.552283442073296,1.748281825328439,4
식품 생산,0.3078398664233902,1.4810769255124587,0.611377259780442,7
진작,0.3075518138460812,1.2861841674652976,0.5399382478852578,4
우수 조달,0.30748765874107925,4.0436332632819445,1.5638446617741044,5
인프라 인력,0.3073651644511433,0.96049154042034,0.4194695992558068,4
통신,0.30727539395859793,5.589426424078445,2.1399170839276005,62
심층 분석,0.3071394885470424,1.1851606121092293,0.5035146479423102,4
로봇 개발,0.3068318728096315,1.2097399676459206,0.5134690499506421,3
시설 사용,0.3067301256072224,1.7757470852989787,0.7246235177192897,3
연합,0.3067128365733876,1.0470515546051797,0.4531646149231431,3
소재 소재,0.30661504637107145,1.4051387354166258,0.5868856324778481,4
제조업,0.30618654833988007,1.9744844657054712,0.8008430131545371,26
기술개발 중소,0.3058338378600465,0.9833096533656858,0.4314009802656717,11
안전 시설,0.30558054623518244,5.9938591380067665,2.3089532862500177,6
맞춤 집중,0.3054751777807844,3.3728254918954885,1.3277847052948177,5
제작 후반,0.30519879022452673,0.8318379662995437,0.3759997051398683,3
기술 전략,0.3051892901192261,2.888850587070097,1.1480088376329982,3
기술사업화 자금,0.30511542079431886,2.671949108239945,1.066995503813002,4
업체 규모,0.30469422894644854,1.1476350832179338,0.4958097777208372,4
저감 설비,0.30450627080266945,6.025970421487934,2.3330278654110064,4
센터 지역,0.30430845875370705,2.85833473345131,1.1414994522651412,7
인공지능,0.30419226061460014,3.152239530969206,1.2529755042500903,59
물류 효율,0.3039953989085506,4.531983534410337,1.7749284177657507,10
업자,0.30385906304606236,6.233935651971738,2.418866349098603,8
신뢰 소재,0.30375784007117673,0.5781115866169545,0.28303970341510354,4
금융 혁신,0.30371529602638775,6.0826335062656005,2.363365303117198,6
혁신 방송,0.30367913436653865,3.352188494535493,1.3317169086064784,3
진출 매출,0.3036344317097687,1.5601654798498608,0.6545120381446957,3
안전 식품,0.3033696922348652,1.862042934954147,0.7696665298298634,5
자동 시스템,0.3030440429803436,1.2416589468045183,0.5357307109059267,3
소비 활성,0.3029991459579169,0.8784744705200948,0.39813533500546416,3
지침,0.30279478607180155,0.9598824000284393,0.42946912567578405,3
대응 능력,0.30266330297138877,1.0054501970871197,0.44707473866414793,4
게임 산업,0.30234224562196926,18.220091168037232,6.995988784605674,9
기술개발 주관,0.3019642295040244,4.528432906323313,1.791212381645397,20
연구개발 당해,0.30179428592799384,1.7218968724604853,0.7223607021336892,3
산업 전반,0.3016275708490949,2.2424020264355713,0.9216358661839931,9
and,0.3014608618327224,0.702053674932649,0.3340274427310528,5
산업 여성,0.30145368767755837,5.115300588711162,2.0198572553539753,4
소부장 대학,0.3014277168020417,0.9907543007287838,0.4443822837636391,3
소부장 통계,0.3014277168020417,0.9907543007287838,0.4443822837636391,3
기술 소부장,0.3014277168020417,0.9907543007287838,0.4443822837636391,3
신뢰 활용,0.3014277168020417,0.9907543007287838,0.4443822837636391,3
융합혁신지원단 기술,0.3014277168020417,0.9907543007287838,0.4443822837636391,3
인력 장비,0.3014277168020417,0.9907543007287838,0.4443822837636391,3
융합혁신지원단 소속,0.3014277168020417,0.9907543007287838,0.4443822837636391,3
라인 양산,0.3014277168020417,0.9907543007287838,0.4443822837636391,3
보유 인프라,0.3014277168020417,0.9907543007287838,0.4443822837636391,3
통계 동향,0.3014277168020417,0.9907543007287838,0.4443822837636391,3
통계 소재,0.3014277168020417,0.9907543007287838,0.4443822837636391,3
혁신 내내역,0.3014277168020417,0.9907543007287838,0.4443822837636391,3
동향 분석,0.3014277168020417,0.9907543007287838,0.4443822837636391,3
활용 신뢰,0.3014277168020417,0.9907543007287838,0.4443822837636391,3
생산 라인,0.3014277168020417,0.9907543007287838,0.4443822837636391,3
공공 구성,0.3014277168020417,0.9907543007287838,0.4443822837636391,3
실제 생산,0.3014277168020417,0.9907543007287838,0.4443822837636391,3
구성 융합혁신지원단,0.3014277168020417,0.9907543007287838,0.4443822837636391,3
분석 정보,0.3014277168020417,0.9907543007287838,0.4443822837636391,3
수출입 통계,0.3014277168020417,0.9907543007287838,0.4443822837636391,3
자료 소부장,0.3014277168020417,0.9907543007287838,0.4443822837636391,3
역사 주요,0.3014277168020417,0.9907543007287838,0.4443822837636391,3
공급 연계,0.3014277168020417,0.9907543007287838,0.4443822837636391,3
정책 경영,0.3014277168020417,0.9907543007287838,0.4443822837636391,3
내내역 역사,0.3014277168020417,0.9907543007287838,0.4443822837636391,3
내내역,0.3014277168020417,0.9907543007287838,0.4443822837636391,3
연계 실제,0.3014277168020417,0.9907543007287838,0.4443822837636391,3
생산 수출입,0.3014277168020417,0.9907543007287838,0.4443822837636391,3
판로 예비,0.3014214553711641,2.687071871682544,1.0924727346848795,4
플랫폼 서비스,0.3013074939976169,1.5672644537212483,0.665038805819584,5
공정,0.30091467544877604,7.117222785343023,2.791840305770742,155
공정 효율,0.30081758878630405,1.2717673073017415,0.5534868056856198,6
개방 공유,0.3005015758274037,0.7476106670373572,0.35326367856761764,3
제작 해외,0.30048623853902867,0.7452559753290592,0.3523894895955434,3
거점 지역,0.30025394768277214,0.9149115180284944,0.4180119663977743,4
공정 진단,0.3001087484497323,3.129462771685327,1.2696993519019664,5
테크 해외,0.30009376986433994,1.9007589284855135,0.7973959277861361,3
수산 글로벌,0.30009376986433994,1.9007589284855135,0.7973959277861361,3
테크 기술개발,0.30009376986433994,1.9007589284855135,0.7973959277861361,3
이동식,0.30002450517740736,0.7720842733436646,0.3635928076064416,3
인구,0.2998375104884973,2.614050432861482,1.0730034548990595,8
금융 부담,0.2997118357071636,5.013302893830044,1.9977917560052643,9
중견 공동,0.2996917196595411,0.9907543007287838,0.4484817358155442,3
지역 광고,0.299579125898939,5.560090533912943,2.2098255805140563,6
품종,0.29919960308508803,5.073781684501386,2.0261494924628014,4
산업 종사자,0.299087556940885,9.895604048175308,3.890007576687422,38
통합 플랫폼,0.29871647694970205,0.9484426817867629,0.4344309798450728,9
특수,0.2986279361333779,1.552082157005688,0.6683435825133383,20
처리장,0.29854272034781754,3.9347001762806273,1.5914765277150502,10
해양 기후,0.29839186243973487,2.117142607741017,0.8881720183739091,3
드라마,0.2982687093065998,9.685400264251427,3.8239166090049315,7
ict 솔루션,0.2976798080219882,0.0,0.06796570896843211,3
제품 우수,0.29760738521927954,3.1987147446847035,1.3124904602350727,4
사용 상용화,0.29760738521927954,3.1987147446847035,1.3124904602350727,4
공공 사회,0.29760738521927954,3.1987147446847035,1.3124904602350727,4
부여 보완,0.29760738521927954,3.1987147446847035,1.3124904602350727,4
기관 시범,0.29760738521927954,3.1987147446847035,1.3124904602350727,4
상용화 시범,0.29760738521927954,3.1987147446847035,1.3124904602350727,4
자격 부여,0.29760738521927954,3.1987147446847035,1.3124904602350727,4
보완,0.29760738521927954,3.1987147446847035,1.3124904602350727,4
사용 제품,0.29760738521927954,3.1987147446847035,1.3124904602350727,4
보완 제품,0.29760738521927954,3.1987147446847035,1.3124904602350727,4
제품 조달청,0.29760738521927954,3.1987147446847035,1.3124904602350727,4
시장 평가,0.29760738521927954,3.1987147446847035,1.3124904602350727,4
추가 개발,0.29760738521927954,3.1987147446847035,1.3124904602350727,4
조달 자격,0.29760738521927954,3.1987147446847035,1.3124904602350727,4
예산 구매,0.29760738521927954,3.1987147446847035,1.3124904602350727,4
정보 조달,0.29760738521927954,3.1987147446847035,1.3124904602350727,4
평가 혁신,0.29760738521927954,3.1987147446847035,1.3124904602350727,4
조달청 예산,0.29760738521927954,3.1987147446847035,1.3124904602350727,4
제품 추가,0.29760738521927954,3.1987147446847035,1.3124904602350727,4
활용 소재,0.29733793432359346,2.6717018611183483,1.1089454777186112,5
글로벌 게임,0.29725082883613285,7.732808979558328,3.081853022524035,6
농공,0.29714711990768894,27.13296088706655,10.64782720918484,3
농공 융합,0.29714711990768894,27.13296088706655,10.64782720918484,3
실증 성과,0.296876396961474,1.7714397731429379,0.760028131560276,5
점검,0.2967153064938547,4.750677443192377,1.924709647208385,27
탄소 소재,0.2966616539530146,1.125473336153613,0.5084033408628532,11
전환 공정,0.29651301079919595,1.4534297072715119,0.6370656784219761,3
물류 산업,0.2963247951181604,1.5881927461522571,0.6904396768808508,8
중심 맞춤,0.2960602268800847,5.790625579243893,2.338532256907129,9
수요 공급,0.29600477518776325,1.4182908408321415,0.6249661670278253,15
연관,0.2959884786820784,2.698628090346287,1.127022599639698,62
국산 기술개발,0.29578333305757865,5.546945839932886,2.246070862382167,15
당해 연구개발,0.29566682434070557,2.5766300150163652,1.0809336473945377,5
시장 테스트,0.29563434283635015,0.6884882572045433,0.3395344904364987,3
마케팅 판매,0.29555981189100206,1.6361422534341907,0.7120022671856038,4
실증 플랜트,0.2955203010015179,2.9690760781472676,1.2359490463318912,3
화학 물질,0.29548377501482986,6.639634229198854,2.678844684270182,13
우주 부품,0.29514463697858506,1.8815246977501867,0.8101258974314478,4
혁신 수요,0.2951151646194347,3.112103627186793,1.2947699249117335,4
산업 단지,0.2949653134584942,2.7322803995102847,1.1460816030125625,16
맞춤 ai,0.2948698072586124,1.2789923631508113,0.5737450510471737,4
종자 업체,0.29474301849547563,3.2921492835507973,1.3681960013952958,4
ip 지식재산,0.29469362960268014,6.39387147953927,2.592268310189815,6
개발 현장,0.2946670703943898,1.1765909595456454,0.5339476483123825,8
사회적기업,0.29450128800906833,9.238954234744673,3.7182367213773455,20
해결 혁신,0.29416351630720633,2.3358643714616583,0.9939064227218029,6
가능 첨단,0.29397465988937255,1.3151887987999706,0.5907688336681176,9
수산 테크,0.29379174041763784,3.0171558436860453,1.265740619284289,4
다큐멘터리,0.2936344385511263,4.258114274345541,1.7588431454210092,5
산업체,0.2933466342423025,3.8350661313169603,1.5933619739710532,102
시범 사용,0.29324387908117555,5.415894851378428,2.222239522258838,4
하드웨어,0.2930473018598273,2.278998679774341,0.9769256198093944,5
생산 설계,0.29298248964719,2.193566674146867,0.94326200899184,3
고도 연구,0.2929221447144508,1.9941286703838488,0.8641916404790955,6
진출 수출,0.29260148797899693,3.298444286419977,1.3854223592891954,4
기술 진흥원,0.29257169765030966,1.039682520392682,0.4853065289446405,3
부스비,0.2922849950620915,4.378794734277569,1.8188347845829442,3
기술개발 culture,0.29191391784061893,5.762451141656426,2.3754614591810905,3
지역 자원,0.29141579562020115,2.940563505802071,1.2502305211959743,5
전략 제시,0.29111900413858316,1.3044372956570982,0.5953557413865491,6
육종,0.2910198376917402,12.080644881462758,4.923344240260157,8
안전 인증,0.29090341003460896,3.1841459750682106,1.3513394489725499,7
스페이스,0.29072955767718145,0.0,0.07198113738238718,3
원료 구매,0.2906109353117299,5.147703956311221,2.1434497049879733,10
근간,0.29045747481211626,1.5063541115153503,0.6787395470097772,8
제약,0.2903768219630409,6.888976927282741,2.8474144459155095,14
지역 방송,0.29032809514024394,8.625731718535182,3.5479168689035268,6
어업,0.2902209606118583,3.7331024646959734,1.5773010129839158,5
공정 설계,0.2901876634280161,0.7023613207069968,0.3555084657878188,4
ai 에이전트,0.29017546584523035,3.0283750232236977,1.2934834012737788,4
에이전트,0.29017546584523035,3.0283750232236977,1.2934834012737788,4
주관 기관,0.29006564513555533,3.4748689364460112,1.474341984860553,47
매출 성장,0.28979563266268404,0.9446709532274549,0.45417160871187956,6
적용 로봇,0.2897230380504468,1.6450754504742116,0.7374046946339137,3
서비스로봇,0.2897230380504468,1.6450754504742116,0.7374046946339137,3
서비스로봇 실증,0.2897230380504468,1.6450754504742116,0.7374046946339137,3
실적 국내,0.2897230380504468,1.6450754504742116,0.7374046946339137,3
직전,0.2897230380504468,1.6450754504742116,0.7374046946339137,3
실증 직전,0.2897230380504468,1.6450754504742116,0.7374046946339137,3
시장 로봇,0.2897230380504468,1.6450754504742116,0.7374046946339137,3
적용 실적,0.2897230380504468,1.6450754504742116,0.7374046946339137,3
직전 로봇,0.2897230380504468,1.6450754504742116,0.7374046946339137,3
고도 소재,0.2896426232098683,0.50816679198967,0.278072783677184,3
규제자유특구,0.289501775313622,1.878780811089503,0.8328011995296447,13
안전 정보,0.2894930164833121,1.7347530595490377,0.7745675915239362,9
검증 시험,0.2891391636254875,4.733054487770834,1.9911395434458141,5
감염병,0.28906504508913705,2.2892038927554483,1.001074703656381,9
달성 기여,0.288990350146996,7.697840843778985,3.1950572226635603,5
초기 창업기업,0.2889753843725734,4.4587477441366055,1.8815072344010921,10
안정 수출,0.28884216789999007,11.097846851413392,4.577346323226797,3
어업인 가공,0.28884216789999007,11.097846851413392,4.577346323226797,3
업계 경영안정,0.28884216789999007,11.097846851413392,4.577346323226797,3
자금 국내,0.28884216789999007,11.097846851413392,4.577346323226797,3
수산물 가격,0.28884216789999007,11.097846851413392,4.577346323226797,3
수산물 생산,0.28884216789999007,11.097846851413392,4.577346323226797,3
수산물 수산물,0.28884216789999007,11.097846851413392,4.577346323226797,3
수산물 수출,0.28884216789999007,11.097846851413392,4.577346323226797,3
생산 어업인,0.28884216789999007,11.097846851413392,4.577346323226797,3
구매 저장,0.28884216789999007,11.097846851413392,4.577346323226797,3
수산물 원료,0.28884216789999007,11.097846851413392,4.577346323226797,3
수출 업계,0.28884216789999007,11.097846851413392,4.577346323226797,3
수출 업자,0.28884216789999007,11.097846851413392,4.577346323226797,3
국내 수산물,0.28884216789999007,11.097846851413392,4.577346323226797,3
활성 수산물,0.28884216789999007,11.097846851413392,4.577346323226797,3
경영안정 수출,0.28884216789999007,11.097846851413392,4.577346323226797,3
업체 활용,0.28849025798031924,5.459673854789961,2.2930142705741527,6
비즈니스 모델,0.2884374411999202,1.736032822458756,0.779335158287864,18
녹색 환경,0.2883883783141277,4.201607205550366,1.7824410299017042,5
상용화 실증,0.28827419543732147,2.278943169207115,1.000954628015798,4
공급망,0.2882616898743542,2.6509593560858784,1.1524350409907287,73
확산 중소,0.2882346298541295,3.0062093702071113,1.2972049815304503,5
상용화 개발,0.28818792748671657,0.9147963456810969,0.445968085776278,3
현대 개보수,0.28813469852221407,10.105787831810476,4.189289260114019,4
관리 제품,0.2878767728639367,1.1989467237670306,0.5625920719789828,4
ict 스타트업,0.2877548807337954,2.9973739263498493,1.296755566237501,6
원료 대체,0.2876794580292258,0.9479127028719485,0.46071681300626166,4
영상,0.2875579666567817,6.662716534561565,2.795031208424002,47
가공 수출,0.2875052245704474,18.79028810675665,7.750121021617883,3
우수 수산물,0.2875052245704474,18.79028810675665,7.750121021617883,3
제작사,0.28736886552521435,8.471747777327217,3.537176881492983,22
개발 시험,0.2873239362748889,0.853736557131685,0.4230970449172026,3
수요 기관,0.28730485139965417,2.889141668682632,1.2554590391025764,11
양산 성능,0.28723223713252094,1.6774928509065805,0.7602789008104835,3
채택,0.2872071365431284,0.5235706407568558,0.2882911038924709,3
농식품 수출,0.28719323120574775,17.414649151480617,7.199180930555734,21
혁신 활동,0.2871329246728588,2.9802178134103072,1.2938299683615213,9
단지,0.28700651549090045,3.0966270965584615,1.34233175916903,78
합성,0.2869149753962624,0.7613726443734794,0.3862017870327834,3
전문 역량,0.2868088058127742,0.8566769870059827,0.4254946559913123,5
준수 여부,0.28676812769051024,3.019339111542762,1.3122675001425836,3
개발 정보,0.28670528964663083,2.5819547851699434,1.1333061089799947,5
조합,0.28659773294172725,3.885788766755508,1.6689382671630895,20
보급 확산,0.28632437950278317,2.573344838424784,1.1319753619194919,14
업체 육종가,0.2862660947322538,1.9443964005905505,0.8738134946693962,4
육종가,0.2862660947322538,1.9443964005905505,0.8738134946693962,4
육종가 농업인,0.2862660947322538,1.9443964005905505,0.8738134946693962,4
혁신 핵심,0.28623248458171036,0.45970409483550556,0.26365356820530716,3
실행,0.2862102800525038,1.8581655842268137,0.8386151851059844,12
규모 식품,0.2860885449078229,9.072533838437774,3.8068430178532013,4
시설물,0.28601959731373766,2.4084444081245207,1.065883941358326,8
인증 대응,0.28580099579475676,2.192344604290537,0.9780594038205676,3
유해,0.28578890618486713,9.534234644655987,4.002711125867982,28
ott,0.2856397080015212,3.1792094782772997,1.3857218502729807,12
대위변제,0.28550202242646294,6.46636575416006,2.742784785008221,13
로봇 수요,0.2851354094217365,2.7853548607787926,1.226502040824384,3
생산자 단체,0.28505692603248545,4.093096874703503,1.7676726398664826,10
헬스,0.2849325964675311,3.76543846241774,1.63323070672411,9
관리 인프라,0.2847539431885797,1.593019714347091,0.7351959020378598,4
조선소,0.28469550837346136,1.7501655358145316,0.8005076971387812,4
검증 장비,0.2846863110705471,1.1657119515345031,0.558466892631575,3
창업기업 역량,0.28461802229644667,0.8689640365837972,0.4357175112230439,3
성장 환경,0.2845949245146158,2.917840413929819,1.2847930664959297,7
기술 성과,0.28442985695150186,1.1436844964621777,0.5500986392136247,4
공모,0.28402543430140903,2.5917693432009594,1.1530369442149335,34
순환 이용,0.2837087086334729,5.486161469211884,2.359537850454683,4
자동 스마트,0.28370579134157314,1.091524317548941,0.530529965209637,5
국내 우수,0.28363546482279484,1.7539438984141027,0.8065245499943559,15
업그레이드,0.2835135914877139,2.00718996289728,0.9125389721859971,4
부품 모듈,0.28326383987445203,4.206335798490834,1.8309988329740658,7
활용 현장,0.28325946650671074,0.7001121520580642,0.3685433862885166,5
혁신 성장,0.2832416200276481,4.4772488883755175,1.9442163659092468,59
경쟁력 중소,0.2832313794834242,0.0,0.07653411176118007,4
경제 활성,0.28318255802250036,3.0207784234170965,1.3370518169926187,78
침수,0.28297314534684537,11.57128630871756,4.91005771534433,3
스마트공장,0.2828991858588778,7.109504299664759,3.0474863653969364,15
시장 거래,0.2827980716342264,2.033570450206063,0.9269667330152729,6
미디어 콘텐츠,0.2826533890038064,0.7843328877289828,0.4050302929578605,5
인증 업체,0.2823364997395181,11.494783180753203,4.893600095871645,11
사업자 지역,0.2823222410151809,4.422793955439973,1.9304576660162132,6
방송 사업자,0.2823222410151809,4.422793955439973,1.9304576660162132,6
기술개발 주요,0.28213254666078186,0.8058428807353505,0.4152234387705142,3
전시품 샘플,0.2820017785858363,2.7355863405861967,1.2254560857303283,4
물질 기술,0.2818738420064467,2.8591320849684996,1.278148490132039,3
기술 관리,0.2818738420064467,2.8591320849684996,1.278148490132039,3
몬트리올 의정서,0.2818738420064467,2.8591320849684996,1.278148490132039,3
의정서,0.2818738420064467,2.8591320849684996,1.278148490132039,3
몬트리올,0.2818738420064467,2.8591320849684996,1.278148490132039,3
관리 몬트리올,0.2818738420064467,2.8591320849684996,1.278148490132039,3
적기,0.28176372209523637,3.1297124605781765,1.3925701581569987,7
이노비즈 메인비즈,0.2816971241739817,1.9798565257787466,0.9097123274685804,3
메인비즈,0.2816971241739817,1.9798565257787466,0.9097123274685804,3
부담 방송,0.2816971241739817,1.9798565257787466,0.9097123274685804,3
제작사 tv,0.2816971241739817,1.9798565257787466,0.9097123274685804,3
벤처 이노비즈,0.2816971241739817,1.9798565257787466,0.9097123274685804,3
제작비 방송,0.2816971241739817,1.9798565257787466,0.9097123274685804,3
이노비즈,0.2816971241739817,1.9798565257787466,0.9097123274685804,3
유도 벤처,0.2816971241739817,1.9798565257787466,0.9097123274685804,3
라디오,0.2816971241739817,1.9798565257787466,0.9097123274685804,3
기술력 비용,0.2816971241739817,1.9798565257787466,0.9097123274685804,3
스타 사회,0.2816971241739817,1.9798565257787466,0.9097123274685804,3
혁신 방송사,0.2816971241739817,1.9798565257787466,0.9097123274685804,3
지식재산 스타,0.2816971241739817,1.9798565257787466,0.9097123274685804,3
광고 혁신,0.2816971241739817,1.9798565257787466,0.9097123274685804,3
방송사,0.2816971241739817,1.9798565257787466,0.9097123274685804,3
방송사 광고,0.2816971241739817,1.9798565257787466,0.9097123274685804,3
광고 시장,0.2816971241739817,1.9798565257787466,0.9097123274685804,3
에너지,0.2816468944428011,7.227913383461164,3.116476703908822,116
제조 생태,0.28154258537580007,4.342459139624654,1.9043055544305585,3
주민,0.2814741488140062,5.27536285235723,2.29753793758134,8
국민 생명,0.281444820983089,0.7798363765841215,0.40586174896051136,3
소통,0.28123517853405866,0.9986131613948556,0.4985060105093171,6
안전 검증,0.2811573237640096,1.513773459870963,0.7158395938465392,3
더빙,0.28100084034841033,2.4963127976450394,1.1308600704539726,3
탄소중립,0.28083622242008266,4.877769344026398,2.137120904634619,86
생물,0.28058915962714914,3.281099567264971,1.4649619774438527,6
병원 맞춤,0.2805149448610813,0.0,0.07824362272306513,3
고도 맞춤,0.2805149448610813,0.0,0.07824362272306513,3
소재 연구개발,0.2805149448610813,0.0,0.07824362272306513,3
농산 업체,0.28041454312317904,4.5288118495593235,1.9940786933216978,6
농산,0.28041454312317904,4.5288118495593235,1.9940786933216978,6
시장 변화,0.28031072869457413,1.9011675881848145,0.8830164831773362,4
리딩,0.2800378056751548,0.0,0.07854732106421462,3
연계 규모,0.2799881428606299,1.223701252286002,0.5973228190432929,3
활성 홍보물,0.2799150109108231,1.4308199204091738,0.6853900255558013,3
도면,0.27988692018133743,0.7572155222199833,0.3997989046927177,4
정보 네트워크,0.2794404162359892,1.7360778062299378,0.8168797973401378,3
네트워크 통신,0.2794404162359892,1.7360778062299378,0.8168797973401378,3
제품 품질,0.27943157094247245,1.881093002462368,0.8785618784835567,7
ai,0.27934453950023186,5.429952933281421,2.3881879938154755,206
기관 공공,0.2790941066884082,5.142541917338778,2.2688442928885686,13
컨설팅 전문가,0.2790265544628391,1.2761227958871513,0.6227497076991964,3
관리 제도,0.278969608183246,4.495402862081793,1.9945575301206393,10
제어 기술,0.2788825080528485,1.1890568785047242,0.5861200054122268,4
현장 문제,0.27877941507799425,2.068294592788141,0.9614116655782143,4
활성 초기,0.27840724642172476,0.7977063601231834,0.42041863029200666,3
물질 개발,0.27826755673383746,2.240306269898803,1.0375355500446841,6
니즈,0.2782665816712967,1.1348982355514938,0.5649166811738744,4
dx,0.27823138447699863,2.2192152643551926,1.0287122785917449,16
통신 소자,0.27796219272590156,2.2542820322434216,1.0451754277157805,3
출연연 연구,0.27780714809283735,1.7888637219722467,0.8465734521109187,11
활용 업체,0.27765069948362187,5.459673854789961,2.4215745786321516,6
컨설팅 서비스,0.27759597850435563,2.0742016500404272,0.96992421070318,6
비용 전시품,0.27752931649322926,2.8217780354052717,1.2910707997424722,3
융합,0.27739774117026555,4.6864258416686395,2.0926529245232643,166
조선업계,0.2771878451454049,4.54225198133543,2.0329234399762397,3
선사 조선업계,0.2771878451454049,4.54225198133543,2.0329234399762397,3
조선업계 선박,0.2771878451454049,4.54225198133543,2.0329234399762397,3
운송 비용,0.27690106721730734,2.5535329136533016,1.179808786571184,4
ev,0.2768402917341514,1.4455016446484668,0.7030546338800707,3
특정 물질,0.27675199898271774,3.751066525542627,1.6966203414147125,3
산업 해양,0.2767044515245155,1.5660103677741173,0.7554931402316273,4
기술개발 유도,0.2766375955750565,2.6497748083922814,1.2229131449559056,4
우위,0.27653469774966366,1.499669459138365,0.7275661583362099,15
표시,0.2762588320554125,0.6989902851420494,0.38285678339191,4
우주,0.27611147115909623,1.8145413701360276,0.8652949694784287,15
서비스 ott,0.2760572285220928,0.4931037005738504,0.2942893215705194,3
소비자,0.2759621865284314,3.835831354032379,1.7401931030866586,33
해류,0.2756998461829538,1.528942021124889,0.7434978308346543,4
해양 재난,0.2756998461829538,1.528942021124889,0.7434978308346543,4
업종 평균,0.2756936608337883,0.8794744739978624,0.4622478261762239,4
시행령 별표,0.2756936608337883,0.8794744739978624,0.4622478261762239,4
기준 노동,0.2756936608337883,0.8794744739978624,0.4622478261762239,4
별표 업종,0.2756936608337883,0.8794744739978624,0.4622478261762239,4
기본법 시행령,0.2756936608337883,0.8794744739978624,0.4622478261762239,4
온실가스 관리,0.27568179985371866,3.61746478795216,1.648130934406481,3
개발 생산,0.2756617615601702,1.310760839096565,0.6491431166508882,8
표준 적용,0.2755930067921301,4.532932798278274,2.045561578387159,5
국민,0.2752383519441225,7.33678962924482,3.2663704354804644,261
조달청,0.2750612444347722,2.6535913273794427,1.23465604777845,6
선점 시장,0.27497979811782486,2.8705483615588525,1.3294785111524487,4
설계 해석,0.274912684940651,0.7468429596420698,0.4065909276798316,3
현대 자금,0.27488215686784306,4.378794734277569,1.9860154455181995,3
유망 ict,0.2746505998693672,4.263504411060912,1.9381904273863804,7
지역 특성,0.2742174032745341,2.053098916818847,0.9781120823276896,7
서비스 관광,0.2741829872668725,4.645393681809488,2.1095137396924213,8
가치 혁신,0.27363840136794376,1.457334818843252,0.7204174371313934,4
배출 저감,0.2735040321981656,2.9127178781270526,1.3582097637809067,11
완성차,0.27345507741262487,0.853736557131685,0.45676469460270736,3
비용 기술,0.27336836442754914,0.7415966889163078,0.4078495106660107,4
중견 연구,0.2731632861058017,0.853736557131685,0.45750975915080877,3
상품 생산,0.27300922737489036,0.9479127028719485,0.49924373403580563,4
진단 고도,0.27289864999950636,2.1305841022510505,1.018989618962858,3
일자리 지역,0.27280877660435915,6.566359433650701,2.9685885021195113,19
민원,0.2727943026875069,0.539898911941377,0.3205414198448284,7
집적,0.2726833199545745,3.8535619590581414,1.7777196083294822,24
특성 고려,0.2723653416389781,2.001094411423895,0.9648421994962695,6
혁신,0.2721283127748532,3.857572517239728,1.7846131397965774,409
희망자 초기창업,0.2714232504593706,2.6410053470315327,1.2528388634032706,3
건설 기술,0.2714232504593706,2.6410053470315327,1.2528388634032706,3
건설 센터,0.2714232504593706,2.6410053470315327,1.2528388634032706,3
예비창업자 확장,0.2714232504593706,2.6410053470315327,1.2528388634032706,3
확장 초기,0.2714232504593706,2.6410053470315327,1.2528388634032706,3
산업 체질,0.2714232504593706,2.6410053470315327,1.2528388634032706,3
초기창업 일반,0.2714232504593706,2.6410053470315327,1.2528388634032706,3
창업 건설,0.2714232504593706,2.6410053470315327,1.2528388634032706,3
기여 예비창업자,0.2714232504593706,2.6410053470315327,1.2528388634032706,3
주기 창업,0.2714232504593706,2.6410053470315327,1.2528388634032706,3
창업 희망자,0.2714232504593706,2.6410053470315327,1.2528388634032706,3
건설 창업,0.2714232504593706,2.6410053470315327,1.2528388634032706,3
기여 스마트,0.2714232504593706,2.6410053470315327,1.2528388634032706,3
확산 기여,0.2714232504593706,2.6410053470315327,1.2528388634032706,3
창업기업 주기,0.2714232504593706,2.6410053470315327,1.2528388634032706,3
체질,0.2714232504593706,2.6410053470315327,1.2528388634032706,3
생태 기여,0.2714232504593706,2.6410053470315327,1.2528388634032706,3
센터 스마트,0.2714232504593706,2.6410053470315327,1.2528388634032706,3
체질 창업,0.2714232504593706,2.6410053470315327,1.2528388634032706,3
건설 산업,0.2714232504593706,2.6410053470315327,1.2528388634032706,3
농산물 수급,0.27141501174189414,5.3689077390419255,2.460019439523635,10
안전 기술,0.27140111390583294,10.502492603434597,4.7320223091000155,14
제작 시험,0.271399360750107,1.9124055588313482,0.9305574667477773,13
자동 지능,0.2713808793153186,1.6834600251350333,0.8293207559069857,5
신체,0.271264015807605,1.214891508560131,0.6223356260192413,7
국비 국민,0.2712628657198236,10.715399570836759,4.829653441014935,11
디자인 컨설팅,0.27126120686475874,7.543020120302611,3.4247897163732826,16
수출 물류비,0.2712366595523983,1.0392226123215758,0.5446231355851348,3
산업 실태,0.27118343188414024,2.358054306686146,1.1290645902817134,11
융합 활성,0.27106175871982746,6.0613199683735415,2.7714570638937124,4
문화 융합,0.27106175871982746,6.0613199683735415,2.7714570638937124,4
선점 글로벌,0.2709734852636998,2.083208230556065,1.0084236681599412,11
음원,0.2708590445487381,0.9871735927857038,0.5226635197763052,3
개설,0.27083545767585426,1.462268213078697,0.7335838891354894,7
국외 여비,0.2707241842993589,1.0479100725555168,0.5500254418036457,3
개발 도시,0.2706991315113567,2.2024294113134086,1.0628432535749204,3
변화 선제,0.27069457032208205,1.9610687706587795,0.9556741246089524,3
적용 제품,0.27069457032208205,1.9610687706587795,0.9556741246089524,3
대응 친환경,0.27069457032208205,1.9610687706587795,0.9556741246089524,3
설계 적용,0.27069457032208205,1.9610687706587795,0.9556741246089524,3
국내 종자,0.270510136962398,3.266230312024184,1.5368140089202387,5
제품 고도,0.27036303782216337,2.191862156724996,1.0600390385698686,13
환경 적정,0.27023145886163624,2.103406140388736,1.0214017622813583,3
적정 기술,0.27023145886163624,2.103406140388736,1.0214017622813583,3
중견 사업장,0.27014061534908573,2.11083565153215,1.0252043977090506,3
공정 보급,0.27014061534908573,2.11083565153215,1.0252043977090506,3
서비스 기술,0.2697595222615897,5.82800906740117,2.6860299656761253,19
개발 현지,0.26968877610788977,0.714865456150223,0.40451368917182395,3
기술 가상,0.26968339395379237,0.50816679198967,0.3122536346083835,3
시험분석 시제품,0.26958896764191326,1.4308199204091738,0.7245070491690326,3
마케팅 활성,0.26958896764191326,1.4308199204091738,0.7245070491690326,3
광고 디자인,0.26958896764191326,1.4308199204091738,0.7245070491690326,3
디자인 박람회,0.26958896764191326,1.4308199204091738,0.7245070491690326,3
제작 매체,0.26958896764191326,1.4308199204091738,0.7245070491690326,3
시장 경쟁,0.2695367578427548,2.8705483615588525,1.3679012553542793,4
eu,0.26945230346511734,4.858060287146305,2.2567979661115123,13
소재 디지털,0.26934851544232424,0.0,0.08563310036400233,4
고려 지자체,0.26926562325655284,0.9417985250694053,0.5070122720461416,6
적용 확산,0.2691738947091358,2.11083565153215,1.0304951799616304,3
사업장 유해,0.2687194233760711,3.019339111542762,1.4405533112901017,3
ai 적용,0.2686757055963701,0.9683323754978415,0.5205917585055819,5
관리 방법,0.2686397888612362,0.9258958401797631,0.5016511835841385,3
공공 부문,0.2684773782362807,2.530575929554917,1.2228598048633106,3
시설 안정,0.268472387192481,2.6497748083922814,1.2764324525791153,4
공정 컨설팅,0.2684475945882837,3.648860574229558,1.72541374073674,6
보장,0.268167270241549,0.8454668243787774,0.4667979348105862,17
대학 국공립,0.2678117830316929,1.9532909808013352,0.967012121356089,7
수출 자금,0.26780093939733435,6.806833826738976,3.154595599145371,4
신용보증,0.2674228396254543,18.9895904319707,8.662243828257562,23
건전,0.2672321733778718,1.669018832150289,0.8415288171960745,7
해외 의존도,0.26673790714399803,2.2657103820455,1.1141803178484875,11
tech bridge,0.26668592392675117,1.1512087202710317,0.6093074312355207,3
bridge,0.26668592392675117,1.1512087202710317,0.6093074312355207,3
약정,0.26659304944807954,2.39078038034867,1.171761784824035,4
드론 실증,0.2665098652198176,2.928506683918176,1.4162424031721508,5
역량 소상공인,0.2663135342093871,0.7978044083925243,0.45006772735834233,4
모델 구현,0.26613671811024914,0.5392982614120906,0.3330149029575637,3
대학 출연연,0.266040576672865,7.570946470629902,3.5310590074759154,70
컨설팅 혁신,0.26593546034914456,1.762780617225758,0.8901252841081653,4
출연연,0.26590499590623906,10.107938896120949,4.688122638545006,92
초기 시장,0.26572734704557893,0.753431747160165,0.431359054832808,5
해소 해외,0.26562730720072336,1.8246647999588026,0.9198144018637072,6
제조,0.26536909652177865,8.485519265874444,3.960768576608869,216
자금 수요,0.2653262922440987,1.2926464309442403,0.6784736753030284,5
한류,0.2651450912877672,4.03098692723796,1.9302252775451396,8
형식,0.26494360548711193,4.058797865107932,1.9449937874612693,6
통신 인프라,0.26490147767059674,1.0119656329616686,0.5516678392321298,4
국산 개발,0.2645628058835872,0.6957108918212231,0.4077945801562839,9
상표 출원,0.2645505641848801,0.0,0.0889997859352804,4
스마트 건설,0.2645298631542547,5.5424462757185635,2.6292230344590926,3
종자,0.26440930114259537,10.619835930203097,4.959390938935329,9
개발 결과물,0.26440677326335127,0.4538446855071958,0.29723987485178915,4
해외 수주,0.2643925174511784,0.5579292379541874,0.3450029502242159,3
안정 유지,0.26400062019271103,4.737528941035101,2.266611448506403,4
생산 공급,0.263700129199683,2.2339579486957915,1.1178550193204235,3
특구,0.2635170675127282,2.1529644501945087,1.0816420267949431,16
협력 기술개발,0.26344545853568746,2.6786471329794614,1.3243384768127942,10
적용 가능,0.2632893296791815,2.0203766346886662,1.0218142850538734,18
공정 kpi,0.2629858590805651,2.350129256315831,1.1758314524498288,3
드론 이용,0.262960641232358,3.1345228489387305,1.5384104070085236,3
국민 드론,0.262960641232358,3.1345228489387305,1.5384104070085236,3
드론 업계,0.262960641232358,3.1345228489387305,1.5384104070085236,3
제조 사업장,0.2627869029033901,3.7599825957830517,1.8290804796104605,6
성장 패키지,0.26272774901784235,1.6793647982799433,0.8671742189578205,4
채무자,0.26252801792843156,3.829618235408834,1.8638402377076257,5
특허 상표,0.2623114461782297,1.2250782811589904,0.6585461981605756,6
어업 법인,0.2623034509355724,2.9150155623672873,1.442044559625713,3
자금 어업인,0.2623034509355724,2.9150155623672873,1.442044559625713,3
법인 기술개발,0.2623034509355724,2.9150155623672873,1.442044559625713,3
자금 수산,0.2623034509355724,2.9150155623672873,1.442044559625713,3
보유 어업,0.2623034509355724,2.9150155623672873,1.442044559625713,3
기술개발 저리,0.2623034509355724,2.9150155623672873,1.442044559625713,3
우수 기술사업화,0.2623034509355724,2.9150155623672873,1.442044559625713,3
맞춤 어업인,0.26225028083184526,3.0859962054092653,1.5217444719535185,3
센터 해양,0.26225028083184526,3.0859962054092653,1.5217444719535185,3
수산 창업자,0.26225028083184526,3.0859962054092653,1.5217444719535185,3
창업자 유망,0.26225028083184526,3.0859962054092653,1.5217444719535185,3
실태,0.26186347271186344,2.4331434824545317,1.2215340974439826,31
채널,0.26182804117713776,1.7796547052815346,0.91805863751796,33
법정,0.2616255365637701,5.943777507699587,2.8563769086669226,6
거점,0.2614542918573528,3.7282144058224427,1.8272791582909165,46
제품 인증,0.26103856772531325,2.581560160647962,1.296236929841912,5
유전자,0.2609953083455951,0.8423757202709237,0.48476016172317316,4
매출,0.26099332290662125,1.1879914596092869,0.6460863328744392,23
감시,0.26092040033403086,2.513425780877095,1.2652473569311926,15
스포츠 성장,0.2608818863749324,6.994494373418545,3.358316409442517,3
소재 활용,0.26086740241859996,0.7113135069995056,0.42390000101623443,4
국제 경쟁력,0.26053740898008754,3.3862851216208885,1.6762465824353145,18
제도 이행,0.2603202168123455,2.1040171391921336,1.077584810724475,4
다이버,0.2602606709586605,0.9934321766584505,0.5575788871985178,3
산업 디지털,0.26006072374890465,1.1817270671664264,0.6465259652038233,4
전파,0.2599609813943658,4.33417597855608,2.1262408880146224,39
기술개발 ict,0.2598219753464543,1.2548729551177262,0.6817410247248195,6
산업 금융,0.2598193248240617,4.602783151735832,2.253986696845704,3
규제 정보,0.2593661064201848,6.499934928044375,3.1524639725997394,4
아시아,0.2593222726197402,1.8396171312255618,0.9589629357413398,8
실태 조사,0.25928262469446745,2.4331434824545317,1.2386807887532005,31
금융 기술,0.2592346476513433,4.196013874424261,2.06939930688198,3
시험 기술,0.2590330244341696,1.2152205854913625,0.6660542666345223,5
해양심층수,0.2589643862921808,0.0,0.09307674200261143,3
해양심층수 활용,0.2589643862921808,0.0,0.09307674200261143,3
모빌리티 부품,0.2589643862921808,0.0,0.09307674200261143,3
저감 수중,0.2588812193442525,0.9099131841498697,0.5225414589791451,3
환경 유해,0.2588059219577091,4.815179334383063,2.3664477223811984,5
전략 협업,0.25875178567652857,1.4415347611771874,0.7739780200415719,3
마케팅 시장,0.25860566251325645,4.230157222371898,2.092494071113873,7
방향 제시,0.25822330220667866,2.116315406852768,1.0957876625977023,4
상표,0.25820986515773686,2.033178503509927,1.0564967595961239,7
이어달리기,0.258131445009672,2.200808535184262,1.1363672770034214,4
기술 접목,0.2579369672336776,1.157350018836753,0.6427157664991356,10
청정 공정,0.2576174825441265,4.831860148820527,2.389411749167042,4
위협,0.25748472026466995,1.3621392492265294,0.7417059561107129,7
연관 우수,0.2573929000691943,4.935550380710534,2.441593680372084,3
지속 가능,0.257179022251216,2.198588054399623,1.1412322836961988,40
광고,0.25663043532526075,6.881539570150188,3.380773662167419,23
국내 상하수도,0.25643571176059554,2.733262789830029,1.4014491228923802,3
기준 산업,0.25643571176059554,2.733262789830029,1.4014491228923802,3
제도 기술개발,0.25643571176059554,2.733262789830029,1.4014491228923802,3
상하수도 시설,0.25643571176059554,2.733262789830029,1.4014491228923802,3
안정 일정,0.25643571176059554,2.733262789830029,1.4014491228923802,3
일정 기준,0.25643571176059554,2.733262789830029,1.4014491228923802,3
산업 진흥,0.2561264862872939,3.229183350487603,1.641235086539498,9
개발 중심,0.25600748945129037,1.7820849082131103,0.9490392872164448,4
문화 콘텐츠,0.25592845974414663,15.774762969152883,7.6556227680514635,14
가공 연구개발,0.2555063101694276,2.9097213145624092,1.4933073381927908,3
산업 소재,0.25538303256381406,0.3540179942693459,0.26593896983685833,3
센싱 기술,0.2552814097069964,0.7324342196078213,0.44808646025592963,3
국민 민간,0.2552814097069964,0.7324342196078213,0.44808646025592963,3
교육 수중,0.2552814097069964,0.7324342196078213,0.44808646025592963,3
활용 신체,0.2552814097069964,0.7324342196078213,0.44808646025592963,3
도면 기술,0.2552814097069964,0.7324342196078213,0.44808646025592963,3
기술 근접,0.2552814097069964,0.7324342196078213,0.44808646025592963,3
신체 건강,0.2552814097069964,0.7324342196078213,0.44808646025592963,3
선박 표준,0.2552814097069964,0.7324342196078213,0.44808646025592963,3
레저 안전,0.2552814097069964,0.7324342196078213,0.44808646025592963,3
수중 센싱,0.2552814097069964,0.7324342196078213,0.44808646025592963,3
건강 모니터링,0.2552814097069964,0.7324342196078213,0.44808646025592963,3
장비 안전,0.2552814097069964,0.7324342196078213,0.44808646025592963,3
민간 대학,0.2552814097069964,0.7324342196078213,0.44808646025592963,3
지침서 시제품,0.2552814097069964,0.7324342196078213,0.44808646025592963,3
지침서,0.2552814097069964,0.7324342196078213,0.44808646025592963,3
공개 기술,0.2552814097069964,0.7324342196078213,0.44808646025592963,3
근접,0.2552814097069964,0.7324342196078213,0.44808646025592963,3
시제품 공개,0.2552814097069964,0.7324342196078213,0.44808646025592963,3
이동 드론,0.2552814097069964,0.7324342196078213,0.44808646025592963,3
기술 지침서,0.2552814097069964,0.7324342196078213,0.44808646025592963,3
제작 도면,0.2552814097069964,0.7324342196078213,0.44808646025592963,3
모니터링 국민,0.2552814097069964,0.7324342196078213,0.44808646025592963,3
근접 이동,0.2552814097069964,0.7324342196078213,0.44808646025592963,3
산업체 브랜드,0.255236153323893,1.7773720235033184,0.950830375653696,3
판로개척 인센티브,0.255236153323893,1.7773720235033184,0.950830375653696,3
글로벌 서비스,0.2551794834895903,1.7736576042866081,0.9493416046945214,4
경기력,0.2551228387833954,3.3739970572026396,1.719877542396958,6
제작 컨설팅,0.25499420992226857,1.8962180244489277,1.009344340258815,5
대체 식품,0.254889874215241,6.768695153695474,3.3579108638062425,6
개발 상용화,0.25468397270996,1.6262221498764988,0.8808276959139247,8
시범 도시,0.25462501703161344,3.0440223620509705,1.5652904595552057,3
스마트시티 시범,0.25462501703161344,3.0440223620509705,1.5652904595552057,3
관리 과학,0.2543873152130476,2.654255580853536,1.3789937798813883,4
재난 관리,0.2543873152130476,2.654255580853536,1.3789937798813883,4
판로개척 재난,0.2543873152130476,2.654255580853536,1.3789937798813883,4
산업 재난,0.2543873152130476,2.654255580853536,1.3789937798813883,4
대출 상환,0.2542708071795545,1.9583561731709902,1.0434311590736833,5
산업 우수,0.2542687310429625,5.961800953273171,2.9789769785160383,4
소상공인 지역,0.2540952410893065,5.560090533912943,2.7873586534919204,6
상용화 확산,0.25394926336912343,1.0763399018601132,0.6181424932138778,3
노출,0.2539204814364689,1.6320671855053606,0.8874139937300539,5
중견 수출,0.2536131621939542,1.1191576549112854,0.640102082247442,3
sw 기술,0.2535442237612062,1.5531392155172647,0.8509732644011245,3
구조물,0.2533345517469278,1.383528653680059,0.7695656272121593,4
통신 부품,0.25290681041639734,1.9529901684106838,1.0487260739193824,4
평가 우수,0.25272757014525116,0.7598358930521688,0.46820114995680895,7
연계 디지털,0.2526542041658013,0.0,0.09789894320218039,3
종자 산업,0.25219571693289167,6.3962183052848545,3.224705564567639,6
서비스 모델,0.2521782451776926,0.8781206050499462,0.5275341887589732,4
친환경,0.25214754864226663,4.644294072803755,2.368989545940275,77
지도 점검,0.25209784109861566,5.4677300241648155,2.7723286106002174,5
장벽 해소,0.25201335973448147,3.030858170027559,1.5813074904844993,3
철도 용품,0.25201335973448147,3.030858170027559,1.5813074904844993,3
중견 철도,0.25201335973448147,3.030858170027559,1.5813074904844993,3
용품 국제,0.25201335973448147,3.030858170027559,1.5813074904844993,3
품질 기억,0.25201335973448147,3.030858170027559,1.5813074904844993,3
기억,0.25201335973448147,3.030858170027559,1.5813074904844993,3
기억 장벽,0.25201335973448147,3.030858170027559,1.5813074904844993,3
수출 일반,0.25201335973448147,3.030858170027559,1.5813074904844993,3
해외 철도,0.25201335973448147,3.030858170027559,1.5813074904844993,3
수주 우수,0.25201335973448147,3.030858170027559,1.5813074904844993,3
국민 중견기업,0.25201335973448147,3.030858170027559,1.5813074904844993,3
철도 수주,0.25201335973448147,3.030858170027559,1.5813074904844993,3
취득 품질,0.25201335973448147,3.030858170027559,1.5813074904844993,3
주변,0.2519163920793216,1.54487203016433,0.8547256989039662,12
가격,0.2518491422430635,8.20914621748494,4.118514607870427,38
우위 가능,0.25179116965686105,2.9609923825250695,1.5490085269826523,3
부품 상용화,0.2514651040615667,1.0460721982807224,0.612137405582946,5
연차,0.2510025707724905,0.9550185480010482,0.5689778694632615,5
컨설팅 방송,0.2503976791919032,1.3044273110353874,0.7434038936333297,3
기술 지도,0.2501890530664623,9.674968082236571,4.879657885824849,27
안내서,0.2501845111577287,2.826615210755084,1.4963437199437846,5
기술 인프라,0.24996514774340123,0.5646365511369318,0.37931345904512115,4
공동 활용,0.24941299019790922,1.5783770016792655,0.8834860140842686,22
유해 대기,0.24902243547561187,5.345575409806776,2.7582068186616233,6
개량,0.24901604511523578,1.7652963468935128,0.978394041890031,10
교육 기관,0.2489082706919634,1.2163918701056022,0.7059459185268774,10
제작 제작,0.24890073701290763,2.5799093661051598,1.38425698544485,6
매출액 미만,0.24886725811179297,3.2046725570361767,1.6953574415445023,7
가능 검증,0.24851474358453873,1.1287028681615383,0.6638286465527488,6
정보 시스템,0.24840646826008905,2.327759203184253,1.2622923492114904,4
종사자 상하수도,0.24836507423577406,5.258055721377359,2.724442487566057,6
공급 일반,0.24836507423577406,5.258055721377359,2.724442487566057,6
상하수도 서비스,0.24836507423577406,5.258055721377359,2.724442487566057,6
분산,0.2481747606652506,3.265954742776275,1.7324447190433414,22
제작 송출,0.24808451704584633,1.9743280488189716,1.0879740821104673,6
맞춤 ip,0.2480782112017261,9.233824979092349,4.715184162847336,4
인증 사회적기업,0.24807615180908885,3.9790151282291135,2.0896681237144987,13
예비 인증,0.24807615180908885,3.9790151282291135,2.0896681237144987,13
인증 제도,0.24793418459728161,6.891178337337923,3.547469519900902,8
시장 수요,0.2478768571150463,0.743995057253192,0.47384809089476143,9
예술 산업,0.24783330960378797,8.967379992609,4.588143665381047,6
관리 서비스,0.24782412001026494,0.976207937073926,0.5901785231307818,3
가공 기술,0.24771988976913661,1.3698088087996045,0.7875756715056439,4
자원 순환,0.24765815541834993,2.197053596514982,1.2021143059157628,10
녹색 인증,0.2475689067256738,2.083603281195803,1.1458743086127452,3
중소 게임,0.24743635208724216,5.383649520416645,2.8012658005532813,6
해양 환경,0.24731556611603914,1.3513824016421263,0.7801514641822394,4
상하수도,0.2471300855409526,7.007479838210916,3.6214396234527344,6
맞춤 패키지,0.24709782629274735,5.481333109485968,2.855521054149099,6
역량 디자인,0.2469170187404014,1.1257137965073902,0.6684722827380732,3
대학 글로벌,0.24687360508056092,0.585172866728617,0.39680884120709303,3
상담회 참가,0.24660559657644401,2.4205804268079207,1.3217888359582115,7
계약 체결,0.24655533961576856,3.09925743492733,1.6640430678878448,13
전통 식품,0.2463557578148645,1.41523426484691,0.8166483909578978,3
채무자 채무,0.24591451314576218,4.095723368639855,2.173676489161038,4
개발 친환경,0.24578898725499163,1.4581479415317902,0.8410072676060032,6
사회적기업 일반,0.24571728997770279,2.9283885377407604,1.585337315189589,8
vr 게임,0.24531565959509818,2.3821197786762642,1.3118586875788918,4
게임 창업,0.24531565959509818,2.3821197786762642,1.3118586875788918,4
경쟁력 견인,0.24531565959509818,2.3821197786762642,1.3118586875788918,4
모바일 vr,0.24531565959509818,2.3821197786762642,1.3118586875788918,4
고도 게임,0.24531565959509818,2.3821197786762642,1.3118586875788918,4
테스트베드 컨설팅,0.24531565959509818,2.3821197786762642,1.3118586875788918,4
게임 테스트베드,0.24531565959509818,2.3821197786762642,1.3118586875788918,4
공간 모바일,0.24531565959509818,2.3821197786762642,1.3118586875788918,4
진출 고도,0.24531565959509818,2.3821197786762642,1.3118586875788918,4
준비 게임,0.24531565959509818,2.3821197786762642,1.3118586875788918,4
컨설팅 글로벌,0.24531565959509818,2.3821197786762642,1.3118586875788918,4
초기 관광,0.24521150268533398,9.660200995893263,5.00562139814387,8
지역 공동,0.2452077770873727,5.073136044984511,2.678137919660316,5
분석 예측,0.2451843967768983,1.8239303033303025,1.0295504479685609,3
기술 상용화,0.2451593660927435,1.0094780039268363,0.6163159934302321,10
소부장,0.24503183027838008,6.411278928781564,3.3603845875100493,32
실시간,0.24482356124513754,2.216511150192243,1.2312773794002387,22
환경 유사,0.24470358850366228,0.46995343045910437,0.34344527881412007,3
수산 연관,0.24463959774119468,8.330239024962678,4.344349057756265,7
산업 국제,0.24443926840811508,4.764131759191456,2.5320523479010166,10
kpi,0.2442665136755148,2.339798172052002,1.298024727238081,3
서비스 공급,0.2441438990407777,4.327088154900518,2.3131402058434567,7
산업 핵심,0.24389893544088245,2.165160226653801,1.2114675228180358,17
처리 시스템,0.24377459057493553,0.7734881360954944,0.5006507983886357,3
검증 창업,0.2436356966028318,1.9804152978049452,1.1187248003351298,4
지역 주민,0.243603210732429,4.968960366510961,2.6486229038669276,6
패키지,0.24358531347418239,2.4966915911397383,1.3833270035639784,68
친환경 설계,0.2435429189514215,1.5055607753689555,0.8761787683046706,4
시제품 테스트,0.24353378356245092,1.045254499454914,0.6405273206196952,3
어린이,0.24338538119002592,3.2143486246452526,1.7526522494092025,10
유통,0.24338253154431702,6.678258525980451,3.5278138767731155,117
자원 활용,0.2432593359230693,3.3364842623759685,1.816518932741741,12
국제 표준,0.2432540910690637,2.4697151379395192,1.3720730086447783,13
연구 시설,0.24320542790696179,0.42901798431683874,0.3256559608984635,8
확정,0.24305369561360615,1.0873019513932352,0.6639167713416103,9
스마트팜 표준,0.24303442678516893,3.789734109346704,2.0515160496568052,3
고급,0.24252970847002256,4.957365604170288,2.6584451355710392,40
식품 클러스터,0.2423782980033577,0.5269660923479362,0.377819756600004,3
관광 혁신,0.24232369700928952,2.7187179729593764,1.5076303643021245,4
발행 회사채,0.24218222916266063,3.005499375151022,1.6567594530878886,5
어업법인 수산,0.2420452374612039,5.431623950381558,2.910417742702065,7
연관 기업체,0.2420452374612039,5.431623950381558,2.910417742702065,7
어업법인,0.2420452374612039,5.431623950381558,2.910417742702065,7
어업인 어업법인,0.2420452374612039,5.431623950381558,2.910417742702065,7
부품 공정,0.24188848206533672,1.9408069803588521,1.109422445906081,3
항공 우주,0.24188848206533672,1.9408069803588521,1.109422445906081,3
혁신 서비스,0.2415875742790517,0.872443257212448,0.5584516162419745,7
고온,0.24150967400241308,0.0,0.1070310442284826,3
고급 마케팅,0.24126452017401617,1.8242018999398253,1.052928297568342,5
컨설팅 시제품,0.24120217265328853,3.980785459626785,2.171682218486438,13
선사,0.2411414119770986,4.290146120698848,2.332903938361309,5
해운 선사,0.2411414119770986,4.290146120698848,2.332903938361309,5
정밀 조사,0.2411208552082632,0.6662660642613916,0.4530359867907958,8
마켓 참가,0.2406990445296336,3.140565103206937,1.740873905883393,6
대학 공공,0.24057302920060789,4.580450490735339,2.4913900419590025,6
사회적기업 판로,0.24026502883234374,1.6988072477471388,0.9936129561624634,5
수로 정보,0.24015941322458503,1.244224406396902,0.7571269396894695,3
가능 수로,0.24015941322458503,1.244224406396902,0.7571269396894695,3
선박 용수,0.24015941322458503,1.244224406396902,0.7571269396894695,3
수로,0.24015941322458503,1.244224406396902,0.7571269396894695,3
용수 정보,0.24015941322458503,1.244224406396902,0.7571269396894695,3
질병,0.24007948866555556,3.3253800385918444,1.8433939798300976,19
국내 sw,0.24004229787818177,5.959909831852769,3.2187153953102468,10
원료 수급,0.23963020488762787,4.272883231505201,2.343677086368199,3
자조 우수,0.23963020488762787,4.272883231505201,2.343677086368199,3
자조,0.23963020488762787,4.272883231505201,2.343677086368199,3
품평회 개최,0.23963020488762787,4.272883231505201,2.343677086368199,3
품질 자조,0.23963020488762787,4.272883231505201,2.343677086368199,3
개최 종균,0.23963020488762787,4.272883231505201,2.343677086368199,3
수출 품평회,0.23963020488762787,4.272883231505201,2.343677086368199,3
조절 품질,0.23963020488762787,4.272883231505201,2.343677086368199,3
우수 김치,0.23963020488762787,4.272883231505201,2.343677086368199,3
홍보 수출,0.23963020488762787,4.272883231505201,2.343677086368199,3
선발 홍보,0.23963020488762787,4.272883231505201,2.343677086368199,3
김치 선발,0.23963020488762787,4.272883231505201,2.343677086368199,3
김치 원료,0.23963020488762787,4.272883231505201,2.343677086368199,3
검정 바우처,0.23949974397051796,3.725297599509316,2.0587604173699603,3
제작 apec,0.2394380260640251,2.121785304484067,1.2198386560031298,3
센터 홈페이지,0.2394380260640251,2.121785304484067,1.2198386560031298,3
vc 국제,0.2394380260640251,2.121785304484067,1.2198386560031298,3
apec vc,0.2394380260640251,2.121785304484067,1.2198386560031298,3
교육 센터,0.2394380260640251,2.121785304484067,1.2198386560031298,3
접목,0.23893904339382538,1.0696748744935272,0.6709030680954127,19
탄소중립 기여,0.23890307451960027,1.7291333887278482,1.017370200002849,14
환경 사회,0.2388782320604413,0.7931026545977231,0.5258783150406456,4
소재 부품,0.238790022754403,4.803175574481538,2.6334176711770225,43
매장 입점,0.23866267896800397,1.2298829653288126,0.7562469646784399,3
마케팅 기본법,0.23860885303787238,0.0,0.10954796673895381,4
무역 전문,0.23860885303787238,0.0,0.10954796673895381,4
개척 애로,0.23860885303787238,0.0,0.10954796673895381,4
취약 무역,0.23860885303787238,0.0,0.10954796673895381,4
마케팅 능력,0.23860885303787238,0.0,0.10954796673895381,4
애로 수출,0.23860885303787238,0.0,0.10954796673895381,4
육상,0.23854140040292762,2.990539750007634,1.6832626352266469,7
공정 제어,0.23836505797160812,0.6754735853875395,0.4655493641117265,3
조사 정보,0.2383315870479236,0.4965617473726908,0.37139017547547515,6
기술 성능,0.23792204480779033,0.954287849077711,0.6140265075472817,5
데이터 이용,0.23789604527295097,1.641350953351344,0.9769500319844415,4
이용 활용,0.23789604527295097,1.641350953351344,0.9769500319844415,4
위탁,0.23778569529549115,1.9006259047527914,1.114578185556186,28
상환 부담,0.2377213289508829,2.598351218679526,1.4838060776257365,4
혁신 인프라,0.23762372906101706,1.1881378715281568,0.7387989796779111,5
구현 기술개발,0.23757873505333535,0.540816400305023,0.39655454356299075,3
분석 특허,0.2370896667726771,1.781564380388173,1.0559083296551426,3
원료 수입,0.23686083050941445,0.9777791344990181,0.6304069407229497,3
가치 상품,0.23686083050941445,0.9777791344990181,0.6304069407229497,3
대체 유도,0.23686083050941445,0.9777791344990181,0.6304069407229497,3
기술개발 폐기물,0.23686083050941445,0.9777791344990181,0.6304069407229497,3
수입 원료,0.23686083050941445,0.9777791344990181,0.6304069407229497,3
생산 바이오,0.23686083050941445,0.9777791344990181,0.6304069407229497,3
산업 원료,0.23686083050941445,0.9777791344990181,0.6304069407229497,3
소재 부가,0.23686083050941445,0.9777791344990181,0.6304069407229497,3
검출,0.23685966746001805,1.3908685139347536,0.8498104232736414,4
공장,0.23672238357881195,5.620393982228287,3.0985773963414895,19
지역 균형,0.23635127069460876,1.7926484033196344,1.0663405808958015,15
유통 채널,0.236218546722059,4.13555673891475,2.315947722881541,21
거래,0.23618028039427158,7.983398766973752,4.367810148789236,71
스포츠 대학,0.235977983145992,1.9927370142073628,1.1754439556195941,6
개발 스포츠,0.235977983145992,1.9927370142073628,1.1754439556195941,6
역량 중소,0.2358172827770957,3.113914997482208,1.775463673129996,6
공장 제조,0.23566927453144115,0.9232664338277813,0.6057705667500217,3
후반,0.235620656997252,1.8601925537542499,1.1069945858243873,6
장비 시험,0.23534132196810648,0.7621409700364746,0.5206660909295107,3
중견 제조,0.23528097881693175,3.37475487236497,1.920663454902782,7
레저,0.23524841595245713,1.9716701234784142,1.1691287686298448,6
라벨,0.23512374752261336,0.7419830461205861,0.5105468809258072,4
sw 중소,0.23470703302470475,4.947867143254145,2.772514289519651,5
생태 게임,0.2346468936167072,1.4910751759325518,0.9148087060032822,3
국외 수출,0.2346468936167072,1.4910751759325518,0.9148087060032822,3
게임 마켓,0.2346468936167072,1.4910751759325518,0.9148087060032822,3
선택 국외,0.2346468936167072,1.4910751759325518,0.9148087060032822,3
주요 게임,0.2346468936167072,1.4910751759325518,0.9148087060032822,3
다각,0.2346468936167072,1.4910751759325518,0.9148087060032822,3
게임 자율,0.2346468936167072,1.4910751759325518,0.9148087060032822,3
기획 게임,0.2346468936167072,1.4910751759325518,0.9148087060032822,3
마케팅 다각,0.2346468936167072,1.4910751759325518,0.9148087060032822,3
중견 대학,0.23454054164149973,9.281572265512638,5.106663166058339,40
해운,0.23452674135103327,5.41592343489937,3.0271829085403197,11
자금 역량,0.23451655458111445,2.0428133835209503,1.212383816831864,3
에코 스타트업,0.23451655458111445,2.0428133835209503,1.212383816831864,3
활동 창업,0.23451655458111445,2.0428133835209503,1.212383816831864,3
역량 아이디어,0.23451655458111445,2.0428133835209503,1.212383816831864,3
환경 허가,0.23451655458111445,2.0428133835209503,1.212383816831864,3
허가 검증,0.23451655458111445,2.0428133835209503,1.212383816831864,3
창업 활동,0.23451655458111445,2.0428133835209503,1.212383816831864,3
구체 시제품,0.23451655458111445,2.0428133835209503,1.212383816831864,3
은행,0.2344757967255354,6.372036125981051,3.5426299501758804,24
확산 기술,0.23412826953844246,1.5139992509911853,0.929962619891249,5
국내 게임,0.23411515883364897,5.267870110966022,2.9544084886935957,6
만화 웹툰,0.2340369818991692,3.539378590537189,2.023177500447443,5
유도 대학,0.23402946122610607,1.6902762079275968,1.02561031234514,7
국산 게임,0.23381638587056286,2.0076472540273413,1.198326277704195,3
게임 콘텐츠,0.23381638587056286,2.0076472540273413,1.198326277704195,3
안전 기술개발,0.23355619064792849,1.8673755068083935,1.1242597547743127,5
게임 제작,0.23329237736568184,2.5242193321221307,1.4818438494051085,3
균형 발전,0.23325006892750327,2.480789513258735,1.458672155297302,32
게임 해외,0.23306634933887516,2.827013392934965,1.648030603369306,3
폐수,0.23267299806732786,2.6234445301466094,1.5411052897745772,18
지재권,0.23253007763553027,10.208958839540845,5.669477844678962,12
활용 다양,0.23245167748359155,2.0468224944424356,1.2292153463460165,5
생태 지역,0.2324402635908739,6.925663624742904,3.8850951386780648,7
기관 첨단,0.23242442961500678,0.0,0.1151236859344827,3
실시간 관측,0.2324090464253683,1.5784081495638347,0.9744950126597774,3
정량 관측,0.2324090464253683,1.5784081495638347,0.9744950126597774,3
재료,0.23238256067687615,1.3762861210835173,0.8645863810427956,7
사업장,0.23230147329399634,12.222255372628368,6.773602972999494,84
유통 홍보,0.23225683464013985,3.404091112349456,1.9702030931286063,5
레저 활동,0.23216197294117807,0.9791209768239774,0.6491838998868248,3
레저 선박,0.23216197294117807,0.9791209768239774,0.6491838998868248,3
도구,0.23207685961472302,1.3313046388147323,0.8416201924221101,4
품질 컨설팅,0.23201617969219052,0.6945758718327207,0.4944950662948779,3
경쟁력 전통,0.23199231893814637,0.0,0.11552437696582088,3
경영 안정,0.23184281897390283,3.8544296065514385,2.2208669075303633,4
기술개발 글로벌,0.23160518571723682,4.820164327597782,2.7520674185794274,12
국내 시장,0.23132193776998458,1.0677245079437294,0.701025791260669,4
기술개발 반도체,0.23129367602650708,1.944330130694765,1.1814074537113777,7
수중 레저,0.23097527103740279,1.384421436270562,0.8763107880045233,3
공공 혁신,0.23071700940608525,5.333568185324554,3.048296702780796,9
국제문화창의산업전,0.23051243852847103,3.0143216242320534,1.7756329102945978,3
해역,0.23010014170575688,1.3388441464202094,0.8557531763656081,6
측정 분석,0.23006071221372978,1.9880690630991396,1.2141227632984075,10
기초 역량,0.23003429105053164,1.9856133377622776,1.2129563516697572,4
현직,0.2296098185197789,1.0177032073565464,0.6806447909547275,3
현장 인재,0.22952762845636865,1.0177032073565464,0.6809844005086227,3
유지 국민,0.22941653570705223,4.886796994696581,2.823751059524178,3
분위기,0.22941653570705223,4.886796994696581,2.823751059524178,3
착한가격업소 이용,0.22941653570705223,4.886796994696581,2.823751059524178,3
활성 물가,0.22941653570705223,4.886796994696581,2.823751059524178,3
생활 물가,0.22941653570705223,4.886796994696581,2.823751059524178,3
분위기 확산,0.22941653570705223,4.886796994696581,2.823751059524178,3
안정 분위기,0.22941653570705223,4.886796994696581,2.823751059524178,3
이용 활성,0.22941653570705223,4.886796994696581,2.823751059524178,3
서민,0.22941653570705223,4.886796994696581,2.823751059524178,3
착한가격업소 활성,0.22941653570705223,4.886796994696581,2.823751059524178,3
소상공인 서민,0.22941653570705223,4.886796994696581,2.823751059524178,3
활성 착한가격업소,0.22941653570705223,4.886796994696581,2.823751059524178,3
서민 생활,0.22941653570705223,4.886796994696581,2.823751059524178,3
방향,0.2292444158848734,1.8055886662618825,1.1188317023068346,13
캐릭터,0.2291538140757722,5.079589587430393,2.934934253768513,5
기상,0.22910920232281545,11.995237294188335,6.771530340367029,4
imo,0.2289343200991518,1.1503481501351829,0.757089106450246,3
수요 충족,0.2286141865246196,0.540816400305023,0.41952156932104706,3
수입 의존도,0.2285661456158023,0.4942173176122159,0.3937231341792163,6
광역,0.2285229156545402,0.8199440748542177,0.5751012364826904,7
푸드테크,0.2284916673927358,11.005346497241446,6.2444668457925925,4
환경부,0.2283874090602683,1.1708258418054103,0.7710003940502219,6
성장 유도,0.2283867898020151,0.7023231466910761,0.5100767138028541,8
개발 주관,0.22836679913850275,0.0,0.11894601224267885,3
수산 중소,0.22833589687435138,2.3284577350856472,1.4161548972845432,6
탄소,0.22823887934072046,5.794171156089539,3.34876824711555,85
업종,0.2279505269061915,5.096113240884966,2.964600414328438,62
소재 생산,0.2279168059544963,9.405386438263825,5.371586367848572,4
데이터 기술,0.22781560431164222,0.540816400305023,0.4216552040193748,3
소비,0.2277512166642104,2.822904288400207,1.697404130305054,27
경쟁력 핵심,0.22770279063183874,1.4206714944453234,0.913889507254501,4
가동,0.22762890052914514,1.524066899749699,0.9721278654341012,7
애니메이션 제작,0.22742112244493798,3.4961841324946628,2.077726478223701,3
경제,0.22726129071991202,3.3227640156732736,1.9824593779647712,149
대학 민간,0.227239052089963,5.143959118952768,3.0036473348526376,17
혁신 자원,0.22678329904879352,0.6733599325127098,0.49893040782814346,4
바이오 헬스,0.2266874086607679,3.7794809885463896,2.245951912227504,6
공익,0.22656620205313718,1.1594654609756936,0.7731602848883525,4
소자,0.22644333713879194,1.7188949397817965,1.0887703292665567,10
물가,0.22641325208782817,8.27406655353933,4.781026145036521,3
착한가격업소,0.22641325208782817,8.27406655353933,4.781026145036521,3
물가 안정,0.22641325208782817,8.27406655353933,4.781026145036521,3
산업 애니메이션,0.226330457807903,2.590325612454702,1.5805513137170644,3
국내 애니메이션,0.226330457807903,2.590325612454702,1.5805513137170644,3
홍보 활성,0.226330457807903,2.590325612454702,1.5805513137170644,3
vr,0.22632130682199267,1.4301910387139496,0.9268723917191843,12
생활 물류,0.22631704670094804,2.135003253837679,1.324084702242277,4
컨설팅 건전,0.22631704670094804,2.135003253837679,1.324084702242277,4
전환 해외진출,0.22631704670094804,2.135003253837679,1.324084702242277,4
거래 질서,0.22631704670094804,2.135003253837679,1.324084702242277,4
신고 센터,0.22631704670094804,2.135003253837679,1.324084702242277,4
선진 물류,0.22631704670094804,2.135003253837679,1.324084702242277,4
건전 물류,0.22631704670094804,2.135003253837679,1.324084702242277,4
물류 업계,0.22631704670094804,2.135003253837679,1.324084702242277,4
물류 생활,0.22631704670094804,2.135003253837679,1.324084702242277,4
디지털 제품,0.22616999315046274,2.991201916221406,1.8081455211940007,3
진출 목표,0.2261288425810545,3.1694336431571783,1.909130912470875,4
성장 해양,0.22611531585443878,1.512509957261189,0.9744659914428072,4
정확도,0.22590383325786104,0.6710002520427523,0.5003613246455926,3
산업 음악,0.22590312437754195,3.7721502156452527,2.2521185923401137,3
베트남,0.22581268327999732,1.2372120875780124,0.8206514169343415,4
보유 공인,0.22575614212400844,0.7763936148291332,0.5604103557912413,3
기여 도시,0.22575614212400844,0.7763936148291332,0.5604103557912413,3
판로개척 고정,0.22575614212400844,0.7763936148291332,0.5604103557912413,3
성장 기여,0.22575614212400844,0.7763936148291332,0.5604103557912413,3
공인 국내외,0.22575614212400844,0.7763936148291332,0.5604103557912413,3
고정 판로,0.22575614212400844,0.7763936148291332,0.5604103557912413,3
판로개척 제품,0.22575614212400844,0.7763936148291332,0.5604103557912413,3
품질 성장,0.22575614212400844,0.7763936148291332,0.5604103557912413,3
표준 제품,0.22570899899505648,0.9011377481517779,0.6311178747036896,4
제품 설계,0.22561660876527267,0.6140576431520266,0.469048344205639,6
지역 확산,0.2255529969174388,1.8659557183556277,1.1778185419839207,5
반도체 제품,0.22525211387050526,1.0169099826212447,0.6985428669895272,5
경쟁,0.22513565513914727,0.6952011005267666,0.516517812187133,24
청소,0.22509529696186129,0.4426535451833304,0.3733302915709928,4
활성 지역,0.2250661372522966,6.604622955669869,3.8708513512962597,18
그린 바이오,0.2249855328802847,1.0504865237459557,0.7187540703372931,8
투자유치 수출,0.2249372498232805,4.3736103738077174,2.606521666320655,5
저널리즘,0.2247067646165243,3.5384621085403642,2.135040195161622,3
발전 기여,0.2247067646165243,3.5384621085403642,2.135040195161622,3
신문 역량,0.2247067646165243,3.5384621085403642,2.135040195161622,3
유통 게임,0.2246022683754093,2.0080376520383347,1.2653882096202365,3
게임 유통,0.2246022683754093,2.0080376520383347,1.2653882096202365,3
사례 확산,0.22426054267020976,2.047133714659141,1.2902664309830496,3
부산물 바이오,0.224197010523141,1.6555239847873566,1.067371734290483,3
수산 부산물,0.224197010523141,1.6555239847873566,1.067371734290483,3
개방,0.22412576929904937,3.593759957513796,2.173902348202669,36
창작,0.2238072118818018,8.908150747822011,5.21625338113235,14
국내 캐릭터,0.2236510127609236,3.3289836690063215,2.02847633872751,3
활성 ip,0.2236510127609236,3.3289836690063215,2.02847633872751,3
지역특화 콘텐츠,0.22353101785809065,3.562186642125917,2.163449391503038,3
연계 협력,0.2234450300564974,8.084677304534537,4.755482566995703,13
창작 창업,0.22322150326834156,2.8429226288057996,1.7548041479069383,3
디자이너 보조,0.2230350789969833,0.0,0.12417998202281123,4
관측 기술개발,0.22295314271604671,1.7430035770932093,1.1256665907708403,5
인증 기준,0.22291280565996288,1.2842651740619968,0.8623209765988877,3
푸드 테크,0.22290265901594436,3.1178566757097,1.9161309777554862,6
여성 실태,0.22272492325545187,0.0,0.12449216400740683,3
조사 여성,0.22272492325545187,0.0,0.12449216400740683,3
통계 여성,0.22272492325545187,0.0,0.12449216400740683,3
여성 통계,0.22272492325545187,0.0,0.12449216400740683,3
활성 다양,0.22262890797846197,2.7520789339768523,1.7086986569560125,9
의료 sw,0.22256014244086558,0.0,0.12465837526719342,3
개발 병원,0.22256014244086558,0.0,0.12465837526719342,3
기기 사용자,0.22256014244086558,0.0,0.12465837526719342,3
조달 업체,0.2224913201137587,3.8856707335106453,2.3631175703614886,7
스마트 공동,0.22241684446395088,2.8609256504551905,1.7735852421516407,4
관리 업체,0.22226947978288583,14.375249201585765,8.416626202623648,4
활용 기술개발,0.2219777010236643,0.3343691479497566,0.3184386427156994,5
정기,0.22195818855459268,1.5409685273909832,1.0157043758163908,7
제품 제도,0.22174198707340864,2.581560160647962,1.619091214880903,5
경쟁력 공모,0.22129482465021869,1.4000356109820065,0.9380595777081193,3
제품 수요자,0.22129482465021869,1.4000356109820065,0.9380595777081193,3
공모 국내,0.22129482465021869,1.4000356109820065,0.9380595777081193,3
up 혁신,0.22129482465021869,1.4000356109820065,0.9380595777081193,3
기술개발 시범,0.22129482465021869,1.4000356109820065,0.9380595777081193,3
연구개발 결과물,0.22129482465021869,1.4000356109820065,0.9380595777081193,3
수요자 피드백,0.22129482465021869,1.4000356109820065,0.9380595777081193,3
수요 혁신,0.22129482465021869,1.4000356109820065,0.9380595777081193,3
연구 성과,0.22125634635773855,1.1817814136576537,0.8116495671191432,16
자금 집중,0.22110693586141844,1.8231919252127609,1.1848653366657413,3
제작 제품,0.22096141271119316,3.746672538943434,2.303822134897851,13
개설 동영상,0.22094735420439757,2.056975007876374,1.321894507498473,4
페이지 개설,0.22094735420439757,2.056975007876374,1.321894507498473,4
동영상 탑재,0.22094735420439757,2.056975007876374,1.321894507498473,4
홈페이지 업체,0.22094735420439757,2.056975007876374,1.321894507498473,4
업체 소개,0.22094735420439757,2.056975007876374,1.321894507498473,4
동영상 제작,0.22094735420439757,2.056975007876374,1.321894507498473,4
탑재 홍보,0.22094735420439757,2.056975007876374,1.321894507498473,4
교육 동영상,0.22094735420439757,2.056975007876374,1.321894507498473,4
소개 페이지,0.22094735420439757,2.056975007876374,1.321894507498473,4
서비스 자율,0.2209020224120448,0.9184781153549918,0.6603415807587522,4
분석 인증,0.2208286622134984,3.0360874029767126,1.8923329764311478,13
배출량,0.22051367730026325,3.3099140033671475,2.055454527846912,4
물류 시장,0.21985967325286868,3.614874739721577,2.2418702804240667,4
기술개발 예산,0.21957244656313538,0.0,0.12771527476523842,3
탄소 저감,0.21951685225164463,8.618802758086945,5.179270362969008,5
실증 도시,0.21940380965616704,2.576127312892782,1.6387603595498723,6
ip 복합,0.21935967468219023,5.6364593133081575,3.434508993749044,3
캐릭터 산업,0.21935967468219023,5.6364593133081575,3.434508993749044,3
복합 라이선싱,0.21935967468219023,5.6364593133081575,3.434508993749044,3
개발 스마트,0.21934837379698444,0.23218333572504618,0.2641649305465629,3
서비스 소상공인,0.21917517980555856,2.774570719476518,1.757557491243057,4
대한,0.21909670467098147,1.487574765237323,1.0022224285102181,3
정량,0.21903910545810706,1.2130615879320952,0.8412344142661069,4
식품 안전,0.21901079277281094,1.5426925043107365,1.035151248957111,9
음식료품,0.21897182308362667,13.692289198223232,8.179010546066676,6
외부 사업자,0.21897182308362667,13.692289198223232,8.179010546066676,6
업종 할당,0.21897182308362667,13.692289198223232,8.179010546066676,6
음식료품 목재,0.21897182308362667,13.692289198223232,8.179010546066676,6
순환,0.21871391560929554,2.9953285118997157,1.892434828080027,16
편의 민간,0.21858045540767987,1.487574765237323,1.0054048552702766,3
고도 필수,0.2185375336511136,2.066023295972352,1.3466465374906194,8
서비스 지역,0.21846994713973586,4.018224838360452,2.498413697925881,17
업체 배출,0.2184663143648362,9.831828799536046,5.926826129387455,4
지역 신문,0.2182806466605734,6.646926528177437,4.053108463062774,3
신문,0.2182806466605734,6.646926528177437,4.053108463062774,3
중견기업 내외,0.21826346674088623,1.197304355431747,0.8359865874516951,3
시료,0.21819337594280477,0.0,0.1291545276475604,3
지역 주도,0.21818474412628472,3.3140329899842706,2.0867192432802755,9
관리 법정,0.21807820009182782,7.3846549754973685,4.494019849583513,4
법정 기준,0.21807820009182782,7.3846549754973685,4.494019849583513,4
점검 감축,0.21807820009182782,7.3846549754973685,4.494019849583513,4
농식품 온실가스,0.21807820009182782,7.3846549754973685,4.494019849583513,4
수단 컨설팅,0.21799154726722456,6.990594226088396,4.263299534242114,4
목재 업종,0.2176624639277829,20.69897810090734,12.39385240067382,6
마케팅 시험,0.21739459082459,0.7190337083255628,0.5566948024875346,4
공정 적용,0.21725897069484085,0.7301197259253459,0.5637627781911743,3
제조 첨단,0.21725476720439668,0.540816400305023,0.4513467382070267,3
생산 현장,0.21725476720439668,0.540816400305023,0.4513467382070267,3
기술개발 스마트,0.21725476720439668,0.540816400305023,0.4513467382070267,3
적용 공급,0.21725476720439668,0.540816400305023,0.4513467382070267,3
저감,0.21717487649243156,5.8781533323313795,3.6230283549425133,102
국민 문화,0.21716347858279123,5.936393311710038,3.6578831375289633,9
부산물,0.2170935494037612,1.9142650311328036,1.2683162053388122,7
mro,0.21701276334896302,2.1348608820431645,1.4001462052726612,3
감축 수단,0.21665914230496258,13.692289198223232,8.291476115923368,6
창업 지역,0.21663027513833724,1.3779974326043523,0.952243690775374,6
산업 기획,0.21650987733027327,1.289090617299635,0.8999194347485333,5
식품 목재,0.21637802496420572,3.8810777120319804,2.4480626052090764,3
배출 식품,0.21637802496420572,3.8810777120319804,2.4480626052090764,3
목재 사업장,0.21637802496420572,3.8810777120319804,2.4480626052090764,3
사업장 감축,0.21637802496420572,3.8810777120319804,2.4480626052090764,3
설정 점검,0.21637802496420572,3.8810777120319804,2.4480626052090764,3
수단 온실가스,0.21637802496420572,3.8810777120319804,2.4480626052090764,3
부품 개발,0.21633123613372446,2.3019588437790897,1.5057651870723954,19
패키지 서비스,0.21632576419703187,0.6408964023309681,0.5138630533718577,3
기여 음식료품,0.21626097495112895,3.736249842118432,2.3632667155732925,3
러닝 제품,0.21625944488178747,2.861990717580403,1.840994617960319,3
주요국 전시회,0.21625944488178747,2.861990717580403,1.840994617960319,3
우수 러닝,0.21625944488178747,2.861990717580403,1.840994617960319,3
사업자 지식,0.21625944488178747,2.861990717580403,1.840994617960319,3
개최 러닝,0.21625944488178747,2.861990717580403,1.840994617960319,3
러닝 사업자,0.21625944488178747,2.861990717580403,1.840994617960319,3
해외 주요국,0.21625944488178747,2.861990717580403,1.840994617960319,3
지식 서비스,0.21625944488178747,2.861990717580403,1.840994617960319,3
러닝 박람회,0.21625944488178747,2.861990717580403,1.840994617960319,3
참가 러닝,0.21625944488178747,2.861990717580403,1.840994617960319,3
설비,0.21615828300711382,14.608769144085086,8.86399401122974,109
활성 해외진출,0.21607438971328982,3.8672462055130525,2.4442701176432076,5
수단,0.2159828568562205,11.349841657527865,6.9231234735086815,7
컨설팅 배출,0.21598185781324972,3.4277444367900167,2.1826385649425735,3
음식,0.21598185781324972,3.4277444367900167,2.1826385649425735,3
업체 음식,0.21598185781324972,3.4277444367900167,2.1826385649425735,3
음식 업종,0.21598185781324972,3.4277444367900167,2.1826385649425735,3
업종 목재,0.21598185781324972,3.4277444367900167,2.1826385649425735,3
업종 배출,0.21598185781324972,3.4277444367900167,2.1826385649425735,3
수출 환경,0.21581645524157952,0.0,0.13167834882669746,3
판매 tv,0.21574769643058567,1.4617552876485087,1.0076669329182315,3
검사 소요,0.21574567809991418,2.0513691296811185,1.360992874249839,5
단지 에너지,0.21568408404139777,2.8397544399634604,1.8341015159643865,5
콘텐츠 지역,0.21541197963378653,6.2642392656922,3.8932376803728896,5
광주광역시,0.2153965833862449,5.311445108395361,3.321475776809429,8
예술 종사자,0.2153965833862449,5.311445108395361,3.321475776809429,8
광주광역시 일반,0.2153965833862449,5.311445108395361,3.321475776809429,8
진흥원,0.21539493282905592,0.45055783671611893,0.4026793488149546,5
인증 특허,0.21530853982291354,5.662090241940532,3.533893370301886,15
마케팅 역량,0.2150854351915216,1.1473686631459936,0.8226926932111951,5
판매 수출,0.21507486002357348,2.855695077769828,1.8504961560295545,8
시행령,0.21502795468581684,1.0292851494797015,0.7519297631856003,6
장비 국산,0.21500422720084597,0.8394085414276332,0.6377627469614202,3
유통 소비,0.21462445666247762,3.5341946299370073,2.264861760034669,8
컨설팅 마케팅,0.21456591451436832,1.5685512405247963,1.0795387250005664,8
scale,0.2145255178547101,0.9958901056476369,0.7341660572407243,6
scale up,0.2145255178547101,0.9958901056476369,0.7341660572407243,6
거점 센터,0.21443317981610702,1.7021942019834089,1.1611365793928399,3
기자재 국산,0.21438463217740467,2.370491451208509,1.5651901446468854,10
고려,0.21411651719178845,2.2699729600346226,1.5069466869291213,41
홍보 교육,0.21401590588701097,2.056975007876374,1.378928247059045,4
위생,0.21365177797713106,5.506060451956224,3.4746443289872166,8
산업 적용,0.21351786439620823,1.1442596428785607,0.8289675579116011,3
연계 지역,0.21351728619381705,2.436752432564565,1.6137756532976886,3
러닝,0.2134387591007485,7.1438421227653475,4.474048411790056,5
제조 업체,0.213409019930023,2.623380059393756,1.7282427563423652,18
스포츠,0.21339173672201994,18.774819839654732,11.54295973604037,17
게임 게임,0.21308421957599916,5.163648542986293,3.2781324014785502,6
성장 기술개발,0.21293251938570132,1.3735635645382847,0.9717599215640191,14
공급 기술,0.2124170988706048,0.8733442480577462,0.6691751681232058,6
감축 제도,0.21228871327671567,7.438500734832181,4.685441416984866,7
지역 문화,0.21223129027487164,4.579040897212672,2.9374193385474907,5
효율 기술,0.2121954255305183,1.6988517556085458,1.1753496824149794,7
개발 인증,0.21212351154872428,0.565109997156415,0.48171472127120696,4
지정과제,0.21197557186604446,3.341193130932882,2.183418969224566,3
지정과제 실증,0.21197557186604446,3.341193130932882,2.183418969224566,3
규제샌드박스지정과제,0.21197557186604446,3.341193130932882,2.183418969224566,3
출시 규제,0.21197557186604446,3.341193130932882,2.183418969224566,3
착수,0.21197557186604446,3.341193130932882,2.183418969224566,3
시장 출시,0.21197557186604446,3.341193130932882,2.183418969224566,3
이행 관리,0.21197557186604446,3.341193130932882,2.183418969224566,3
착수 시장,0.21197557186604446,3.341193130932882,2.183418969224566,3
제도 사후,0.21197557186604446,3.341193130932882,2.183418969224566,3
실증 착수,0.21197557186604446,3.341193130932882,2.183418969224566,3
ict 규제샌드박스지정과제,0.21197557186604446,3.341193130932882,2.183418969224566,3
규제 이행,0.21197557186604446,3.341193130932882,2.183418969224566,3
수익,0.21196640825284743,2.4033908240716886,1.6088079900849301,7
에코,0.21178173492583902,1.3452377028106395,0.9614352793639274,5
규제 완화,0.21174407993367414,1.3199444266705698,0.9461417978907187,4
우수 환경,0.2114463518432163,2.050796359438567,1.3972228112731813,5
가축 질병,0.21139552812469214,4.505891168669144,2.907428648298886,7
설치 검사,0.2113149990424562,2.105574111888329,1.432065568250021,4
회수 정기,0.2113149990424562,2.105574111888329,1.432065568250021,4
검사 회수,0.2113149990424562,2.105574111888329,1.432065568250021,4
설비 회수,0.2113149990424562,2.105574111888329,1.432065568250021,4
검사 가동,0.2113149990424562,2.105574111888329,1.432065568250021,4
주유소 설치,0.2113149990424562,2.105574111888329,1.432065568250021,4
비용 대행,0.2113149990424562,2.105574111888329,1.432065568250021,4
정기 검사,0.2113149990424562,2.105574111888329,1.432065568250021,4
설치 유증기,0.2113149990424562,2.105574111888329,1.432065568250021,4
관리 주유소,0.2113149990424562,2.105574111888329,1.432065568250021,4
인증 사후,0.2113149990424562,2.105574111888329,1.432065568250021,4
가동 회수,0.2113149990424562,2.105574111888329,1.432065568250021,4
인증 검사,0.2113149990424562,2.105574111888329,1.432065568250021,4
제품 고급,0.21127042176476,8.822748937480378,5.566301554347712,9
검증 상용화,0.2109006558182843,3.633446926573287,2.3781209990359047,3
재난안전기업 역량,0.21045281145178663,4.322737370085012,2.8109570729889817,7
기술개발 해양,0.21032161194047555,3.3775073800512097,2.228183094637469,10
물질 측정,0.21014787793289116,4.139373691767018,2.702606277697339,4
단일,0.21008343449956385,2.979393306329335,1.9846940073154902,10
기술 bm,0.21004202166532832,1.0078272385296896,0.7628769541643828,4
안정 성장,0.2099874783500874,3.068896364938547,2.041379115350068,3
관광 벤처,0.2099874783500874,3.068896364938547,2.041379115350068,3
벤처 안정,0.2099874783500874,3.068896364938547,2.041379115350068,3
네트워크 활성,0.2099874783500874,3.068896364938547,2.041379115350068,3
성장 입주,0.2099874783500874,3.068896364938547,2.041379115350068,3
상담 컨설팅,0.2099874783500874,3.068896364938547,2.041379115350068,3
서비스 네트워크,0.2099874783500874,3.068896364938547,2.041379115350068,3
종합 상담,0.2099874783500874,3.068896364938547,2.041379115350068,3
공간 종합,0.2099874783500874,3.068896364938547,2.041379115350068,3
러닝 산업,0.20996667027003452,6.0062088899682955,3.863533928623378,3
erp,0.2099002202857194,0.8867693467802237,0.6884548695823796,4
시스템 erp,0.2099002202857194,0.8867693467802237,0.6884548695823796,4
이종 기술,0.20987696160373912,0.8869728748613621,0.6886847546302065,3
프로덕션,0.2097524346708747,1.1616862210198675,0.8598533105731516,3
클러스터 지역,0.20963457866397425,1.7995622483559996,1.256941834302436,4
관리 활용,0.20924885849923588,1.2861841674652976,0.9401803299041214,4
기술 시제품,0.20919312833739878,1.85486624364355,1.2948946462590194,6
고급 브랜드,0.2089936267934585,1.8274518515011935,1.2794138540701192,3
지재권 비용,0.2089936267934585,1.8274518515011935,1.2794138540701192,3
지역 희망,0.2089936267934585,1.8274518515011935,1.2794138540701192,3
전시회 국외,0.2089936267934585,1.8274518515011935,1.2794138540701192,3
지역 인증,0.2089936267934585,1.8274518515011935,1.2794138540701192,3
등록비,0.2089936267934585,1.8274518515011935,1.2794138540701192,3
성장 컨설팅,0.2089936267934585,1.8274518515011935,1.2794138540701192,3
등록비 기술,0.2089936267934585,1.8274518515011935,1.2794138540701192,3
md 활용,0.2089936267934585,1.8274518515011935,1.2794138540701192,3
판로개척 유통,0.2089936267934585,1.8274518515011935,1.2794138540701192,3
여행 산업,0.2089936267934585,1.8274518515011935,1.2794138540701192,3
여행,0.2089936267934585,1.8274518515011935,1.2794138540701192,3
디자인 고급,0.2089936267934585,1.8274518515011935,1.2794138540701192,3
오픈마켓 오프라인,0.2089936267934585,1.8274518515011935,1.2794138540701192,3
고급 판로개척,0.2089936267934585,1.8274518515011935,1.2794138540701192,3
시험분석 생산,0.2089936267934585,1.8274518515011935,1.2794138540701192,3
보유 개발,0.2089936267934585,1.8274518515011935,1.2794138540701192,3
오프라인 대형,0.2089936267934585,1.8274518515011935,1.2794138540701192,3
마케팅 혁신,0.2089936267934585,1.8274518515011935,1.2794138540701192,3
지재권 지능,0.2089936267934585,1.8274518515011935,1.2794138540701192,3
지능 여행,0.2089936267934585,1.8274518515011935,1.2794138540701192,3
지재권 판로개척,0.2089936267934585,1.8274518515011935,1.2794138540701192,3
패키지 교육,0.2089936267934585,1.8274518515011935,1.2794138540701192,3
쇼핑 온라인,0.2089936267934585,1.8274518515011935,1.2794138540701192,3
대형 마트,0.2089936267934585,1.8274518515011935,1.2794138540701192,3
희망 유통,0.2089936267934585,1.8274518515011935,1.2794138540701192,3
소셜 커머스,0.2089936267934585,1.8274518515011935,1.2794138540701192,3
인증 시험분석,0.2089936267934585,1.8274518515011935,1.2794138540701192,3
참가 등록비,0.2089936267934585,1.8274518515011935,1.2794138540701192,3
커머스 오픈마켓,0.2089936267934585,1.8274518515011935,1.2794138540701192,3
서비스 시험,0.2089936267934585,1.8274518515011935,1.2794138540701192,3
전시회 패키지,0.2089936267934585,1.8274518515011935,1.2794138540701192,3
특허 유통,0.2089936267934585,1.8274518515011935,1.2794138540701192,3
마트,0.2089936267934585,1.8274518515011935,1.2794138540701192,3
해외 장비,0.2089936267934585,1.8274518515011935,1.2794138540701192,3
마트 백화점,0.2089936267934585,1.8274518515011935,1.2794138540701192,3
백화점,0.2089936267934585,1.8274518515011935,1.2794138540701192,3
획득 판로개척,0.2089936267934585,1.8274518515011935,1.2794138540701192,3
온라인 쇼핑,0.2089936267934585,1.8274518515011935,1.2794138540701192,3
지도 생산,0.2089936267934585,1.8274518515011935,1.2794138540701192,3
오픈마켓,0.2089936267934585,1.8274518515011935,1.2794138540701192,3
산업 보유,0.2089936267934585,1.8274518515011935,1.2794138540701192,3
온라인 소셜,0.2089936267934585,1.8274518515011935,1.2794138540701192,3
백화점 컨설팅,0.2089936267934585,1.8274518515011935,1.2794138540701192,3
입점 상담,0.2089936267934585,1.8274518515011935,1.2794138540701192,3
환경 공정,0.20874930753941084,1.5601102004664062,1.1143359948241554,4
제작 홍보,0.2087195011318206,0.6308123944980419,0.5337818840293908,3
연계 자동,0.2086267543470265,1.614785924749407,1.1493891698129013,3
생산 식품,0.20856625324263667,1.0933076797061623,0.8236285901563155,6
스마트 선박,0.20820985486801513,1.244224406396902,0.9201251865268302,3
제작사 방송,0.2082014453061,4.4792325453222555,2.94824902377658,7
현장 노하우,0.20808683683902912,0.7547445388462095,0.6137739199476724,3
노하우 디지털,0.20808683683902912,0.7547445388462095,0.6137739199476724,3
시장 성공,0.2078442833556104,1.2187418229572908,0.9062701312246227,4
유망 패키지,0.20781324690239725,1.2174298959789889,0.9056260133294015,4
관측,0.20775483248578355,3.7045814176800915,2.469430461032739,11
농가,0.2076048002510575,3.9690768168869788,2.6381465950683243,25
관리 시스템,0.20739678695428984,2.9535346617115112,2.001771128723853,17
규명,0.20716591391981581,0.44566510508145496,0.42251026985527057,8
고정 금리,0.20714759178691358,4.378601000392131,2.9040205803169257,3
주요 소재,0.2071003567533611,0.3679299723892863,0.37363839327452036,3
수도,0.2067601732840382,4.99000878557092,3.2976768744142713,20
급등,0.20670377517070432,2.8057406610384006,1.9169479519193064,5
가격 급등,0.20670377517070432,2.8057406610384006,1.9169479519193064,5
컴퓨팅,0.2065340345152252,4.9415600490797695,3.2716148122118103,11
양성 종합,0.20642465192613227,1.7676814348207837,1.2624515533846359,4
대행사,0.2060917537025558,3.0503983757952327,2.079673578923671,11
사항 해소,0.20606721098482036,2.4339664235412823,1.688487884452376,8
탐지,0.2060287269839788,1.1419871428391977,0.8681484171054312,4
설계 sw,0.2059421261383023,2.3080012549819306,1.6097542987908444,3
영향 평가,0.20578148309417338,2.073276494503819,1.462048087255434,6
보증 계정,0.20574476827493943,5.285781153876373,3.5067252467244225,3
활용 모델,0.20557337476926338,3.5661922380444078,2.4150175060109897,8
분석 시스템,0.20547177237714714,1.618350936599652,1.1749330783822471,3
교사,0.20538704419924445,2.6711785270926427,1.8470248092252697,3
시도,0.20519893564494004,1.9213690924730065,1.3704600460081071,7
산업 투자자,0.20512189597614744,0.0,0.1437574972776882,3
투자자 중소,0.20512189597614744,0.0,0.1437574972776882,3
선순위,0.20500475757600298,3.2396826280168347,2.2148991042399686,5
spc,0.20500475757600298,3.2396826280168347,2.2148991042399686,5
입주 에너지,0.20493204325015266,1.970537894950922,1.404233304577156,6
형식 인증,0.20488579774948606,3.565046871003735,2.4246977792594993,4
유증기,0.20488579774948606,3.565046871003735,2.4246977792594993,4
설비 형식,0.20488579774948606,3.565046871003735,2.4246977792594993,4
유증기 회수,0.20488579774948606,3.565046871003735,2.4246977792594993,4
활용 지역,0.20469880268724322,2.282732765022105,1.6062665842586867,7
인프라 역량,0.20469017855516283,2.452335783173663,1.7149844951132447,3
해외 기술,0.2046617612142677,0.32351756640495166,0.3515536274514648,3
생산 기술,0.20462435318980696,0.4886207913979743,0.45743676458252147,9
연계 기술개발,0.20461645950979898,2.446335505959934,1.7119391430447637,6
맞춤 전문가,0.2043087692724527,2.490665729101297,1.7437352656116052,4
요인 해결,0.2043087692724527,2.490665729101297,1.7437352656116052,4
애로 요인,0.2043087692724527,2.490665729101297,1.7437352656116052,4
개인,0.20426661093621037,2.3807545356456146,1.6736192303301427,23
베트남 현지,0.20425642957172424,1.8233767921586075,1.315775397119579,3
원칙,0.2038975070835053,0.0,0.1452212423544871,3
항공기,0.2038174939400721,0.3680736470969805,0.382336654762396,3
콘텐츠 프로젝트,0.2036649454297943,4.168141481791703,2.832079728234398,3
일자리 정책,0.2036520879315458,2.270150677600125,1.6088599505624417,3
시장 보급,0.2036520879315458,2.270150677600125,1.6088599505624417,3
환경 일자리,0.2036520879315458,2.270150677600125,1.6088599505624417,3
교통 기술,0.2036520879315458,2.270150677600125,1.6088599505624417,3
국토교통 기술사업화,0.2036520879315458,2.270150677600125,1.6088599505624417,3
기술사업화 이어달리기,0.2036520879315458,2.270150677600125,1.6088599505624417,3
적용 시장,0.2036520879315458,2.270150677600125,1.6088599505624417,3
이어달리기 성장,0.2036520879315458,2.270150677600125,1.6088599505624417,3
보급 기술사업화,0.2036520879315458,2.270150677600125,1.6088599505624417,3
bm 국내,0.20333241673556507,1.039581431948819,0.8173417535280603,3
로봇 확산,0.20333241673556507,1.039581431948819,0.8173417535280603,3
획득 직접,0.20333241673556507,1.039581431948819,0.8173417535280603,3
확산 표준,0.20333241673556507,1.039581431948819,0.8173417535280603,3
기술 로봇,0.20333241673556507,1.039581431948819,0.8173417535280603,3
후반 작업,0.2031246281200035,1.1238880502370012,0.8729768666057574,5
인증 지재권,0.20270266297710876,4.1747792366631815,2.8535647938716626,4
기술개발 수산,0.20268249432696583,3.1763859521313758,2.206495062549401,8
개발 자동차,0.2025135313325346,1.236134559761409,0.9493370548578465,3
폐기물,0.2024404701458882,3.302908196274023,2.2920479631224433,13
지능 정보,0.20228330688742027,0.9047505203217636,0.7353374346480287,10
지도 시제품,0.20206096393893058,3.473934055255132,2.408896952575147,4
상용화 대학,0.2019579841722091,1.6416739880388749,1.2169491540323887,5
산업 세종,0.2018817228832207,1.7546213849698338,1.2911566922375104,4
역량 게임,0.2018395250442978,1.0177032073565464,0.8111325603141588,3
인구 소멸,0.2017777913601805,2.5349802908556818,1.8009104104639184,4
소멸 지역,0.2017777913601805,2.5349802908556818,1.8009104104639184,4
서비스 고급,0.20172817264139642,3.094144949978299,2.166235959788157,3
지재권 제품,0.20172817264139642,3.094144949978299,2.166235959788157,3
참가 시험,0.20172817264139642,3.094144949978299,2.166235959788157,3
고도 역량,0.2017075061462498,2.602387479925173,1.845695206794634,4
재화,0.20157241332862702,1.5167542917102215,1.1384191871709026,4
기술 재화,0.20157241332862702,1.5167542917102215,1.1384191871709026,4
기관 위탁,0.2013063190304745,3.858167974940861,2.6717509906490813,7
다양 인센티브,0.2013063190304745,3.858167974940861,2.6717509906490813,7
컨설팅 시험,0.2011807307063905,2.800566382238771,1.981630194343476,7
산지,0.20109656604705567,2.0263751616560377,1.4756859421696658,6
기술개발 효율,0.20097853992809012,0.2670211735373321,0.3237803379647916,3
드론 산업,0.20084642839440325,5.790837158332738,3.9472092557605074,8
보증 콘텐츠,0.20056780922811476,3.1218674989189648,2.2005129797659984,3
마케팅 수요,0.20025409660698595,3.5833892968864305,2.508759892741878,3
지역 기획,0.20025409660698595,3.5833892968864305,2.508759892741878,3
특허 마케팅,0.20016506159006534,4.177879382507798,2.901775429990693,5
스타트업 기술개발,0.20007889912924048,0.7506197294866361,0.6446030764167261,3
서비스 출시,0.20004357679680132,3.0964147538417888,2.191111780224851,3
플랫폼 중소,0.19994861482192683,0.9001590609320234,0.7438041941318256,3
농식품,0.19993531920880347,29.333566611481768,19.49994765227943,62
뿌리 대학,0.19974009655978683,1.068449091035482,0.8559880076359176,3
뿌리 기술개발,0.19974009655978683,1.068449091035482,0.8559880076359176,3
지역 기술개발,0.1997048718308172,3.806110049745828,2.6646884971333757,3
판로개척 전시회,0.19963790835269013,3.835112912509696,2.6849936364437803,3
의료 기관,0.19960194316728477,0.7764927389789883,0.6637807463445708,6
가능 기술,0.1995232953404875,1.5298681746046348,1.1623785582763313,13
도시 성과,0.19950668438989957,1.8243749571620247,1.3572975464653618,7
배출,0.1992900639380755,28.32354849058792,18.91011001564347,58
환경 혁신,0.19918686159839136,0.7977063601231834,0.6796983858725298,3
게임 기획,0.1987449677967903,2.945020146606471,2.108802228787823,4
고급 장비,0.19870617585840583,4.288274861466725,3.0022559901177055,4
패키지 단일,0.19870617585840583,4.288274861466725,3.0022559901177055,4
클러스터 입주,0.19850977460609498,0.9983192305002252,0.8163282879184932,4
시중 은행,0.19836084870795007,1.6724653875512934,1.2662516983975036,4
시중,0.19836084870795007,1.6724653875512934,1.2662516983975036,4
가치 지역,0.19829844429500268,4.521009690041952,3.1651955300892634,4
제품 부가,0.19829844429500268,4.521009690041952,3.1651955300892634,4
지역 연고,0.19829844429500268,4.521009690041952,3.1651955300892634,4
경제 성장,0.19829844429500268,4.521009690041952,3.1651955300892634,4
산업 영위,0.19829844429500268,4.521009690041952,3.1651955300892634,4
영위 제품,0.19829844429500268,4.521009690041952,3.1651955300892634,4
국민 콘텐츠,0.1980219743641336,1.0177032073565464,0.831931979995086,3
제조 ai,0.19794736642052735,2.193679722572109,1.617815952676395,5
교육 오프라인,0.19783714789068707,0.5534637548492156,0.5226647112997578,3
안전 효율,0.19773201879946187,1.8980264807196323,1.4223369502846648,5
헬스케어 첨단,0.1976504471510268,0.0,0.1529718536978288,3
효율 물류,0.19760796442563924,1.3899314325652186,1.0833906108217788,7
고급 제품,0.1975074409671568,5.050683408158793,3.5360243935358353,4
시설 온실가스,0.19750448059015938,1.9352344810616113,1.44937304985062,3
기술개발 진입,0.1972079422540003,5.284247377396698,3.6995444216061255,5
진입 성장,0.1972079422540003,5.284247377396698,3.6995444216061255,5
미래 식품,0.19719184440497323,0.43471383925670165,0.4453054515423922,3
기대,0.19718304602065753,1.2533907558366832,0.9947941919549962,9
국내 글로벌,0.196926821502522,1.0078272385296896,0.8314085544667214,4
연계 가능,0.19681182771967032,1.2183108925591557,0.9736494269190856,4
에너지원,0.19680668717364125,4.058350468976128,2.88433718645272,7
장비 인증,0.19680378047784908,5.635086036705218,3.9451694107920146,5
격차 해소,0.19671544868847762,2.7185863011206535,1.9841763952747504,9
업체,0.19669589369029175,10.656710360861043,7.328596187917215,197
기술 진단,0.19663291168518965,2.5709005608987296,1.8857735104898259,5
실증 운용,0.1966035829434896,2.427280970974845,1.7893877086611354,4
푸드,0.19660053242073372,3.889545366172525,2.774455110576959,14
이용 기술개발,0.19655090191154795,1.0139168293248821,0.8376111459310631,4
고정,0.19642018038579537,2.5912062012730877,1.9020773965116875,7
격차 차세대,0.19637359079136563,1.3789695354022373,1.0848745223121021,3
모빌리티 차세대,0.19637359079136563,1.3789695354022373,1.0848745223121021,3
배터리 기술,0.19637359079136563,1.3789695354022373,1.0848745223121021,3
배터리 기술개발,0.19637359079136563,1.3789695354022373,1.0848745223121021,3
경쟁력 우위,0.19637359079136563,1.3789695354022373,1.0848745223121021,3
친환경 모빌리티,0.19637359079136563,1.3789695354022373,1.0848745223121021,3
선도 친환경,0.19637359079136563,1.3789695354022373,1.0848745223121021,3
우위 선점,0.19637359079136563,1.3789695354022373,1.0848745223121021,3
특허 인증,0.19632541281441204,5.969519973545901,4.182968533245483,15
주요 시장,0.19626630678646562,0.7963627624882689,0.6923505030032213,4
공정 최적,0.1962613524199801,2.425288917913927,1.792035244577067,6
배출 거래,0.19621507111866265,26.34263802921307,17.943525690923224,17
기능 규명,0.19582517948139463,0.8968629083984592,0.7624651445688725,3
시군구 연고,0.19568816708579012,4.761118517877841,3.3813752309331635,9
시군구,0.19568816708579012,4.761118517877841,3.3813752309331635,9
수집 가공,0.1955480934226017,0.9418679159530245,0.7944167474953431,3
산업 제주,0.1954479571478306,1.6734489043873582,1.291390176393753,6
제품 활용,0.19540315504966885,1.0294411181695018,0.8546376245055591,8
뿌리 기술,0.19532952592697664,1.4169013140803628,1.1181820063905403,3
활성 ai,0.19521217522072026,2.039079086718588,1.5418854250364635,3
코로나,0.19506263204597424,1.9238681669857849,1.4650301722777626,13
변화 환경,0.195018575666638,1.827677944924818,1.400004062233005,9
기후,0.19477406846664524,1.8598566927922247,1.4241950178695606,18
생태 산업,0.19471096473647262,1.7338195384758204,1.3388598028887382,3
보안,0.19442084216764105,1.8419747612157198,1.4153072261335038,35
공예,0.19432598118961739,2.7570585383504302,2.041608111351856,7
공예 디자인,0.19432598118961739,2.7570585383504302,2.041608111351856,7
패키지 핵심,0.19427490231680136,1.5269994209686966,1.2013338401352356,3
패키지 기술개발,0.19427490231680136,1.5269994209686966,1.2013338401352356,3
모듈 수요,0.19427490231680136,1.5269994209686966,1.2013338401352356,3
가능 패키지,0.19427490231680136,1.5269994209686966,1.2013338401352356,3
부품 패키지,0.19427490231680136,1.5269994209686966,1.2013338401352356,3
종업원,0.1940706666111355,3.722810299750454,2.7061431813802193,6
게임 문화,0.1939683590057055,2.4549071618930833,1.8394169919213685,8
정보 수집,0.19390860217226158,1.5411695768668345,1.2139780620971676,4
개발 재난,0.19385415716634524,1.332625623528769,1.0714587516436351,10
저리 자금,0.19382084812608374,5.116963257255027,3.6664655041574425,9
연고 산업,0.1937671907059094,7.787369677728061,5.499360991812508,10
제주 지역,0.19372327223246444,1.640323147744554,1.2835062386127998,7
소상공인 자금,0.19368868085925042,1.6724653875512934,1.3058589055830925,4
취약점,0.1935919881466548,3.033769145441161,2.2414585874422954,6
게임 개발,0.19330434907012106,2.1888125710928032,1.664414053247373,5
해소 역량,0.19326169840286891,2.5391363015861574,1.9059479626243665,8
업체 온실가스,0.19315222431454482,11.772105315428512,8.26517976987397,8
소비 안전,0.19309756599362363,6.499934928044375,4.636386663383166,4
유통 자동,0.1930293231655909,2.426842718093089,1.8314798655844562,4
관측 기술,0.19290184751083042,2.2126269848039612,1.685273552982623,8
물류 유통,0.1928395114346998,3.006954561583788,2.234044877752821,4
게임 공예,0.19283310224625969,1.8612175762150276,1.4435618531048828,6
아시아 문화,0.19283310224625969,1.8612175762150276,1.4435618531048828,6
설정 핵심,0.19283310224625969,1.8612175762150276,1.4435618531048828,6
특화 고용,0.19283310224625969,1.8612175762150276,1.4435618531048828,6
개편 성장,0.19283310224625969,1.8612175762150276,1.4435618531048828,6
에듀테인 광주광역시,0.19283310224625969,1.8612175762150276,1.4435618531048828,6
에듀테인,0.19283310224625969,1.8612175762150276,1.4435618531048828,6
반영 문화,0.19283310224625969,1.8612175762150276,1.4435618531048828,6
확충 실행,0.19283310224625969,1.8612175762150276,1.4435618531048828,6
권역 특수,0.19283310224625969,1.8612175762150276,1.4435618531048828,6
실행 문화,0.19283310224625969,1.8612175762150276,1.4435618531048828,6
설정 개편,0.19283310224625969,1.8612175762150276,1.4435618531048828,6
영상 공예,0.19283310224625969,1.8612175762150276,1.4435618531048828,6
영상 게임,0.19283310224625969,1.8612175762150276,1.4435618531048828,6
특수 반영,0.19283310224625969,1.8612175762150276,1.4435618531048828,6
음악 에듀테인,0.19283310224625969,1.8612175762150276,1.4435618531048828,6
문화 도시,0.19283310224625969,1.8612175762150276,1.4435618531048828,6
확산 권역,0.19283310224625969,1.8612175762150276,1.4435618531048828,6
도시 확충,0.19283310224625969,1.8612175762150276,1.4435618531048828,6
디자인 게임,0.19283310224625969,1.8612175762150276,1.4435618531048828,6
문화 중심,0.19283310224625969,1.8612175762150276,1.4435618531048828,6
디자인 음악,0.19283310224625969,1.8612175762150276,1.4435618531048828,6
성과 도시,0.19283310224625969,1.8612175762150276,1.4435618531048828,6
발전 문화,0.19283310224625969,1.8612175762150276,1.4435618531048828,6
콘텐츠 첨단,0.19283310224625969,1.8612175762150276,1.4435618531048828,6
도시 전체,0.19283310224625969,1.8612175762150276,1.4435618531048828,6
핵심 문화,0.19283310224625969,1.8612175762150276,1.4435618531048828,6
중심 도시,0.19283310224625969,1.8612175762150276,1.4435618531048828,6
전체 확산,0.19283310224625969,1.8612175762150276,1.4435618531048828,6
고용 산업,0.19283310224625969,1.8612175762150276,1.4435618531048828,6
활성 균형,0.19283310224625969,1.8612175762150276,1.4435618531048828,6
자치,0.19280591501939623,2.6938537113307226,2.0184555580449484,32
자치 단체,0.19280591501939623,2.6938537113307226,2.0184555580449484,32
인증 마케팅,0.19262538832399345,6.117979084962403,4.386715538829566,18
마케팅 디자인,0.1926245714029524,6.679915379874985,4.775004034599181,18
글로벌 푸드,0.1922809000501678,3.394072674911056,2.510333915984387,5
탄소중립 정책,0.19209206343134097,0.5360492581906587,0.5319423236089966,3
제품 공정,0.19208249845832095,3.2380123471080626,2.4054025464282573,9
발전 지역,0.19207659104359712,2.554934239947522,1.9318611698674468,10
활용 ict,0.19195853828322476,2.9281361228582177,2.192338634976916,3
스태프,0.1919554279753498,1.0177032073565464,0.8666866963022449,3
제작 스태프,0.1919554279753498,1.0177032073565464,0.8666866963022449,3
활용 산업,0.19171126465409757,3.247621666171914,2.4179663252033614,7
격자 해수,0.19169226157388441,0.5079089465243452,0.5138841906621419,5
모니터링 관측,0.19169226157388441,0.5079089465243452,0.5138841906621419,5
기법 개발,0.19169226157388441,0.5079089465243452,0.5138841906621419,5
주변 시설물,0.19169226157388441,0.5079089465243452,0.5138841906621419,5
주요 해역,0.19169226157388441,0.5079089465243452,0.5138841906621419,5
기법,0.19169226157388441,0.5079089465243452,0.5138841906621419,5
구역 수심보정,0.19169226157388441,0.5079089465243452,0.5138841906621419,5
효율 안전,0.19169226157388441,0.5079089465243452,0.5138841906621419,5
차원 형상,0.19169226157388441,0.5079089465243452,0.5138841906621419,5
공간 격자,0.19169226157388441,0.5079089465243452,0.5138841906621419,5
스마트 해양,0.19169226157388441,0.5079089465243452,0.5138841906621419,5
이용 필수,0.19169226157388441,0.5079089465243452,0.5138841906621419,5
측량 기술,0.19169226157388441,0.5079089465243452,0.5138841906621419,5
구역 연안,0.19169226157388441,0.5079089465243452,0.5138841906621419,5
안전 해양,0.19169226157388441,0.5079089465243452,0.5138841906621419,5
정보 비용,0.19169226157388441,0.5079089465243452,0.5138841906621419,5
정보 실시간,0.19169226157388441,0.5079089465243452,0.5138841906621419,5
시설물 조사,0.19169226157388441,0.5079089465243452,0.5138841906621419,5
해양 공간,0.19169226157388441,0.5079089465243452,0.5138841906621419,5
해양 이용,0.19169226157388441,0.5079089465243452,0.5138841906621419,5
해역 시범,0.19169226157388441,0.5079089465243452,0.5138841906621419,5
시범 정밀,0.19169226157388441,0.5079089465243452,0.5138841906621419,5
해난,0.19169226157388441,0.5079089465243452,0.5138841906621419,5
항만 연안,0.19169226157388441,0.5079089465243452,0.5138841906621419,5
국산 상용화,0.19169226157388441,0.5079089465243452,0.5138841906621419,5
항만 선박,0.19169226157388441,0.5079089465243452,0.5138841906621419,5
필수 디지털,0.19169226157388441,0.5079089465243452,0.5138841906621419,5
조사 구역,0.19169226157388441,0.5079089465243452,0.5138841906621419,5
국내 해양,0.19169226157388441,0.5079089465243452,0.5138841906621419,5
저감 산업,0.19169226157388441,0.5079089465243452,0.5138841906621419,5
유동 관측,0.19169226157388441,0.5079089465243452,0.5138841906621419,5
위축,0.19169226157388441,0.5079089465243452,0.5138841906621419,5
위축 국내,0.19169226157388441,0.5079089465243452,0.5138841906621419,5
유동 정보,0.19169226157388441,0.5079089465243452,0.5138841906621419,5
상용화 위축,0.19169226157388441,0.5079089465243452,0.5138841906621419,5
형상,0.19169226157388441,0.5079089465243452,0.5138841906621419,5
수중 시설물,0.19169226157388441,0.5079089465243452,0.5138841906621419,5
필수 차원,0.19169226157388441,0.5079089465243452,0.5138841906621419,5
표준 해양,0.19169226157388441,0.5079089465243452,0.5138841906621419,5
개발 해난,0.19169226157388441,0.5079089465243452,0.5138841906621419,5
비용 저감,0.19169226157388441,0.5079089465243452,0.5138841906621419,5
디지털 해양,0.19169226157388441,0.5079089465243452,0.5138841906621419,5
주변 수중,0.19169226157388441,0.5079089465243452,0.5138841906621419,5
실증 주요,0.19169226157388441,0.5079089465243452,0.5138841906621419,5
시설물 차원,0.19169226157388441,0.5079089465243452,0.5138841906621419,5
조사 기법,0.19169226157388441,0.5079089465243452,0.5138841906621419,5
공간 스마트,0.19169226157388441,0.5079089465243452,0.5138841906621419,5
해양 조사,0.19169226157388441,0.5079089465243452,0.5138841906621419,5
수심보정,0.19169226157388441,0.5079089465243452,0.5138841906621419,5
수심보정 항만,0.19169226157388441,0.5079089465243452,0.5138841906621419,5
파악 조사,0.19169226157388441,0.5079089465243452,0.5138841906621419,5
형상 파악,0.19169226157388441,0.5079089465243452,0.5138841906621419,5
기회 차원,0.19169226157388441,0.5079089465243452,0.5138841906621419,5
선박 구역,0.19169226157388441,0.5079089465243452,0.5138841906621419,5
해난 대응,0.19169226157388441,0.5079089465243452,0.5138841906621419,5
지역 제조,0.1916634248294748,2.8139080263755316,2.1171963144597705,3
유망 해양,0.19165320000643848,1.4883572869348383,1.1957116183489809,5
솔루션 공급,0.19145043760866545,1.4819906207455467,1.1929113240288025,3
기획 제작,0.1914233349398347,3.2341015661737273,2.41314477803273,5
탄소 섬유,0.19133058632185138,2.3863095333731486,1.8239398318254458,11
유해 화학,0.19109573273759847,1.967653415269852,1.5346544417574859,5
측정,0.1910628346507754,3.1685967745167187,2.3731743264707164,46
목재,0.19097484561551695,10.665694933768844,7.6100354193525686,12
품질 관리,0.1907506370457885,1.8508013083977115,1.456478189796786,14
지도 특허,0.19062603492206875,6.154447342158702,4.4698761766322415,13
지역 성장,0.19055055390477108,4.537850247881078,3.340055926048155,12
culture,0.1904591939801415,8.075832579374003,5.821027584659001,4
사이버,0.19044602992077841,1.6070871305100056,1.288677556334456,4
사이버 보안,0.19044602992077841,1.6070871305100056,1.288677556334456,4
산업 시설,0.19037321863694026,1.6907733642410887,1.347979255656702,4
이공 졸업,0.19035098341820883,0.0,0.16267266447553871,4
산업 연고,0.190251471670961,3.1206037325905127,2.3522765118076854,10
시제품 지역,0.190251471670961,3.1206037325905127,2.3522765118076854,10
연고 지역,0.190251471670961,3.1206037325905127,2.3522765118076854,10
확산 기술개발,0.1901034588975601,0.8058428807353505,0.7289508180571875,3
연고,0.19002501588369936,9.95510670258216,7.158067823632798,15
실증 성능,0.18975171081443631,1.7656765067970348,1.4063590296457893,4
테크 공동,0.18942697635684522,2.0756594826544466,1.6280985115142015,4
데이터 활성,0.18942380150705895,2.039079086718588,1.6023293173822566,3
활용 수익,0.18921277713006035,4.427328233665136,3.291596994269962,3
사전 연구,0.18916584701468642,0.6058679988763502,0.5924179513137009,3
만화,0.1890562758121397,3.785937683298859,2.8414853138183123,5
소프트웨어 개발,0.18903197743427713,1.5123183417788195,1.2340262292306532,4
위탁 기관,0.18869202498927604,0.7898979477718441,0.7248436959830148,5
신용보증 기금,0.1883719849295424,13.806609471495543,9.971734740722164,20
소유,0.1883637294376111,3.5786833627141994,2.707381981160987,4
채무,0.18830759939596334,11.811044969874951,8.557986984141786,18
사회 경제,0.18826677343387876,2.025520435564483,1.6052202464291128,4
식품 식품,0.18821558249684578,0.9129597180289422,0.8147568106023246,3
성장 서비스,0.18799290401713425,9.912537236301008,7.223952456293721,16
공동 위탁,0.1878308595838848,0.8363154581166086,0.7623080162194796,3
공장 생산,0.1878308595838848,0.8363154581166086,0.7623080162194796,3
설비 국산,0.1877535320702762,0.9492481776470013,0.8432572368441148,3
부품 설비,0.1877535320702762,0.9492481776470013,0.8432572368441148,3
물질 저감,0.18765351467133967,4.182783921343925,3.151333230888186,7
one,0.1875029878336978,1.5740698236767323,1.2910475720011616,3
기술개발 산업,0.18740274031985035,1.261384477634073,1.06842691422632,9
지역특화 제조,0.187358190394466,2.5279417186763764,1.9743383734259687,3
차세대 배터리,0.18730890796910268,2.334798380944356,1.8368522387140533,3
차원 해수,0.18711090918864665,0.6827212609220523,0.656158461220823,5
이용 국민,0.18707294823823264,5.302366691744016,3.9655632579393316,10
소개,0.18706731927372267,1.5006353721930243,1.2422856980128854,10
경쟁사,0.1866308243018574,2.888850587070097,2.2433331164061308,3
종사자 국민,0.1862676676112246,7.402294736906758,5.499177026011639,17
첨단 영상,0.18588347250282006,3.15131529157709,2.444162681548423,6
문화 설정,0.18588347250282006,3.15131529157709,2.444162681548423,6
단체,0.18575863422920744,1.5532910456809152,1.2915325413862133,85
아키텍처,0.1856645698642139,1.9722996049948485,1.5953198921824312,7
업체 사후,0.18543500418412864,4.074166105949655,3.1198282884837356,3
우수 물류,0.18487242286419786,2.135003253837679,1.7222345424892957,4
공급망 다변,0.18487242286419786,2.135003253837679,1.7222345424892957,4
다변 물류,0.18487242286419786,2.135003253837679,1.7222345424892957,4
검정,0.18426269771390483,2.501059139239263,1.9965682273609022,6
식품 미래,0.18418684410607036,0.9129597180289422,0.8380572301422966,3
모델 국민,0.18399273770148789,2.1009073372370706,1.7077023021957296,4
도시 드론,0.18399273770148789,2.1009073372370706,1.7077023021957296,4
체감 드론,0.18399273770148789,2.1009073372370706,1.7077023021957296,4
수산 유망,0.18397444136979976,1.956202495062113,1.6021113577336972,7
연구개발 혁신,0.18366897828744574,0.0,0.17222887863920588,4
sw 글로벌,0.18303094544093215,7.235759580755654,5.497235400948229,9
활성 융자,0.1829730601205729,0.0,0.17326427162037808,4
시설 연계,0.1826702171118997,2.9138796426343827,2.322926644586688,3
탄소 규제,0.1826405051197649,4.908912682679973,3.7951814482030355,5
종사자 일반,0.18240110689991498,6.605628848579344,5.055072991967134,12
수익 소득,0.1823915539227706,3.4706889829883725,2.7388195614008364,3
관심,0.18222086470351412,1.139364029067081,1.017295980921479,7
모델 조기,0.18214805973410977,1.7880475631571773,1.4979495175037265,4
경쟁력 드론,0.18214805973410977,1.7880475631571773,1.4979495175037265,4
실증 드론,0.18214805973410977,1.7880475631571773,1.4979495175037265,4
안전 드론,0.18214805973410977,1.7880475631571773,1.4979495175037265,4
드론 상용화,0.18214805973410977,1.7880475631571773,1.4979495175037265,4
가공 산업,0.1821435532880414,1.7440455346919987,1.4654266642322513,3
소재 가공,0.1821435532880414,1.7440455346919987,1.4654266642322513,3
방송 영상,0.18179594522057568,8.93570056141022,6.804576327955691,10
소형,0.18156005640072231,2.3827064774465754,1.9459670098785848,7
시설 어획물,0.18152085919854583,7.89636192397038,6.044741574726461,5
어획물,0.18152085919854583,7.89636192397038,6.044741574726461,5
이행 수출,0.18152085919854583,7.89636192397038,6.044741574726461,5
업체 저리,0.18152085919854583,7.89636192397038,6.044741574726461,5
수산물 가공,0.18152085919854583,7.89636192397038,6.044741574726461,5
수출 수협중앙회,0.18152085919854583,7.89636192397038,6.044741574726461,5
시설 수산물,0.18152085919854583,7.89636192397038,6.044741574726461,5
가공 이행,0.18152085919854583,7.89636192397038,6.044741574726461,5
eu 위생,0.18152085919854583,7.89636192397038,6.044741574726461,5
위생 시설,0.18152085919854583,7.89636192397038,6.044741574726461,5
어획물 처리,0.18152085919854583,7.89636192397038,6.044741574726461,5
처리 가공,0.18152085919854583,7.89636192397038,6.044741574726461,5
자금 eu,0.18152085919854583,7.89636192397038,6.044741574726461,5
기술 현장,0.18146798738443204,1.440063690258258,1.246297440683038,5
녹색 융합,0.1812774583503469,3.0089516513020156,2.416014561523305,3
스타 성장,0.1810993414891311,0.0,0.1760915616195149,3
성장 일자리,0.1810993414891311,0.0,0.1760915616195149,3
가능 고려,0.1810993414891311,0.0,0.1760915616195149,3
일자리 가능,0.1810993414891311,0.0,0.1760915616195149,3
스타 글로벌,0.1810993414891311,0.0,0.1760915616195149,3
에너지 데이터,0.18109125933507683,3.08489249051698,2.4757212554644346,8
가공 처리,0.18088456926026075,0.9997947838663924,0.922751240983898,4
시장 최적,0.18067722417452878,0.8936723041281218,0.8447842552540314,3
제거,0.18056664812575493,1.4287809394628952,1.2457622572114198,10
대응 식품,0.18055142018946874,1.5457751725455064,1.3334268051529035,3
미래 대응,0.18055142018946874,1.5457751725455064,1.3334268051529035,3
개방 혁신,0.1804477179642581,6.19935477093457,4.818491690373454,15
필수 해외,0.18033864869751842,2.2167838453296502,1.8381677756806045,6
소재 기술,0.17994933069274066,1.0064528971139342,0.9339250002857848,7
대국민,0.17990257822668346,1.734480932992349,1.4813204051690247,10
지역,0.17913875548046007,14.405109388765116,11.060250520797789,243
만기,0.17907410837730672,1.3586614471656784,1.2059527247002528,4
공무원,0.17897921567316794,1.7280348296653265,1.4860791404724993,4
sw ict,0.17876984659199482,0.0,0.17968922585761715,3
국민 안전,0.17842350927622658,1.6445289825914848,1.428520682806784,11
가공 식품,0.17812628080754506,0.47100229887476064,0.5389426837565703,3
단지 연계,0.17801256199617257,0.3136356667649679,0.4196148293231955,4
차세대 핵심,0.17752000557079164,2.9151130702916666,2.4080982872805388,3
개발 국제,0.17748901569059802,0.9181850716208955,0.8831273117856852,6
의료 제품,0.17703137727426552,1.2839626240577238,1.166362948530083,8
기획 기술,0.1769919492422532,3.092343073889812,2.552866699550502,10
혁신 제조,0.17689119048303956,1.0425803600242793,0.9823799277846622,5
종목,0.1766514168762077,1.0598998300408191,0.9973893039084656,4
지방,0.17653678670639186,1.4568648066819196,1.3034533946380507,32
업체 소비자,0.17635832526553522,5.675851065835829,4.553206106476039,8
국내·외 시장,0.17633120815278283,1.9732577500382253,1.7030015600963442,3
혁신 제품,0.17628397968955403,2.4072873383533997,2.0378911161731788,25
산업 정책,0.17612651596375184,0.6225505277462857,0.6639384342617614,11
라이선싱,0.1759947304099709,4.863115246770599,3.9374783818375043,4
채무 이행,0.175917677833166,12.333913250400542,9.70866567931489,14
스마트 유통,0.17589850661058049,2.7596361763672252,2.3155711378013293,3
유통 관리,0.17589850661058049,2.7596361763672252,2.3155711378013293,3
권고,0.17588860498176134,1.4524206219924976,1.3060778454271693,6
물류 전환,0.17567447013499177,2.135003253837679,1.8360701505727195,4
수산 식품,0.17558797758161687,3.914426179656559,3.214426492525335,8
질병 협력,0.1754629607192667,2.4757539434717266,2.102788736840907,3
협력 고도,0.1754629607192667,2.4757539434717266,2.102788736840907,3
차세대 식품,0.17535418257527038,3.2903772167615384,2.735926284406449,5
할당,0.1751332303222085,21.02306011594131,16.508073394090054,14
상용화 드론,0.1751210555867538,3.027427690266657,2.5362490021825654,4
할당 업체,0.17502952244220815,22.479089123053598,17.651259197246624,13
게임,0.17501735361335674,16.09640760615669,12.693176731561946,25
기관 지역,0.17484118234544455,2.810193575601508,2.3722628496391827,5
개발 품질,0.17458402760897318,0.3136356667649679,0.43083451327154276,4
조사 측량,0.17428026838617575,0.5079089465243452,0.5835810888549293,5
측량,0.17428026838617575,0.5079089465243452,0.5835810888549293,5
실증 연계,0.17407520353797867,3.0296997539539356,2.5568631348767576,7
철도,0.17393351571944504,3.4151759444090426,2.861225650853914,8
증착,0.17386732770204863,1.6816977125483712,1.5047924575327911,5
구매 공공,0.17375120455836132,1.5638250384249495,1.413649899494251,11
무형,0.17332928152502283,2.614851375295656,2.2442886131896373,3
무형 자원,0.17332928152502283,2.614851375295656,2.2442886131896373,3
지역 문제,0.17332928152502283,2.614851375295656,2.2442886131896373,3
기여 마을기업,0.17332928152502283,2.614851375295656,2.2442886131896373,3
지역 무형,0.17332928152502283,2.614851375295656,2.2442886131896373,3
해결 기여,0.17332928152502283,2.614851375295656,2.2442886131896373,3
일자리 인구,0.17332928152502283,2.614851375295656,2.2442886131896373,3
기관 활용,0.1732028818274391,1.052617718327372,1.0169871625433118,6
xr,0.1731813480856857,1.0585199063235018,1.0217927766461206,6
고도 판로개척,0.17300036295806817,6.036430630749642,4.94582940370785,4
솔루션 도입,0.17297562589047605,1.964131449067302,1.737095569641436,9
유형 매출액,0.17271666403681776,4.1549906204014855,3.4701997288342845,4
종업원 미만,0.17271666403681776,4.1549906204014855,3.4701997288342845,4
미만 종업원,0.17271666403681776,4.1549906204014855,3.4701997288342845,4
미만 해썹,0.17271666403681776,4.1549906204014855,3.4701997288342845,4
추후,0.17258080916096205,3.8811019281726247,3.25708582837721,4
연안 주변,0.17247168468154458,0.8599646007888674,0.870081568553935,5
국토교통,0.17219666707823636,2.8917350330039584,2.4819637769496343,4
해수 유동,0.17213798611564013,0.9622232493758032,0.9533066816482194,5
해양 gis,0.17213594092621143,0.9636453081135294,0.9544484925221918,5
gis 핵심,0.17213594092621143,0.9636453081135294,0.9544484925221918,5
gis,0.17213594092621143,0.9636453081135294,0.9544484925221918,5
녹색 혁신,0.172032745950656,0.9703917146849778,0.960528742612661,5
소요 인건비,0.17195971752731634,1.0600178193651966,1.0321908224192506,4
광고 대행사,0.1717937668945799,3.0614311231626283,2.6239962622740993,9
대행사 제작사,0.1717937668945799,3.0614311231626283,2.6239962622740993,9
우수 방송,0.17132705634235448,3.5265512404987227,3.003642772995875,3
안전 유지,0.1708697830000152,1.6581820396050275,1.5189981921292066,3
보안 점검,0.17061154229774098,2.715204630744511,2.368917020862108,3
수중,0.17031861707988152,3.0942171901969533,2.6782879612860024,12
진출 기술개발,0.17012768243409537,0.0,0.193896908984046,4
제작자 콘텐츠,0.17003506827587758,4.1122016098243,3.5028772072810828,4
콘텐츠 제작자,0.17003506827587758,4.1122016098243,3.5028772072810828,4
제작자,0.17003506827587758,4.1122016098243,3.5028772072810828,4
운항,0.1698388568457461,2.4824640605350607,2.194653910043267,6
컨설팅 판매,0.169564116086245,2.478108843265528,2.1955188528918375,7
제품화 판로개척,0.169564116086245,2.478108843265528,2.1955188528918375,7
제품화,0.169564116086245,2.478108843265528,2.1955188528918375,7
제도 우수,0.169564116086245,2.478108843265528,2.1955188528918375,7
제도 재난안전제품,0.169564116086245,2.478108843265528,2.1955188528918375,7
개발 공신력,0.169564116086245,2.478108843265528,2.1955188528918375,7
정보 부족,0.169564116086245,2.478108843265528,2.1955188528918375,7
인증 전문,0.169564116086245,2.478108843265528,2.1955188528918375,7
재난안전기업 상용화,0.169564116086245,2.478108843265528,2.1955188528918375,7
판로개척 애로,0.169564116086245,2.478108843265528,2.1955188528918375,7
개량 기술,0.169564116086245,2.478108843265528,2.1955188528918375,7
혁신 개량,0.169564116086245,2.478108843265528,2.1955188528918375,7
인센티브 인증,0.169564116086245,2.478108843265528,2.1955188528918375,7
경쟁력 재난,0.169564116086245,2.478108843265528,2.1955188528918375,7
조사 판로개척,0.169564116086245,2.478108843265528,2.1955188528918375,7
위탁 재난안전신기술,0.169564116086245,2.478108843265528,2.1955188528918375,7
재난안전신기술 제도,0.169564116086245,2.478108843265528,2.1955188528918375,7
최초 개발,0.169564116086245,2.478108843265528,2.1955188528918375,7
공신력 신뢰,0.169564116086245,2.478108843265528,2.1955188528918375,7
상용화 제품화,0.169564116086245,2.478108843265528,2.1955188528918375,7
우수 평가,0.169564116086245,2.478108843265528,2.1955188528918375,7
부여 우수,0.169564116086245,2.478108843265528,2.1955188528918375,7
사항 실태,0.169564116086245,2.478108843265528,2.1955188528918375,7
평가 재난안전신기술,0.169564116086245,2.478108843265528,2.1955188528918375,7
컨설팅 재난안전기업,0.169564116086245,2.478108843265528,2.1955188528918375,7
신뢰 부여,0.169564116086245,2.478108843265528,2.1955188528918375,7
기술개발 농산업체,0.16951445113284216,0.8780508831074872,0.9040847262351919,4
방송 콘텐츠,0.16927491137334738,4.571935827500837,3.89402026806557,4
주요국,0.16918810266917916,1.8062013682371278,1.6576273927977687,6
대응 기술,0.16910891963365826,0.9669595915477718,0.9788507659647941,4
성장 잠재력,0.1688903040112791,0.7156923555365732,0.7766240932737518,11
방송 광고,0.16871405521367083,6.732199776581312,5.664424796031996,9
trl 국민,0.16850169902957185,3.5354011449829477,3.0726297939238068,4
성장 콘텐츠,0.1684623969640642,3.566726462092351,3.098994878642517,6
마을기업,0.168438487574264,4.427328233665136,3.799910937784824,3
마을기업 지역,0.168438487574264,4.427328233665136,3.799910937784824,3
안전 사고,0.1680520432159398,0.3558937612887279,0.48796275922045274,3
기술 환경,0.16757168073154843,2.14599060634647,1.9557026675645988,8
청정,0.16756056871633224,2.0708884590489602,1.8943574147298705,21
전략 제휴,0.16743942917763077,1.1528545889427204,1.1435683572411492,3
제휴,0.16743942917763077,1.1528545889427204,1.1435683572411492,3
실시간 모니터링,0.16728439481214302,0.4867323563715861,0.59829307884789,7
가축,0.16682657486154182,5.341687418255357,4.597418280845682,9
정책자금 대출,0.16660985105138235,1.474755104175521,1.4161346404437187,3
fast,0.16656113689738392,1.9899713048055545,1.841627814950464,3
예술 콘텐츠,0.16643559163257896,1.1013533775184112,1.1096955444598346,4
콘텐츠 기관,0.16643559163257896,1.1013533775184112,1.1096955444598346,4
원재료,0.1663621998194275,0.6118158921121438,0.7059325073860343,3
활용 기술,0.16634879013174284,1.0494406708154693,1.0675354644903359,14
활용 해양,0.16633299380679123,1.3171412377647047,1.2888403155914776,5
처리 기술개발,0.16592967670413492,1.515002188691424,1.4566956695999618,4
환경 오염,0.16580194967378112,1.525397807425329,1.4667092627536773,3
콘텐츠 창작,0.16568540900069645,6.299905066996024,5.431239903974031,12
산업 근간,0.16568454022729498,0.8381238390793072,0.8974975685082411,3
콘텐츠 유통,0.16560770150278337,2.607221320128833,2.3673534945793717,3
관광 관광,0.165438915265223,3.6485937895977907,3.236281709426751,5
관광 사업자,0.16540134285654015,10.022060923283787,8.538592766469339,14
culture 유니콘,0.1653964523375102,2.6386085833081974,2.3971624955033484,3
글로벌 culture,0.1653964523375102,2.6386085833081974,2.3971624955033484,3
culture 스타트업,0.1653964523375102,2.6386085833081974,2.3971624955033484,3
콘텐츠 업계,0.16497073635279136,2.9224396959104975,2.6415566047718237,6
세계 경쟁력,0.16497073635279136,2.9224396959104975,2.6415566047718237,6
역량 콘텐츠,0.16497073635279136,2.9224396959104975,2.6415566047718237,6
가능 콘텐츠,0.16497073635279136,2.9224396959104975,2.6415566047718237,6
양성 세계,0.16497073635279136,2.9224396959104975,2.6415566047718237,6
어업인,0.16474931881508614,4.438644205211387,3.9130400712900317,12
판로개척 해외진출,0.1647259621555396,3.6484836738687485,3.253232647354925,3
재난안전신기술,0.16448447803790203,4.195803001095696,3.7173365556400206,7
특구 투자,0.16439094558575307,3.886501388355415,3.4607318734578665,3
기술 시스템,0.16439094558575307,3.886501388355415,3.4607318734578665,3
협력 기회,0.16439094558575307,3.886501388355415,3.4607318734578665,3
기술개발 기관,0.16430734511170497,4.887526941678616,4.302160057612944,7
드론 활용,0.16408818204997314,3.230947687304205,2.9179692418348058,11
의존도 저감,0.16408044314308298,0.5352167542917626,0.6542132586389133,3
수산 산업,0.16408044314308298,0.5352167542917626,0.6542132586389133,3
산업 기자재,0.16408044314308298,0.5352167542917626,0.6542132586389133,3
환경 내구,0.16408044314308298,0.5352167542917626,0.6542132586389133,3
경쟁력 안전,0.16408044314308298,0.5352167542917626,0.6542132586389133,3
수산 기술,0.16408044314308298,0.5352167542917626,0.6542132586389133,3
수산 기자재,0.16408044314308298,0.5352167542917626,0.6542132586389133,3
저감 해양,0.16408044314308298,0.5352167542917626,0.6542132586389133,3
내구 국제,0.16408044314308298,0.5352167542917626,0.6542132586389133,3
기회 출연연,0.16408044314308298,0.5352167542917626,0.6542132586389133,3
대외 수입,0.16408044314308298,0.5352167542917626,0.6542132586389133,3
국산 대외,0.16408044314308298,0.5352167542917626,0.6542132586389133,3
재난안전기업,0.1640075678323311,5.5103446653558406,4.83501068572545,7
업계 종사자,0.1637912961039679,4.528795873128282,4.016663106508718,18
생존 창업기업,0.16369338707289188,0.0,0.20544911370020852,6
격차 글로벌,0.16369338707289188,0.0,0.20544911370020852,6
기관 투자유치,0.1636813308841678,4.2645420883851,3.797357894994081,3
추후 해외,0.1636813308841678,4.2645420883851,3.797357894994081,3
혁신 오픈랩,0.1636813308841678,4.2645420883851,3.797357894994081,3
오픈랩 중심,0.1636813308841678,4.2645420883851,3.797357894994081,3
오픈랩,0.1636813308841678,4.2645420883851,3.797357894994081,3
해외 연계,0.1636813308841678,4.2645420883851,3.797357894994081,3
기술개발 추후,0.1636813308841678,4.2645420883851,3.797357894994081,3
중심 해외,0.1636813308841678,4.2645420883851,3.797357894994081,3
채권,0.16345995454710593,6.643582922881568,5.810622488051804,18
여신,0.1634431528970361,3.0822976503952617,2.8065603159188295,8
커머스 플랫폼,0.1634193028133604,0.0,0.20596140810308386,3
글로벌 커머스,0.1634193028133604,0.0,0.20596140810308386,3
가능 혁신,0.16336796415566493,1.2655457397439196,1.274430717395098,5
사업자 관광,0.16330416515216298,7.64910532445161,6.666563849520536,14
재난안전제품,0.16304063858398904,5.200589671134153,4.607542844681322,7
재난안전제품 인증,0.16304063858398904,5.200589671134153,4.607542844681322,7
친환경 공정,0.16239941226476198,1.641062769497354,1.6031432054662602,3
제조 수입,0.16222986742417156,2.928966579726218,2.701570497320579,7
ict,0.1622122861979264,9.07249437391469,7.932455289247148,97
해외 기관,0.16220640922417845,4.0278497917377525,3.6376624576383603,5
산업 지역,0.16211574632649256,9.627656453551964,8.411123787117122,34
제작 방송,0.16191976923518603,0.7880218486117394,0.8811543493884253,4
스타트업 대학,0.1618448374269988,0.0,0.20893787404589192,3
비중 산업,0.1610720179997306,3.085244248012851,2.8593573450244754,4
차지,0.1610720179997306,3.085244248012851,2.8593573450244754,4
산업 주관,0.1610720179997306,3.085244248012851,2.8593573450244754,4
경제 차지,0.1610720179997306,3.085244248012851,2.8593573450244754,4
차지 비중,0.1610720179997306,3.085244248012851,2.8593573450244754,4
매출 고용,0.1610720179997306,3.085244248012851,2.8593573450244754,4
관리 고도,0.1610188146633404,1.8901552718088102,1.8340164191673827,6
투자 지역,0.16088939493576215,3.027703926182415,2.8138237919043685,6
방송 업계,0.16081378503635302,3.860184175737297,3.5315496580601953,6
독립 제작사,0.16081378503635302,3.860184175737297,3.5315496580601953,6
백업,0.16051234699315356,0.4360712484444448,0.5874618324990201,3
강소,0.1604809765767534,0.0,0.21156340811576785,3
지역 초기,0.1604809765767534,0.0,0.21156340811576785,3
스타트업 강소,0.1604809765767534,0.0,0.21156340811576785,3
지역 디지털,0.1604809765767534,0.0,0.21156340811576785,3
강소 디지털,0.1604809765767534,0.0,0.21156340811576785,3
음악,0.1604413961201052,8.314461463795285,7.383738658615347,13
친환경 제품,0.15992340664283788,2.208529032039277,2.1250882392596018,5
글로벌 강소기업,0.15987463080830597,1.9892556560403287,1.9359331105157527,7
허용,0.15975393801672969,1.813889328262219,1.7856717039490666,8
항만,0.15947157356710698,3.5047384783732483,3.2586405038586483,11
해소 균형,0.15943229456116545,3.3526746163001553,3.127450326399237,6
창작 콘텐츠,0.15943229456116545,3.3526746163001553,3.127450326399237,6
지역 격차,0.15943229456116545,3.3526746163001553,3.127450326399237,6
적정,0.159204742596493,1.2522044617486838,1.3042129283625863,5
상품 유통,0.15916878842679075,0.9646196029509847,1.0541420748305355,5
브랜드 디자인,0.15900906383708038,2.841675623637911,2.691991996768012,8
융합 핵심,0.15895620406666322,2.151632555274159,2.091217096041138,7
클러스터,0.15888152524118893,6.439943075043268,5.834790670428324,44
농기계,0.15886227630589722,3.0037729172341363,2.836486098568165,7
양성 해외진출,0.15879038730467476,1.9021637679873986,1.8760175286805785,4
해외진출 활성,0.15879038730467476,1.9021637679873986,1.8760175286805785,4
제작 인프라,0.15879038730467476,1.9021637679873986,1.8760175286805785,4
진흥 국제,0.15879038730467476,1.9021637679873986,1.8760175286805785,4
해외진출 다양,0.15879038730467476,1.9021637679873986,1.8760175286805785,4
다양 국내,0.15879038730467476,1.9021637679873986,1.8760175286805785,4
경쟁력 해외진출,0.15879038730467476,1.9021637679873986,1.8760175286805785,4
제작사 독립,0.15879038730467476,1.9021637679873986,1.8760175286805785,4
영상 전문,0.15879038730467476,1.9021637679873986,1.8760175286805785,4
소득 일자리,0.15873603382857807,3.4706889829883725,3.247133504915699,3
물류 해외진출,0.15860424225278935,1.121989989121554,1.196437632681974,3
해외진출 물류,0.15860424225278935,1.121989989121554,1.196437632681974,3
활용 직무,0.15839084260635,1.3267087130073474,1.3777480385704362,3
대한민국 발명,0.15839084260635,1.3267087130073474,1.3777480385704362,3
대한민국 지식재산,0.15839084260635,1.3267087130073474,1.3777480385704362,3
발명 최신,0.15839084260635,1.3267087130073474,1.3777480385704362,3
사기 진작,0.15839084260635,1.3267087130073474,1.3777480385704362,3
발명 정당,0.15839084260635,1.3267087130073474,1.3777480385704362,3
등록 감면,0.15839084260635,1.3267087130073474,1.3777480385704362,3
최신 발명품,0.15839084260635,1.3267087130073474,1.3777480385704362,3
대회 통합,0.15839084260635,1.3267087130073474,1.3777480385704362,3
활성 발명,0.15839084260635,1.3267087130073474,1.3777480385704362,3
역사 발명품,0.15839084260635,1.3267087130073474,1.3777480385704362,3
특허 대전,0.15839084260635,1.3267087130073474,1.3777480385704362,3
국유,0.15839084260635,1.3267087130073474,1.3777480385704362,3
특허 관리,0.15839084260635,1.3267087130073474,1.3777480385704362,3
국제 발명,0.15839084260635,1.3267087130073474,1.3777480385704362,3
sgi 서울,0.15839084260635,1.3267087130073474,1.3777480385704362,3
sgi,0.15839084260635,1.3267087130073474,1.3777480385704362,3
기념식,0.15839084260635,1.3267087130073474,1.3777480385704362,3
기념식 대한민국,0.15839084260635,1.3267087130073474,1.3777480385704362,3
지식재산 국민,0.15839084260635,1.3267087130073474,1.3777480385704362,3
심사 연차,0.15839084260635,1.3267087130073474,1.3777480385704362,3
지식재산 대전,0.15839084260635,1.3267087130073474,1.3777480385704362,3
발명 인식,0.15839084260635,1.3267087130073474,1.3777480385704362,3
발명 대회,0.15839084260635,1.3267087130073474,1.3777480385704362,3
발명 기념식,0.15839084260635,1.3267087130073474,1.3777480385704362,3
연차 등록,0.15839084260635,1.3267087130073474,1.3777480385704362,3
상표 디자인,0.15839084260635,1.3267087130073474,1.3777480385704362,3
판로개척 발명,0.15839084260635,1.3267087130073474,1.3777480385704362,3
상표 디자인권,0.15839084260635,1.3267087130073474,1.3777480385704362,3
공무원 직무,0.15839084260635,1.3267087130073474,1.3777480385704362,3
국민 발명,0.15839084260635,1.3267087130073474,1.3777480385704362,3
서울 국제,0.15839084260635,1.3267087130073474,1.3777480385704362,3
국민 인식,0.15839084260635,1.3267087130073474,1.3777480385704362,3
보증 가점,0.15839084260635,1.3267087130073474,1.3777480385704362,3
활성 직무,0.15839084260635,1.3267087130073474,1.3777480385704362,3
디자인권 서울,0.15839084260635,1.3267087130073474,1.3777480385704362,3
다양 발명,0.15839084260635,1.3267087130073474,1.3777480385704362,3
대전 상표,0.15839084260635,1.3267087130073474,1.3777480385704362,3
우수 발명품,0.15839084260635,1.3267087130073474,1.3777480385704362,3
통합 특허,0.15839084260635,1.3267087130073474,1.3777480385704362,3
발명가 자긍심,0.15839084260635,1.3267087130073474,1.3777480385704362,3
전당 역대,0.15839084260635,1.3267087130073474,1.3777480385704362,3
올해,0.15839084260635,1.3267087130073474,1.3777480385704362,3
개최 발명가,0.15839084260635,1.3267087130073474,1.3777480385704362,3
지급 홍보,0.15839084260635,1.3267087130073474,1.3777480385704362,3
개최 대한민국,0.15839084260635,1.3267087130073474,1.3777480385704362,3
발명가 사기,0.15839084260635,1.3267087130073474,1.3777480385704362,3
대전 개최,0.15839084260635,1.3267087130073474,1.3777480385704362,3
발명가 역사,0.15839084260635,1.3267087130073474,1.3777480385704362,3
부여 인센티브,0.15839084260635,1.3267087130073474,1.3777480385704362,3
홍보 국유,0.15839084260635,1.3267087130073474,1.3777480385704362,3
올해 발명,0.15839084260635,1.3267087130073474,1.3777480385704362,3
보상 문화,0.15839084260635,1.3267087130073474,1.3777480385704362,3
국유 특허,0.15839084260635,1.3267087130073474,1.3777480385704362,3
전시 발명가,0.15839084260635,1.3267087130073474,1.3777480385704362,3
발명품 전시,0.15839084260635,1.3267087130073474,1.3777480385704362,3
발명 특허,0.15839084260635,1.3267087130073474,1.3777480385704362,3
서울 보증,0.15839084260635,1.3267087130073474,1.3777480385704362,3
역대,0.15839084260635,1.3267087130073474,1.3777480385704362,3
디자인 지식재산,0.15839084260635,1.3267087130073474,1.3777480385704362,3
디자인권,0.15839084260635,1.3267087130073474,1.3777480385704362,3
활용 공무원,0.15839084260635,1.3267087130073474,1.3777480385704362,3
역대 발명가,0.15839084260635,1.3267087130073474,1.3777480385704362,3
진작 특허,0.15839084260635,1.3267087130073474,1.3777480385704362,3
인식 우수,0.15839084260635,1.3267087130073474,1.3777480385704362,3
발명품 판로개척,0.15839084260635,1.3267087130073474,1.3777480385704362,3
발명품 올해,0.15839084260635,1.3267087130073474,1.3777480385704362,3
사기,0.15839084260635,1.3267087130073474,1.3777480385704362,3
감면 sgi,0.15839084260635,1.3267087130073474,1.3777480385704362,3
정당 보상,0.15839084260635,1.3267087130073474,1.3777480385704362,3
정당 보상금,0.15839084260635,1.3267087130073474,1.3777480385704362,3
자긍심 국민,0.15839084260635,1.3267087130073474,1.3777480385704362,3
행사 다양,0.15839084260635,1.3267087130073474,1.3777480385704362,3
특허 활용,0.15839084260635,1.3267087130073474,1.3777480385704362,3
광고 제작비,0.15830737053764604,2.629944799848232,2.5208711020082752,6
스마트공장 공급,0.15813478374366852,1.146231970129518,1.2221100490360333,6
중소 제작사,0.15789469299854395,3.941916047337702,3.6823093398743185,6
원료,0.15788924473313465,4.454572812186857,4.133196869824094,38
경쟁력 스타트업,0.15774994545565169,1.261579138008036,1.3273174487441635,5
가격 안정,0.15756482743968628,7.738630052460442,7.037870766320878,23
산업 콘텐츠,0.15739809921861178,5.8216089378772375,5.355067359011008,12
에너지 효율,0.15732591984332553,6.35720456780166,5.830915372640662,15
컨설팅 물류,0.1572262458969399,1.0802820422218196,1.172567374764742,3
제3자,0.1572262458969399,1.0802820422218196,1.172567374764742,3
산림,0.15692885783289104,1.947525672666813,1.9433497385006078,3
제품 시장,0.15686038867220692,1.1017377459131454,1.194961895058777,10
스타트업 인프라,0.15679767161175712,2.0999551682324817,2.080453868567719,4
콘텐츠 인력,0.15679767161175712,2.0999551682324817,2.080453868567719,4
인프라 지속,0.15679767161175712,2.0999551682324817,2.080453868567719,4
표준 선점,0.15670155956751947,0.9538673506393159,1.0652787884585846,8
주도 기회,0.15670155956751947,0.9538673506393159,1.0652787884585846,8
영상 콘텐츠,0.15654297468970388,4.445700450010482,4.168037141852157,10
참여 기술,0.15644940743264274,1.3128157249275754,1.386451488118487,4
성장 도약,0.15637735539094358,1.1528545889427204,1.2449814772548664,3
상용화 혁신,0.15627965327053964,1.1156728812300378,1.2128506653564113,4
광고 제작,0.155594733146854,2.7570712945694176,2.6878501816586953,7
해수,0.15546509286992025,1.5762023631681312,1.6330939466327847,6
제작 제반,0.1551070151796147,1.6215161521232193,1.6783838889250682,3
기술개발 지역,0.1549221768784499,1.2903498211371889,1.3830368583842207,4
기술개발 환경,0.1549079552896471,1.190227009742722,1.2931514255914531,3
출연 연구소,0.15465790334473814,1.57058303050455,1.6384322313639823,8
신뢰 검증,0.15453282141974037,0.39368771013004833,0.5786188504937126,5
진출 망라,0.154323387889962,2.5514786859938874,2.5288416642804386,4
전환 역량,0.154323387889962,2.5514786859938874,2.5288416642804386,4
모델 마케팅,0.154323387889962,2.5514786859938874,2.5288416642804386,4
전반 산업,0.154323387889962,2.5514786859938874,2.5288416642804386,4
망라,0.154323387889962,2.5514786859938874,2.5288416642804386,4
망라 전반,0.154323387889962,2.5514786859938874,2.5288416642804386,4
창업기업 모델,0.154323387889962,2.5514786859938874,2.5288416642804386,4
환경 창업기업,0.154323387889962,2.5514786859938874,2.5288416642804386,4
뿌리,0.15390456771753996,3.3761868185654436,3.2845272906669,9
물질,0.15369462186300947,8.231999147281037,7.69756840921565,59
활용 공정,0.15366230531717848,0.9422222010334458,1.0808636084484708,4
조달 연계,0.15338883869037048,1.4227121127916758,1.5204174956732146,4
문화 산업,0.15318456626607768,9.059298877467164,8.481950957874375,11
선박 기술개발,0.15300262480572288,1.4140038838463111,1.51715303707582,3
향후,0.15297236588496305,2.321677843078593,2.3460180519708036,9
농업인,0.1527286389764194,3.172259194089781,3.1283814366599274,30
상용,0.15232878739142444,1.5048470538679402,1.608670394623939,5
track,0.15199679515352837,0.9555486131273457,1.1077610437312,4
대전,0.15193033542274437,1.6581845929912518,1.7548975922682026,4
연장 근로,0.1518683327136118,0.0,0.22923256024867492,4
하도급 근로자,0.1518683327136118,0.0,0.22923256024867492,4
하도급,0.1518683327136118,0.0,0.22923256024867492,4
특수 형태,0.1518683327136118,0.0,0.22923256024867492,4
선택근무 추가,0.1518683327136118,0.0,0.22923256024867492,4
업무 종사자,0.1518683327136118,0.0,0.22923256024867492,4
형태 업무,0.1518683327136118,0.0,0.22923256024867492,4
일부 중견기업,0.1518683327136118,0.0,0.22923256024867492,4
전반 근로,0.1518683327136118,0.0,0.22923256024867492,4
장려금 소속,0.1518683327136118,0.0,0.22923256024867492,4
장려금 인건비,0.1518683327136118,0.0,0.22923256024867492,4
비례 임금,0.1518683327136118,0.0,0.22923256024867492,4
유연근무제 장려금,0.1518683327136118,0.0,0.22923256024867492,4
도입 연장,0.1518683327136118,0.0,0.22923256024867492,4
사내,0.1518683327136118,0.0,0.22923256024867492,4
사내 하도급,0.1518683327136118,0.0,0.22923256024867492,4
유연근무제,0.1518683327136118,0.0,0.22923256024867492,4
활용 우선,0.1518683327136118,0.0,0.22923256024867492,4
활용 횟수,0.1518683327136118,0.0,0.22923256024867492,4
횟수,0.1518683327136118,0.0,0.22923256024867492,4
근로자 생활,0.1518683327136118,0.0,0.22923256024867492,4
근로자 단축,0.1518683327136118,0.0,0.22923256024867492,4
단축 장려금,0.1518683327136118,0.0,0.22923256024867492,4
근무 도입,0.1518683327136118,0.0,0.22923256024867492,4
정액 임금,0.1518683327136118,0.0,0.22923256024867492,4
정액 가정,0.1518683327136118,0.0,0.22923256024867492,4
보전금 고용,0.1518683327136118,0.0,0.22923256024867492,4
근로자 상시,0.1518683327136118,0.0,0.22923256024867492,4
균형 인프라,0.1518683327136118,0.0,0.22923256024867492,4
단축 근로자,0.1518683327136118,0.0,0.22923256024867492,4
근로자 재택,0.1518683327136118,0.0,0.22923256024867492,4
임금 지급,0.1518683327136118,0.0,0.22923256024867492,4
파견 사내,0.1518683327136118,0.0,0.22923256024867492,4
인프라 고용,0.1518683327136118,0.0,0.22923256024867492,4
정액 정규직,0.1518683327136118,0.0,0.22923256024867492,4
시간 비례,0.1518683327136118,0.0,0.22923256024867492,4
고용 우선,0.1518683327136118,0.0,0.22923256024867492,4
고용 사용,0.1518683327136118,0.0,0.22923256024867492,4
지급 임금,0.1518683327136118,0.0,0.22923256024867492,4
인건비 소정,0.1518683327136118,0.0,0.22923256024867492,4
단축 근로,0.1518683327136118,0.0,0.22923256024867492,4
단축 허용,0.1518683327136118,0.0,0.22923256024867492,4
단축 중견기업,0.1518683327136118,0.0,0.22923256024867492,4
단축 제도,0.1518683327136118,0.0,0.22923256024867492,4
원격 선택근무,0.1518683327136118,0.0,0.22923256024867492,4
상시 노무,0.1518683327136118,0.0,0.22923256024867492,4
종사자 정규직,0.1518683327136118,0.0,0.22923256024867492,4
사업주 활용,0.1518683327136118,0.0,0.22923256024867492,4
근로 문화,0.1518683327136118,0.0,0.22923256024867492,4
근로 감소,0.1518683327136118,0.0,0.22923256024867492,4
전환 고용,0.1518683327136118,0.0,0.22923256024867492,4
증가액 근로,0.1518683327136118,0.0,0.22923256024867492,4
증가액 정액,0.1518683327136118,0.0,0.22923256024867492,4
사업주 시간,0.1518683327136118,0.0,0.22923256024867492,4
감소 전반,0.1518683327136118,0.0,0.22923256024867492,4
허용 장려금,0.1518683327136118,0.0,0.22923256024867492,4
노무 특수,0.1518683327136118,0.0,0.22923256024867492,4
문화 근로,0.1518683327136118,0.0,0.22923256024867492,4
전환 장려금,0.1518683327136118,0.0,0.22923256024867492,4
근로자 유연,0.1518683327136118,0.0,0.22923256024867492,4
환경 유연근무제,0.1518683327136118,0.0,0.22923256024867492,4
사용 파견,0.1518683327136118,0.0,0.22923256024867492,4
횟수 출퇴근,0.1518683327136118,0.0,0.22923256024867492,4
추가 생활,0.1518683327136118,0.0,0.22923256024867492,4
지방 자치,0.15157234802169461,1.71423668582904,1.8116448050272314,26
배출 허용,0.15151163334286177,1.9780576371245941,2.0560732994203055,4
허용 기준,0.15151163334286177,1.9780576371245941,2.0560732994203055,4
사후 대응,0.1513974419619142,0.5899160504101914,0.7753281545285251,3
운전자금 성장,0.1508539467550024,0.0,0.2314464160570063,4
공유 융자,0.1508539467550024,0.0,0.2314464160570063,4
안전 이용,0.15068475784828508,2.7358375771082795,2.7737710806616547,7
애니메이션 산업,0.15048606439193424,3.191941702885872,3.202600372380178,5
지능 하베스터,0.1502670718953603,1.408439568625703,1.5456491272815054,3
하베스터,0.1502670718953603,1.408439568625703,1.5456491272815054,3
하베스터 개발,0.1502670718953603,1.408439568625703,1.5456491272815054,3
전통 발효,0.14996267673524002,6.396957026785394,6.21072621401676,8
발명 활성,0.14994334718182917,2.2463131168527037,2.332730207027529,3
정당,0.14994334718182917,2.2463131168527037,2.332730207027529,3
장려 행사,0.14994334718182917,2.2463131168527037,2.332730207027529,3
발명 장려,0.14994334718182917,2.2463131168527037,2.332730207027529,3
선도 협력,0.14989427857740267,3.091443634540774,3.1237607714451743,5
uam 안전,0.1497974176284216,1.117555940036013,1.2793824869256951,3
구직자 일반,0.14943270778959963,1.9229709653837825,2.0389175458550906,5
콘텐츠 종사자,0.14943270778959963,1.9229709653837825,2.0389175458550906,5
종사자 구직자,0.14943270778959963,1.9229709653837825,2.0389175458550906,5
현장 애로,0.14933018329060227,0.4393440690682766,0.6473966655904053,4
산업 녹색,0.14929223201715128,4.346605595879347,4.317834372185379,8
직무 발명,0.14891016789260159,3.461964014478024,3.4975263372688445,3
벌목,0.1488683978517245,1.3222709015266951,1.4820798174508123,3
환경 극복,0.1488683978517245,1.3222709015266951,1.4820798174508123,3
절험지 환경,0.1488683978517245,1.3222709015266951,1.4820798174508123,3
작업 지능,0.1488683978517245,1.3222709015266951,1.4820798174508123,3
벌목 작업,0.1488683978517245,1.3222709015266951,1.4820798174508123,3
절험지,0.1488683978517245,1.3222709015266951,1.4820798174508123,3
개발 산림,0.1488683978517245,1.3222709015266951,1.4820798174508123,3
중견기업 대학,0.1487087242494651,1.3337843074346565,1.4948774263107742,5
산업 중소,0.14825706505854017,1.4604224604163418,1.6203380219719525,15
신속 공급,0.14809640630106044,0.4360712484444448,0.6511230563104399,3
제작 역량,0.1479543923501243,1.1426338931485855,1.3226668817839697,4
제품 보급,0.14786300905557398,1.4106360784922403,1.5782668437986174,5
기술개발 수중,0.14785721798222587,0.3558937612887279,0.576281653180127,3
성장기,0.14775593604635395,0.6856566880755105,0.8903293733765713,4
해결 상부,0.14766313505480785,0.7872230646599869,0.9876649645266571,3
규모 지하,0.14766313505480785,0.7872230646599869,0.9876649645266571,3
지하 환경,0.14766313505480785,0.7872230646599869,0.9876649645266571,3
정체 문제,0.14766313505480785,0.7872230646599869,0.9876649645266571,3
초장 지하,0.14766313505480785,0.7872230646599869,0.9876649645266571,3
이용자 안전,0.14766313505480785,0.7872230646599869,0.9876649645266571,3
대응 광역,0.14766313505480785,0.7872230646599869,0.9876649645266571,3
극심,0.14766313505480785,0.7872230646599869,0.9876649645266571,3
초장,0.14766313505480785,0.7872230646599869,0.9876649645266571,3
고속도로 대학,0.14766313505480785,0.7872230646599869,0.9876649645266571,3
모빌리티 변화,0.14766313505480785,0.7872230646599869,0.9876649645266571,3
상부 공간,0.14766313505480785,0.7872230646599869,0.9876649645266571,3
환경 이용자,0.14766313505480785,0.7872230646599869,0.9876649645266571,3
증진 모빌리티,0.14766313505480785,0.7872230646599869,0.9876649645266571,3
초대단면 합류부,0.14766313505480785,0.7872230646599869,0.9876649645266571,3
도심지 극심,0.14766313505480785,0.7872230646599869,0.9876649645266571,3
편도 규모,0.14766313505480785,0.7872230646599869,0.9876649645266571,3
합류부,0.14766313505480785,0.7872230646599869,0.9876649645266571,3
편의 증진,0.14766313505480785,0.7872230646599869,0.9876649645266571,3
교통 정체,0.14766313505480785,0.7872230646599869,0.9876649645266571,3
개발 지하,0.14766313505480785,0.7872230646599869,0.9876649645266571,3
안전 편의,0.14766313505480785,0.7872230646599869,0.9876649645266571,3
공간 활용,0.14766313505480785,0.7872230646599869,0.9876649645266571,3
극심 교통,0.14766313505480785,0.7872230646599869,0.9876649645266571,3
초대단면,0.14766313505480785,0.7872230646599869,0.9876649645266571,3
합류부 편도,0.14766313505480785,0.7872230646599869,0.9876649645266571,3
상부,0.14766313505480785,0.7872230646599869,0.9876649645266571,3
광역 연결,0.14766313505480785,0.7872230646599869,0.9876649645266571,3
활용 지하,0.14766313505480785,0.7872230646599869,0.9876649645266571,3
연결 초대단면,0.14766313505480785,0.7872230646599869,0.9876649645266571,3
발명품,0.1475137377135361,2.784247208600272,2.8913589644323032,3
특성 도심,0.14750834499657292,1.0199285452395432,1.210638411472361,3
산업 드론,0.14750834499657292,1.0199285452395432,1.210638411472361,3
도심 드론,0.14750834499657292,1.0199285452395432,1.210638411472361,3
드론 특성,0.14750834499657292,1.0199285452395432,1.210638411472361,3
드론 우수,0.14742267942216683,0.8883547398226457,1.0860633691154935,3
유도 규제,0.14742267942216683,0.8883547398226457,1.0860633691154935,3
매칭 드론,0.14742267942216683,0.8883547398226457,1.0860633691154935,3
안전 사회,0.14707088340078392,0.8624267293123248,1.0644632294978953,3
초기 상용화,0.14707088340078392,0.8624267293123248,1.0644632294978953,3
이후 본격,0.14707088340078392,0.8624267293123248,1.0644632294978953,3
상용화 이후,0.14707088340078392,0.8624267293123248,1.0644632294978953,3
검증 핵심,0.14707088340078392,0.8624267293123248,1.0644632294978953,3
개발 uam,0.14707088340078392,0.8624267293123248,1.0644632294978953,3
본격 성장기,0.14707088340078392,0.8624267293123248,1.0644632294978953,3
uam 초기,0.14707088340078392,0.8624267293123248,1.0644632294978953,3
성장기 안전,0.14707088340078392,0.8624267293123248,1.0644632294978953,3
수용 검증,0.14707088340078392,0.8624267293123248,1.0644632294978953,3
사회 수용,0.14707088340078392,0.8624267293123248,1.0644632294978953,3
외부,0.14696726036064328,6.97744421095991,6.916252957626535,16
대응 역량,0.1469391543256954,1.083056769036296,1.2767814760253695,6
주민 주도,0.14649764451878144,2.614851375295656,2.752602556704498,3
분담,0.14649450387833404,3.146512807706346,3.263292784572571,7
sw,0.14616547329869373,10.139033092061823,10.005520832536035,90
발명,0.14573736203993,4.827969066333812,4.908199670385078,3
이용자,0.14554772428126636,4.230774486007781,4.337831218787783,15
조사 재난,0.14550615847354625,1.8229635704203466,2.0083776246197527,5
디자인 브랜드,0.14530624703993913,1.5361582047997733,1.7335981212911005,5
국토 교통,0.145238487418211,4.592823239805383,4.700008153485594,6
특허 기술,0.1448853211618089,0.9817913935625638,1.2003058237672382,4
혁신 지역,0.14392630580117408,1.5719396461417632,1.7886900456882875,14
영향,0.14385773541575456,2.9570701575866662,3.148593300421397,8
영상 산업,0.14357053126552968,2.2177163583923925,2.4290306848632204,7
모니터링 기술개발,0.143039161339334,1.0602136567208946,1.2966275830291751,4
관리 맞춤,0.1430091582196294,1.6983516656268645,1.927340232027445,6
국민 업계,0.14288020702655316,2.2533602104699817,2.4782637384001838,9
음악 산업,0.1427362358759424,4.539307512059876,4.744444381186835,5
산림 현장,0.14269277682713158,1.0139477299508908,1.254620209663632,3
극복 대형,0.14269277682713158,1.0139477299508908,1.254620209663632,3
대형 벌목,0.14269277682713158,1.0139477299508908,1.254620209663632,3
에너지 절감,0.1426034408358355,0.7621005005209468,1.005960978833729,11
역량 개발,0.14253566497296397,1.8314472370333925,2.0669926960073224,4
콘텐츠 이용자,0.14244235595865448,5.823849863206887,6.030806727867592,10
고도 클러스터,0.14219210934920085,2.684412155524195,2.9212066651785498,4
집적 지역,0.14219210934920085,2.684412155524195,2.9212066651785498,4
소재 제조,0.1419774846638295,1.378816708147045,1.6257779771688103,12
회수 설비,0.1415714947839853,3.545230274010089,3.7968241259688855,9
실무 지식,0.14150064026193288,0.0,0.253355291590516,6
지식 습득,0.14150064026193288,0.0,0.253355291590516,6
종합 시설,0.14150064026193288,0.0,0.253355291590516,6
마켓 영농,0.14150064026193288,0.0,0.253355291590516,6
캠퍼스 그린,0.14150064026193288,0.0,0.253355291590516,6
실습 예비창업자,0.14150064026193288,0.0,0.253355291590516,6
사무실 공간,0.14150064026193288,0.0,0.253355291590516,6
영농 온라인,0.14150064026193288,0.0,0.253355291590516,6
영농,0.14150064026193288,0.0,0.253355291590516,6
판매 마켓,0.14150064026193288,0.0,0.253355291590516,6
창업 농식품,0.14150064026193288,0.0,0.253355291590516,6
벤처 종합,0.14150064026193288,0.0,0.253355291590516,6
공간 연구,0.14150064026193288,0.0,0.253355291590516,6
농식품 실습,0.14150064026193288,0.0,0.253355291590516,6
습득 그린,0.14150064026193288,0.0,0.253355291590516,6
장비 민간,0.14150064026193288,0.0,0.253355291590516,6
사무실,0.14150064026193288,0.0,0.253355291590516,6
벤처 캠퍼스,0.14150064026193288,0.0,0.253355291590516,6
시설 사무실,0.14150064026193288,0.0,0.253355291590516,6
기술개발 관리,0.1413921266155494,1.0221387221042184,1.2768181853281049,4
드론,0.14122890989247275,8.00853071683984,8.28160669539697,24
선박,0.14106676984258223,7.664522708827546,7.947470347830189,34
제조 혁신,0.14101515953765678,2.170392132547967,2.43396420945163,16
산업 집적,0.14070431238806685,2.556877244020818,2.82943864186274,6
활용 창업,0.14062064142897893,0.6684728626856762,0.9290038565376506,4
공신력,0.14058047031310555,2.962443279280878,3.2411044178827755,7
bi,0.1405515653171149,0.586443341956208,0.8468777591717807,5
경쟁력 국산,0.1405462494189506,1.5586269551647067,1.8269240013945227,9
중소 환경,0.14052095502893466,4.959087575238458,5.255859147031416,14
컨설팅 역량,0.14041768335866858,0.641343987521536,0.9032741262008108,4
국민 배출,0.14025408349104526,3.0882218018566125,3.377113947433166,4
출연연 대학,0.14022802247591948,2.0065882235287638,2.284638297980088,11
검색,0.1401893115188514,1.6793375949499945,1.954526827234207,6
서비스 혁신,0.14013203644540548,1.5612384086825308,1.8360207339596333,7
소프트웨어,0.13990061869049264,3.947548025325652,4.258077823233972,23
지역 콘텐츠,0.1398236764163766,10.552721656078269,10.95919486062904,10
개발 농산업체,0.1395123003965437,0.6750901433393899,0.9447821534225659,4
지역 소재,0.1394016713111473,6.77201708735901,7.150403187605914,23
실증 해양,0.13938223096173477,0.4965617473726908,0.7641472544306643,6
재정 시설,0.13917783336832373,2.262923172055408,2.5664816525306606,3
시설 자금,0.13917783336832373,2.262923172055408,2.5664816525306606,3
인프라 방송,0.13906613447616445,1.2946020562981886,1.5807218947942185,6
해양 정보,0.13901561454599456,0.4965617473726908,0.766642084542639,6
서비스 국내,0.13830733126253303,1.4311443864838482,1.731347358452393,5
컨설팅 ip,0.1378634032655047,2.888850587070097,3.2407121323962227,3
잉여,0.1375848253515684,1.0364576685692979,1.3343763654088507,3
잉여 전력,0.1375848253515684,1.0364576685692979,1.3343763654088507,3
우수 재난,0.13754765903044613,2.478108843265528,2.8249245451038325,7
무인기,0.1374686936878623,2.1390142387220683,2.4761121297086697,3
가능 성장,0.13743190208421302,2.363668950118055,2.709329763659539,7
도래 유동화전문회사,0.13684290117070952,1.4014695761138043,1.7226147523105129,3
자산 개별,0.13684290117070952,1.4014695761138043,1.7226147523105129,3
약정 신용보증,0.13684290117070952,1.4014695761138043,1.7226147523105129,3
차입,0.13684290117070952,1.4014695761138043,1.7226147523105129,3
만기 도래,0.13684290117070952,1.4014695761138043,1.7226147523105129,3
spc 개별,0.13684290117070952,1.4014695761138043,1.7226147523105129,3
상환 자금,0.13684290117070952,1.4014695761138043,1.7226147523105129,3
기관 유동,0.13684290117070952,1.4014695761138043,1.7226147523105129,3
은행 체결,0.13684290117070952,1.4014695761138043,1.7226147523105129,3
채권 상환,0.13684290117070952,1.4014695761138043,1.7226147523105129,3
기초 발행,0.13684290117070952,1.4014695761138043,1.7226147523105129,3
원리금 지급,0.13684290117070952,1.4014695761138043,1.7226147523105129,3
체결 신용,0.13684290117070952,1.4014695761138043,1.7226147523105129,3
신용 공여,0.13684290117070952,1.4014695761138043,1.7226147523105129,3
채권 기초,0.13684290117070952,1.4014695761138043,1.7226147523105129,3
발행 유동,0.13684290117070952,1.4014695761138043,1.7226147523105129,3
대위변제 유동화전문회사,0.13684290117070952,1.4014695761138043,1.7226147523105129,3
선순위 증권,0.13684290117070952,1.4014695761138043,1.7226147523105129,3
공여 약정,0.13684290117070952,1.4014695761138043,1.7226147523105129,3
spc 금융,0.13684290117070952,1.4014695761138043,1.7226147523105129,3
상환 선순위,0.13684290117070952,1.4014695761138043,1.7226147523105129,3
spc 보유,0.13684290117070952,1.4014695761138043,1.7226147523105129,3
지급 보장,0.13684290117070952,1.4014695761138043,1.7226147523105129,3
증권 상환,0.13684290117070952,1.4014695761138043,1.7226147523105129,3
업무 수탁,0.13684290117070952,1.4014695761138043,1.7226147523105129,3
증권 만기,0.13684290117070952,1.4014695761138043,1.7226147523105129,3
공여,0.13684290117070952,1.4014695761138043,1.7226147523105129,3
증권 원리금,0.13684290117070952,1.4014695761138043,1.7226147523105129,3
유동 업무,0.13684290117070952,1.4014695761138043,1.7226147523105129,3
유동 회사,0.13684290117070952,1.4014695761138043,1.7226147523105129,3
원리금,0.13684290117070952,1.4014695761138043,1.7226147523105129,3
부족 금융,0.13684290117070952,1.4014695761138043,1.7226147523105129,3
보유 기초,0.13684290117070952,1.4014695761138043,1.7226147523105129,3
회사 보증,0.13684290117070952,1.4014695761138043,1.7226147523105129,3
보증 선순위,0.13684290117070952,1.4014695761138043,1.7226147523105129,3
보장 spc,0.13684290117070952,1.4014695761138043,1.7226147523105129,3
기관 차입,0.13684290117070952,1.4014695761138043,1.7226147523105129,3
자금 부족,0.13684290117070952,1.4014695761138043,1.7226147523105129,3
보증 보증,0.13668054601166343,4.3029496296883725,4.746132178546964,8
sox,0.13643386165739868,0.8148240408492484,1.116665595177977,3
자율 운항,0.1363313048007947,2.2494565299844553,2.615881841334555,4
드론 기술,0.1362471429195581,1.5041153230677764,1.8388651313273336,3
소정 근로,0.13622612343305807,0.0,0.2670367969075341,4
소정,0.13622612343305807,0.0,0.2670367969075341,4
대중,0.13597481234980993,3.682262506260516,4.124809048733538,6
배출 원천,0.13597137112999622,0.7909577071966185,1.0962605899011484,3
인프라 핵심,0.13597137112999622,0.7909577071966185,1.0962605899011484,3
원천 저감,0.13597137112999622,0.7909577071966185,1.0962605899011484,3
기술개발 대기,0.13597137112999622,0.7909577071966185,1.0962605899011484,3
저감 상시,0.13597137112999622,0.7909577071966185,1.0962605899011484,3
안정 제거,0.13597137112999622,0.7909577071966185,1.0962605899011484,3
측정 안정,0.13597137112999622,0.7909577071966185,1.0962605899011484,3
제거 대기,0.13597137112999622,0.7909577071966185,1.0962605899011484,3
상시 측정,0.13597137112999622,0.7909577071966185,1.0962605899011484,3
적용 준비,0.1358993577857815,5.778788311648737,6.3249704434025285,7
업체 해썹,0.1358993577857815,5.778788311648737,6.3249704434025285,7
해썹 haccp,0.1358993577857815,5.778788311648737,6.3249704434025285,7
준비 업체,0.1358993577857815,5.778788311648737,6.3249704434025285,7
해썹 적용,0.1358993577857815,5.778788311648737,6.3249704434025285,7
자회사,0.13571945472785957,4.140246575630378,4.614673671229074,8
운용 핵심,0.1356555091958111,1.4602153851746977,1.802292915834096,3
환경 산업체,0.13558209936930427,2.8014372964768475,3.2130651586072556,10
기술개발 국민,0.13547955982487478,1.8381149568062431,2.2025928031087774,6
감축,0.1354516596756332,16.250582844528914,17.36737591612549,60
고속도로 인프라,0.13540292097878193,1.3328845124008164,1.6722621500261483,3
활용 식초,0.13522532020069736,0.7945514904304276,1.1073683864159827,3
맞춤 유용,0.13522532020069736,0.7945514904304276,1.1073683864159827,3
식초 제품,0.13522532020069736,0.7945514904304276,1.1073683864159827,3
유용,0.13522532020069736,0.7945514904304276,1.1073683864159827,3
유용 활용,0.13522532020069736,0.7945514904304276,1.1073683864159827,3
주도 기술,0.13517374077443228,1.7333337015239656,2.0979787430488157,6
개발 항만,0.1351395407375538,0.4965617473726908,0.7938469186082571,6
공정 기술개발,0.13512251744920079,1.4379490967614492,1.7872522635571342,7
스타트업 성장,0.1349357901812804,0.807600351459036,1.1240302842169718,3
의존도 핵심,0.13463876090284513,1.7039451239032732,2.0767101585252776,6
수산물,0.13455484071080404,12.870354450900978,13.91768672567904,14
소상공인 금리,0.13446204560864813,1.7136090849266263,2.090194639286819,3
소상공인 금융,0.13446204560864813,1.7136090849266263,2.090194639286819,3
완화 신용보증,0.13446204560864813,1.7136090849266263,2.090194639286819,3
코로나 극복,0.13446204560864813,1.7136090849266263,2.090194639286819,3
보증 은행,0.13446204560864813,1.7136090849266263,2.090194639286819,3
분담 소상공인,0.13446204560864813,1.7136090849266263,2.090194639286819,3
체결 수탁,0.13446204560864813,1.7136090849266263,2.090194639286819,3
대환 보증,0.13446204560864813,1.7136090849266263,2.090194639286819,3
경감 신용보증,0.13446204560864813,1.7136090849266263,2.090194639286819,3
극복 소상공인,0.13446204560864813,1.7136090849266263,2.090194639286819,3
은행 은행,0.13446204560864813,1.7136090849266263,2.090194639286819,3
대환,0.13446204560864813,1.7136090849266263,2.090194639286819,3
긴급 자금,0.13436303157110066,1.7251607180333126,2.104284878307486,3
소상공인 긴급,0.13436303157110066,1.7251607180333126,2.104284878307486,3
분담 신속,0.13436303157110066,1.7251607180333126,2.104284878307486,3
보증 시중,0.13436303157110066,1.7251607180333126,2.104284878307486,3
소상공인 위탁,0.13436303157110066,1.7251607180333126,2.104284878307486,3
코로나 소상공인,0.13436303157110066,1.7251607180333126,2.104284878307486,3
애로 지속,0.13436303157110066,1.7251607180333126,2.104284878307486,3
해소 신용보증,0.13436303157110066,1.7251607180333126,2.104284878307486,3
지속 신용보증,0.13436303157110066,1.7251607180333126,2.104284878307486,3
신속 소상공인,0.13436303157110066,1.7251607180333126,2.104284878307486,3
체결 은행,0.13436303157110066,1.7251607180333126,2.104284878307486,3
업계,0.13424843314686896,1.9265770494356824,2.3205288058151123,49
저감 관리,0.13417975338015856,1.4527169774441804,1.817886372575499,4
애니메이션,0.1339974605670534,4.578260660725711,5.150679186532241,6
해썹,0.1338676793551644,9.784339136920826,10.709105873371978,7
안전 운용,0.1335604349097118,1.9157875218224354,2.3230951654093266,3
드론 안전,0.13354245978489462,3.297904367641754,3.8017217128305436,8
컨설팅 수출,0.13351480404001934,0.4962908847271527,0.8054304385516683,3
신속 제품,0.13335043795660567,2.7240353136204196,3.1933150876711243,3
활성 해외,0.13277855266970454,2.082052537946126,2.518234845805318,10
활용 생태,0.13255531875323573,1.4586690529231552,1.8507451451634243,5
유통 활용,0.13255531875323573,1.4586690529231552,1.8507451451634243,5
역량 스마트,0.1325336049459654,1.054343835681254,1.414854578328449,3
품목 수질,0.1325336049459654,1.054343835681254,1.414854578328449,3
측정 역량,0.1325336049459654,1.054343835681254,1.414854578328449,3
처리 확산,0.1325336049459654,1.054343835681254,1.414854578328449,3
스마트 고도,0.1325336049459654,1.054343835681254,1.414854578328449,3
녹색 전환,0.1322708799661689,2.30883355956664,2.7748485427624394,6
증소,0.13197660347497014,2.1677222376189307,2.629113607808977,4
증소 환경,0.13197660347497014,2.1677222376189307,2.629113607808977,4
고속도로,0.13183198687271894,1.652075997418419,2.0727258316425963,3
지하 고속도로,0.13183198687271894,1.652075997418419,2.0727258316425963,3
기술 변화,0.13161737707109286,1.6290064862927585,2.0516218901259866,6
온실가스 저감,0.13133374812318907,2.4446789361677657,2.9461927876927443,4
기회 발전,0.13130124366519874,3.249409400228634,3.8247107516291385,4
발전 특구,0.13130124366519874,3.249409400228634,3.8247107516291385,4
연구개발 선도,0.13130124366519874,3.249409400228634,3.8247107516291385,4
녹색 산업,0.13115483816430193,3.5216858256024937,4.127024494580343,12
특허,0.13083163104914133,4.699749745346089,5.429043197086349,55
시험 실증,0.13068391235774843,1.0991227531537202,1.4878586060208607,5
인턴 농식품,0.13064654647027496,0.0,0.2827119916359682,6
창업 인턴,0.13064654647027496,0.0,0.2827119916359682,6
사고 발생,0.130640855912799,1.1260544783773994,1.5179851432496734,3
사업자 일반,0.130640855912799,1.1260544783773994,1.5179851432496734,3
피해 영향,0.130640855912799,1.1260544783773994,1.5179851432496734,3
예방 고도,0.130640855912799,1.1260544783773994,1.5179851432496734,3
식품 품질,0.13063601866048494,3.3319548616991628,3.93797819000659,8
예비창업자 현장,0.1306306248558184,0.0,0.2827586376103364,6
국제 규격,0.13049787569464444,1.0139015750488978,1.396777001532353,4
수질 측정,0.13042053094686337,1.3293469850288437,1.7444727235356807,4
고도 정수,0.13042053094686337,1.3293469850288437,1.7444727235356807,4
관광,0.13036341366777335,12.869648665946082,14.435819500223694,28
수산 중견기업,0.1302456613052908,1.9404921476435322,2.4199957412098994,13
지하,0.13000770754641833,1.8785459601416468,2.3568593355256393,3
우주 산업,0.1299998194746275,0.0,0.2846159187148616,3
제작 경영,0.12999150160943773,0.6922147881520717,1.0483478210771788,3
uam,0.12996475151820414,1.997920782580829,2.489508839619825,3
웹툰,0.1295338130151269,3.065227685412442,3.6815409620989206,8
유동화전문회사,0.12945628230145165,2.3728942614376303,2.916640311065513,3
유동화전문회사 spc,0.12945628230145165,2.3728942614376303,2.916640311065513,3
선순위 유동,0.12945628230145165,2.3728942614376303,2.916640311065513,3
회사채 대출,0.12945628230145165,2.3728942614376303,2.916640311065513,3
개별 발행,0.12945628230145165,2.3728942614376303,2.916640311065513,3
대출 채권,0.12945628230145165,2.3728942614376303,2.916640311065513,3
채무 보증,0.1293968567952041,2.5883416550041214,3.157159879415578,3
대위,0.1293968567952041,2.5883416550041214,3.157159879415578,3
변제,0.1293968567952041,2.5883416550041214,3.157159879415578,3
신용보증 자금,0.1293968567952041,2.5883416550041214,3.157159879415578,3
가능 신용보증,0.1293968567952041,2.5883416550041214,3.157159879415578,3
보증 대위,0.1293968567952041,2.5883416550041214,3.157159879415578,3
융통 채무자,0.1293968567952041,2.5883416550041214,3.157159879415578,3
보증 신용보증,0.1293968567952041,2.5883416550041214,3.157159879415578,3
일반 보증,0.1293968567952041,2.5883416550041214,3.157159879415578,3
대위 변제,0.1293968567952041,2.5883416550041214,3.157159879415578,3
융통,0.1293968567952041,2.5883416550041214,3.157159879415578,3
자금 융통,0.1293968567952041,2.5883416550041214,3.157159879415578,3
변제 미래,0.1293968567952041,2.5883416550041214,3.157159879415578,3
문화 예술,0.12915497356763575,3.5989753398776503,4.287372679830025,21
정수 처리,0.12907132647402147,1.542287526319766,2.002902336711281,4
서비스 로봇,0.12856705301114654,1.2258781142048791,1.6586136418272939,6
감축 설비,0.12855278735572864,14.731115957797964,16.750572597866356,15
기관 보증,0.128308200317105,2.901392390725425,3.53900716032999,3
수탁 기관,0.128308200317105,2.901392390725425,3.53900716032999,3
온실가스,0.12827973476604562,22.30009358645943,25.270398432308575,34
자금 애로,0.1282477419968471,2.920951005750874,3.562864008801248,3
은행 보증,0.1282477419968471,2.920951005750874,3.562864008801248,3
교부,0.1282286389012633,1.9802479305965113,2.509221594768236,8
섬유,0.1282045955533225,3.1947788046966727,3.871207646446294,14
예측 예방,0.12819554376678308,1.497677318112711,1.9689952991260313,3
사고 예측,0.12819554376678308,1.497677318112711,1.9689952991260313,3
수탁 은행,0.12797341484032046,2.8871197038352188,3.533746010469978,6
은행 위탁,0.12752770220873438,3.175348257088194,3.8731680190168194,6
대응 신용보증,0.12752770220873438,3.175348257088194,3.8731680190168194,6
은행 대출,0.12752770220873438,3.175348257088194,3.8731680190168194,6
재정 출연,0.12752770220873438,3.175348257088194,3.8731680190168194,6
청구 대응,0.12752770220873438,3.175348257088194,3.8731680190168194,6
출연 역할,0.12752770220873438,3.175348257088194,3.8731680190168194,6
이행 청구,0.12752770220873438,3.175348257088194,3.8731680190168194,6
기금 은행,0.12752770220873438,3.175348257088194,3.8731680190168194,6
향후 수탁,0.12752770220873438,3.175348257088194,3.8731680190168194,6
대위변제 코로나,0.12752770220873438,3.175348257088194,3.8731680190168194,6
보증 심사,0.12752770220873438,3.175348257088194,3.8731680190168194,6
역할 분담,0.12752770220873438,3.175348257088194,3.8731680190168194,6
여신 향후,0.12752770220873438,3.175348257088194,3.8731680190168194,6
심사 여신,0.12752770220873438,3.175348257088194,3.8731680190168194,6
대출 재정,0.12752770220873438,3.175348257088194,3.8731680190168194,6
보증 계약,0.12752770220873438,3.175348257088194,3.8731680190168194,6
콘텐츠 교육,0.12750320148050104,0.9647341018066832,1.3803951034576416,3
어촌계 생산자,0.1274591599519849,6.407055517038833,7.522489472897465,6
업종 조합,0.1274591599519849,6.407055517038833,7.522489472897465,6
조합 어촌계,0.1274591599519849,6.407055517038833,7.522489472897465,6
수협중앙회,0.1274591599519849,6.407055517038833,7.522489472897465,6
자회사 포함,0.1274591599519849,6.407055517038833,7.522489472897465,6
생산자 조직,0.1274591599519849,6.407055517038833,7.522489472897465,6
포함 지구,0.1274591599519849,6.407055517038833,7.522489472897465,6
수협중앙회 자회사,0.1274591599519849,6.407055517038833,7.522489472897465,6
지구 업종,0.1274591599519849,6.407055517038833,7.522489472897465,6
어촌계,0.1274591599519849,6.407055517038833,7.522489472897465,6
조직 유통,0.1274591599519849,6.407055517038833,7.522489472897465,6
거래 외부,0.12720313228734573,6.104387604612831,7.1976161342405165,7
정책 재난,0.12708764818787935,0.8383780394792467,1.2426882561761028,6
저작 기술,0.12688824817681948,3.1920300663801533,3.914750802621776,5
제품 산업,0.12666154562922577,1.6690526248631887,2.1918315530142563,6
담당자,0.12656557785214045,2.620186541702205,3.2757944745629333,17
창업기업 전략,0.12653681940671882,0.5438462638418469,0.9139861670515701,3
농업 법인,0.12634147463384574,1.5755276091892174,2.0917238839671626,10
핀테크 일반,0.12623323631656336,6.517505604095088,7.732800505260015,6
공개 경쟁,0.12606643792708153,1.3586563764160515,1.8492395600179523,5
연구소 공개,0.12606643792708153,1.3586563764160515,1.8492395600179523,5
경쟁 공모,0.12606643792708153,1.3586563764160515,1.8492395600179523,5
도입 유도,0.12591563188966332,1.7915733615262848,2.347242194542705,3
수입 업체,0.12591013463156003,2.9881160432135356,3.7166698590097975,6
지역 스타,0.12558114840297188,0.0,0.2981489310764795,3
위탁 보증,0.12537811839480323,4.279536912775066,5.220014991981396,6
기금 보증,0.12522404893215686,9.043745088090853,10.713700662631185,12
보증 대위변제,0.12520458937524878,4.23314198912833,5.174930049091506,9
발전 가능,0.12501100278918997,1.3694445347346238,1.8800348028486307,4
수급,0.12490543453987092,1.9863947199947614,2.5944260235841354,27
생산 안전,0.12488419059657643,2.1197477334991524,2.7489818172793274,3
적극 재난,0.124547440616961,1.7987187656404762,2.3856496752918,3
연구 적극,0.124547440616961,1.7987187656404762,2.3856496752918,3
재난안전 연구,0.124547440616961,1.7987187656404762,2.3856496752918,3
보유 재난안전,0.124547440616961,1.7987187656404762,2.3856496752918,3
잠재력 발전,0.124547440616961,1.7987187656404762,2.3856496752918,3
협력 활성,0.12453404992135603,1.388177397559191,1.9101913756378763,8
기술 복합,0.12427690388365899,1.8480742999813495,2.449037156641391,3
재난안전 제품,0.12427690388365899,1.8480742999813495,2.449037156641391,3
복합 재난안전,0.12427690388365899,1.8480742999813495,2.449037156641391,3
수탁,0.12401125768345297,5.271945030048335,6.442022156915393,9
전당,0.12342348313845937,1.3267087130073474,1.8583728198956264,3
이용 채권,0.12326557757132695,6.2300458214228085,7.610204275374072,12
채권 기관,0.12326557757132695,6.2300458214228085,7.610204275374072,12
보증 이용,0.12326557757132695,6.2300458214228085,7.610204275374072,12
맞춤 성장,0.12323518644100007,1.3751131203001385,1.9184682175552108,4
대기 환경,0.12302040210134808,1.8969280191951436,2.535594018505391,6
마스터 표본,0.1228600548019669,1.0766716510832033,1.5740907357768534,5
종사자 매출액,0.1228600548019669,1.0766716510832033,1.5740907357768534,5
활용 재난,0.1228600548019669,1.0766716510832033,1.5740907357768534,5
매출액 수출,0.1228600548019669,1.0766716510832033,1.5740907357768534,5
관심 재난안전기업,0.1228600548019669,1.0766716510832033,1.5740907357768534,5
활용 권고,0.1228600548019669,1.0766716510832033,1.5740907357768534,5
재난안전기업 국내,0.1228600548019669,1.0766716510832033,1.5740907357768534,5
성능 기능,0.1228600548019669,1.0766716510832033,1.5740907357768534,5
인증 우수,0.1228600548019669,1.0766716510832033,1.5740907357768534,5
신뢰 통계,0.1228600548019669,1.0766716510832033,1.5740907357768534,5
공신력 제품,0.1228600548019669,1.0766716510832033,1.5740907357768534,5
피해 기여,0.1228600548019669,1.0766716510832033,1.5740907357768534,5
기능 우수,0.1228600548019669,1.0766716510832033,1.5740907357768534,5
인증 활성,0.1228600548019669,1.0766716510832033,1.5740907357768534,5
사업체 모집단,0.1228600548019669,1.0766716510832033,1.5740907357768534,5
개최 안전,0.1228600548019669,1.0766716510832033,1.5740907357768534,5
모집단,0.1228600548019669,1.0766716510832033,1.5740907357768534,5
일반 현황,0.1228600548019669,1.0766716510832033,1.5740907357768534,5
기여 인증,0.1228600548019669,1.0766716510832033,1.5740907357768534,5
현황 일반,0.1228600548019669,1.0766716510832033,1.5740907357768534,5
품질 성능,0.1228600548019669,1.0766716510832033,1.5740907357768534,5
산업 기초,0.1228600548019669,1.0766716510832033,1.5740907357768534,5
부족 재난,0.1228600548019669,1.0766716510832033,1.5740907357768534,5
국민 관심,0.1228600548019669,1.0766716510832033,1.5740907357768534,5
기술 재난안전기업,0.1228600548019669,1.0766716510832033,1.5740907357768534,5
전반 실태,0.1228600548019669,1.0766716510832033,1.5740907357768534,5
우수 재난안전제품,0.1228600548019669,1.0766716510832033,1.5740907357768534,5
사업체 종사자,0.1228600548019669,1.0766716510832033,1.5740907357768534,5
조사 사업체,0.1228600548019669,1.0766716510832033,1.5740907357768534,5
어려움 시장,0.1228600548019669,1.0766716510832033,1.5740907357768534,5
수출 현황,0.1228600548019669,1.0766716510832033,1.5740907357768534,5
판로개척 이후,0.1228600548019669,1.0766716510832033,1.5740907357768534,5
권고 국내,0.1228600548019669,1.0766716510832033,1.5740907357768534,5
모집단 확정,0.1228600548019669,1.0766716510832033,1.5740907357768534,5
확정 마스터,0.1228600548019669,1.0766716510832033,1.5740907357768534,5
통계 자료,0.1228600548019669,1.0766716510832033,1.5740907357768534,5
재난안전신기술 공공,0.1228600548019669,1.0766716510832033,1.5740907357768534,5
제도 품질,0.1228600548019669,1.0766716510832033,1.5740907357768534,5
우수 공신력,0.1228600548019669,1.0766716510832033,1.5740907357768534,5
표본 대한민국,0.1228600548019669,1.0766716510832033,1.5740907357768534,5
마스터,0.1228600548019669,1.0766716510832033,1.5740907357768534,5
표본,0.1228600548019669,1.0766716510832033,1.5740907357768534,5
자료 신뢰,0.1228600548019669,1.0766716510832033,1.5740907357768534,5
자료 재난,0.1228600548019669,1.0766716510832033,1.5740907357768534,5
처리장 민간,0.12256729971068644,1.7039451239032732,2.3187551449132195,6
단체 정수,0.12256729971068644,1.7039451239032732,2.3187551449132195,6
정수 폐수,0.12256729971068644,1.7039451239032732,2.3187551449132195,6
핵심 기자재,0.12256729971068644,1.7039451239032732,2.3187551449132195,6
폐수 처리장,0.12256729971068644,1.7039451239032732,2.3187551449132195,6
이행 보증,0.1224550654201757,7.734685250633256,9.445505743287287,12
먼지 대기,0.12231224320871913,1.6014018225681181,2.203086322423784,5
ip 경영,0.12199689416490375,3.799312082600259,4.817284650237492,6
보증 채무,0.1217626832345098,9.733690530136641,11.883815714842394,12
콘텐츠 산업,0.12168928878136834,7.9432479434960115,9.76174566490288,25
문화,0.12161836597887697,12.505564091694696,15.200100470434183,77
계층 농어촌,0.12154925877376152,0.9437052469187385,1.435647544693383,6
배려 계층,0.12154925877376152,0.9437052469187385,1.435647544693383,6
로봇 중소,0.12154925877376152,0.9437052469187385,1.435647544693383,6
지역 포함,0.12154925877376152,0.9437052469187385,1.435647544693383,6
포함 어린이,0.12154925877376152,0.9437052469187385,1.435647544693383,6
사회 배려,0.12154925877376152,0.9437052469187385,1.435647544693383,6
제조 사회,0.12154925877376152,0.9437052469187385,1.435647544693383,6
배려,0.12154925877376152,0.9437052469187385,1.435647544693383,6
검증 대학,0.12144087439102018,2.319828308047766,3.0782790953472423,6
수요 기술,0.1214268263023199,1.2071337567622822,1.7515508967345856,6
국민 공모,0.12140032143092486,3.9200892274709185,4.9886162375140675,6
대응 담당자,0.12140032143092486,3.9200892274709185,4.9886162375140675,6
공모 기관,0.12140032143092486,3.9200892274709185,4.9886162375140675,6
기관 재난,0.12140032143092486,3.9200892274709185,4.9886162375140675,6
소재 중소,0.1212200143394483,7.1474475100424435,8.853976784884493,15
안전 맞춤,0.12108699401331356,5.348022301794581,6.712029733153566,6
예술,0.12108320194571928,5.240238666660912,6.583299040623231,26
핀테크,0.12077307525917338,15.628545230199736,19.069425772298906,6
용수 생산,0.12052819663872646,0.678937940457433,1.1314999083743038,3
순도 공업,0.1204460664780079,0.7720081444353661,1.2444520811563353,3
국내 판로개척,0.12018835663858536,0.8212439601445362,1.3070213696364334,6
상용화 유도,0.11987186616286363,1.0608272154244367,1.6010700582274253,5
운항 선박,0.1196152797359644,1.7832755256582087,2.481630921197441,4
거래 할당,0.11951823637613598,9.494345775751052,11.848331758340361,11
파이프라인,0.11942694840834976,1.9163057607519185,2.6478585141087754,3
국토,0.11915861700624975,3.827681610378018,4.983899266711217,7
정수,0.11903166291352572,2.7002458195841457,3.614473760130613,6
비중,0.11899346541414411,1.6631334714808936,2.3500257399045443,10
안전 산업,0.11894621186792549,5.291052160247425,6.780936155769502,8
경쟁력 선진,0.1188232087822937,0.0,0.32079321466237576,3
활용 시제품,0.11826147550222708,1.0658454919660172,1.6327829314590672,4
출연금 교부,0.11819792802721159,3.367436225279219,4.464333260147902,6
개발 출연금,0.11819792802721159,3.367436225279219,4.464333260147902,6
ai 산업,0.11801166572951897,0.9567570840647222,1.5024244715501638,6
클러스터 연계,0.11794191482907211,2.161513515420837,2.988736735839009,6
자원 부가,0.11775813628062601,1.498569282896683,2.175363328672977,4
목재 자원,0.11775813628062601,1.498569282896683,2.175363328672977,4
탄소 배출,0.11772838528979088,0.5418247546125935,0.9940629218964324,5
회사,0.11746427640626879,1.6615277960780928,2.3835014344912384,53
온실가스 감축,0.11732036034253981,14.968036567407893,18.890205979713837,24
양성 만화,0.11709737126391465,0.9677022062060691,1.5297715427362744,4
농어촌,0.1170745839993222,0.7557562629931469,1.2666298718756568,7
농어촌 지역,0.1170745839993222,0.7557562629931469,1.2666298718756568,7
지역 인프라,0.11680515125827075,1.9593603324120692,2.7702922476628467,7
지식재산,0.11625065523241142,4.183550300118361,5.572819746352951,42
시스템 실증,0.11625018145898565,3.0483797071107404,4.15027333722195,4
기술 의료,0.1162187260229529,2.1768311978279513,3.0590186245549895,3
기기 업체,0.1162187260229529,2.1768311978279513,3.0590186245549895,3
개발 출연,0.11615628049735627,1.2097364087393068,1.847857996044313,6
기술개발 지방,0.11606176945892077,1.4113321527428322,2.1027062536741026,6
고도 지역,0.11600924921312267,2.969903548588554,4.061568282144393,5
국공립 연구소,0.11578398954148336,1.1498463978031626,1.7793674684360812,10
국공립,0.11578398954148336,1.1498463978031626,1.7793674684360812,10
기기 신속,0.11519628875142146,1.8442406230807642,2.66913142483809,3
오염도,0.11500357560298459,1.1399601251869496,1.7808658830921047,5
평가 의료,0.11492211208642682,0.7383328048269671,1.2724398047770509,3
유망 녹색,0.11468038584222455,1.8045252789756359,2.6324149823288394,9
순도,0.11456852242454105,0.7484270230473202,1.289911128257667,4
지역 경제,0.11416419098818584,6.263867921020207,8.350011998426103,50
디지털 금융,0.11399712333394832,4.893071515318802,6.607637336141145,4
국민 소비,0.11384428422887154,2.7353337428427578,3.8490311136075,3
온실가스 배출,0.11373293044166059,4.529857874980907,6.158520992578918,13
연계 농산업체,0.1133800151141691,0.7933921376599053,1.363737618723417,3
식품 가공,0.11305825224297093,2.140505927718629,3.1103818842414497,8
공업,0.11297304187050343,0.7720081444353661,1.3418041292506804,3
공업 용수,0.11297304187050343,0.7720081444353661,1.3418041292506804,3
성장 지역,0.11282398473368535,5.724504195274903,7.763507507306601,21
감축 목표,0.11269151091158988,8.632420484957263,11.548216754718187,9
최신 동향,0.11259959067185844,1.285671572336698,2.0143355900232582,3
주요국 최신,0.11259959067185844,1.285671572336698,2.0143355900232582,3
업체 국민,0.11259959067185844,1.285671572336698,2.0143355900232582,3
규격 가이드라인,0.11259959067185844,1.285671572336698,2.0143355900232582,3
개발 의료,0.11259959067185844,1.285671572336698,2.0143355900232582,3
분석 국제,0.11259959067185844,1.285671572336698,2.0143355900232582,3
동향 수집,0.11259959067185844,1.285671572336698,2.0143355900232582,3
기술 설비,0.11254819835756671,3.7810923922537323,5.258999767902448,5
융합 기술,0.11194442966197092,1.7677606426851196,2.6583883589176507,17
대중 문화,0.11173540886882388,2.193936954679581,3.2225873505825757,4
콘텐츠 특화,0.11165708203007806,1.2789367982569064,2.025139164276812,8
법인,0.11146132716479633,2.7955425527354256,4.022219033546439,75
규모 업체,0.11134418674569671,3.703356512163037,5.221414896607414,6
융합 저작,0.11122663355431785,1.238714809700734,1.9811979985828996,3
저작 기술개발,0.11122663355431785,1.238714809700734,1.9811979985828996,3
재난 대응,0.11117500610216545,3.0388134710231345,4.354632085528898,12
단체 사업자,0.11114125300216784,1.469903416009436,2.287744171135658,7
산업 단체,0.11114125300216784,1.469903416009436,2.287744171135658,7
식초,0.11097237147101012,1.0804443195235711,1.777419141060487,3
영세 규모,0.11054921252742786,3.317762366279622,4.752656057923603,8
haccp,0.11026496064706509,10.401317349061417,14.188767972876443,8
콘텐츠 제작,0.10992576300190311,3.4256617267039093,4.927300130767915,33
취약 지역,0.109292892456226,0.8088329238026364,1.4441104306636303,4
기술 안전,0.10920822207956193,1.4156128553973981,2.261297197395247,4
활용 안전,0.10910016058259059,0.0,0.35829446751500604,6
종균 보급,0.10906531882805014,2.6517825037894855,3.9293156628016583,4
제작 유통,0.10900248685057153,2.4175494077736333,3.6162692581810854,8
대기 관리,0.10832674605780808,1.1721069589690905,1.9519974688004798,6
제조 가공,0.10745946895764256,9.494516095278238,13.365000438236496,14
nox,0.10726583082340939,0.9499352129256589,1.6693952844554267,6
농업인 농업,0.10721845801752249,0.6007702630747221,1.190972310484429,7
치료 기기,0.10714403175850448,0.0,0.3666615506190459,4
디지털 치료,0.10714403175850448,0.0,0.3666615506190459,4
연계 연구개발,0.10620248445612436,1.8044908526611183,2.874235862244409,6
개발 성능,0.10619844738745013,0.3850012716635154,0.9049659359292886,4
수도 지역,0.10613521170515176,2.558587599714113,3.923237887531732,6
설비 감축,0.10561802826438259,7.105180207045916,10.291712422445867,10
haccp 인증,0.1054328008890411,7.470183612968492,10.822545302660679,7
식품 제조,0.10513597264897293,5.738414537440336,8.427044284480598,14
데이터 중심,0.1050857183057903,1.1102942762531636,1.9344691621472365,5
응용 sw,0.10499485392581048,1.1019521857780905,1.9246660001591933,3
컴퓨팅 핵심,0.1048855808267356,1.136979042321939,1.9762412939148832,3
기술 클라우드,0.1048855808267356,1.136979042321939,1.9762412939148832,3
산업 박람회,0.1047461745990451,1.052617718327372,1.8603958586047538,6
산업체 연구소,0.10462099695680639,1.7696355383185058,2.8745181040820853,8
주력 산업,0.10408129220766242,6.074700086320612,9.000215787589182,43
제작 기술개발,0.10404312591529412,1.9163057607519185,3.1008652374457024,3
클라우드 포함,0.10398358233729485,1.448971403810153,2.4390496991054067,3
컴퓨팅 아키텍처,0.10398358233729485,1.448971403810153,2.4390496991054067,3
신뢰 sw,0.10398358233729485,1.448971403810153,2.4390496991054067,3
포함 성능,0.10398358233729485,1.448971403810153,2.4390496991054067,3
아키텍처 sw,0.10398358233729485,1.448971403810153,2.4390496991054067,3
엣지 컴퓨팅,0.10398358233729485,1.448971403810153,2.4390496991054067,3
컴퓨팅 엣지,0.10398358233729485,1.448971403810153,2.4390496991054067,3
전통주 제조,0.10390086313852225,2.5257978086855566,3.9722081966962532,6
업체 농업인,0.10390086313852225,2.5257978086855566,3.9722081966962532,6
식품 전통주,0.10390086313852225,2.5257978086855566,3.9722081966962532,6
친환경 선박,0.10373521076951746,3.2068510491496576,4.949369199178639,7
기숙사,0.10361182633205548,0.0,0.3825703953886485,5
이차보전 기숙사,0.10361182633205548,0.0,0.3825703953886485,5
일자리 인건비,0.10361182633205548,0.0,0.3825703953886485,5
투자비 융자,0.10361182633205548,0.0,0.3825703953886485,5
복귀 인건비,0.10361182633205548,0.0,0.3825703953886485,5
기숙사 근로자,0.10361182633205548,0.0,0.3825703953886485,5
장려금 융자,0.10361182633205548,0.0,0.3825703953886485,5
환경 투자비,0.10361182633205548,0.0,0.3825703953886485,5
직무 인건비,0.10361182633205548,0.0,0.3825703953886485,5
고용 환경,0.10361182633205548,0.0,0.3825703953886485,5
걸림돌 제거,0.10347153296984256,1.7915733615262848,2.9421365531192913,3
걸림돌,0.10347153296984256,1.7915733615262848,2.9421365531192913,3
경영 현장,0.10347153296984256,1.7915733615262848,2.9421365531192913,3
성장 걸림돌,0.10347153296984256,1.7915733615262848,2.9421365531192913,3
긴급 지식재산,0.10347153296984256,1.7915733615262848,2.9421365531192913,3
지식재산 애로,0.10347153296984256,1.7915733615262848,2.9421365531192913,3
현장 긴급,0.10347153296984256,1.7915733615262848,2.9421365531192913,3
매입 농산물,0.10334119402538042,2.4232955002937526,3.8499067079924782,4
농가 판로,0.10334119402538042,2.4232955002937526,3.8499067079924782,4
판로 식품,0.10334119402538042,2.4232955002937526,3.8499067079924782,4
기술 식품,0.10312051659822735,1.1748454380762348,2.069277481497198,3
장려금 임금,0.10243289116213188,0.0,0.38812446307758186,4
임금 증가액,0.10243289116213188,0.0,0.38812446307758186,4
보전금 임금,0.10243289116213188,0.0,0.38812446307758186,4
육아 근로자,0.10243289116213188,0.0,0.38812446307758186,4
증가액,0.10243289116213188,0.0,0.38812446307758186,4
장려금 정액,0.10243289116213188,0.0,0.38812446307758186,4
공상,0.10221609904365611,6.815840513484551,10.257621439885437,8
컴퓨팅 데이터,0.10214163274222149,1.4047123233751346,2.425010985625895,4
중심 컴퓨팅,0.10214163274222149,1.4047123233751346,2.425010985625895,4
컴퓨팅 미래,0.10214163274222149,1.4047123233751346,2.425010985625895,4
자체 신뢰,0.10214163274222149,1.4047123233751346,2.425010985625895,4
sw 자체,0.10214163274222149,1.4047123233751346,2.425010985625895,4
미래 컴퓨팅,0.10214163274222149,1.4047123233751346,2.425010985625895,4
업체 공상,0.10204957591084658,5.352524730988488,8.153812084805466,8
주력,0.10204554660260452,5.76312436131113,8.74977508809777,44
혁명 견인,0.10192419321379473,1.692152447598676,2.848395701463262,3
견인 데이터,0.10192419321379473,1.692152447598676,2.848395701463262,3
수집 유통,0.10192419321379473,1.692152447598676,2.848395701463262,3
공급 서비스,0.10191468683451199,0.7379587617949491,1.462595705145633,3
기술 설계,0.10160238672442808,0.6557063761975489,1.3478805095347421,3
환경 기술,0.10144533261144079,2.912260001088351,4.645139214865814,12
일시 상환,0.10133610402503378,1.2228854543549585,2.1811148050302056,3
환경,0.10119423381692474,3.492208165111991,5.507239916612557,255
가이드라인 개발,0.10115698803867444,1.587933128719221,2.7202168780931997,3
가이드라인,0.10115698803867444,1.587933128719221,2.7202168780931997,3
기기 품질,0.10115698803867444,1.587933128719221,2.7202168780931997,3
농업인 국민,0.10099346456937697,0.0,0.395081540307519,4
공급망 글로벌,0.10026100555429839,1.2769769456159803,2.287755417385755,4
공상 융합,0.10024690648508144,6.36833332559026,9.821041553039523,8
외식,0.10021660554908333,10.782902755841546,16.3581335101761,11
지능 융합,0.100152866891987,1.640465360407274,2.828921683046053,4
데이터 핵심,0.100152866891987,1.640465360407274,2.828921683046053,4
데이터 지능,0.100152866891987,1.640465360407274,2.828921683046053,4
식품,0.10001553485259096,5.95201175109338,9.228868345094403,82
국민 재난,0.09994344689300991,0.5085042832481601,1.155179787198022,3
수질,0.09965256818298113,1.1383150240371025,2.097102044057849,5
처리 시설,0.09954167022568428,1.4830683804742775,2.613855455199447,3
수거,0.09936725621404949,0.7494776019920203,1.5229842756613274,4
지식재산 경영,0.09918484760060331,3.3232048572807904,5.379474823631905,4
설비 도입,0.098730019853733,5.014172562053792,7.951835391290467,10
기술 데이터,0.09870868767665605,1.640465360407274,2.875730409540602,4
전통주,0.09850619281631187,2.5257978086855566,4.218024035581529,6
클러스터 특화,0.09821590628216628,4.0081882319883775,6.4756967540055825,8
안정 농가,0.09772634860162775,2.308166094199946,3.924576444976056,6
오픈 지역,0.09736252468010081,2.1476062132051057,3.69565901502763,5
활성 오픈,0.09736252468010081,2.1476062132051057,3.69565901502763,5
활용 개방,0.09736252468010081,2.1476062132051057,3.69565901502763,5
성공 가능,0.09704853773689795,0.9260712481359714,1.8355625386536618,3
콘텐츠,0.09693438696486928,12.571435244624807,19.722325292046378,103
임업인,0.09639184470559883,1.80172965183456,3.2029582445415743,7
임업인 산업체,0.09639184470559883,1.80172965183456,3.2029582445415743,7
국민 임업인,0.09639184470559883,1.80172965183456,3.2029582445415743,7
sw 핵심,0.09593730094525965,2.267112054359301,3.9429484317500956,6
안전 우수,0.09579864340520516,0.9128334934971266,1.842211068023387,6
유도 재정,0.09553040754172767,2.5375888046608988,4.383903608674484,5
의무 적용,0.09553040754172767,2.5375888046608988,4.383903608674484,5
적용 영세,0.09553040754172767,2.5375888046608988,4.383903608674484,5
haccp 의무,0.09553040754172767,2.5375888046608988,4.383903608674484,5
업체 haccp,0.09553040754172767,2.5375888046608988,4.383903608674484,5
haccp 적용,0.09553040754172767,2.5375888046608988,4.383903608674484,5
적용 유도,0.09553040754172767,2.5375888046608988,4.383903608674484,5
창업기업 기술개발,0.09534513480268483,0.6956608831480228,1.512487279406554,3
고려 수도,0.0952951004792927,0.8082956339366568,1.6896673256507293,4
수도 축산업,0.0952951004792927,0.8082956339366568,1.6896673256507293,4
대기,0.09503242464226906,6.684447819086394,10.919247430993549,30
ict ai,0.09483105212653564,1.2583234141461455,2.4071791219872356,3
대기 오염,0.09473417809025776,3.388670281596497,5.765764431188064,18
개발 소프트웨어,0.0947125259447203,2.278308009634463,4.017703404411156,7
바이오 벤처,0.0945237124517105,0.0,0.4289677976364248,6
담당자 재난안전,0.09450344937568086,1.668529592978631,3.064505741797798,4
연안,0.09438612580632295,2.300066411460601,4.067656094688072,10
먼지,0.09393857952760665,2.135263949993944,3.8272858881032032,16
우수 연구개발,0.09347166459866192,0.6423708766219621,1.4619080725582592,6
종료 연계,0.09340623244718048,0.6956608831480228,1.548339301082709,3
연계 평가,0.09340623244718048,0.6956608831480228,1.548339301082709,3
기획 종료,0.09340623244718048,0.6956608831480228,1.548339301082709,3
소프트웨어 대학,0.09333169796489005,3.165159035503285,5.504374003310564,9
연구소 산업체,0.09333169796489005,3.165159035503285,5.504374003310564,9
미세,0.0929598791708615,1.691521736865724,3.1586002963876476,19
정보 서비스,0.0928007793449709,0.8212973967315421,1.762304045572667,3
기관 개방,0.092652033642015,4.158471819523918,7.152863154434823,8
거점 기관,0.092652033642015,4.158471819523918,7.152863154434823,8
국산 농산물,0.09240981364755356,2.3558710723133127,4.255244223804427,5
안정 유통,0.09193283296134167,1.816450905107731,3.4015372105886654,3
명령,0.09193283296134167,1.816450905107731,3.4015372105886654,3
대량 어획,0.09193283296134167,1.816450905107731,3.4015372105886654,3
안정 가격,0.09193283296134167,1.816450905107731,3.4015372105886654,3
업체 생산자,0.09193283296134167,1.816450905107731,3.4015372105886654,3
어획,0.09193283296134167,1.816450905107731,3.4015372105886654,3
시기 방출,0.09193283296134167,1.816450905107731,3.4015372105886654,3
방출,0.09193283296134167,1.816450905107731,3.4015372105886654,3
수매 산지,0.09193283296134167,1.816450905107731,3.4015372105886654,3
수산물 적기,0.09193283296134167,1.816450905107731,3.4015372105886654,3
시기 대량,0.09193283296134167,1.816450905107731,3.4015372105886654,3
산지 가격,0.09193283296134167,1.816450905107731,3.4015372105886654,3
어획 수산물,0.09193283296134167,1.816450905107731,3.4015372105886654,3
적기 수매,0.09193283296134167,1.816450905107731,3.4015372105886654,3
급등 시기,0.09193283296134167,1.816450905107731,3.4015372105886654,3
수산물 수매,0.09193283296134167,1.816450905107731,3.4015372105886654,3
생산 시기,0.09193283296134167,1.816450905107731,3.4015372105886654,3
수매 생산,0.09193283296134167,1.816450905107731,3.4015372105886654,3
명령 수급,0.09193283296134167,1.816450905107731,3.4015372105886654,3
방출 명령,0.09193283296134167,1.816450905107731,3.4015372105886654,3
단체 경영,0.09193283296134167,1.816450905107731,3.4015372105886654,3
환경 산업,0.09169511986058825,4.492456260146839,7.781073967465764,25
개발 sw,0.09113951614908357,0.7662322490937563,1.7081972905716007,3
클러스터 고도,0.09110648102526388,3.8517550138758887,6.783127225031957,8
핀테크 산업,0.09109040558825149,3.0018342332807233,5.38646411158916,4
대한민국 안전,0.09069040938592729,1.0766716510832033,2.2308804023832107,5
유통 온·오프라인,0.0891778823605695,0.0,0.4606771396279284,3
플랫폼 상품,0.0891778823605695,0.0,0.4606771396279284,3
부작용,0.08875310473564464,1.2875681127130845,2.6425764267260003,3
상용화 수도,0.0887176074070428,2.614430975914202,4.890467192056138,4
미세 먼지,0.08854530383429385,1.864028966329852,3.627686684670752,16
교통,0.0882122703042955,1.882572819864313,3.674516885192057,24
수매,0.08748988977476624,3.075518728608715,5.759303137677941,3
차세대 디지털,0.08727530172868267,1.152798687040714,2.4602730472489607,6
인증 haccp,0.08723910079458122,3.055095906448063,5.74238047130253,5
환경 수요,0.08703600441384896,1.0716861325342932,2.327579124236857,6
경제 기여도,0.08692327335418286,2.4902208308890645,4.78729777946726,6
기여도,0.08692327335418286,2.4902208308890645,4.78729777946726,6
기여도 공급망,0.08692327335418286,2.4902208308890645,4.78729777946726,6
축산업 상용화,0.08692327335418286,2.4902208308890645,4.78729777946726,6
축산업,0.08692327335418286,2.4902208308890645,4.78729777946726,6
공급망 고려,0.08692327335418286,2.4902208308890645,4.78729777946726,6
설비 투자,0.08667025065522839,3.786590746649978,7.054741413579389,7
ip 소상공인,0.08636564170923686,2.1201467604901074,4.176150348285481,3
연구소 농업,0.08635631508116214,2.379443019362671,4.628876974832199,33
농업 회사,0.08635631508116214,2.379443019362671,4.628876974832199,33
회사 법인,0.08635631508116214,2.379443019362671,4.628876974832199,33
업체 외식,0.08611820459468122,5.322147422524171,9.790807595395682,8
사업주 장려금,0.08604811287391952,0.0,0.48107026790072227,4
증가 보전금,0.08604811287391952,0.0,0.48107026790072227,4
보전금,0.08604811287391952,0.0,0.48107026790072227,4
임금 증가,0.08604811287391952,0.0,0.48107026790072227,4
권리 ip,0.08589172234414866,1.6122993281203863,3.3107152197514713,3
인식 권리,0.08589172234414866,1.6122993281203863,3.3107152197514713,3
ip 피해,0.08589172234414866,1.6122993281203863,3.3107152197514713,3
피해 사전,0.08589172234414866,1.6122993281203863,3.3107152197514713,3
예방 지속,0.08589172234414866,1.6122993281203863,3.3107152197514713,3
해양,0.08524713382026526,6.475867910105686,11.94164632383842,57
특화 산업,0.08451437458143671,3.606191480753458,6.931042870579086,10
저작 핵심,0.0842546268067071,1.9713100591422774,4.025380230239735,6
특허 분석,0.08411403931746864,0.8772496021737037,2.069043326824525,5
목조,0.08384382289554226,0.8082909899216071,1.9522876308009685,3
가상 현실,0.08353730771000335,0.0,0.49853497042989625,3
유통 가공,0.08318051903860901,5.691593215479791,10.842365432188643,8
재난안전 융합,0.08250310392998426,3.2083774741680298,6.387662434825589,6
농산업체 대학,0.08231408669659991,2.188443583094042,4.529343503676259,30
폐기물 처리,0.08206323508279112,0.7896444108754352,1.9653259733362907,3
시기,0.08147165914674813,1.5978602390477832,3.4833401932995978,5
분석 평가,0.08064901002806482,0.5515318914735119,1.5563777208879601,3
기술개발 저작,0.08017207694512732,0.7915126376795925,2.020648322303008,4
수산,0.07993849332869485,6.437178498083531,12.738807870155794,43
배출 업종,0.07955533520637831,0.8712354932465636,2.190150677888929,4
자긍심,0.07953992014545995,1.3505806163987046,3.105042210405616,5
혁신 클러스터,0.07939289001440923,6.232052534508421,12.442236395598103,14
개발 특허,0.07919764863761442,0.5326884917058744,1.5522830561824015,4
에너지 자립,0.07883424689513585,0.7975839300532083,2.0705447908127237,4
안전 제품,0.0782582092023138,1.6216656810145627,3.6875159527438472,8
환경 고려,0.07802961654440728,0.8800829813441354,2.254971124758133,3
농산업체,0.07755763713416178,2.1499942672630863,4.7599916720941025,33
오염 물질,0.07754984943512958,3.787950635653699,7.972265852071263,22
중견기업 사업주,0.07727779795793657,0.0,0.5470163659064888,4
조절 가격,0.07641519043525093,2.875464444033167,6.283370171708885,7
국민 환경,0.0763466130333442,0.962112911818493,2.4736774800088512,6
전환 컨설팅,0.07613536649561867,0.0,0.5567250188895766,3
지재 글로벌,0.0754299638763568,0.9253743159906156,2.4326481689590937,3
지재권 연구개발,0.0754299638763568,0.9253743159906156,2.4326481689590937,3
연구소 지재,0.0754299638763568,0.9253743159906156,2.4326481689590937,3
성장 지재권,0.0754299638763568,0.9253743159906156,2.4326481689590937,3
관람,0.0749100488692673,0.0,0.5674671923824237,3
ip,0.07443986266357133,5.0471237214878615,10.916446459418745,49
해상 교통,0.07439781808827405,1.3905773716772334,3.4239795658772296,3
권리,0.07434699109178734,2.4294286635940425,5.558685512423631,9
재난안전,0.07404746352340034,4.796540915432524,10.462690800837358,10
종균,0.07403600977892308,1.9133463320412647,4.520121805698433,6
지역 혁신,0.07387756989334758,4.370654291673318,9.608709270538302,35
화주,0.07347810971251859,0.0,0.5804747726312484,3
오염,0.07347073178493814,3.776148466060057,8.430574037810619,24
가공 원료,0.07270160096236869,3.4428504707003147,7.826620242146139,5
원료 매입,0.07270160096236869,3.4428504707003147,7.826620242146139,5
선박 적용,0.07248965017644028,1.3683579765301999,3.4759110805044413,3
녹색,0.07205283772350543,5.129774945819391,11.484439727191813,31
가공 업체,0.07153356587728125,9.7674449556463,21.497459073250287,20
지역 주력,0.07127141621251647,5.906247461015516,13.288650219080138,31
규모 혁신,0.07045831764947787,1.5876183137174193,4.062350434029186,3
보급 친환경,0.06983584837346585,1.3963634226438955,3.6818589697692374,4
선박 개발,0.06983584837346585,1.3963634226438955,3.6818589697692374,4
외식 업체,0.0697519529137048,8.574773700222993,19.46818169710851,9
지역 역량,0.06911888561327817,1.2790342807586739,3.462991546086272,4
환경 보건,0.06900386644982588,0.9957628120444041,2.8392612714831196,3
연구개발 전략,0.06885676207837182,1.5667949140820985,4.118831388567403,3
web,0.06845675697983125,0.989016925892509,2.8489316104124867,5
진보,0.06845675697983125,0.989016925892509,2.8489316104124867,5
발생 생성,0.06845675697983125,0.989016925892509,2.8489316104124867,5
ai web,0.06845675697983125,0.989016925892509,2.8489316104124867,5
진보 적용,0.06845675697983125,0.989016925892509,2.8489316104124867,5
기술 저작,0.06845675697983125,0.989016925892509,2.8489316104124867,5
수요 발생,0.06845675697983125,0.989016925892509,2.8489316104124867,5
web 기술,0.06845675697983125,0.989016925892509,2.8489316104124867,5
기술 진보,0.06845675697983125,0.989016925892509,2.8489316104124867,5
제조 공장,0.06827840099277684,1.71578822356531,4.491911430248153,4
저감 에너지,0.06813029897765306,1.2512413437068637,3.4550855117179005,3
전략 방향,0.06810981352271941,1.2755467919277184,3.511036459815954,4
전환 일반,0.06730321111335594,1.769848551600145,4.686042422990578,3
특허 디자인,0.06717066888922875,0.9253743159906156,2.7628189730542716,3
지역민,0.06608887616543867,1.6096273680451985,4.406114824487202,6
발명가 지역민,0.0658564504829022,1.968482169363301,5.262050496420197,5
기본법 개인,0.0658564504829022,1.968482169363301,5.262050496420197,5
지역민 전체,0.0658564504829022,1.968482169363301,5.262050496420197,5
성과 보유,0.06492473213703932,0.0,0.6701225458191022,3
생태 ai,0.0645585501928298,1.3278409393174555,3.8461492909483606,4
성장 경영안정,0.06438528382184246,1.563051368180691,4.4207936923401006,4
ip 인식,0.06438528382184246,1.563051368180691,4.4207936923401006,4
배출 비중,0.06438175762117562,1.769848551600145,4.916457689529894,3
공장 오염,0.06438175762117562,1.769848551600145,4.916457689529894,3
온실가스 오염,0.06438175762117562,1.769848551600145,4.916457689529894,3
친환경 공장,0.06438175762117562,1.769848551600145,4.916457689529894,3
검토 개발,0.06413600654757823,0.6751521179173986,2.3036081027508293,4
수출 업종,0.06383285385752567,1.0625296255812022,3.2520804380030035,3
상쇄 외부,0.06383285385752567,1.0625296255812022,3.2520804380030035,3
산업단지 탄소중립,0.06383285385752567,1.0625296255812022,3.2520804380030035,3
방법 검토,0.06383285385752567,1.0625296255812022,3.2520804380030035,3
에너지원 에너,0.06383285385752567,1.0625296255812022,3.2520804380030035,3
가공 직물,0.06383285385752567,1.0625296255812022,3.2520804380030035,3
역량 에너지,0.06383285385752567,1.0625296255812022,3.2520804380030035,3
효율 공급망,0.06383285385752567,1.0625296255812022,3.2520804380030035,3
인프라 산단,0.06383285385752567,1.0625296255812022,3.2520804380030035,3
인증 방법,0.06383285385752567,1.0625296255812022,3.2520804380030035,3
산업단지,0.06383285385752567,1.0625296255812022,3.2520804380030035,3
감축 산업단지,0.06383285385752567,1.0625296255812022,3.2520804380030035,3
공급망 중소,0.06383285385752567,1.0625296255812022,3.2520804380030035,3
실시간 측정,0.06383285385752567,1.0625296255812022,3.2520804380030035,3
거래 상쇄,0.06383285385752567,1.0625296255812022,3.2520804380030035,3
거래 감축,0.06383285385752567,1.0625296255812022,3.2520804380030035,3
업종 공급망,0.06383285385752567,1.0625296255812022,3.2520804380030035,3
설비 배출,0.06383285385752567,1.0625296255812022,3.2520804380030035,3
상쇄,0.06383285385752567,1.0625296255812022,3.2520804380030035,3
검토 인증,0.06383285385752567,1.0625296255812022,3.2520804380030035,3
데이터 실시간,0.06383285385752567,1.0625296255812022,3.2520804380030035,3
분석 공유,0.06383285385752567,1.0625296255812022,3.2520804380030035,3
감축 검토,0.06383285385752567,1.0625296255812022,3.2520804380030035,3
감축 기대,0.06383285385752567,1.0625296255812022,3.2520804380030035,3
에너 온실가스,0.06383285385752567,1.0625296255812022,3.2520804380030035,3
에너,0.06383285385752567,1.0625296255812022,3.2520804380030035,3
기대 감축,0.06383285385752567,1.0625296255812022,3.2520804380030035,3
제도 배출,0.06383285385752567,1.0625296255812022,3.2520804380030035,3
등록 감축,0.06383285385752567,1.0625296255812022,3.2520804380030035,3
도입 배출,0.06383285385752567,1.0625296255812022,3.2520804380030035,3
달성 배출,0.06383285385752567,1.0625296255812022,3.2520804380030035,3
플랫폼 산단,0.06383285385752567,1.0625296255812022,3.2520804380030035,3
외부 배출,0.06383285385752567,1.0625296255812022,3.2520804380030035,3
개발 등록,0.06383285385752567,1.0625296255812022,3.2520804380030035,3
경쟁력 염색,0.06383285385752567,1.0625296255812022,3.2520804380030035,3
승인 감축,0.06383285385752567,1.0625296255812022,3.2520804380030035,3
외부 평가,0.06383285385752567,1.0625296255812022,3.2520804380030035,3
공유 에너지,0.06383285385752567,1.0625296255812022,3.2520804380030035,3
배출 수출,0.06383285385752567,1.0625296255812022,3.2520804380030035,3
ip 전략,0.06382768279534275,1.9459408208585773,5.388296837177959,6
고도 재난,0.06376474623089526,1.3030442258784876,3.837982392368517,5
가공,0.06361870093825979,5.1883768172241505,13.27451910721809,64
전략 ip,0.06341172188961873,2.1753793676286053,5.985031044328928,5
스마트 생태,0.06299472724662085,2.287142376247467,6.301724457540615,3
생태 공장,0.06299472724662085,2.287142376247467,6.301724457540615,3
평가 승인,0.061675333135508104,1.03007447564551,3.2940738548255526,4
도심,0.06157656166604121,0.5308246845863804,2.0455557076113173,6
소상공인 ip,0.06120776340116684,2.8709999836153055,7.975838068480589,4
해양 수산,0.06047145844543548,2.931988990666903,8.236135397168352,29
수급 조절,0.059312230585728716,2.7485143211883685,7.928823734481821,10
조절,0.05856725688025985,2.3440705365452854,6.9650209958912015,11
소재 공정,0.05517634451331283,1.4828498367464225,4.991928220246357,6
공정 회수,0.054961681478894256,1.5167352346825047,5.108816454873249,5
탄소중립 스마트,0.054961681478894256,1.5167352346825047,5.108816454873249,5
설비 직물,0.054961681478894256,1.5167352346825047,5.108816454873249,5
설비 출연,0.054961681478894256,1.5167352346825047,5.108816454873249,5
대비 감축,0.054961681478894256,1.5167352346825047,5.108816454873249,5
감축 효율,0.054961681478894256,1.5167352346825047,5.108816454873249,5
산업 에너지,0.054961681478894256,1.5167352346825047,5.108816454873249,5
목표 대비,0.054961681478894256,1.5167352346825047,5.108816454873249,5
경영 시스템,0.054961681478894256,1.5167352346825047,5.108816454873249,5
탄소 염색,0.054961681478894256,1.5167352346825047,5.108816454873249,5
효율 달성,0.054961681478894256,1.5167352346825047,5.108816454873249,5
스마트 에너지,0.054961681478894256,1.5167352346825047,5.108816454873249,5
가공 공정,0.054961681478894256,1.5167352346825047,5.108816454873249,5
에너지 플랫폼,0.054961681478894256,1.5167352346825047,5.108816454873249,5
에너지효율 설비,0.054961681478894256,1.5167352346825047,5.108816454873249,5
자족 인프라,0.054961681478894256,1.5167352346825047,5.108816454873249,5
자족,0.054961681478894256,1.5167352346825047,5.108816454873249,5
공정 에너지효율,0.054961681478894256,1.5167352346825047,5.108816454873249,5
분산 에너지원,0.054961681478894256,1.5167352346825047,5.108816454873249,5
자급 자족,0.054961681478894256,1.5167352346825047,5.108816454873249,5
업체 제조,0.054961681478894256,1.5167352346825047,5.108816454873249,5
출연 온실가스,0.054961681478894256,1.5167352346825047,5.108816454873249,5
관리 온실가스,0.054961681478894256,1.5167352346825047,5.108816454873249,5
인프라 섬유,0.054961681478894256,1.5167352346825047,5.108816454873249,5
중견 에너지,0.054961681478894256,1.5167352346825047,5.108816454873249,5
재생 분산,0.054961681478894256,1.5167352346825047,5.108816454873249,5
에너지 경영,0.054961681478894256,1.5167352346825047,5.108816454873249,5
시스템 인프라,0.054961681478894256,1.5167352346825047,5.108816454873249,5
시스템 보급,0.054961681478894256,1.5167352346825047,5.108816454873249,5
해외 경쟁력,0.054961681478894256,1.5167352346825047,5.108816454873249,5
제도 산업,0.054961681478894256,1.5167352346825047,5.108816454873249,5
물질 배출,0.0546646315665459,1.545943733174793,5.221745761812002,16
전략 특허,0.05462044067932354,1.2755467919277184,4.454767502676798,4
강소기업 성장,0.0543416405981472,0.897108598547033,3.3936041068645855,4
감축 산업,0.0541937816016115,1.9939108650916448,6.558969517135341,5
인프라 에너지,0.0541937816016115,1.9939108650916448,6.558969517135341,5
산업 감축,0.05397425168669608,1.975352544130667,6.5337697645931145,5
감축 인프라,0.05397425168669608,1.975352544130667,6.5337697645931145,5
탄소중립 설비,0.05356850470522035,2.3666099906849882,7.725997100974415,3
염색,0.05264036860753231,2.1462691035982395,7.217175740159437,5
직물 섬유,0.05264036860753231,2.1462691035982395,7.217175740159437,5
직물,0.05264036860753231,2.1462691035982395,7.217175740159437,5
섬유 제품,0.05264036860753231,2.1462691035982395,7.217175740159437,5
염색 가공,0.05264036860753231,2.1462691035982395,7.217175740159437,5
저작,0.052626660132631106,3.2018181602437465,10.351531264965237,10
자급,0.05176556582744656,0.9238392683568466,3.6555365332296654,6
에너지 자급,0.05176556582744656,0.9238392683568466,3.6555365332296654,6
섬유 소재,0.05159891471676997,2.56805598625861,8.649978176566899,5
공정 탄소,0.05159891471676997,2.56805598625861,8.649978176566899,5
에너지 관리,0.05159891471676997,2.56805598625861,8.649978176566899,5
개인 발명가,0.04908076308450742,1.5472705841605452,5.8604262093781765,7
재난 안전,0.047883754708662046,4.212666908658418,14.752375127537038,16
농업,0.0463190663208015,2.11480156492016,8.157254262485644,61
홍보 국제,0.04532151464991622,0.0,1.0032287951146934,3
분석 재난,0.04532151464991622,0.0,1.0032287951146934,3
이후 대한민국,0.04532151464991622,0.0,1.0032287951146934,3
컨퍼런 일반,0.04532151464991622,0.0,1.0032287951146934,3
컨퍼런,0.04532151464991622,0.0,1.0032287951146934,3
조사 심층,0.04532151464991622,0.0,1.0032287951146934,3
개최 개최,0.04532151464991622,0.0,1.0032287951146934,3
국제 컨퍼런,0.04532151464991622,0.0,1.0032287951146934,3
발명가,0.044852198847726114,1.919841058407214,7.754303100672257,8
인증 사업주,0.04442298288543801,0.0,1.0255435081643325,3
전략 중소,0.042465026811280476,1.1740107901962087,5.441320115298981,4
재난,0.040399838261611566,2.101094900166648,9.364484503877707,39
규제 과학,0.03892844154929839,0.7383328048269671,4.189227545953952,3
기술 홍보,0.03847158897117886,0.0,1.1996603815209632,6
개발 일반,0.031091706496916414,0.0,1.508145889482099,4
체험 행사,0.023431215280048674,0.0,2.0339055359443625,3
