id,year,소관,세부사업명,내역사업명,내역예산,대분류,대상유형,수단유형,내용유형,지원산업(주),지원산업(태그),태그수,AI관여도
2701,2024,고용노동부,고용유지지원금,고용유지지원금,71372.0,G. 고용 창출·유지 및 노동환경 개선,T6 사업주·근로자(고용·산재보험 가입),I5 장려금·수당 직접지급,K10 고용장려금·인건비·공제 지급,S0 업종 공통(산업 무관),S0,0,없음
2702,2024,고용노동부,고용창출장려금,고용장려금(융자),1.0,D. 자금조달·경영안정 지원(융자·보증·비용보전),T6 사업주·근로자(고용·산재보험 가입),I4 융자(정책자금 대출),K10 고용장려금·인건비·공제 지급,S0 업종 공통(산업 무관),S0,0,없음
2703,2024,고용노동부,고용창출장려금,고용촉진장려금,37494.0,D. 자금조달·경영안정 지원(융자·보증·비용보전),T6 사업주·근로자(고용·산재보험 가입),I5 장려금·수당 직접지급,K10 고용장려금·인건비·공제 지급,S0 업종 공통(산업 무관),S0,0,없음
2704,2024,고용노동부,고용창출장려금,일자리함께하기,1785.0,D. 자금조달·경영안정 지원(융자·보증·비용보전),T6 사업주·근로자(고용·산재보험 가입),I4 융자(정책자금 대출),K10 고용장려금·인건비·공제 지급,S0 업종 공통(산업 무관),S0,0,없음
2705,2024,고용노동부,고용창출장려금,국내복귀기업지원,1213.0,D. 자금조달·경영안정 지원(융자·보증·비용보전),T6 사업주·근로자(고용·산재보험 가입),I4 융자(정책자금 대출),K10 고용장려금·인건비·공제 지급,S0 업종 공통(산업 무관),S0,0,없음
2706,2024,고용노동부,고용창출장려금,신중년적합직무지원,6972.0,D. 자금조달·경영안정 지원(융자·보증·비용보전),T6 사업주·근로자(고용·산재보험 가입),I4 융자(정책자금 대출),K10 고용장려금·인건비·공제 지급,S0 업종 공통(산업 무관),S0,0,없음
2707,2024,고용노동부,청년추가고용장려금,청년추가고용장려금,17071.0,G. 고용 창출·유지 및 노동환경 개선,"T2 중소·벤처기업(특정 요건·단계: 글로벌 진출 희망, 인증, 재직자 등)",I5 장려금·수당 직접지급,K10 고용장려금·인건비·공제 지급,S0 업종 공통(산업 무관),S0,0,없음
2708,2024,고용노동부,지역고용촉진지원금,지역고용촉진지원금,9511.0,G. 고용 창출·유지 및 노동환경 개선,T6 사업주·근로자(고용·산재보험 가입),I5 장려금·수당 직접지급,K10 고용장려금·인건비·공제 지급,S0 업종 공통(산업 무관),S0,0,없음
2709,2024,고용노동부,청년내일채움공제(고보),청년내일채움공제(고보),76653.0,G. 고용 창출·유지 및 노동환경 개선,"T2 중소·벤처기업(특정 요건·단계: 글로벌 진출 희망, 인증, 재직자 등)",I5 장려금·수당 직접지급,K10 고용장려금·인건비·공제 지급,S0 업종 공통(산업 무관),S0,0,없음
2710,2024,고용노동부,고용안정장려금,워라밸일자리장려금,33866.0,G. 고용 창출·유지 및 노동환경 개선,T6 사업주·근로자(고용·산재보험 가입),I5 장려금·수당 직접지급,K10 고용장려금·인건비·공제 지급,S0 업종 공통(산업 무관),S0,0,없음
2711,2024,고용노동부,고용안정장려금,정규직전환지원,4000.0,G. 고용 창출·유지 및 노동환경 개선,T6 사업주·근로자(고용·산재보험 가입),I5 장려금·수당 직접지급,K10 고용장려금·인건비·공제 지급,S0 업종 공통(산업 무관),S0,0,없음
2712,2024,고용노동부,고용안정장려금,일·가정양립환경개선지원,15332.0,G. 고용 창출·유지 및 노동환경 개선,T6 사업주·근로자(고용·산재보험 가입),I5 장려금·수당 직접지급,K10 고용장려금·인건비·공제 지급,S0 업종 공통(산업 무관),S0,0,없음
2713,2024,고용노동부,고용안정장려금,출산육아기고용안정장려금,180638.0,G. 고용 창출·유지 및 노동환경 개선,T6 사업주·근로자(고용·산재보험 가입),I5 장려금·수당 직접지급,K10 고용장려금·인건비·공제 지급,S0 업종 공통(산업 무관),S0,0,없음
2714,2024,고용노동부,노동시장법제도현장안착지원,일터혁신지원,29824.0,G. 고용 창출·유지 및 노동환경 개선,T6 사업주·근로자(고용·산재보험 가입),I6 혼합(출연+보조+직접 등 복수 형태),K4 자금 융자·보증 제공(운전·시설자금),S0 업종 공통(산업 무관),S0,0,없음
2715,2024,고용노동부,사업주직업훈련지원금,일반훈련,303884.0,G. 고용 창출·유지 및 노동환경 개선,T6 사업주·근로자(고용·산재보험 가입),I6 혼합(출연+보조+직접 등 복수 형태),K10 고용장려금·인건비·공제 지급,S0 업종 공통(산업 무관),S0,0,없음
2716,2024,고용노동부,사업주직업훈련지원금,현장맞춤형체계적훈련,32271.0,G. 고용 창출·유지 및 노동환경 개선,T6 사업주·근로자(고용·산재보험 가입),I6 혼합(출연+보조+직접 등 복수 형태),K9 교육·훈련 과정 운영,S0 업종 공통(산업 무관),S1,1,활용
2717,2024,고용노동부,국가인적자원개발컨소시엄지원,산업맞춤형,71000.0,G. 고용 창출·유지 및 노동환경 개선,T6 사업주·근로자(고용·산재보험 가입),I3 보조금(사업비 보조·매칭),K9 교육·훈련 과정 운영,S0 업종 공통(산업 무관),S1,1,활용
2718,2024,고용노동부,국가인적자원개발컨소시엄지원,하이테크형,40000.0,G. 고용 창출·유지 및 노동환경 개선,T6 사업주·근로자(고용·산재보험 가입),I3 보조금(사업비 보조·매칭),K1 기술개발 과제 수행(연구개발비),S0 업종 공통(산업 무관),S0,0,없음
2719,2024,고용노동부,국가인적자원개발컨소시엄지원,대중소상생아카데미,12200.0,G. 고용 창출·유지 및 노동환경 개선,T6 사업주·근로자(고용·산재보험 가입),I3 보조금(사업비 보조·매칭),K9 교육·훈련 과정 운영,S0 업종 공통(산업 무관),S0,0,없음
2720,2024,고용노동부,산업현장일학습병행지원,일학습병행공동훈련센터,76955.0,G. 고용 창출·유지 및 노동환경 개선,"T8 수요·제도 연계 사업체 및 공공기관(수요기업, 설비 설치자, 지자체 등)",I6 혼합(출연+보조+직접 등 복수 형태),K9 교육·훈련 과정 운영,S0 업종 공통(산업 무관),S0,0,없음
2721,2024,고용노동부,기능인력양성및장비확충(폴리텍),교육훈련과정운영,1544.0,G. 고용 창출·유지 및 노동환경 개선,"T2 중소·벤처기업(특정 요건·단계: 글로벌 진출 희망, 인증, 재직자 등)",I2 출연(기관 운영·인프라·위탁 서비스),K9 교육·훈련 과정 운영,S7 소재·부품·장비·제조혁신,S7,1,없음
2722,2024,고용노동부,사회적기업육성(제주),일자리창출사업(제주),2370.0,G. 고용 창출·유지 및 노동환경 개선,T3 예비창업자·창업기업,I3 보조금(사업비 보조·매칭),K5 창업 사업화자금·투자연계·보육,S0 업종 공통(산업 무관),S0,0,없음
2723,2024,고용노동부,사회적기업육성(지특),일자리창출사업,47665.0,G. 고용 창출·유지 및 노동환경 개선,T3 예비창업자·창업기업,I3 보조금(사업비 보조·매칭),K5 창업 사업화자금·투자연계·보육,S0 업종 공통(산업 무관),S0,0,없음
2724,2024,고용노동부,지역·산업맞춤형일자리창출지원,자치단체지원,94767.0,G. 고용 창출·유지 및 노동환경 개선,"T2 중소·벤처기업(특정 요건·단계: 글로벌 진출 희망, 인증, 재직자 등)",I3 보조금(사업비 보조·매칭),K3 지역·사회적경제·창업 활성화 프로그램,S0 업종 공통(산업 무관),S0,0,없음
2725,2024,고용노동부,근로자건강보호,산업보건이슈대응,3373.0,G. 고용 창출·유지 및 노동환경 개선,T6 사업주·근로자(고용·산재보험 가입),I6 혼합(출연+보조+직접 등 복수 형태),K9 교육·훈련 과정 운영,S0 업종 공통(산업 무관),S0,0,없음
2726,2024,고용노동부,근로자건강보호,과로사고위험군집중관리,3840.0,G. 고용 창출·유지 및 노동환경 개선,T6 사업주·근로자(고용·산재보험 가입),I6 혼합(출연+보조+직접 등 복수 형태),K9 교육·훈련 과정 운영,S0 업종 공통(산업 무관),S0,0,없음
2727,2024,고용노동부,안전인증및안전검사,위험기계기구안전인증,3169.0,E. 생산기반 현대화·친환경 전환(시설·설비),T6 사업주·근로자(고용·산재보험 가입),I2 출연(기관 운영·인프라·위탁 서비스),K0 내용 미기재,S7 소재·부품·장비·제조혁신,S7,1,없음
2728,2024,고용노동부,안전인증및안전검사,방호장치보호구안전인증,2170.0,E. 생산기반 현대화·친환경 전환(시설·설비),T6 사업주·근로자(고용·산재보험 가입),I2 출연(기관 운영·인프라·위탁 서비스),K0 내용 미기재,S0 업종 공통(산업 무관),S0,0,없음
2729,2024,고용노동부,안전인증및안전검사,산업용기계기구안전인증,239.0,E. 생산기반 현대화·친환경 전환(시설·설비),T6 사업주·근로자(고용·산재보험 가입),I2 출연(기관 운영·인프라·위탁 서비스),K0 내용 미기재,S7 소재·부품·장비·제조혁신,S7,1,없음
2730,2024,고용노동부,안전인증및안전검사,위험기계기구안전검사,740.0,G. 고용 창출·유지 및 노동환경 개선,T6 사업주·근로자(고용·산재보험 가입),I2 출연(기관 운영·인프라·위탁 서비스),K0 내용 미기재,S7 소재·부품·장비·제조혁신,S7,1,없음
2731,2024,고용노동부,업종별재해예방,화학사고재해집중관리,2620.0,G. 고용 창출·유지 및 노동환경 개선,T6 사업주·근로자(고용·산재보험 가입),I6 혼합(출연+보조+직접 등 복수 형태),K11 환경·안전 설비 구축 및 관리,S7 소재·부품·장비·제조혁신,S7,1,없음
2732,2024,고용노동부,유해작업환경개선,취약계층고위험환경개선지원,71625.0,G. 고용 창출·유지 및 노동환경 개선,T6 사업주·근로자(고용·산재보험 가입),I2 출연(기관 운영·인프라·위탁 서비스),K11 환경·안전 설비 구축 및 관리,S0 업종 공통(산업 무관),S0,0,없음
2733,2024,고용노동부,유해작업환경개선,소규모사업장보건관리기술지도(위탁),6300.0,G. 고용 창출·유지 및 노동환경 개선,T6 사업주·근로자(고용·산재보험 가입),I2 출연(기관 운영·인프라·위탁 서비스),K11 환경·안전 설비 구축 및 관리,S0 업종 공통(산업 무관),S0,0,없음
2734,2024,고용노동부,산재예방시설융자,산재예방시설융자(융자),458640.0,D. 자금조달·경영안정 지원(융자·보증·비용보전),T6 사업주·근로자(고용·산재보험 가입),I4 융자(정책자금 대출),K4 자금 융자·보증 제공(운전·시설자금),S0 업종 공통(산업 무관),S0,0,없음
2735,2024,고용노동부,클린사업장조성지원,유해위험요인시설개선,95707.0,G. 고용 창출·유지 및 노동환경 개선,T6 사업주·근로자(고용·산재보험 가입),I2 출연(기관 운영·인프라·위탁 서비스),K10 고용장려금·인건비·공제 지급,S0 업종 공통(산업 무관),S0,0,없음
2736,2024,고용노동부,클린사업장조성지원,안전동행지원사업,322000.0,G. 고용 창출·유지 및 노동환경 개선,T6 사업주·근로자(고용·산재보험 가입),I2 출연(기관 운영·인프라·위탁 서비스),K11 환경·안전 설비 구축 및 관리,S0 업종 공통(산업 무관),S0,0,없음
2737,2024,고용노동부,클린사업장조성지원,건강일터조성지원,15825.0,G. 고용 창출·유지 및 노동환경 개선,T6 사업주·근로자(고용·산재보험 가입),I2 출연(기관 운영·인프라·위탁 서비스),K7 사업비용 보조(전시·인증·컨설팅·기술도입 비용),S0 업종 공통(산업 무관),S0,0,없음
2738,2024,고용노동부,클린사업장조성지원,스마트안전장비보급·확산,35000.0,G. 고용 창출·유지 및 노동환경 개선,T6 사업주·근로자(고용·산재보험 가입),I2 출연(기관 운영·인프라·위탁 서비스),K11 환경·안전 설비 구축 및 관리,S7 소재·부품·장비·제조혁신,S7,1,없음
2739,2024,고용노동부,산재근로자재활복지지원,산재근로자대체인력지원,3168.0,G. 고용 창출·유지 및 노동환경 개선,T6 사업주·근로자(고용·산재보험 가입),I2 출연(기관 운영·인프라·위탁 서비스),K9 교육·훈련 과정 운영,S0 업종 공통(산업 무관),S0,0,없음
2740,2024,고용노동부,사회적기업지원,청년등사회적기업가육성,5826.0,H. 경영역량 강화·사업화 지원(컨설팅·마케팅·디자인),"T2 중소·벤처기업(특정 요건·단계: 글로벌 진출 희망, 인증, 재직자 등)",I6 혼합(출연+보조+직접 등 복수 형태),K8 컨설팅·인증·시험·홍보 서비스 제공,S0 업종 공통(산업 무관),S0,0,없음
2741,2024,고용노동부,사회적기업지원,사회적기업판로지원,4721.0,H. 경영역량 강화·사업화 지원(컨설팅·마케팅·디자인),"T2 중소·벤처기업(특정 요건·단계: 글로벌 진출 희망, 인증, 재직자 등)",I6 혼합(출연+보조+직접 등 복수 형태),K3 지역·사회적경제·창업 활성화 프로그램,S0 업종 공통(산업 무관),S0,0,없음
2742,2024,고용노동부,사회적기업지원,사회적기업성장지원,5938.0,H. 경영역량 강화·사업화 지원(컨설팅·마케팅·디자인),"T2 중소·벤처기업(특정 요건·단계: 글로벌 진출 희망, 인증, 재직자 등)",I6 혼합(출연+보조+직접 등 복수 형태),K3 지역·사회적경제·창업 활성화 프로그램,S0 업종 공통(산업 무관),S0,0,없음
2743,2024,고용노동부,청년일자리창출지원,청년일자리도약장려금,607780.0,G. 고용 창출·유지 및 노동환경 개선,"T2 중소·벤처기업(특정 요건·단계: 글로벌 진출 희망, 인증, 재직자 등)",I5 장려금·수당 직접지급,K10 고용장려금·인건비·공제 지급,S0 업종 공통(산업 무관),S0,0,언급
2744,2024,고용노동부,청년내일채움공제(일반),청년내일채움공제(일반),162808.0,G. 고용 창출·유지 및 노동환경 개선,"T2 중소·벤처기업(특정 요건·단계: 글로벌 진출 희망, 인증, 재직자 등)",I5 장려금·수당 직접지급,K10 고용장려금·인건비·공제 지급,S0 업종 공통(산업 무관),S0,0,없음
2745,2024,고용노동부,청년취업진로및일경험지원,청년친화강소기업선정,690.0,G. 고용 창출·유지 및 노동환경 개선,"T2 중소·벤처기업(특정 요건·단계: 글로벌 진출 희망, 인증, 재직자 등)",I5 장려금·수당 직접지급,K10 고용장려금·인건비·공제 지급,S0 업종 공통(산업 무관),S0,0,없음
2746,2024,고용노동부,근로조건개선지원,근로조건자율개선지원,1375.0,H. 경영역량 강화·사업화 지원(컨설팅·마케팅·디자인),"T2 중소·벤처기업(특정 요건·단계: 글로벌 진출 희망, 인증, 재직자 등)",I10 직접 수행(직접사업),K8 컨설팅·인증·시험·홍보 서비스 제공,S0 업종 공통(산업 무관),S0,0,없음
2747,2024,고용노동부,노사발전재단지원,차별없는일터지원단운영,419.0,H. 경영역량 강화·사업화 지원(컨설팅·마케팅·디자인),T7 일반 국민·산업 종사자·창작자,I3 보조금(사업비 보조·매칭),K9 교육·훈련 과정 운영,S0 업종 공통(산업 무관),S0,0,없음
2748,2024,고용노동부,체불청산지원융자(융자),체불청산지원융자(융자),40190.0,D. 자금조달·경영안정 지원(융자·보증·비용보전),"T2 중소·벤처기업(특정 요건·단계: 글로벌 진출 희망, 인증, 재직자 등)",I4 융자(정책자금 대출),K4 자금 융자·보증 제공(운전·시설자금),S0 업종 공통(산업 무관),S0,0,없음
2749,2024,고용노동부,장애인고용증진융자(융자),장애인고용증진융자(융자),630.0,D. 자금조달·경영안정 지원(융자·보증·비용보전),T6 사업주·근로자(고용·산재보험 가입),I4 융자(정책자금 대출),K4 자금 융자·보증 제공(운전·시설자금),S0 업종 공통(산업 무관),S0,0,없음
2750,2024,과학기술정보통신부,스페이스이노베이션,스페이스이노베이션,776.0,C. 수출·해외진출 촉진,T1 중소·중견기업(일반·업종·지역 특정),I2 출연(기관 운영·인프라·위탁 서비스),K3 지역·사회적경제·창업 활성화 프로그램,S0 업종 공통(산업 무관),S0,0,없음
2751,2024,과학기술정보통신부,지역디지털기초체력지원(세종),지역디지털기업성장지원(舊지역SW서비스사업화)(세종),324.0,A. 기술혁신 촉진(개발·실증·사업화),T1 중소·중견기업(일반·업종·지역 특정),I6 혼합(출연+보조+직접 등 복수 형태),K3 지역·사회적경제·창업 활성화 프로그램,S2 디지털·SW·정보통신,S2,1,없음
2752,2024,과학기술정보통신부,지역디지털기초체력지원(제주),지역디지털기업성장지원(舊지역SW서비스사업화)(제주),324.0,A. 기술혁신 촉진(개발·실증·사업화),T1 중소·중견기업(일반·업종·지역 특정),I6 혼합(출연+보조+직접 등 복수 형태),K3 지역·사회적경제·창업 활성화 프로그램,S2 디지털·SW·정보통신,S2,1,없음
2753,2024,과학기술정보통신부,산학연협력활성화지원(R&D),공공연구성과BIG선도모델,1400.0,A. 기술혁신 촉진(개발·실증·사업화),T5 산학연 연구수행기관(기업·대학·연구소 컨소시엄),I2 출연(기관 운영·인프라·위탁 서비스),K2 산업 생태계·협력 기반 조성(플랫폼·네트워크),S0 업종 공통(산업 무관),S0,0,없음
2754,2024,과학기술정보통신부,산학연협력활성화지원(R&D),산학연협력기술창업법인육성,1488.0,B. 창업·벤처 육성,T5 산학연 연구수행기관(기업·대학·연구소 컨소시엄),I1 R&D 과제 출연(연구개발비),K2 산업 생태계·협력 기반 조성(플랫폼·네트워크),S0 업종 공통(산업 무관),S0,0,없음
2755,2024,과학기술정보통신부,ICT융합제조운영체제개발및실증,ICT융합제조운영체제개발및실증,1145.0,A. 기술혁신 촉진(개발·실증·사업화),"T8 수요·제도 연계 사업체 및 공공기관(수요기업, 설비 설치자, 지자체 등)",I2 출연(기관 운영·인프라·위탁 서비스),K1 기술개발 과제 수행(연구개발비),S2 디지털·SW·정보통신,S2,1,없음
2756,2024,과학기술정보통신부,지역디지털기초체력지원(지역지원),지역디지털기업경쟁력강화,10384.0,C. 수출·해외진출 촉진,T1 중소·중견기업(일반·업종·지역 특정),I6 혼합(출연+보조+직접 등 복수 형태),K3 지역·사회적경제·창업 활성화 프로그램,S2 디지털·SW·정보통신,S2,1,없음
2757,2024,과학기술정보통신부,SW융합클러스터2.0,플랫폼사업화,2520.0,H. 경영역량 강화·사업화 지원(컨설팅·마케팅·디자인),T1 중소·중견기업(일반·업종·지역 특정),I2 출연(기관 운영·인프라·위탁 서비스),K8 컨설팅·인증·시험·홍보 서비스 제공,S2 디지털·SW·정보통신,S2,1,없음
2758,2024,과학기술정보통신부,SW융합클러스터2.0,특화산업강화,6730.0,A. 기술혁신 촉진(개발·실증·사업화),T1 중소·중견기업(일반·업종·지역 특정),I2 출연(기관 운영·인프라·위탁 서비스),K1 기술개발 과제 수행(연구개발비),S2 디지털·SW·정보통신,S2,1,없음
2759,2024,과학기술정보통신부,지역디지털인재양성,ICT이노베이션스퀘어조성,33816.0,F. 전문인력 양성·채용 지원,"T2 중소·벤처기업(특정 요건·단계: 글로벌 진출 희망, 인증, 재직자 등)",I2 출연(기관 운영·인프라·위탁 서비스),K8 컨설팅·인증·시험·홍보 서비스 제공,S2 디지털·SW·정보통신,S1;S2,2,활용
2760,2024,과학기술정보통신부,인공지능중심산업융합집적단지조성,일자리중심창업지원,7402.0,B. 창업·벤처 육성,"T2 중소·벤처기업(특정 요건·단계: 글로벌 진출 희망, 인증, 재직자 등)",I2 출연(기관 운영·인프라·위탁 서비스),K8 컨설팅·인증·시험·홍보 서비스 제공,S1 인공지능(AI)·데이터,S1,1,핵심
2761,2024,과학기술정보통신부,디지털트윈기반스마트시티랩실증단지조성(R&D),디지털트윈기반스마트시티서비스융합기술개발,560.0,A. 기술혁신 촉진(개발·실증·사업화),T5 산학연 연구수행기관(기업·대학·연구소 컨소시엄),I1 R&D 과제 출연(연구개발비),K1 기술개발 과제 수행(연구개발비),S2 디지털·SW·정보통신,S2,1,없음
2762,2024,과학기술정보통신부,정보통신방송해외진출지원,융합서비스글로벌마케팅강화,986.0,C. 수출·해외진출 촉진,"T8 수요·제도 연계 사업체 및 공공기관(수요기업, 설비 설치자, 지자체 등)",I2 출연(기관 운영·인프라·위탁 서비스),K6 해외진출·수출 지원(전시·상담·현지화),S2 디지털·SW·정보통신,S2;S8,2,없음
2763,2024,과학기술정보통신부,전파기반신산업창출및중소기업육성,전파산업중소기업성장기반조성,2524.0,A. 기술혁신 촉진(개발·실증·사업화),T1 중소·중견기업(일반·업종·지역 특정),I3 보조금(사업비 보조·매칭),K7 사업비용 보조(전시·인증·컨설팅·기술도입 비용),S2 디지털·SW·정보통신,S2;S7,2,언급
2764,2024,과학기술정보통신부,전파기반신산업창출및중소기업육성,중소기업전파공동엔지니어링랩운영지원,319.0,A. 기술혁신 촉진(개발·실증·사업화),T1 중소·중견기업(일반·업종·지역 특정),I3 보조금(사업비 보조·매칭),K8 컨설팅·인증·시험·홍보 서비스 제공,S2 디지털·SW·정보통신,S2,1,없음
2765,2024,과학기술정보통신부,전파기반신산업창출및중소기업육성,중소기업우수제품전파인증시험비용지원,439.0,E. 생산기반 현대화·친환경 전환(시설·설비),T1 중소·중견기업(일반·업종·지역 특정),I3 보조금(사업비 보조·매칭),K7 사업비용 보조(전시·인증·컨설팅·기술도입 비용),S2 디지털·SW·정보통신,S2,1,없음
2766,2024,과학기술정보통신부,전파기반신산업창출및중소기업육성,고출력전자파침해대응산업활성화,251.0,E. 생산기반 현대화·친환경 전환(시설·설비),T1 중소·중견기업(일반·업종·지역 특정),I3 보조금(사업비 보조·매칭),K11 환경·안전 설비 구축 및 관리,S2 디지털·SW·정보통신,S2,1,없음
2767,2024,과학기술정보통신부,전파기반중소기업전자파대책기술지원,안전한전자파제품개발지원,540.0,A. 기술혁신 촉진(개발·실증·사업화),T1 중소·중견기업(일반·업종·지역 특정),I3 보조금(사업비 보조·매칭),K11 환경·안전 설비 구축 및 관리,S2 디지털·SW·정보통신,S2,1,없음
2768,2024,과학기술정보통신부,전파기반중소기업전자파대책기술지원,고품질전자파부품·소재개발지원,185.0,A. 기술혁신 촉진(개발·실증·사업화),T1 중소·중견기업(일반·업종·지역 특정),I3 보조금(사업비 보조·매칭),K11 환경·안전 설비 구축 및 관리,S7 소재·부품·장비·제조혁신,S2;S7,2,없음
2769,2024,과학기술정보통신부,ICT창의기업육성,글로벌창업활성화기반조성,5663.0,B. 창업·벤처 육성,"T2 중소·벤처기업(특정 요건·단계: 글로벌 진출 희망, 인증, 재직자 등)",I2 출연(기관 운영·인프라·위탁 서비스),K8 컨설팅·인증·시험·홍보 서비스 제공,S2 디지털·SW·정보통신,S2,1,없음
2770,2024,과학기술정보통신부,ICT창의기업육성,혁신기술기반벤처성장지원,7491.0,B. 창업·벤처 육성,"T2 중소·벤처기업(특정 요건·단계: 글로벌 진출 희망, 인증, 재직자 등)",I2 출연(기관 운영·인프라·위탁 서비스),K8 컨설팅·인증·시험·홍보 서비스 제공,S2 디지털·SW·정보통신,S2,1,없음
2771,2024,과학기술정보통신부,ICT창의기업육성,ICT벤처･투자사협력네트워크구축･운영,1068.0,B. 창업·벤처 육성,"T2 중소·벤처기업(특정 요건·단계: 글로벌 진출 희망, 인증, 재직자 등)",I2 출연(기관 운영·인프라·위탁 서비스),K3 지역·사회적경제·창업 활성화 프로그램,S2 디지털·SW·정보통신,S2,1,없음
2772,2024,과학기술정보통신부,VR·AR콘텐츠산업육성,VR·AR콘텐츠개발지원,33000.0,A. 기술혁신 촉진(개발·실증·사업화),T7 일반 국민·산업 종사자·창작자,I2 출연(기관 운영·인프라·위탁 서비스),K3 지역·사회적경제·창업 활성화 프로그램,S8 콘텐츠·문화·관광·스포츠,S2;S8,2,없음
2773,2024,과학기술정보통신부,디지털콘텐츠기업경쟁력강화,디지털콘텐츠글로벌역량강화,6760.0,C. 수출·해외진출 촉진,T7 일반 국민·산업 종사자·창작자,I2 출연(기관 운영·인프라·위탁 서비스),K6 해외진출·수출 지원(전시·상담·현지화),S2 디지털·SW·정보통신,S2;S8,2,없음
2774,2024,과학기술정보통신부,방송장비산업인프라구축(정보화),방송장비산업경쟁력강화기반조성,865.0,C. 수출·해외진출 촉진,"T8 수요·제도 연계 사업체 및 공공기관(수요기업, 설비 설치자, 지자체 등)",I3 보조금(사업비 보조·매칭),K2 산업 생태계·협력 기반 조성(플랫폼·네트워크),S7 소재·부품·장비·제조혁신,S7;S8,2,없음
2775,2024,과학기술정보통신부,클라우드컴퓨팅산업육성(정보화),클라우드서비스활성화및기업경쟁력강화,51853.0,A. 기술혁신 촉진(개발·실증·사업화),"T8 수요·제도 연계 사업체 및 공공기관(수요기업, 설비 설치자, 지자체 등)",I9 바우처,K7 사업비용 보조(전시·인증·컨설팅·기술도입 비용),S2 디지털·SW·정보통신,S1;S2,2,활용
2776,2024,과학기술정보통신부,사물인터넷신산업육성선도(정보화),IoT융합선도,6100.0,A. 기술혁신 촉진(개발·실증·사업화),"T2 중소·벤처기업(특정 요건·단계: 글로벌 진출 희망, 인증, 재직자 등)",I2 출연(기관 운영·인프라·위탁 서비스),K1 기술개발 과제 수행(연구개발비),S2 디지털·SW·정보통신,S2,1,없음
2777,2024,과학기술정보통신부,사물인터넷신산업육성선도(정보화),IoT인프라조성·보급,6971.0,A. 기술혁신 촉진(개발·실증·사업화),"T2 중소·벤처기업(특정 요건·단계: 글로벌 진출 희망, 인증, 재직자 등)",I2 출연(기관 운영·인프라·위탁 서비스),K2 산업 생태계·협력 기반 조성(플랫폼·네트워크),S2 디지털·SW·정보통신,S2,1,없음
2778,2024,과학기술정보통신부,사물인터넷신산업육성선도(정보화),IoT시장진출지원,682.0,C. 수출·해외진출 촉진,"T2 중소·벤처기업(특정 요건·단계: 글로벌 진출 희망, 인증, 재직자 등)",I2 출연(기관 운영·인프라·위탁 서비스),K6 해외진출·수출 지원(전시·상담·현지화),S2 디지털·SW·정보통신,S2,1,없음
2779,2024,과학기술정보통신부,ICTR&D혁신바우처지원(R&D),ICTR&D혁신바우처지원,1920.0,A. 기술혁신 촉진(개발·실증·사업화),T1 중소·중견기업(일반·업종·지역 특정),I9 바우처,K5 창업 사업화자금·투자연계·보육,S2 디지털·SW·정보통신,S2,1,언급
2780,2024,과학기술정보통신부,민관협력기반ICT스타트업육성(R&D),민관협력기반ICT스타트업육성,400.0,B. 창업·벤처 육성,T1 중소·중견기업(일반·업종·지역 특정),I2 출연(기관 운영·인프라·위탁 서비스),K2 산업 생태계·협력 기반 조성(플랫폼·네트워크),S2 디지털·SW·정보통신,S2,1,없음
2781,2024,과학기술정보통신부,방송통신산업기술개발(R&D),차세대무선통신,38920.0,A. 기술혁신 촉진(개발·실증·사업화),T5 산학연 연구수행기관(기업·대학·연구소 컨소시엄),I1 R&D 과제 출연(연구개발비),K1 기술개발 과제 수행(연구개발비),S2 디지털·SW·정보통신,S1;S2;S8,3,활용
2782,2024,과학기술정보통신부,방송통신산업기술개발(R&D),차세대유선통신,21500.0,A. 기술혁신 촉진(개발·실증·사업화),T5 산학연 연구수행기관(기업·대학·연구소 컨소시엄),I2 출연(기관 운영·인프라·위탁 서비스),K1 기술개발 과제 수행(연구개발비),S2 디지털·SW·정보통신,S2;S8,2,언급
2783,2024,과학기술정보통신부,방송통신산업기술개발(R&D),전파·위성,24500.0,A. 기술혁신 촉진(개발·실증·사업화),T5 산학연 연구수행기관(기업·대학·연구소 컨소시엄),I2 출연(기관 운영·인프라·위탁 서비스),K7 사업비용 보조(전시·인증·컨설팅·기술도입 비용),S2 디지털·SW·정보통신,S2;S8,2,없음
2784,2024,과학기술정보통신부,방송통신산업기술개발(R&D),방송·스마트미디어,5440.0,A. 기술혁신 촉진(개발·실증·사업화),T5 산학연 연구수행기관(기업·대학·연구소 컨소시엄),I2 출연(기관 운영·인프라·위탁 서비스),K1 기술개발 과제 수행(연구개발비),S8 콘텐츠·문화·관광·스포츠,S2;S8,2,없음
2785,2024,과학기술정보통신부,양자암호통신집적화및전송기술고도화(R&D),양자암호통신집적화및상호운용성기술개발,2900.0,A. 기술혁신 촉진(개발·실증·사업화),T5 산학연 연구수행기관(기업·대학·연구소 컨소시엄),I1 R&D 과제 출연(연구개발비),K1 기술개발 과제 수행(연구개발비),S2 디지털·SW·정보통신,S2,1,없음
2786,2024,과학기술정보통신부,양자암호통신집적화및전송기술고도화(R&D),양자암호통신전송기술고도화,3800.0,A. 기술혁신 촉진(개발·실증·사업화),T5 산학연 연구수행기관(기업·대학·연구소 컨소시엄),I2 출연(기관 운영·인프라·위탁 서비스),K1 기술개발 과제 수행(연구개발비),S2 디지털·SW·정보통신,S2,1,없음
2787,2024,과학기술정보통신부,나노·소재기술개발(R&D),기술개발,113151.0,A. 기술혁신 촉진(개발·실증·사업화),T5 산학연 연구수행기관(기업·대학·연구소 컨소시엄),I1 R&D 과제 출연(연구개발비),K2 산업 생태계·협력 기반 조성(플랫폼·네트워크),S7 소재·부품·장비·제조혁신,S7,1,없음
2788,2024,과학기술정보통신부,나노·소재기술개발(R&D),기반구축,35000.0,A. 기술혁신 촉진(개발·실증·사업화),T5 산학연 연구수행기관(기업·대학·연구소 컨소시엄),I1 R&D 과제 출연(연구개발비),K1 기술개발 과제 수행(연구개발비),S7 소재·부품·장비·제조혁신,S7,1,없음
2789,2024,과학기술정보통신부,연구장비산업육성(R&D),연구장비개발및고도화지원,633.0,A. 기술혁신 촉진(개발·실증·사업화),T5 산학연 연구수행기관(기업·대학·연구소 컨소시엄),I2 출연(기관 운영·인프라·위탁 서비스),K1 기술개발 과제 수행(연구개발비),S7 소재·부품·장비·제조혁신,S7,1,없음
2790,2024,과학기술정보통신부,한국과학기술원부설나노종합기술원지원(R&D),일반사업비,19291.0,A. 기술혁신 촉진(개발·실증·사업화),"T8 수요·제도 연계 사업체 및 공공기관(수요기업, 설비 설치자, 지자체 등)",I1 R&D 과제 출연(연구개발비),K1 기술개발 과제 수행(연구개발비),S7 소재·부품·장비·제조혁신,S7,1,없음
2791,2024,과학기술정보통신부,지능정보네트워크용광통신부품상용화실증확산,지능정보네트워크용광통신부품상용화실증확산,2577.0,A. 기술혁신 촉진(개발·실증·사업화),T1 중소·중견기업(일반·업종·지역 특정),I2 출연(기관 운영·인프라·위탁 서비스),K1 기술개발 과제 수행(연구개발비),S7 소재·부품·장비·제조혁신,S2;S7,2,언급
2792,2024,과학기술정보통신부,(혁신도전형)상시재난감시용성층권드론기술개발(R&D),(혁신도전형)상시재난감시용성층권드론기술개발,10557.0,A. 기술혁신 촉진(개발·실증·사업화),T5 산학연 연구수행기관(기업·대학·연구소 컨소시엄),I1 R&D 과제 출연(연구개발비),K1 기술개발 과제 수행(연구개발비),S6 모빌리티·항공우주·조선,S6,1,없음
2793,2024,과학기술정보통신부,DNA+드론기술개발(R&D),DNA+드론기술개발,3625.0,A. 기술혁신 촉진(개발·실증·사업화),T5 산학연 연구수행기관(기업·대학·연구소 컨소시엄),I1 R&D 과제 출연(연구개발비),K1 기술개발 과제 수행(연구개발비),S6 모빌리티·항공우주·조선,S6,1,언급
2794,2024,과학기술정보통신부,스마트팜다부처패키지혁신기술개발(R&D),스마트팜실증·고도화연구,3396.0,A. 기술혁신 촉진(개발·실증·사업화),T9 농어업인·농식품·수산업체,I2 출연(기관 운영·인프라·위탁 서비스),K1 기술개발 과제 수행(연구개발비),S9 농림축산식품·해양수산,S9,1,언급
2795,2024,과학기술정보통신부,전통문화혁신성장융합연구(R&D),전통문화원천기술개발,633.0,A. 기술혁신 촉진(개발·실증·사업화),T5 산학연 연구수행기관(기업·대학·연구소 컨소시엄),I1 R&D 과제 출연(연구개발비),K1 기술개발 과제 수행(연구개발비),S8 콘텐츠·문화·관광·스포츠,S8,1,없음
2796,2024,과학기술정보통신부,우주개발기반조성및성과확산사업(R&D),우주기술산업화및수출지원,1274.0,C. 수출·해외진출 촉진,T5 산학연 연구수행기관(기업·대학·연구소 컨소시엄),I2 출연(기관 운영·인프라·위탁 서비스),K2 산업 생태계·협력 기반 조성(플랫폼·네트워크),S6 모빌리티·항공우주·조선,S6,1,없음
2797,2024,과학기술정보통신부,우주개발기반조성및성과확산사업(R&D),우주기술스핀오프지원,160.0,A. 기술혁신 촉진(개발·실증·사업화),T5 산학연 연구수행기관(기업·대학·연구소 컨소시엄),I2 출연(기관 운영·인프라·위탁 서비스),K2 산업 생태계·협력 기반 조성(플랫폼·네트워크),S6 모빌리티·항공우주·조선,S6,1,없음
2798,2024,과학기술정보통신부,원자력국제협력기반조성사업(R&D),원자력기술유망기업육성및수출지원,457.0,C. 수출·해외진출 촉진,T5 산학연 연구수행기관(기업·대학·연구소 컨소시엄),I6 혼합(출연+보조+직접 등 복수 형태),K1 기술개발 과제 수행(연구개발비),S0 업종 공통(산업 무관),S0,0,없음
2799,2024,과학기술정보통신부,과학치안공공연구성과실용화촉진시범사업,단기치안R&D기술실용화,450.0,A. 기술혁신 촉진(개발·실증·사업화),T5 산학연 연구수행기관(기업·대학·연구소 컨소시엄),I1 R&D 과제 출연(연구개발비),K2 산업 생태계·협력 기반 조성(플랫폼·네트워크),S0 업종 공통(산업 무관),S0,0,없음
2800,2024,과학기술정보통신부,기업부설연구소및원스톱서비스운영·지원(R&D),수요발굴지원단운영,750.0,A. 기술혁신 촉진(개발·실증·사업화),"T8 수요·제도 연계 사업체 및 공공기관(수요기업, 설비 설치자, 지자체 등)",I2 출연(기관 운영·인프라·위탁 서비스),K2 산업 생태계·협력 기반 조성(플랫폼·네트워크),S0 업종 공통(산업 무관),S0,0,없음
2801,2024,과학기술정보통신부,국제과학비즈니스벨트조성(R&D),거점-기능지구지원,1073.0,A. 기술혁신 촉진(개발·실증·사업화),"T2 중소·벤처기업(특정 요건·단계: 글로벌 진출 희망, 인증, 재직자 등)",I6 혼합(출연+보조+직접 등 복수 형태),K2 산업 생태계·협력 기반 조성(플랫폼·네트워크),S0 업종 공통(산업 무관),S0,0,없음
2802,2024,과학기술정보통신부,대구경북과학기술원연구운영비지원(R&D),사업비,44931.0,A. 기술혁신 촉진(개발·실증·사업화),T5 산학연 연구수행기관(기업·대학·연구소 컨소시엄),I2 출연(기관 운영·인프라·위탁 서비스),K1 기술개발 과제 수행(연구개발비),S0 업종 공통(산업 무관),S0,0,없음
2803,2024,과학기술정보통신부,한국과학기술원연구운영비지원(R&D),사업비,90942.0,A. 기술혁신 촉진(개발·실증·사업화),T5 산학연 연구수행기관(기업·대학·연구소 컨소시엄),I2 출연(기관 운영·인프라·위탁 서비스),K1 기술개발 과제 수행(연구개발비),S0 업종 공통(산업 무관),S0,0,없음
2804,2024,과학기술정보통신부,울산과학기술원연구운영비지원(R&D),창업및사업화협력,1500.0,A. 기술혁신 촉진(개발·실증·사업화),T5 산학연 연구수행기관(기업·대학·연구소 컨소시엄),I2 출연(기관 운영·인프라·위탁 서비스),K8 컨설팅·인증·시험·홍보 서비스 제공,S0 업종 공통(산업 무관),S0,0,언급
2805,2024,과학기술정보통신부,DB산업육성(정보화),데이터활용및사업화지원,1944.0,A. 기술혁신 촉진(개발·실증·사업화),"T2 중소·벤처기업(특정 요건·단계: 글로벌 진출 희망, 인증, 재직자 등)",I3 보조금(사업비 보조·매칭),K6 해외진출·수출 지원(전시·상담·현지화),S1 인공지능(AI)·데이터,S1,1,없음
2806,2024,과학기술정보통신부,국제IT협력프로젝트운영,국제IT협력프로젝트운영,911.0,A. 기술혁신 촉진(개발·실증·사업화),"T8 수요·제도 연계 사업체 및 공공기관(수요기업, 설비 설치자, 지자체 등)",I1 R&D 과제 출연(연구개발비),K1 기술개발 과제 수행(연구개발비),S2 디지털·SW·정보통신,S1;S2,2,활용
2807,2024,과학기술정보통신부,국제기구를통한정보화분야해외진출지원(정보화),국제기구를통한정보화분야해외진출지원,194.0,C. 수출·해외진출 촉진,"T2 중소·벤처기업(특정 요건·단계: 글로벌 진출 희망, 인증, 재직자 등)",I2 출연(기관 운영·인프라·위탁 서비스),K6 해외진출·수출 지원(전시·상담·현지화),S2 디지털·SW·정보통신,S2,1,없음
2808,2024,과학기술정보통신부,정보통신기반보호강화(정보화),ICT중소기업정보보호안전망확충,8880.0,D. 자금조달·경영안정 지원(융자·보증·비용보전),"T2 중소·벤처기업(특정 요건·단계: 글로벌 진출 희망, 인증, 재직자 등)",I8 보증·보험(신용보강),K8 컨설팅·인증·시험·홍보 서비스 제공,S2 디지털·SW·정보통신,S1;S2,2,활용
2809,2024,과학기술정보통신부,정보통신기반보호강화(정보화),AI기반보안기술보유유망기업집중육성,6873.0,D. 자금조달·경영안정 지원(융자·보증·비용보전),"T2 중소·벤처기업(특정 요건·단계: 글로벌 진출 희망, 인증, 재직자 등)",I4 융자(정책자금 대출),K1 기술개발 과제 수행(연구개발비),S1 인공지능(AI)·데이터,S1;S2,2,핵심
2810,2024,과학기술정보통신부,SW산업해외진출역량강화,SW국제협력지원,1073.0,C. 수출·해외진출 촉진,T1 중소·중견기업(일반·업종·지역 특정),I2 출연(기관 운영·인프라·위탁 서비스),K6 해외진출·수출 지원(전시·상담·현지화),S2 디지털·SW·정보통신,S2,1,없음
2811,2024,과학기술정보통신부,SW산업해외진출역량강화,SW글로벌역량강화,3791.0,C. 수출·해외진출 촉진,T1 중소·중견기업(일반·업종·지역 특정),I2 출연(기관 운영·인프라·위탁 서비스),K6 해외진출·수출 지원(전시·상담·현지화),S2 디지털·SW·정보통신,S2,1,없음
2812,2024,과학기술정보통신부,디지털전환K-SW기술개발,혁신품목개발R&D,518.0,A. 기술혁신 촉진(개발·실증·사업화),T1 중소·중견기업(일반·업종·지역 특정),I1 R&D 과제 출연(연구개발비),K2 산업 생태계·협력 기반 조성(플랫폼·네트워크),S2 디지털·SW·정보통신,S2,1,없음
2813,2024,과학기술정보통신부,디지털전문·융합인재양성,산업재직자AI역량강화(舊산업전문인력AI역량강화),10200.0,F. 전문인력 양성·채용 지원,"T2 중소·벤처기업(특정 요건·단계: 글로벌 진출 희망, 인증, 재직자 등)",I2 출연(기관 운영·인프라·위탁 서비스),K1 기술개발 과제 수행(연구개발비),S1 인공지능(AI)·데이터,S1;S2,2,핵심
2814,2024,과학기술정보통신부,한국어대형언어모델기술개발(R&D),한국어대형인공지능언어모델기술개발,480.0,A. 기술혁신 촉진(개발·실증·사업화),T5 산학연 연구수행기관(기업·대학·연구소 컨소시엄),I1 R&D 과제 출연(연구개발비),K1 기술개발 과제 수행(연구개발비),S1 인공지능(AI)·데이터,S1,1,핵심
2815,2024,과학기술정보통신부,AI반도체실증지원,AI반도체응용실증지원,8813.0,A. 기술혁신 촉진(개발·실증·사업화),T5 산학연 연구수행기관(기업·대학·연구소 컨소시엄),I2 출연(기관 운영·인프라·위탁 서비스),K1 기술개발 과제 수행(연구개발비),S1 인공지능(AI)·데이터,S1;S3,2,핵심
2816,2024,과학기술정보통신부,인공지능반도체응용기술개발(R&D),인공지능반도체응용기술개발,3000.0,A. 기술혁신 촉진(개발·실증·사업화),T5 산학연 연구수행기관(기업·대학·연구소 컨소시엄),I1 R&D 과제 출연(연구개발비),K1 기술개발 과제 수행(연구개발비),S1 인공지능(AI)·데이터,S1;S3,2,핵심
2817,2024,과학기술정보통신부,인공지능반도체혁신기업집중육성(R&D),인공지능반도체혁신기업집중육성,1000.0,A. 기술혁신 촉진(개발·실증·사업화),T5 산학연 연구수행기관(기업·대학·연구소 컨소시엄),I1 R&D 과제 출연(연구개발비),K1 기술개발 과제 수행(연구개발비),S1 인공지능(AI)·데이터,S1;S3,2,핵심
2818,2024,과학기술정보통신부,자율주행용인공지능반도체핵심기술개발(R&D),자율주행용인공지능반도체핵심기술개발,9360.0,A. 기술혁신 촉진(개발·실증·사업화),T5 산학연 연구수행기관(기업·대학·연구소 컨소시엄),I1 R&D 과제 출연(연구개발비),K1 기술개발 과제 수행(연구개발비),S1 인공지능(AI)·데이터,S1;S3;S6,3,핵심
2819,2024,과학기술정보통신부,ICT규제샌드박스,ICT규제샌드박스제도운영,1463.0,A. 기술혁신 촉진(개발·실증·사업화),"T8 수요·제도 연계 사업체 및 공공기관(수요기업, 설비 설치자, 지자체 등)",I2 출연(기관 운영·인프라·위탁 서비스),K8 컨설팅·인증·시험·홍보 서비스 제공,S2 디지털·SW·정보통신,S2,1,없음
2820,2024,과학기술정보통신부,ICT규제샌드박스,ICT규제샌드박스지정과제운영,3088.0,A. 기술혁신 촉진(개발·실증·사업화),"T8 수요·제도 연계 사업체 및 공공기관(수요기업, 설비 설치자, 지자체 등)",I2 출연(기관 운영·인프라·위탁 서비스),K8 컨설팅·인증·시험·홍보 서비스 제공,S2 디지털·SW·정보통신,S2,1,없음
2821,2024,과학기술정보통신부,자율형IoT핵심기술개발(R&D),자율형IoT핵심기술개발,405.0,A. 기술혁신 촉진(개발·실증·사업화),T5 산학연 연구수행기관(기업·대학·연구소 컨소시엄),I1 R&D 과제 출연(연구개발비),K1 기술개발 과제 수행(연구개발비),S2 디지털·SW·정보통신,S2,1,없음
2822,2024,과학기술정보통신부,데이터프라이버시글로벌선도기술연구개발(R&D),데이터프라이버시글로벌선도기술연구개발,1120.0,A. 기술혁신 촉진(개발·실증·사업화),T5 산학연 연구수행기관(기업·대학·연구소 컨소시엄),I1 R&D 과제 출연(연구개발비),K1 기술개발 과제 수행(연구개발비),S0 업종 공통(산업 무관),S0,0,없음
2823,2024,과학기술정보통신부,스마트제조혁신기술개발(R&D),스마트제조혁신기술개발,16871.0,A. 기술혁신 촉진(개발·실증·사업화),T5 산학연 연구수행기관(기업·대학·연구소 컨소시엄),I1 R&D 과제 출연(연구개발비),K1 기술개발 과제 수행(연구개발비),S7 소재·부품·장비·제조혁신,S7,1,없음
2824,2024,과학기술정보통신부,스마트서비스창출기반확충,국내우수중소기업혁신기술전시지원,1050.0,C. 수출·해외진출 촉진,T1 중소·중견기업(일반·업종·지역 특정),I2 출연(기관 운영·인프라·위탁 서비스),K6 해외진출·수출 지원(전시·상담·현지화),S0 업종 공통(산업 무관),S0,0,없음
2825,2024,과학기술정보통신부,스마트서비스창출기반확충,해외바이어상담회개최,200.0,C. 수출·해외진출 촉진,T1 중소·중견기업(일반·업종·지역 특정),I2 출연(기관 운영·인프라·위탁 서비스),K6 해외진출·수출 지원(전시·상담·현지화),S0 업종 공통(산업 무관),S0,0,없음
2826,2024,과학기술정보통신부,융합서비스글로벌시장진출지원,DNA대·중소파트너십동반진출,3178.0,C. 수출·해외진출 촉진,"T2 중소·벤처기업(특정 요건·단계: 글로벌 진출 희망, 인증, 재직자 등)",I2 출연(기관 운영·인프라·위탁 서비스),K6 해외진출·수출 지원(전시·상담·현지화),S2 디지털·SW·정보통신,S2,1,언급
2827,2024,과학기술정보통신부,융합서비스글로벌시장진출지원,DNA융합제품서비스해외진출지원,1585.0,C. 수출·해외진출 촉진,"T2 중소·벤처기업(특정 요건·단계: 글로벌 진출 희망, 인증, 재직자 등)",I2 출연(기관 운영·인프라·위탁 서비스),K6 해외진출·수출 지원(전시·상담·현지화),S0 업종 공통(산업 무관),S0,0,언급
2828,2024,과학기술정보통신부,융합서비스글로벌시장진출지원,디지털혁신기업글로벌성장바우처지원,3000.0,C. 수출·해외진출 촉진,"T2 중소·벤처기업(특정 요건·단계: 글로벌 진출 희망, 인증, 재직자 등)",I9 바우처,K5 창업 사업화자금·투자연계·보육,S0 업종 공통(산업 무관),S0,0,없음
2829,2024,과학기술정보통신부,6G핵심기술개발(R&D),Tbps급무선통신기술,3875.0,A. 기술혁신 촉진(개발·실증·사업화),T5 산학연 연구수행기관(기업·대학·연구소 컨소시엄),I2 출연(기관 운영·인프라·위탁 서비스),K1 기술개발 과제 수행(연구개발비),S2 디지털·SW·정보통신,S2,1,언급
2830,2024,과학기술정보통신부,6G핵심기술개발(R&D),Tbps급광통신인프라기술,2582.0,A. 기술혁신 촉진(개발·실증·사업화),T5 산학연 연구수행기관(기업·대학·연구소 컨소시엄),I2 출연(기관 운영·인프라·위탁 서비스),K1 기술개발 과제 수행(연구개발비),S2 디지털·SW·정보통신,S2,1,없음
2831,2024,과학기술정보통신부,6G핵심기술개발(R&D),THz대역RF핵심기술,1758.0,A. 기술혁신 촉진(개발·실증·사업화),T5 산학연 연구수행기관(기업·대학·연구소 컨소시엄),I2 출연(기관 운영·인프라·위탁 서비스),K1 기술개발 과제 수행(연구개발비),S2 디지털·SW·정보통신,S1;S2,2,활용
2832,2024,과학기술정보통신부,6G핵심기술개발(R&D),THz대역주파수개척및안전성평가기술,1239.0,A. 기술혁신 촉진(개발·실증·사업화),T5 산학연 연구수행기관(기업·대학·연구소 컨소시엄),I2 출연(기관 운영·인프라·위탁 서비스),K1 기술개발 과제 수행(연구개발비),S2 디지털·SW·정보통신,S2,1,없음
2833,2024,과학기술정보통신부,6G핵심기술개발(R&D),3차원공간이동통신기술,2499.0,A. 기술혁신 촉진(개발·실증·사업화),T5 산학연 연구수행기관(기업·대학·연구소 컨소시엄),I2 출연(기관 운영·인프라·위탁 서비스),K1 기술개발 과제 수행(연구개발비),S2 디지털·SW·정보통신,S2,1,없음
2834,2024,과학기술정보통신부,6G핵심기술개발(R&D),3차원공간위성통신기술,4409.0,A. 기술혁신 촉진(개발·실증·사업화),T5 산학연 연구수행기관(기업·대학·연구소 컨소시엄),I2 출연(기관 운영·인프라·위탁 서비스),K1 기술개발 과제 수행(연구개발비),S2 디지털·SW·정보통신,S2,1,없음
2835,2024,과학기술정보통신부,6G핵심기술개발(R&D),종단간초정밀네트워크핵심기술,2403.0,A. 기술혁신 촉진(개발·실증·사업화),T5 산학연 연구수행기관(기업·대학·연구소 컨소시엄),I2 출연(기관 운영·인프라·위탁 서비스),K1 기술개발 과제 수행(연구개발비),S2 디지털·SW·정보통신,S2,1,없음
2836,2024,과학기술정보통신부,6G핵심기술개발(R&D),지능형무선액세스기술,3234.0,A. 기술혁신 촉진(개발·실증·사업화),T5 산학연 연구수행기관(기업·대학·연구소 컨소시엄),I2 출연(기관 운영·인프라·위탁 서비스),K1 기술개발 과제 수행(연구개발비),S2 디지털·SW·정보통신,S2,1,언급
2837,2024,과학기술정보통신부,6G핵심기술개발(R&D),지능형6G모바일코어네트워크기술,3349.0,A. 기술혁신 촉진(개발·실증·사업화),T5 산학연 연구수행기관(기업·대학·연구소 컨소시엄),I2 출연(기관 운영·인프라·위탁 서비스),K1 기술개발 과제 수행(연구개발비),S2 디지털·SW·정보통신,S1;S2,2,활용
2838,2024,과학기술정보통신부,실감콘텐츠핵심기술개발(R&D),미디어지능화기술개발,1160.0,A. 기술혁신 촉진(개발·실증·사업화),T5 산학연 연구수행기관(기업·대학·연구소 컨소시엄),I1 R&D 과제 출연(연구개발비),K1 기술개발 과제 수행(연구개발비),S8 콘텐츠·문화·관광·스포츠,S8,1,언급
2839,2024,과학기술정보통신부,실감콘텐츠핵심기술개발(R&D),미디어팔레트시장가치창출형기술개발,900.0,A. 기술혁신 촉진(개발·실증·사업화),T5 산학연 연구수행기관(기업·대학·연구소 컨소시엄),I1 R&D 과제 출연(연구개발비),K1 기술개발 과제 수행(연구개발비),S8 콘텐츠·문화·관광·스포츠,S8,1,없음
2840,2024,과학기술정보통신부,스마트엣지디바이스기술개발(R&D),SW플랫폼,380.0,A. 기술혁신 촉진(개발·실증·사업화),T5 산학연 연구수행기관(기업·대학·연구소 컨소시엄),I1 R&D 과제 출연(연구개발비),K1 기술개발 과제 수행(연구개발비),S2 디지털·SW·정보통신,S1;S2,2,활용
2841,2024,과학기술정보통신부,스마트엣지디바이스기술개발(R&D),응용디바이스,720.0,A. 기술혁신 촉진(개발·실증·사업화),T5 산학연 연구수행기관(기업·대학·연구소 컨소시엄),I1 R&D 과제 출연(연구개발비),K1 기술개발 과제 수행(연구개발비),S0 업종 공통(산업 무관),S0,0,언급
2842,2024,과학기술정보통신부,인터넷동영상서비스글로벌경쟁력강화기술개발(R&D),인터넷동영상서비스글로벌경쟁력강화기술개발,1280.0,C. 수출·해외진출 촉진,T5 산학연 연구수행기관(기업·대학·연구소 컨소시엄),I1 R&D 과제 출연(연구개발비),K6 해외진출·수출 지원(전시·상담·현지화),S8 콘텐츠·문화·관광·스포츠,S8,1,없음
2843,2024,과학기술정보통신부,테라헤르츠대역전파자원기반구축(R&D),275~450㎓대역근거리전파특성모델링연구,264.0,A. 기술혁신 촉진(개발·실증·사업화),T1 중소·중견기업(일반·업종·지역 특정),I6 혼합(출연+보조+직접 등 복수 형태),K1 기술개발 과제 수행(연구개발비),S2 디지털·SW·정보통신,S2,1,없음
2844,2024,과학기술정보통신부,테라헤르츠대역전파자원기반구축(R&D),100㎓대역광센서기반전자파인체노출량측정기술개발,290.0,A. 기술혁신 촉진(개발·실증·사업화),T1 중소·중견기업(일반·업종·지역 특정),I6 혼합(출연+보조+직접 등 복수 형태),K1 기술개발 과제 수행(연구개발비),S2 디지털·SW·정보통신,S2,1,없음
2845,2024,과학기술정보통신부,전파산업핵심기술개발,전파산업소재부품장비사업화기술개발,495.0,A. 기술혁신 촉진(개발·실증·사업화),T5 산학연 연구수행기관(기업·대학·연구소 컨소시엄),I1 R&D 과제 출연(연구개발비),K1 기술개발 과제 수행(연구개발비),S2 디지털·SW·정보통신,S2;S7,2,없음
2846,2024,과학기술정보통신부,전파산업핵심기술개발,미래전파핵심원천기술개발,536.0,A. 기술혁신 촉진(개발·실증·사업화),T5 산학연 연구수행기관(기업·대학·연구소 컨소시엄),I1 R&D 과제 출연(연구개발비),K1 기술개발 과제 수행(연구개발비),S2 디지털·SW·정보통신,S2,1,없음
2847,2024,과학기술정보통신부,전파의료응용핵심기술개발,전파의료응용핵심기술개발,882.0,A. 기술혁신 촉진(개발·실증·사업화),T5 산학연 연구수행기관(기업·대학·연구소 컨소시엄),I1 R&D 과제 출연(연구개발비),K1 기술개발 과제 수행(연구개발비),S4 바이오·헬스,S2;S4,2,없음
2848,2024,과학기술정보통신부,SW컴퓨팅산업원천기술개발(R&D),응용기반SW핵심기술,26500.0,A. 기술혁신 촉진(개발·실증·사업화),T5 산학연 연구수행기관(기업·대학·연구소 컨소시엄),I2 출연(기관 운영·인프라·위탁 서비스),K1 기술개발 과제 수행(연구개발비),S2 디지털·SW·정보통신,S2,1,언급
2849,2024,과학기술정보통신부,SW컴퓨팅산업원천기술개발(R&D),빅데이터핵심기술,14500.0,A. 기술혁신 촉진(개발·실증·사업화),T5 산학연 연구수행기관(기업·대학·연구소 컨소시엄),I2 출연(기관 운영·인프라·위탁 서비스),K1 기술개발 과제 수행(연구개발비),S1 인공지능(AI)·데이터,S1;S2,2,언급
2850,2024,과학기술정보통신부,SW컴퓨팅산업원천기술개발(R&D),컴퓨팅핵심기술,55314.0,A. 기술혁신 촉진(개발·실증·사업화),T5 산학연 연구수행기관(기업·대학·연구소 컨소시엄),I2 출연(기관 운영·인프라·위탁 서비스),K1 기술개발 과제 수행(연구개발비),S2 디지털·SW·정보통신,S2,1,없음
2851,2024,과학기술정보통신부,SW산업기반확충,SW산업기술확산역량강화,9182.0,A. 기술혁신 촉진(개발·실증·사업화),"T8 수요·제도 연계 사업체 및 공공기관(수요기업, 설비 설치자, 지자체 등)",I2 출연(기관 운영·인프라·위탁 서비스),K8 컨설팅·인증·시험·홍보 서비스 제공,S2 디지털·SW·정보통신,S2,1,언급
2852,2024,과학기술정보통신부,SW산업기반확충,SW고성장클럽,18000.0,B. 창업·벤처 육성,"T8 수요·제도 연계 사업체 및 공공기관(수요기업, 설비 설치자, 지자체 등)",I1 R&D 과제 출연(연구개발비),K5 창업 사업화자금·투자연계·보육,S2 디지털·SW·정보통신,S2,1,없음
2853,2024,과학기술정보통신부,SW산업기반확충,SW기업성장촉진지원,1209.0,A. 기술혁신 촉진(개발·실증·사업화),"T8 수요·제도 연계 사업체 및 공공기관(수요기업, 설비 설치자, 지자체 등)",I2 출연(기관 운영·인프라·위탁 서비스),K2 산업 생태계·협력 기반 조성(플랫폼·네트워크),S2 디지털·SW·정보통신,S2,1,없음
2854,2024,과학기술정보통신부,ICT융합산업혁신기술개발(R&D),휴먼사물공간융합,2122.0,A. 기술혁신 촉진(개발·실증·사업화),T5 산학연 연구수행기관(기업·대학·연구소 컨소시엄),I1 R&D 과제 출연(연구개발비),K1 기술개발 과제 수행(연구개발비),S2 디지털·SW·정보통신,S2,1,언급
2855,2024,과학기술정보통신부,ICT융합산업혁신기술개발(R&D),공통응용융합,996.0,A. 기술혁신 촉진(개발·실증·사업화),T5 산학연 연구수행기관(기업·대학·연구소 컨소시엄),I2 출연(기관 운영·인프라·위탁 서비스),K1 기술개발 과제 수행(연구개발비),S5 에너지·환경,S2;S5,2,없음
2856,2024,과학기술정보통신부,ICT융합산업혁신기술개발(R&D),다부처융합(식품안전생산),966.0,A. 기술혁신 촉진(개발·실증·사업화),T5 산학연 연구수행기관(기업·대학·연구소 컨소시엄),I2 출연(기관 운영·인프라·위탁 서비스),K1 기술개발 과제 수행(연구개발비),S9 농림축산식품·해양수산,S2;S9,2,없음
2857,2024,과학기술정보통신부,ICT융합산업혁신기술개발(R&D),지능형반도체,218.0,A. 기술혁신 촉진(개발·실증·사업화),T5 산학연 연구수행기관(기업·대학·연구소 컨소시엄),I1 R&D 과제 출연(연구개발비),K1 기술개발 과제 수행(연구개발비),S3 반도체·디스플레이,S2;S3,2,언급
2858,2024,과학기술정보통신부,ICT융합산업혁신기술개발(R&D),스마트물류융합,801.0,A. 기술혁신 촉진(개발·실증·사업화),T5 산학연 연구수행기관(기업·대학·연구소 컨소시엄),I1 R&D 과제 출연(연구개발비),K1 기술개발 과제 수행(연구개발비),S10 유통·물류·생활서비스,S2;S10,2,없음
2859,2024,과학기술정보통신부,ICT융합산업혁신기술개발(R&D),지능형사회경제융합,1200.0,A. 기술혁신 촉진(개발·실증·사업화),T5 산학연 연구수행기관(기업·대학·연구소 컨소시엄),I2 출연(기관 운영·인프라·위탁 서비스),K1 기술개발 과제 수행(연구개발비),S2 디지털·SW·정보통신,S2,1,언급
2860,2024,과학기술정보통신부,ICT융합산업혁신기술개발(R&D),디지털비대면융합,3243.0,A. 기술혁신 촉진(개발·실증·사업화),T5 산학연 연구수행기관(기업·대학·연구소 컨소시엄),I2 출연(기관 운영·인프라·위탁 서비스),K1 기술개발 과제 수행(연구개발비),S2 디지털·SW·정보통신,S2,1,없음
2861,2024,과학기술정보통신부,지능정보서비스확산,디지털트윈활용기반조성,3000.0,A. 기술혁신 촉진(개발·실증·사업화),T5 산학연 연구수행기관(기업·대학·연구소 컨소시엄),I2 출연(기관 운영·인프라·위탁 서비스),K1 기술개발 과제 수행(연구개발비),S2 디지털·SW·정보통신,S2,1,없음
2862,2024,과학기술정보통신부,디지털융합보안기반확충,양자기술상용화기반조성,3362.0,A. 기술혁신 촉진(개발·실증·사업화),T5 산학연 연구수행기관(기업·대학·연구소 컨소시엄),I2 출연(기관 운영·인프라·위탁 서비스),K1 기술개발 과제 수행(연구개발비),S2 디지털·SW·정보통신,S2,1,없음
2863,2024,과학기술정보통신부,디지털융합보안기반확충,디지털안전선도모델개발,3154.0,A. 기술혁신 촉진(개발·실증·사업화),T7 일반 국민·산업 종사자·창작자,I2 출연(기관 운영·인프라·위탁 서비스),K1 기술개발 과제 수행(연구개발비),S0 업종 공통(산업 무관),S0,0,언급
2864,2024,과학기술정보통신부,지능정보산업인프라조성,AI바우처지원,42500.0,A. 기술혁신 촉진(개발·실증·사업화),T5 산학연 연구수행기관(기업·대학·연구소 컨소시엄),I9 바우처,K1 기술개발 과제 수행(연구개발비),S1 인공지능(AI)·데이터,S1,1,핵심
2865,2024,과학기술정보통신부,지능정보산업인프라조성,고성능컴퓨팅지원,13200.0,A. 기술혁신 촉진(개발·실증·사업화),T5 산학연 연구수행기관(기업·대학·연구소 컨소시엄),I1 R&D 과제 출연(연구개발비),K7 사업비용 보조(전시·인증·컨설팅·기술도입 비용),S1 인공지능(AI)·데이터,S1,1,언급
2866,2024,과학기술정보통신부,지능정보산업인프라조성,민간지능정보서비스확산,1500.0,A. 기술혁신 촉진(개발·실증·사업화),T5 산학연 연구수행기관(기업·대학·연구소 컨소시엄),I2 출연(기관 운영·인프라·위탁 서비스),K1 기술개발 과제 수행(연구개발비),S0 업종 공통(산업 무관),S1,1,활용
2867,2024,과학기술정보통신부,ICT기반개방형혁신제품·서비스개발지원(R&D),신규수요R&BD,336.0,A. 기술혁신 촉진(개발·실증·사업화),T1 중소·중견기업(일반·업종·지역 특정),I1 R&D 과제 출연(연구개발비),K2 산업 생태계·협력 기반 조성(플랫폼·네트워크),S2 디지털·SW·정보통신,S2,1,없음
2868,2024,과학기술정보통신부,글로벌ICT혁신클러스터조성,AI반도체클러스터,1599.0,A. 기술혁신 촉진(개발·실증·사업화),T1 중소·중견기업(일반·업종·지역 특정),I2 출연(기관 운영·인프라·위탁 서비스),K1 기술개발 과제 수행(연구개발비),S1 인공지능(AI)·데이터,S1;S2;S3,3,핵심
2869,2024,과학기술정보통신부,ICT미래시장최적화협업기술개발(R&D),ICT미래시장최적화협업기술개발,620.0,A. 기술혁신 촉진(개발·실증·사업화),T1 중소·중견기업(일반·업종·지역 특정),I1 R&D 과제 출연(연구개발비),K2 산업 생태계·협력 기반 조성(플랫폼·네트워크),S2 디지털·SW·정보통신,S2,1,없음
2870,2024,과학기술정보통신부,양자센서핵심원천기술개발(R&D),첨단산업견인형양자센서개발,1800.0,A. 기술혁신 촉진(개발·실증·사업화),T5 산학연 연구수행기관(기업·대학·연구소 컨소시엄),I2 출연(기관 운영·인프라·위탁 서비스),K1 기술개발 과제 수행(연구개발비),S2 디지털·SW·정보통신,S2,1,없음
2871,2024,과학기술정보통신부,양자센서핵심원천기술개발(R&D),양자기반센서신뢰성플랫폼개발,1200.0,A. 기술혁신 촉진(개발·실증·사업화),T5 산학연 연구수행기관(기업·대학·연구소 컨소시엄),I2 출연(기관 운영·인프라·위탁 서비스),K1 기술개발 과제 수행(연구개발비),S2 디지털·SW·정보통신,S2,1,없음
2872,2024,과학기술정보통신부,60㎓이하대역5G전파응용서비스활용기반조성(R&D),3차원인빌딩전파특성측정및분석자동화기술개발,530.0,A. 기술혁신 촉진(개발·실증·사업화),T1 중소·중견기업(일반·업종·지역 특정),I6 혼합(출연+보조+직접 등 복수 형태),K1 기술개발 과제 수행(연구개발비),S2 디지털·SW·정보통신,S2,1,없음
2873,2024,과학기술정보통신부,우편물류지능화기술연구개발(R&D),우편물류지능화기술연구개발(R&D),435.0,A. 기술혁신 촉진(개발·실증·사업화),T5 산학연 연구수행기관(기업·대학·연구소 컨소시엄),I1 R&D 과제 출연(연구개발비),K1 기술개발 과제 수행(연구개발비),S10 유통·물류·생활서비스,S10,1,없음
2874,2024,과학기술정보통신부,민군기술협력(R&D),민군겸용기술개발,1308.0,A. 기술혁신 촉진(개발·실증·사업화),T5 산학연 연구수행기관(기업·대학·연구소 컨소시엄),I1 R&D 과제 출연(연구개발비),K1 기술개발 과제 수행(연구개발비),S7 소재·부품·장비·제조혁신,S6;S7,2,언급
2875,2024,과학기술정보통신부,기술변화선도형방송·미디어장비기술개발(R&D),방송·미디어장비기술개발,600.0,A. 기술혁신 촉진(개발·실증·사업화),T5 산학연 연구수행기관(기업·대학·연구소 컨소시엄),I1 R&D 과제 출연(연구개발비),K1 기술개발 과제 수행(연구개발비),S7 소재·부품·장비·제조혁신,S6;S7;S8,3,없음
2876,2024,과학기술정보통신부,우주산업특화SW핵심기술개발,우주산업특화R&D,587.0,A. 기술혁신 촉진(개발·실증·사업화),T5 산학연 연구수행기관(기업·대학·연구소 컨소시엄),I1 R&D 과제 출연(연구개발비),K2 산업 생태계·협력 기반 조성(플랫폼·네트워크),S6 모빌리티·항공우주·조선,S2;S6,2,없음
2877,2024,과학기술정보통신부,인공지능산업융합기술개발(R&D),인공지능산업융합기술개발,700.0,A. 기술혁신 촉진(개발·실증·사업화),T5 산학연 연구수행기관(기업·대학·연구소 컨소시엄),I1 R&D 과제 출연(연구개발비),K2 산업 생태계·협력 기반 조성(플랫폼·네트워크),S1 인공지능(AI)·데이터,S1,1,핵심
2878,2024,과학기술정보통신부,인공지능반도체SW통합플랫폼기술개발(R&D),인공지능반도체SW통합플랫폼기술개발,7733.0,A. 기술혁신 촉진(개발·실증·사업화),T5 산학연 연구수행기관(기업·대학·연구소 컨소시엄),I1 R&D 과제 출연(연구개발비),K1 기술개발 과제 수행(연구개발비),S1 인공지능(AI)·데이터,S1;S2;S3,3,핵심
2879,2024,과학기술정보통신부,5G개방형네트워크핵심기술개발(R&D),5G개방형네트워크기술개발,3800.0,A. 기술혁신 촉진(개발·실증·사업화),T5 산학연 연구수행기관(기업·대학·연구소 컨소시엄),I1 R&D 과제 출연(연구개발비),K1 기술개발 과제 수행(연구개발비),S2 디지털·SW·정보통신,S2,1,없음
2880,2024,과학기술정보통신부,양자센서상용화기술개발(R&D),양자센서산업응용기술개발,2340.0,A. 기술혁신 촉진(개발·실증·사업화),T5 산학연 연구수행기관(기업·대학·연구소 컨소시엄),I1 R&D 과제 출연(연구개발비),K1 기술개발 과제 수행(연구개발비),S2 디지털·SW·정보통신,S2,1,없음
2881,2024,과학기술정보통신부,데이터활용의료･건강생태계조성,인공지능기반의료솔루션사업화,3200.0,A. 기술혁신 촉진(개발·실증·사업화),"T8 수요·제도 연계 사업체 및 공공기관(수요기업, 설비 설치자, 지자체 등)",I2 출연(기관 운영·인프라·위탁 서비스),K1 기술개발 과제 수행(연구개발비),S1 인공지능(AI)·데이터,S1;S4,2,핵심
2882,2024,과학기술정보통신부,데이터활용의료･건강생태계조성,인공지능기반의료기기사업화,2450.0,A. 기술혁신 촉진(개발·실증·사업화),"T8 수요·제도 연계 사업체 및 공공기관(수요기업, 설비 설치자, 지자체 등)",I1 R&D 과제 출연(연구개발비),K1 기술개발 과제 수행(연구개발비),S1 인공지능(AI)·데이터,S1;S4,2,핵심
2883,2024,과학기술정보통신부,광주과학기술원연구운영비지원(R&D),일반사업비,6778.0,A. 기술혁신 촉진(개발·실증·사업화),T5 산학연 연구수행기관(기업·대학·연구소 컨소시엄),I1 R&D 과제 출연(연구개발비),K1 기술개발 과제 수행(연구개발비),S0 업종 공통(산업 무관),S0,0,없음
2884,2024,과학기술정보통신부,딥사이언스창업활성화지원사업(R&D),딥사이언스창업활성화지원,2000.0,B. 창업·벤처 육성,T0 수혜대상 미기재,I1 R&D 과제 출연(연구개발비),K2 산업 생태계·협력 기반 조성(플랫폼·네트워크),S0 업종 공통(산업 무관),S0,0,없음
2885,2024,과학기술정보통신부,국산연구장비기술경쟁력강화(R&D),연구장비산업지속성장지원,2925.0,A. 기술혁신 촉진(개발·실증·사업화),T5 산학연 연구수행기관(기업·대학·연구소 컨소시엄),I1 R&D 과제 출연(연구개발비),K1 기술개발 과제 수행(연구개발비),S7 소재·부품·장비·제조혁신,S7,1,없음
2886,2024,과학기술정보통신부,생성AI선도인재양성(R&D),생성AI핵심고급인재,3500.0,A. 기술혁신 촉진(개발·실증·사업화),T5 산학연 연구수행기관(기업·대학·연구소 컨소시엄),I2 출연(기관 운영·인프라·위탁 서비스),K1 기술개발 과제 수행(연구개발비),S1 인공지능(AI)·데이터,S1,1,핵심
2887,2024,과학기술정보통신부,디지털혁신기술기반K-CareNetwork,디지털치료기기개발ㆍ실증,4000.0,A. 기술혁신 촉진(개발·실증·사업화),"T8 수요·제도 연계 사업체 및 공공기관(수요기업, 설비 설치자, 지자체 등)",I2 출연(기관 운영·인프라·위탁 서비스),K1 기술개발 과제 수행(연구개발비),S4 바이오·헬스,S2;S4,2,언급
2888,2024,과학기술정보통신부,차세대생성AI기술개발(R&D),차세대생성AI기술개발(R&D),4000.0,A. 기술혁신 촉진(개발·실증·사업화),T5 산학연 연구수행기관(기업·대학·연구소 컨소시엄),I1 R&D 과제 출연(연구개발비),K1 기술개발 과제 수행(연구개발비),S1 인공지능(AI)·데이터,S1,1,핵심
2889,2024,과학기술정보통신부,AI미디어·문화향유확산,AI미디어·문화향유확산,9000.0,A. 기술혁신 촉진(개발·실증·사업화),"T8 수요·제도 연계 사업체 및 공공기관(수요기업, 설비 설치자, 지자체 등)",I2 출연(기관 운영·인프라·위탁 서비스),K1 기술개발 과제 수행(연구개발비),S1 인공지능(AI)·데이터,S1;S8,2,핵심
2890,2024,과학기술정보통신부,AI법률보조서비스확산,AI법률보조서비스확산,7500.0,A. 기술혁신 촉진(개발·실증·사업화),"T8 수요·제도 연계 사업체 및 공공기관(수요기업, 설비 설치자, 지자체 등)",I2 출연(기관 운영·인프라·위탁 서비스),K1 기술개발 과제 수행(연구개발비),S1 인공지능(AI)·데이터,S1,1,핵심
2891,2024,과학기술정보통신부,AI학술및개발역량강화지원,초거대AI기반학술활동지원,3000.0,A. 기술혁신 촉진(개발·실증·사업화),"T2 중소·벤처기업(특정 요건·단계: 글로벌 진출 희망, 인증, 재직자 등)",I2 출연(기관 운영·인프라·위탁 서비스),K1 기술개발 과제 수행(연구개발비),S1 인공지능(AI)·데이터,S1,1,핵심
2892,2024,과학기술정보통신부,AI학술및개발역량강화지원,초거대AI기반클라우드서비스개발역량지원,4800.0,A. 기술혁신 촉진(개발·실증·사업화),"T2 중소·벤처기업(특정 요건·단계: 글로벌 진출 희망, 인증, 재직자 등)",I2 출연(기관 운영·인프라·위탁 서비스),K1 기술개발 과제 수행(연구개발비),S1 인공지능(AI)·데이터,S1;S2,2,핵심
2893,2024,과학기술정보통신부,AI기반보건의료서비스선도,소아청소년의료지원서비스개발실증,8000.0,A. 기술혁신 촉진(개발·실증·사업화),T7 일반 국민·산업 종사자·창작자,I2 출연(기관 운영·인프라·위탁 서비스),K1 기술개발 과제 수행(연구개발비),S1 인공지능(AI)·데이터,S1;S4,2,핵심
2894,2024,과학기술정보통신부,AI심리케어·돌봄지원,초거대AI기반심리케어서비스지원,6000.0,A. 기술혁신 촉진(개발·실증·사업화),"T8 수요·제도 연계 사업체 및 공공기관(수요기업, 설비 설치자, 지자체 등)",I2 출연(기관 운영·인프라·위탁 서비스),K1 기술개발 과제 수행(연구개발비),S1 인공지능(AI)·데이터,S1,1,핵심
2895,2024,과학기술정보통신부,3GPP기반위성통신단말핵심기술개발(R&D),3GPP기반위성통신단말핵심기술개발,6155.0,A. 기술혁신 촉진(개발·실증·사업화),T5 산학연 연구수행기관(기업·대학·연구소 컨소시엄),I1 R&D 과제 출연(연구개발비),K1 기술개발 과제 수행(연구개발비),S2 디지털·SW·정보통신,S2,1,없음
2896,2024,과학기술정보통신부,차세대네트워크(6G)산업기술개발(R&D),차세대네트워크(6G)산업기술개발,20600.0,A. 기술혁신 촉진(개발·실증·사업화),T5 산학연 연구수행기관(기업·대학·연구소 컨소시엄),I1 R&D 과제 출연(연구개발비),K1 기술개발 과제 수행(연구개발비),S2 디지털·SW·정보통신,S1;S2,2,활용
2897,2024,과학기술정보통신부,딥테크스케일업밸리육성(R&D),딥테크스케일업밸리육성,3200.0,A. 기술혁신 촉진(개발·실증·사업화),"T8 수요·제도 연계 사업체 및 공공기관(수요기업, 설비 설치자, 지자체 등)",I2 출연(기관 운영·인프라·위탁 서비스),K7 사업비용 보조(전시·인증·컨설팅·기술도입 비용),S0 업종 공통(산업 무관),S0,0,없음
2898,2024,과학기술정보통신부,AI기반뇌발달질환디지털의료기기실증지원,디지털치료기기개발지원,2000.0,A. 기술혁신 촉진(개발·실증·사업화),"T8 수요·제도 연계 사업체 및 공공기관(수요기업, 설비 설치자, 지자체 등)",I2 출연(기관 운영·인프라·위탁 서비스),K1 기술개발 과제 수행(연구개발비),S1 인공지능(AI)·데이터,S1;S4,2,핵심
2899,2024,과학기술정보통신부,AI기반뇌발달질환디지털의료기기실증지원,실증지원,2000.0,A. 기술혁신 촉진(개발·실증·사업화),"T8 수요·제도 연계 사업체 및 공공기관(수요기업, 설비 설치자, 지자체 등)",I2 출연(기관 운영·인프라·위탁 서비스),K7 사업비용 보조(전시·인증·컨설팅·기술도입 비용),S1 인공지능(AI)·데이터,S1;S4,2,핵심
2900,2024,과학기술정보통신부,AI기반뇌발달질환디지털의료기기실증지원,시범서비스지원,1000.0,A. 기술혁신 촉진(개발·실증·사업화),"T8 수요·제도 연계 사업체 및 공공기관(수요기업, 설비 설치자, 지자체 등)",I2 출연(기관 운영·인프라·위탁 서비스),K1 기술개발 과제 수행(연구개발비),S1 인공지능(AI)·데이터,S1;S4,2,핵심
2901,2024,과학기술정보통신부,XaaS선도프로젝트,XaaS선도프로젝트기획지원,2000.0,A. 기술혁신 촉진(개발·실증·사업화),"T8 수요·제도 연계 사업체 및 공공기관(수요기업, 설비 설치자, 지자체 등)",I2 출연(기관 운영·인프라·위탁 서비스),K8 컨설팅·인증·시험·홍보 서비스 제공,S0 업종 공통(산업 무관),S0,0,없음
2902,2024,과학기술정보통신부,XaaS선도프로젝트,XaaS선도프로젝트개발지원,5600.0,A. 기술혁신 촉진(개발·실증·사업화),"T8 수요·제도 연계 사업체 및 공공기관(수요기업, 설비 설치자, 지자체 등)",I2 출연(기관 운영·인프라·위탁 서비스),K1 기술개발 과제 수행(연구개발비),S2 디지털·SW·정보통신,S2,1,없음
2903,2024,과학기술정보통신부,제로트러스트신보안체계실증확산,제로트러스트확산지원,6200.0,A. 기술혁신 촉진(개발·실증·사업화),T7 일반 국민·산업 종사자·창작자,I2 출연(기관 운영·인프라·위탁 서비스),K1 기술개발 과제 수행(연구개발비),S0 업종 공통(산업 무관),S0,0,없음
2904,2024,과학기술정보통신부,AI반도체첨단이종집적기술개발(R&D),AI반도체첨단이종집적기술개발,8250.0,A. 기술혁신 촉진(개발·실증·사업화),T5 산학연 연구수행기관(기업·대학·연구소 컨소시엄),I1 R&D 과제 출연(연구개발비),K1 기술개발 과제 수행(연구개발비),S1 인공지능(AI)·데이터,S1;S3,2,핵심
2905,2024,과학기술정보통신부,AIㆍ디지털기반미디어활성화,AIㆍ디지털기반미디어활성화,3000.0,A. 기술혁신 촉진(개발·실증·사업화),"T8 수요·제도 연계 사업체 및 공공기관(수요기업, 설비 설치자, 지자체 등)",I2 출연(기관 운영·인프라·위탁 서비스),K1 기술개발 과제 수행(연구개발비),S1 인공지능(AI)·데이터,S1,1,핵심
2906,2024,관세청,수출입화물검사지원,수출입화물세관검사비용,6200.0,E. 생산기반 현대화·친환경 전환(시설·설비),T0 수혜대상 미기재,I10 직접 수행(직접사업),K4 자금 융자·보증 제공(운전·시설자금),S0 업종 공통(산업 무관),S0,0,없음
2907,2024,국토교통부,지능형휴대수하물보안검색기술개발(R&D),지능형휴대수하물보안검색기술개발,3295.0,A. 기술혁신 촉진(개발·실증·사업화),T5 산학연 연구수행기관(기업·대학·연구소 컨소시엄),I1 R&D 과제 출연(연구개발비),K1 기술개발 과제 수행(연구개발비),S0 업종 공통(산업 무관),S0,0,언급
2908,2024,국토교통부,드론기업지원허브운영,입주공간지원,1300.0,B. 창업·벤처 육성,"T8 수요·제도 연계 사업체 및 공공기관(수요기업, 설비 설치자, 지자체 등)",I10 직접 수행(직접사업),K3 지역·사회적경제·창업 활성화 프로그램,S6 모빌리티·항공우주·조선,S6,1,없음
2909,2024,국토교통부,드론기업지원허브운영,기업역량강화,23.0,B. 창업·벤처 육성,"T8 수요·제도 연계 사업체 및 공공기관(수요기업, 설비 설치자, 지자체 등)",I10 직접 수행(직접사업),K3 지역·사회적경제·창업 활성화 프로그램,S6 모빌리티·항공우주·조선,S6,1,없음
2910,2024,국토교통부,드론안전및활성화지원,드론상용화지원(규제샌드박스),4800.0,A. 기술혁신 촉진(개발·실증·사업화),T7 일반 국민·산업 종사자·창작자,I10 직접 수행(직접사업),K1 기술개발 과제 수행(연구개발비),S6 모빌리티·항공우주·조선,S6,1,없음
2911,2024,국토교통부,드론안전및활성화지원,드론실증도시구축,13000.0,A. 기술혁신 촉진(개발·실증·사업화),T7 일반 국민·산업 종사자·창작자,I10 직접 수행(직접사업),K1 기술개발 과제 수행(연구개발비),S6 모빌리티·항공우주·조선,S6,1,없음
2912,2024,국토교통부,드론안전및활성화지원,드론해외진출지원,1200.0,C. 수출·해외진출 촉진,T7 일반 국민·산업 종사자·창작자,I10 직접 수행(직접사업),K6 해외진출·수출 지원(전시·상담·현지화),S6 모빌리티·항공우주·조선,S6,1,없음
2913,2024,국토교통부,드론안전및활성화지원,전주드론기술개발지원센터장비비지원,3000.0,C. 수출·해외진출 촉진,T7 일반 국민·산업 종사자·창작자,I10 직접 수행(직접사업),K6 해외진출·수출 지원(전시·상담·현지화),S6 모빌리티·항공우주·조선,S6;S7,2,없음
2914,2024,국토교통부,철도차량부품개발사업(R&D),철도차량부품개발,28310.0,A. 기술혁신 촉진(개발·실증·사업화),T5 산학연 연구수행기관(기업·대학·연구소 컨소시엄),I2 출연(기관 운영·인프라·위탁 서비스),K1 기술개발 과제 수행(연구개발비),S7 소재·부품·장비·제조혁신,S6;S7,2,없음
2915,2024,국토교통부,스마트건설지원센터운영,스마트건설지원센터운영,6415.0,B. 창업·벤처 육성,T3 예비창업자·창업기업,I2 출연(기관 운영·인프라·위탁 서비스),K3 지역·사회적경제·창업 활성화 프로그램,S0 업종 공통(산업 무관),S0,0,없음
2916,2024,국토교통부,국토교통기술사업화를위한이어달리기사업(R&D),국토교통기술사업화를위한이어달리기,3339.0,A. 기술혁신 촉진(개발·실증·사업화),T5 산학연 연구수행기관(기업·대학·연구소 컨소시엄),I1 R&D 과제 출연(연구개발비),K1 기술개발 과제 수행(연구개발비),S0 업종 공통(산업 무관),S0,0,없음
2917,2024,국토교통부,국토교통연구개발운영지원사업(R&D),고유사업비,500.0,A. 기술혁신 촉진(개발·실증·사업화),T5 산학연 연구수행기관(기업·대학·연구소 컨소시엄),I1 R&D 과제 출연(연구개발비),K8 컨설팅·인증·시험·홍보 서비스 제공,S0 업종 공통(산업 무관),S0,0,없음
2918,2024,국토교통부,물류산업지원,제3자·스마트·공동물류전환컨설팅지원,458.0,F. 전문인력 양성·채용 지원,T7 일반 국민·산업 종사자·창작자,I3 보조금(사업비 보조·매칭),K6 해외진출·수출 지원(전시·상담·현지화),S10 유통·물류·생활서비스,S10,1,없음
2919,2024,국토교통부,물류산업지원,물류기업해외진출지원,110.0,F. 전문인력 양성·채용 지원,T7 일반 국민·산업 종사자·창작자,I3 보조금(사업비 보조·매칭),K6 해외진출·수출 지원(전시·상담·현지화),S10 유통·물류·생활서비스,S10,1,없음
2920,2024,국토교통부,철도산업발전지원,해외철도수주지원,2240.0,C. 수출·해외진출 촉진,T7 일반 국민·산업 종사자·창작자,I10 직접 수행(직접사업),K6 해외진출·수출 지원(전시·상담·현지화),S6 모빌리티·항공우주·조선,S6,1,없음
2921,2024,국토교통부,스마트시티확산사업,혁신생태계조성지원,1150.0,A. 기술혁신 촉진(개발·실증·사업화),T7 일반 국민·산업 종사자·창작자,I3 보조금(사업비 보조·매칭),K2 산업 생태계·협력 기반 조성(플랫폼·네트워크),S2 디지털·SW·정보통신,S2,1,없음
2922,2024,국토교통부,노후산단재생지원(융자),노후산단재생지원(융자),45000.0,D. 자금조달·경영안정 지원(융자·보증·비용보전),T6 사업주·근로자(고용·산재보험 가입),I4 융자(정책자금 대출),K4 자금 융자·보증 제공(운전·시설자금),S0 업종 공통(산업 무관),S0,0,없음
2923,2024,국토교통부,그린해상교량기술개발(R&D),그린해상교량기술개발(R&D),1000.0,A. 기술혁신 촉진(개발·실증·사업화),T5 산학연 연구수행기관(기업·대학·연구소 컨소시엄),I1 R&D 과제 출연(연구개발비),K1 기술개발 과제 수행(연구개발비),S0 업종 공통(산업 무관),S0,0,없음
2924,2024,국토교통부,내구연한도래노후디젤기관차대체를위한친환경수소전기기관차기술개발(R&D),친환경수소전기기관차기술개발,3000.0,A. 기술혁신 촉진(개발·실증·사업화),T5 산학연 연구수행기관(기업·대학·연구소 컨소시엄),I1 R&D 과제 출연(연구개발비),K1 기술개발 과제 수행(연구개발비),S5 에너지·환경,S5,1,없음
2925,2024,국토교통부,초장대K-지하고속도로인프라안전및효율향상기술개발(R&D),초장대K-지하고속도로인프라안전및효율향상기술개발,2340.0,A. 기술혁신 촉진(개발·실증·사업화),T5 산학연 연구수행기관(기업·대학·연구소 컨소시엄),I1 R&D 과제 출연(연구개발비),K1 기술개발 과제 수행(연구개발비),S0 업종 공통(산업 무관),S0,0,없음
2926,2024,국토교통부,한국형도심항공교통(K-UAM)핵심기술개발사업(R&D),K-UAM안전운용체계핵심기술(국토부),11999.0,D. 자금조달·경영안정 지원(융자·보증·비용보전),T5 산학연 연구수행기관(기업·대학·연구소 컨소시엄),I4 융자(정책자금 대출),K1 기술개발 과제 수행(연구개발비),S6 모빌리티·항공우주·조선,S6,1,없음
2927,2024,금융위원회,소상공인위탁보증대위변제,소상공인위탁보증대위변제,555474.0,D. 자금조달·경영안정 지원(융자·보증·비용보전),T10 보증·보험 이용기업 및 금융기관,I8 보증·보험(신용보강),K4 자금 융자·보증 제공(운전·시설자금),S0 업종 공통(산업 무관),S0,0,없음
2928,2024,금융위원회,유동화회사보증대위변제,유동화회사보증대위변제,397104.0,D. 자금조달·경영안정 지원(융자·보증·비용보전),T10 보증·보험 이용기업 및 금융기관,I8 보증·보험(신용보강),K4 자금 융자·보증 제공(운전·시설자금),S0 업종 공통(산업 무관),S0,0,없음
2929,2024,금융위원회,일반보증대위변제,일반보증대위변제,2358443.0,D. 자금조달·경영안정 지원(융자·보증·비용보전),T10 보증·보험 이용기업 및 금융기관,I8 보증·보험(신용보강),K4 자금 융자·보증 제공(운전·시설자금),S0 업종 공통(산업 무관),S0,0,없음
2930,2024,금융위원회,팩토링금융(금융위),팩토링금융(금융위),150049.0,D. 자금조달·경영안정 지원(융자·보증·비용보전),T10 보증·보험 이용기업 및 금융기관,I8 보증·보험(신용보강),K4 자금 융자·보증 제공(운전·시설자금),S0 업종 공통(산업 무관),S0,0,없음
2931,2024,금융위원회,핀테크지원사업,디지털금융혁신지원,7042.0,A. 기술혁신 촉진(개발·실증·사업화),T7 일반 국민·산업 종사자·창작자,I3 보조금(사업비 보조·매칭),K3 지역·사회적경제·창업 활성화 프로그램,S2 디지털·SW·정보통신,S2,1,없음
2932,2024,금융위원회,핀테크지원사업,핀테크기업육성지원,2374.0,A. 기술혁신 촉진(개발·실증·사업화),T7 일반 국민·산업 종사자·창작자,I3 보조금(사업비 보조·매칭),K8 컨설팅·인증·시험·홍보 서비스 제공,S2 디지털·SW·정보통신,S2,1,없음
2933,2024,금융위원회,대환보증대위변제,대환보증대위변제,254436.0,D. 자금조달·경영안정 지원(융자·보증·비용보전),T10 보증·보험 이용기업 및 금융기관,I8 보증·보험(신용보강),K4 자금 융자·보증 제공(운전·시설자금),S0 업종 공통(산업 무관),S0,0,없음
2934,2024,농림축산식품부,도매유통활성화지원(융자),도매시장출하촉진,42000.0,D. 자금조달·경영안정 지원(융자·보증·비용보전),T9 농어업인·농식품·수산업체,I4 융자(정책자금 대출),K4 자금 융자·보증 제공(운전·시설자금),S9 농림축산식품·해양수산,S9;S10,2,없음
2935,2024,농림축산식품부,도매유통활성화지원(융자),공판장출하촉진,13000.0,D. 자금조달·경영안정 지원(융자·보증·비용보전),T9 농어업인·농식품·수산업체,I4 융자(정책자금 대출),K4 자금 융자·보증 제공(운전·시설자금),S9 농림축산식품·해양수산,S9;S10,2,없음
2936,2024,농림축산식품부,도매유통활성화지원(융자),화훼유통개선지원,9000.0,D. 자금조달·경영안정 지원(융자·보증·비용보전),T9 농어업인·농식품·수산업체,I4 융자(정책자금 대출),K4 자금 융자·보증 제공(운전·시설자금),S9 농림축산식품·해양수산,S9;S10,2,없음
2937,2024,농림축산식품부,도매유통활성화지원(융자),농산물온라인거래활성화,36000.0,D. 자금조달·경영안정 지원(융자·보증·비용보전),T9 농어업인·농식품·수산업체,I4 융자(정책자금 대출),K4 자금 융자·보증 제공(운전·시설자금),S9 농림축산식품·해양수산,S9;S10,2,없음
2938,2024,농림축산식품부,농식품글로벌육성지원자금(융자),운영자금,453646.0,C. 수출·해외진출 촉진,T9 농어업인·농식품·수산업체,I4 융자(정책자금 대출),K4 자금 융자·보증 제공(운전·시설자금),S9 농림축산식품·해양수산,S9,1,없음
2939,2024,농림축산식품부,농식품글로벌육성지원자금(융자),사설자금,4600.0,C. 수출·해외진출 촉진,T9 농어업인·농식품·수산업체,I4 융자(정책자금 대출),K4 자금 융자·보증 제공(운전·시설자금),S9 농림축산식품·해양수산,S9,1,없음
2940,2024,농림축산식품부,식품외식종합자금(융자),식품가공원료매입,96833.0,D. 자금조달·경영안정 지원(융자·보증·비용보전),T9 농어업인·농식품·수산업체,I4 융자(정책자금 대출),K4 자금 융자·보증 제공(운전·시설자금),S9 농림축산식품·해양수산,S9,1,없음
2941,2024,농림축산식품부,식품외식종합자금(융자),농식품시설현대화,9000.0,E. 생산기반 현대화·친환경 전환(시설·설비),T9 농어업인·농식품·수산업체,I4 융자(정책자금 대출),K4 자금 융자·보증 제공(운전·시설자금),S9 농림축산식품·해양수산,S9,1,없음
2942,2024,농림축산식품부,식품외식종합자금(융자),외식업체육성,15000.0,E. 생산기반 현대화·친환경 전환(시설·설비),T9 농어업인·농식품·수산업체,I4 융자(정책자금 대출),K6 해외진출·수출 지원(전시·상담·현지화),S9 농림축산식품·해양수산,S8;S9,2,없음
2943,2024,농림축산식품부,식품외식종합자금(융자),농공상융합형중소기업지원,23800.0,E. 생산기반 현대화·친환경 전환(시설·설비),T9 농어업인·농식품·수산업체,I4 융자(정책자금 대출),K4 자금 융자·보증 제공(운전·시설자금),S9 농림축산식품·해양수산,S9,1,없음
2944,2024,농림축산식품부,농산업수출활성화,농기자재수출기업육성,1050.0,C. 수출·해외진출 촉진,T0 수혜대상 미기재,I3 보조금(사업비 보조·매칭),K7 사업비용 보조(전시·인증·컨설팅·기술도입 비용),S9 농림축산식품·해양수산,S9,1,없음
2945,2024,농림축산식품부,스마트팜ICT기자재국가표준확산지원,국가표준적용설계및컨설팅지원,350.0,H. 경영역량 강화·사업화 지원(컨설팅·마케팅·디자인),T0 수혜대상 미기재,I3 보조금(사업비 보조·매칭),K0 내용 미기재,S9 농림축산식품·해양수산,S2;S9,2,없음
2946,2024,농림축산식품부,스마트팜ICT기자재국가표준확산지원,제품개선및시제품제작,1890.0,H. 경영역량 강화·사업화 지원(컨설팅·마케팅·디자인),T0 수혜대상 미기재,I3 보조금(사업비 보조·매칭),K0 내용 미기재,S9 농림축산식품·해양수산,S2;S9,2,없음
2947,2024,농림축산식품부,스마트팜ICT기자재국가표준확산지원,검정바우처지원,189.0,A. 기술혁신 촉진(개발·실증·사업화),T0 수혜대상 미기재,I9 바우처,K0 내용 미기재,S9 농림축산식품·해양수산,S2;S9,2,없음
2948,2024,농림축산식품부,스마트팜ICT기자재국가표준확산지원,스마트팜표준화지원센터운영,380.0,A. 기술혁신 촉진(개발·실증·사업화),T0 수혜대상 미기재,I9 바우처,K0 내용 미기재,S9 농림축산식품·해양수산,S2;S9,2,없음
2949,2024,농림축산식품부,스마트팜ICT기자재국가표준확산지원,홍보및성과관리,241.0,A. 기술혁신 촉진(개발·실증·사업화),T0 수혜대상 미기재,I3 보조금(사업비 보조·매칭),K0 내용 미기재,S9 농림축산식품·해양수산,S2;S9,2,없음
2950,2024,농림축산식품부,스마트팜ICT기자재국가표준확산지원,스마트팜기업재직자전문교육운영,765.0,H. 경영역량 강화·사업화 지원(컨설팅·마케팅·디자인),T0 수혜대상 미기재,I3 보조금(사업비 보조·매칭),K0 내용 미기재,S9 농림축산식품·해양수산,S2;S9,2,없음
2951,2024,농림축산식품부,농식품벤처창업활성화지원,농식품벤처육성지원,13125.0,B. 창업·벤처 육성,T9 농어업인·농식품·수산업체,I3 보조금(사업비 보조·매칭),K8 컨설팅·인증·시험·홍보 서비스 제공,S9 농림축산식품·해양수산,S9,1,없음
2952,2024,농림축산식품부,농식품벤처창업활성화지원,농식품액셀러레이터육성지원,3300.0,B. 창업·벤처 육성,T9 농어업인·농식품·수산업체,I3 보조금(사업비 보조·매칭),K5 창업 사업화자금·투자연계·보육,S9 농림축산식품·해양수산,S9,1,없음
2953,2024,농림축산식품부,농식품벤처창업활성화지원,농산업체판로지원,805.0,B. 창업·벤처 육성,T9 농어업인·농식품·수산업체,I3 보조금(사업비 보조·매칭),K8 컨설팅·인증·시험·홍보 서비스 제공,S9 농림축산식품·해양수산,S9,1,없음
2954,2024,농림축산식품부,농식품벤처창업활성화지원,농식품크라우드펀딩활성화,600.0,B. 창업·벤처 육성,T9 농어업인·농식품·수산업체,I3 보조금(사업비 보조·매칭),K8 컨설팅·인증·시험·홍보 서비스 제공,S9 농림축산식품·해양수산,S9,1,없음
2955,2024,농림축산식품부,농식품벤처창업활성화지원,농식품벤처창업인턴제,302.0,B. 창업·벤처 육성,T9 농어업인·농식품·수산업체,I3 보조금(사업비 보조·매칭),K7 사업비용 보조(전시·인증·컨설팅·기술도입 비용),S9 농림축산식품·해양수산,S9,1,없음
2956,2024,농림축산식품부,농식품벤처창업활성화지원,민간투자기반스케일업지원,7500.0,B. 창업·벤처 육성,T0 수혜대상 미기재,I3 보조금(사업비 보조·매칭),K5 창업 사업화자금·투자연계·보육,S9 농림축산식품·해양수산,S9,1,없음
2957,2024,농림축산식품부,고품질쌀유통활성화,가공시설현대화,6360.0,E. 생산기반 현대화·친환경 전환(시설·설비),T0 수혜대상 미기재,I3 보조금(사업비 보조·매칭),K0 내용 미기재,S10 유통·물류·생활서비스,S9;S10,2,없음
2958,2024,농림축산식품부,고품질쌀유통활성화,벼건조저장시설지원,11840.0,E. 생산기반 현대화·친환경 전환(시설·설비),T9 농어업인·농식품·수산업체,I3 보조금(사업비 보조·매칭),K4 자금 융자·보증 제공(운전·시설자금),S9 농림축산식품·해양수산,S9;S10,2,없음
2959,2024,농림축산식품부,종자산업활성화지원,종자산업,8563.0,C. 수출·해외진출 촉진,T9 농어업인·농식품·수산업체,I3 보조금(사업비 보조·매칭),K6 해외진출·수출 지원(전시·상담·현지화),S9 농림축산식품·해양수산,S9,1,없음
2960,2024,농림축산식품부,종자산업활성화지원,민간육종가지원,879.0,C. 수출·해외진출 촉진,T0 수혜대상 미기재,I3 보조금(사업비 보조·매칭),K0 내용 미기재,S9 농림축산식품·해양수산,S9,1,없음
2961,2024,농림축산식품부,농식품글로벌비대면마케팅지원,온라인플랫폼운영,1287.0,C. 수출·해외진출 촉진,T9 농어업인·농식품·수산업체,I3 보조금(사업비 보조·매칭),K0 내용 미기재,S9 농림축산식품·해양수산,S9,1,없음
2962,2024,농림축산식품부,농식품글로벌비대면마케팅지원,온라인·모바일마케팅,2533.0,C. 수출·해외진출 촉진,T9 농어업인·농식품·수산업체,I3 보조금(사업비 보조·매칭),K7 사업비용 보조(전시·인증·컨설팅·기술도입 비용),S9 농림축산식품·해양수산,S9,1,없음
2963,2024,농림축산식품부,농식품시장개척,수출전략형제품인큐베이팅,919.0,C. 수출·해외진출 촉진,T9 농어업인·농식품·수산업체,I3 보조금(사업비 보조·매칭),K0 내용 미기재,S9 농림축산식품·해양수산,S9,1,없음
2964,2024,농림축산식품부,농식품시장개척,해외식품인증지원센터,1080.0,C. 수출·해외진출 촉진,T9 농어업인·농식품·수산업체,I3 보조금(사업비 보조·매칭),K6 해외진출·수출 지원(전시·상담·현지화),S9 농림축산식품·해양수산,S9,1,없음
2965,2024,농림축산식품부,농식품해외시장진출,우수농식품판로개척,35412.0,C. 수출·해외진출 촉진,T9 농어업인·농식품·수산업체,I9 바우처,K11 환경·안전 설비 구축 및 관리,S9 농림축산식품·해양수산,S9,1,없음
2966,2024,농림축산식품부,농식품해외시장진출,해외新유통채널연계현지시장진출,469.0,C. 수출·해외진출 촉진,T9 농어업인·농식품·수산업체,I3 보조금(사업비 보조·매칭),K0 내용 미기재,S9 농림축산식품·해양수산,S9;S10,2,없음
2967,2024,농림축산식품부,농식품글로벌경쟁력강화,농식품우수기업육성,54447.0,C. 수출·해외진출 촉진,T9 농어업인·농식품·수산업체,I3 보조금(사업비 보조·매칭),K6 해외진출·수출 지원(전시·상담·현지화),S9 농림축산식품·해양수산,S9,1,없음
2968,2024,농림축산식품부,국가식품산업클러스터,비즈니스지원활성화,1790.0,B. 창업·벤처 육성,T0 수혜대상 미기재,I3 보조금(사업비 보조·매칭),K0 내용 미기재,S9 농림축산식품·해양수산,S9,1,없음
2969,2024,농림축산식품부,국가식품산업클러스터,기업기술지원,1952.0,C. 수출·해외진출 촉진,T0 수혜대상 미기재,I3 보조금(사업비 보조·매칭),K7 사업비용 보조(전시·인증·컨설팅·기술도입 비용),S9 농림축산식품·해양수산,S9,1,없음
2970,2024,농림축산식품부,국가식품산업클러스터,산학연네트워크구축,306.0,A. 기술혁신 촉진(개발·실증·사업화),T0 수혜대상 미기재,I3 보조금(사업비 보조·매칭),K0 내용 미기재,S9 농림축산식품·해양수산,S9,1,없음
2971,2024,농림축산식품부,기능성식품산업육성,식품기능성평가지원,3156.0,H. 경영역량 강화·사업화 지원(컨설팅·마케팅·디자인),T9 농어업인·농식품·수산업체,I3 보조금(사업비 보조·매칭),K8 컨설팅·인증·시험·홍보 서비스 제공,S9 농림축산식품·해양수산,S9,1,없음
2972,2024,농림축산식품부,전통발효식품육성,전통식품산업육성,1850.0,H. 경영역량 강화·사업화 지원(컨설팅·마케팅·디자인),T0 수혜대상 미기재,I3 보조금(사업비 보조·매칭),K7 사업비용 보조(전시·인증·컨설팅·기술도입 비용),S9 농림축산식품·해양수산,S9,1,없음
2973,2024,농림축산식품부,전통발효식품육성,발효식품산업경쟁력강화,2480.0,A. 기술혁신 촉진(개발·실증·사업화),T0 수혜대상 미기재,I3 보조금(사업비 보조·매칭),K0 내용 미기재,S9 농림축산식품·해양수산,S9,1,없음
2974,2024,농림축산식품부,전통발효식품육성,김치산업육성,11045.0,C. 수출·해외진출 촉진,T0 수혜대상 미기재,I3 보조금(사업비 보조·매칭),K0 내용 미기재,S9 농림축산식품·해양수산,S9,1,없음
2975,2024,농림축산식품부,전통발효식품육성,한국술산업육성,3101.0,E. 생산기반 현대화·친환경 전환(시설·설비),T0 수혜대상 미기재,I3 보조금(사업비 보조·매칭),K0 내용 미기재,S9 농림축산식품·해양수산,S9,1,없음
2976,2024,농림축산식품부,2025축산현안대응산업화기술개발(R&D),가축생산효율성증진,1332.0,A. 기술혁신 촉진(개발·실증·사업화),T9 농어업인·농식품·수산업체,I1 R&D 과제 출연(연구개발비),K0 내용 미기재,S9 농림축산식품·해양수산,S9,1,없음
2977,2024,농림축산식품부,2025축산현안대응산업화기술개발(R&D),축산시설·환경개선,4338.0,E. 생산기반 현대화·친환경 전환(시설·설비),T9 농어업인·농식품·수산업체,I1 R&D 과제 출연(연구개발비),K0 내용 미기재,S9 농림축산식품·해양수산,S9,1,없음
2978,2024,농림축산식품부,기술사업화지원(R&D),기술사업화지원,20516.0,A. 기술혁신 촉진(개발·실증·사업화),T9 농어업인·농식품·수산업체,I1 R&D 과제 출연(연구개발비),K5 창업 사업화자금·투자연계·보육,S9 농림축산식품·해양수산,S9,1,없음
2979,2024,농림축산식품부,노지분야스마트농업기술단기고도화(R&D),자율주행농기계핵심부품국산화,3562.0,A. 기술혁신 촉진(개발·실증·사업화),T9 농어업인·농식품·수산업체,I2 출연(기관 운영·인프라·위탁 서비스),K1 기술개발 과제 수행(연구개발비),S9 농림축산식품·해양수산,S6;S7;S9,3,없음
2980,2024,농림축산식품부,노지분야스마트농업기술단기고도화(R&D),노지농업정밀측정기술국산화,5739.0,A. 기술혁신 촉진(개발·실증·사업화),T9 농어업인·농식품·수산업체,I2 출연(기관 운영·인프라·위탁 서비스),K1 기술개발 과제 수행(연구개발비),S9 농림축산식품·해양수산,S9,1,없음
2981,2024,농림축산식품부,노지분야스마트농업기술단기고도화(R&D),농업용로봇현장적용기술개발및실증,4632.0,A. 기술혁신 촉진(개발·실증·사업화),T9 농어업인·농식품·수산업체,I1 R&D 과제 출연(연구개발비),K1 기술개발 과제 수행(연구개발비),S9 농림축산식품·해양수산,S7;S9,2,없음
2982,2024,농림축산식품부,디지털육종전환기술개발(R&D),디지털육종기반마련을위한핵심기술고도화,6626.0,A. 기술혁신 촉진(개발·실증·사업화),T9 농어업인·농식품·수산업체,I2 출연(기관 운영·인프라·위탁 서비스),K1 기술개발 과제 수행(연구개발비),S0 업종 공통(산업 무관),S0,0,없음
2983,2024,농림축산식품부,디지털육종전환기술개발(R&D),데이터연계디지털육종활용시스템,4879.0,A. 기술혁신 촉진(개발·실증·사업화),T9 농어업인·농식품·수산업체,I2 출연(기관 운영·인프라·위탁 서비스),K1 기술개발 과제 수행(연구개발비),S0 업종 공통(산업 무관),S0,0,없음
2984,2024,농림축산식품부,고부가가치식품기술개발(R&D),스마트유통관리,2804.0,A. 기술혁신 촉진(개발·실증·사업화),T9 농어업인·농식품·수산업체,I1 R&D 과제 출연(연구개발비),K0 내용 미기재,S9 농림축산식품·해양수산,S9;S10,2,없음
2985,2024,농림축산식품부,고부가가치식품기술개발(R&D),물류유통자동화,4119.0,A. 기술혁신 촉진(개발·실증·사업화),T9 농어업인·농식품·수산업체,I2 출연(기관 운영·인프라·위탁 서비스),K0 내용 미기재,S9 농림축산식품·해양수산,S9;S10,2,없음
2986,2024,농림축산식품부,고부가가치식품기술개발(R&D),미래대응식품,14440.0,A. 기술혁신 촉진(개발·실증·사업화),T9 농어업인·농식품·수산업체,I1 R&D 과제 출연(연구개발비),K1 기술개발 과제 수행(연구개발비),S9 농림축산식품·해양수산,S9,1,없음
2987,2024,농림축산식품부,고부가가치식품기술개발(R&D),식품품질안전,3952.0,A. 기술혁신 촉진(개발·실증·사업화),T9 농어업인·농식품·수산업체,I2 출연(기관 운영·인프라·위탁 서비스),K0 내용 미기재,S9 농림축산식품·해양수산,S9,1,없음
2988,2024,농림축산식품부,고부가가치식품기술개발(R&D),차세대식품가공,5692.0,E. 생산기반 현대화·친환경 전환(시설·설비),T9 농어업인·농식품·수산업체,I1 R&D 과제 출연(연구개발비),K5 창업 사업화자금·투자연계·보육,S9 농림축산식품·해양수산,S7;S9,2,없음
2989,2024,농림축산식품부,고부가가치식품기술개발(R&D),5G기반식품안전생산기술개발,4904.0,A. 기술혁신 촉진(개발·실증·사업화),T9 농어업인·농식품·수산업체,I1 R&D 과제 출연(연구개발비),K0 내용 미기재,S9 농림축산식품·해양수산,S2;S9,2,없음
2990,2024,농림축산식품부,고부가가치식품기술개발(R&D),글로벌푸드테크공동연구,1700.0,A. 기술혁신 촉진(개발·실증·사업화),T9 농어업인·농식품·수산업체,I2 출연(기관 운영·인프라·위탁 서비스),K0 내용 미기재,S9 농림축산식품·해양수산,S9,1,없음
2991,2024,농림축산식품부,농식품산업해외진출지원,농식품산업해외진출지원,3000.0,C. 수출·해외진출 촉진,T9 농어업인·농식품·수산업체,I3 보조금(사업비 보조·매칭),K7 사업비용 보조(전시·인증·컨설팅·기술도입 비용),S9 농림축산식품·해양수산,S9,1,없음
2992,2024,농림축산식품부,농식품산업해외진출지원(융자),농식품산업해외진출지원(융자),6700.0,D. 자금조달·경영안정 지원(융자·보증·비용보전),T9 농어업인·농식품·수산업체,I4 융자(정책자금 대출),K4 자금 융자·보증 제공(운전·시설자금),S9 농림축산식품·해양수산,S9,1,없음
2993,2024,농림축산식품부,종자산업기반구축,디지털육종전환지원,2000.0,A. 기술혁신 촉진(개발·실증·사업화),"T2 중소·벤처기업(특정 요건·단계: 글로벌 진출 희망, 인증, 재직자 등)",I3 보조금(사업비 보조·매칭),K1 기술개발 과제 수행(연구개발비),S9 농림축산식품·해양수산,S9,1,없음
2994,2024,농림축산식품부,사료산업종합지원(융자),사료원료구매자금,89000.0,D. 자금조달·경영안정 지원(융자·보증·비용보전),T9 농어업인·농식품·수산업체,I4 융자(정책자금 대출),K4 자금 융자·보증 제공(운전·시설자금),S9 농림축산식품·해양수산,S9,1,없음
2995,2024,농림축산식품부,사료산업종합지원(융자),제조시설개보수자금,600.0,E. 생산기반 현대화·친환경 전환(시설·설비),T9 농어업인·농식품·수산업체,I4 융자(정책자금 대출),K11 환경·안전 설비 구축 및 관리,S9 농림축산식품·해양수산,S9,1,없음
2996,2024,농림축산식품부,국제협력기반수출농업경쟁력강화기술개발(R&D),전략품목수출활성화,4680.0,C. 수출·해외진출 촉진,T9 농어업인·농식품·수산업체,I2 출연(기관 운영·인프라·위탁 서비스),K6 해외진출·수출 지원(전시·상담·현지화),S9 농림축산식품·해양수산,S9,1,없음
2997,2024,농림축산식품부,국제협력기반수출농업경쟁력강화기술개발(R&D),농식품자원세계화,608.0,A. 기술혁신 촉진(개발·실증·사업화),T9 농어업인·농식품·수산업체,I2 출연(기관 운영·인프라·위탁 서비스),K0 내용 미기재,S9 농림축산식품·해양수산,S9,1,없음
2998,2024,농림축산식품부,밭농업기계화촉진기술개발(R&D),현장맞춤형농기계성능고도화,2400.0,A. 기술혁신 촉진(개발·실증·사업화),T9 농어업인·농식품·수산업체,I2 출연(기관 운영·인프라·위탁 서비스),K0 내용 미기재,S9 농림축산식품·해양수산,S7;S9,2,없음
2999,2024,농림축산식품부,반려동물연관산업해외수출산업화,시장조사및전파,1100.0,C. 수출·해외진출 촉진,"T8 수요·제도 연계 사업체 및 공공기관(수요기업, 설비 설치자, 지자체 등)",I3 보조금(사업비 보조·매칭),K0 내용 미기재,S2 디지털·SW·정보통신,S2,1,없음
3000,2024,농림축산식품부,반려동물연관산업해외수출산업화,수출시장개척,440.0,C. 수출·해외진출 촉진,"T8 수요·제도 연계 사업체 및 공공기관(수요기업, 설비 설치자, 지자체 등)",I3 보조금(사업비 보조·매칭),K7 사업비용 보조(전시·인증·컨설팅·기술도입 비용),S0 업종 공통(산업 무관),S0,0,없음
3001,2024,농림축산식품부,농식품과학기술융합형연구인력양성(R&D),농식품과학기술융합형연구인력,4500.0,A. 기술혁신 촉진(개발·실증·사업화),T9 농어업인·농식품·수산업체,I2 출연(기관 운영·인프라·위탁 서비스),K2 산업 생태계·협력 기반 조성(플랫폼·네트워크),S9 농림축산식품·해양수산,S9,1,없음
3002,2024,농림축산식품부,고위험동물감염병대응기술개발(R&D),차세대핵심기술확보,3750.0,A. 기술혁신 촉진(개발·실증·사업화),T9 농어업인·농식품·수산업체,I2 출연(기관 운영·인프라·위탁 서비스),K0 내용 미기재,S0 업종 공통(산업 무관),S0,0,없음
3003,2024,농림축산식품부,고위험동물감염병대응기술개발(R&D),가축질병협력체계고도화,1080.0,A. 기술혁신 촉진(개발·실증·사업화),T9 농어업인·농식품·수산업체,I2 출연(기관 운영·인프라·위탁 서비스),K0 내용 미기재,S0 업종 공통(산업 무관),S0,0,없음
3004,2024,농림축산식품부,고위험동물감염병대응기술개발(R&D),범부처감염병방역체계고도화,640.0,A. 기술혁신 촉진(개발·실증·사업화),T9 농어업인·농식품·수산업체,I2 출연(기관 운영·인프라·위탁 서비스),K0 내용 미기재,S0 업종 공통(산업 무관),S0,0,없음
3005,2024,문화체육관광부,관광사업창업지원및벤처육성,관광사업발굴및지원,11814.0,B. 창업·벤처 육성,T3 예비창업자·창업기업,I3 보조금(사업비 보조·매칭),K3 지역·사회적경제·창업 활성화 프로그램,S8 콘텐츠·문화·관광·스포츠,S8,1,없음
3006,2024,문화체육관광부,관광사업창업지원및벤처육성,관광사업도약및성장지원,18480.0,B. 창업·벤처 육성,T3 예비창업자·창업기업,I3 보조금(사업비 보조·매칭),K5 창업 사업화자금·투자연계·보육,S8 콘텐츠·문화·관광·스포츠,S8,1,없음
3007,2024,문화체육관광부,관광사업창업지원및벤처육성,관광사업지원기반구축,2800.0,B. 창업·벤처 육성,T3 예비창업자·창업기업,I3 보조금(사업비 보조·매칭),K3 지역·사회적경제·창업 활성화 프로그램,S8 콘텐츠·문화·관광·스포츠,S8,1,없음
3008,2024,문화체육관광부,관광산업융자지원(융자),관광사업체융자지원,536500.0,D. 자금조달·경영안정 지원(융자·보증·비용보전),"T2 중소·벤처기업(특정 요건·단계: 글로벌 진출 희망, 인증, 재직자 등)",I4 융자(정책자금 대출),K4 자금 융자·보증 제공(운전·시설자금),S8 콘텐츠·문화·관광·스포츠,S8,1,없음
3009,2024,문화체육관광부,관광산업융자지원(융자),이차보전운영지원,5133.0,D. 자금조달·경영안정 지원(융자·보증·비용보전),"T2 중소·벤처기업(특정 요건·단계: 글로벌 진출 희망, 인증, 재직자 등)",I4 융자(정책자금 대출),K4 자금 융자·보증 제공(운전·시설자금),S8 콘텐츠·문화·관광·스포츠,S8,1,없음
3010,2024,문화체육관광부,관광서비스혁신성장연구개발(R&D),관광기업혁신형기술개발,760.0,A. 기술혁신 촉진(개발·실증·사업화),T5 산학연 연구수행기관(기업·대학·연구소 컨소시엄),I1 R&D 과제 출연(연구개발비),K2 산업 생태계·협력 기반 조성(플랫폼·네트워크),S8 콘텐츠·문화·관광·스포츠,S8,1,없음
3011,2024,문화체육관광부,관광서비스혁신성장연구개발(R&D),관광서비스확산형기술개발,400.0,A. 기술혁신 촉진(개발·실증·사업화),T5 산학연 연구수행기관(기업·대학·연구소 컨소시엄),I1 R&D 과제 출연(연구개발비),K1 기술개발 과제 수행(연구개발비),S8 콘텐츠·문화·관광·스포츠,S8,1,없음
3012,2024,문화체육관광부,지역콘텐츠산업균형발전지원,콘텐츠창작·창업지역확산,18221.0,B. 창업·벤처 육성,T7 일반 국민·산업 종사자·창작자,I3 보조금(사업비 보조·매칭),K3 지역·사회적경제·창업 활성화 프로그램,S8 콘텐츠·문화·관광·스포츠,S8,1,없음
3013,2024,문화체육관광부,지역콘텐츠산업균형발전지원,지역특화콘텐츠개발지원,5277.0,G. 고용 창출·유지 및 노동환경 개선,T7 일반 국민·산업 종사자·창작자,I3 보조금(사업비 보조·매칭),K3 지역·사회적경제·창업 활성화 프로그램,S8 콘텐츠·문화·관광·스포츠,S8,1,없음
3014,2024,문화체육관광부,지역콘텐츠산업균형발전지원,지역기반게임산업육성,15776.0,G. 고용 창출·유지 및 노동환경 개선,T7 일반 국민·산업 종사자·창작자,I3 보조금(사업비 보조·매칭),K3 지역·사회적경제·창업 활성화 프로그램,S8 콘텐츠·문화·관광·스포츠,S8;S9,2,없음
3015,2024,문화체육관광부,스포츠산업혁신기반조성(R&D),비대면스포츠시장창출지원,1400.0,A. 기술혁신 촉진(개발·실증·사업화),T5 산학연 연구수행기관(기업·대학·연구소 컨소시엄),I2 출연(기관 운영·인프라·위탁 서비스),K1 기술개발 과제 수행(연구개발비),S8 콘텐츠·문화·관광·스포츠,S8,1,없음
3016,2024,문화체육관광부,스포츠산업혁신기반조성(R&D),ICT기반스포츠케어서비스기술개발,740.0,A. 기술혁신 촉진(개발·실증·사업화),T5 산학연 연구수행기관(기업·대학·연구소 컨소시엄),I1 R&D 과제 출연(연구개발비),K1 기술개발 과제 수행(연구개발비),S8 콘텐츠·문화·관광·스포츠,S2;S8,2,없음
3017,2024,문화체육관광부,스포츠산업금융지원(융자),스포츠산업융자,163730.0,D. 자금조달·경영안정 지원(융자·보증·비용보전),"T8 수요·제도 연계 사업체 및 공공기관(수요기업, 설비 설치자, 지자체 등)",I4 융자(정책자금 대출),K4 자금 융자·보증 제공(운전·시설자금),S8 콘텐츠·문화·관광·스포츠,S8,1,없음
3018,2024,문화체육관광부,스포츠산업활성화지원,기업경영지원,22565.0,B. 창업·벤처 육성,T7 일반 국민·산업 종사자·창작자,I3 보조금(사업비 보조·매칭),K5 창업 사업화자금·투자연계·보육,S8 콘텐츠·문화·관광·스포츠,S8,1,없음
3019,2024,문화체육관광부,스포츠산업활성화지원,일자리창업지원,15881.0,B. 창업·벤처 육성,T7 일반 국민·산업 종사자·창작자,I3 보조금(사업비 보조·매칭),K5 창업 사업화자금·투자연계·보육,S8 콘텐츠·문화·관광·스포츠,S8,1,없음
3020,2024,문화체육관광부,문화중심도시육성(지자체),국제문화창의산업전,880.0,H. 경영역량 강화·사업화 지원(컨설팅·마케팅·디자인),T7 일반 국민·산업 종사자·창작자,I3 보조금(사업비 보조·매칭),K3 지역·사회적경제·창업 활성화 프로그램,S8 콘텐츠·문화·관광·스포츠,S8,1,없음
3021,2024,문화체육관광부,문화중심도시육성(지자체),문화콘텐츠제작및마케팅지원,4150.0,H. 경영역량 강화·사업화 지원(컨설팅·마케팅·디자인),T7 일반 국민·산업 종사자·창작자,I3 보조금(사업비 보조·매칭),K1 기술개발 과제 수행(연구개발비),S8 콘텐츠·문화·관광·스포츠,S8,1,없음
3022,2024,문화체육관광부,문화중심도시육성(지자체),"디자인,ICT융합문화콘텐츠비즈니스모델개발및육성",400.0,H. 경영역량 강화·사업화 지원(컨설팅·마케팅·디자인),T7 일반 국민·산업 종사자·창작자,I3 보조금(사업비 보조·매칭),K1 기술개발 과제 수행(연구개발비),S8 콘텐츠·문화·관광·스포츠,S2;S8,2,없음
3023,2024,문화체육관광부,문화중심도시육성(지자체),버추얼콘텐츠제작지원(신규),200.0,H. 경영역량 강화·사업화 지원(컨설팅·마케팅·디자인),T7 일반 국민·산업 종사자·창작자,I3 보조금(사업비 보조·매칭),K7 사업비용 보조(전시·인증·컨설팅·기술도입 비용),S8 콘텐츠·문화·관광·스포츠,S8,1,없음
3024,2024,문화체육관광부,영화유통지원,영화유통지원,7878.0,C. 수출·해외진출 촉진,T7 일반 국민·산업 종사자·창작자,I3 보조금(사업비 보조·매칭),K3 지역·사회적경제·창업 활성화 프로그램,S8 콘텐츠·문화·관광·스포츠,S8;S10,2,없음
3025,2024,문화체육관광부,영화창제작지원,영화제작지원,7000.0,F. 전문인력 양성·채용 지원,T7 일반 국민·산업 종사자·창작자,I3 보조금(사업비 보조·매칭),K5 창업 사업화자금·투자연계·보육,S8 콘텐츠·문화·관광·스포츠,S8,1,없음
3026,2024,문화체육관광부,저작권보호및이용활성화기술개발(R&D),저작권서비스혁신연구개발,3720.0,A. 기술혁신 촉진(개발·실증·사업화),T5 산학연 연구수행기관(기업·대학·연구소 컨소시엄),I6 혼합(출연+보조+직접 등 복수 형태),K1 기술개발 과제 수행(연구개발비),S0 업종 공통(산업 무관),S0,0,없음
3027,2024,문화체육관광부,방송영상콘텐츠산업육성,방송영상콘텐츠제작지원,76264.0,F. 전문인력 양성·채용 지원,T7 일반 국민·산업 종사자·창작자,I3 보조금(사업비 보조·매칭),K5 창업 사업화자금·투자연계·보육,S8 콘텐츠·문화·관광·스포츠,S8,1,없음
3028,2024,문화체육관광부,방송영상콘텐츠산업육성,방송영상콘텐츠유통지원,11104.0,F. 전문인력 양성·채용 지원,T7 일반 국민·산업 종사자·창작자,I3 보조금(사업비 보조·매칭),K6 해외진출·수출 지원(전시·상담·현지화),S8 콘텐츠·문화·관광·스포츠,S8;S10,2,없음
3029,2024,문화체육관광부,전통문화창업및융합활성화,전통문화창업활성화,4630.0,B. 창업·벤처 육성,T7 일반 국민·산업 종사자·창작자,I3 보조금(사업비 보조·매칭),K3 지역·사회적경제·창업 활성화 프로그램,S8 콘텐츠·문화·관광·스포츠,S8,1,없음
3030,2024,문화체육관광부,전통문화창업및융합활성화,전통문화융합활성화,2306.0,B. 창업·벤처 육성,T7 일반 국민·산업 종사자·창작자,I3 보조금(사업비 보조·매칭),K3 지역·사회적경제·창업 활성화 프로그램,S8 콘텐츠·문화·관광·스포츠,S8,1,없음
3031,2024,문화체육관광부,문화기술연구개발(R&D),문화산업선도형기술개발,25767.0,A. 기술혁신 촉진(개발·실증·사업화),T5 산학연 연구수행기관(기업·대학·연구소 컨소시엄),I1 R&D 과제 출연(연구개발비),K1 기술개발 과제 수행(연구개발비),S8 콘텐츠·문화·관광·스포츠,S8,1,없음
3032,2024,문화체육관광부,문화기술연구개발(R&D),문화서비스확산형기술개발,14872.0,A. 기술혁신 촉진(개발·실증·사업화),T5 산학연 연구수행기관(기업·대학·연구소 컨소시엄),I1 R&D 과제 출연(연구개발비),K1 기술개발 과제 수행(연구개발비),S8 콘텐츠·문화·관광·스포츠,S8,1,언급
3033,2024,문화체육관광부,문화기술연구개발(R&D),문화기업혁신성장기술개발,996.0,A. 기술혁신 촉진(개발·실증·사업화),T5 산학연 연구수행기관(기업·대학·연구소 컨소시엄),I1 R&D 과제 출연(연구개발비),K3 지역·사회적경제·창업 활성화 프로그램,S8 콘텐츠·문화·관광·스포츠,S8,1,없음
3034,2024,문화체육관광부,문화기술연구개발(R&D),문화예술실감서비스기술개발,2951.0,A. 기술혁신 촉진(개발·실증·사업화),T5 산학연 연구수행기관(기업·대학·연구소 컨소시엄),I1 R&D 과제 출연(연구개발비),K1 기술개발 과제 수행(연구개발비),S8 콘텐츠·문화·관광·스포츠,S8,1,없음
3035,2024,문화체육관광부,문화기술연구개발(R&D),지능형문화콘텐츠창제작기술개발,8889.0,A. 기술혁신 촉진(개발·실증·사업화),T5 산학연 연구수행기관(기업·대학·연구소 컨소시엄),I1 R&D 과제 출연(연구개발비),K1 기술개발 과제 수행(연구개발비),S8 콘텐츠·문화·관광·스포츠,S8,1,언급
3036,2024,문화체육관광부,문화기술연구개발(R&D),장르별문화기술(CT)전문인력양성,4313.0,F. 전문인력 양성·채용 지원,T5 산학연 연구수행기관(기업·대학·연구소 컨소시엄),I1 R&D 과제 출연(연구개발비),K1 기술개발 과제 수행(연구개발비),S8 콘텐츠·문화·관광·스포츠,S8,1,없음
3037,2024,문화체육관광부,문화기술연구개발(R&D),글로벌문화기술(CT)전문인력양성,3602.0,F. 전문인력 양성·채용 지원,T5 산학연 연구수행기관(기업·대학·연구소 컨소시엄),I1 R&D 과제 출연(연구개발비),K1 기술개발 과제 수행(연구개발비),S8 콘텐츠·문화·관광·스포츠,S8,1,없음
3038,2024,문화체육관광부,게임산업육성,글로벌게임허브센터운영,4216.0,B. 창업·벤처 육성,T7 일반 국민·산업 종사자·창작자,I3 보조금(사업비 보조·매칭),K6 해외진출·수출 지원(전시·상담·현지화),S8 콘텐츠·문화·관광·스포츠,S8;S9,2,없음
3039,2024,문화체육관광부,게임산업육성,게임기업육성,42560.0,C. 수출·해외진출 촉진,T7 일반 국민·산업 종사자·창작자,I3 보조금(사업비 보조·매칭),K6 해외진출·수출 지원(전시·상담·현지화),S8 콘텐츠·문화·관광·스포츠,S8;S9,2,없음
3040,2024,문화체육관광부,영상콘텐츠산업육성,애니메이션산업육성,46522.0,F. 전문인력 양성·채용 지원,T7 일반 국민·산업 종사자·창작자,I3 보조금(사업비 보조·매칭),K5 창업 사업화자금·투자연계·보육,S8 콘텐츠·문화·관광·스포츠,S8,1,없음
3041,2024,문화체육관광부,영상콘텐츠산업육성,캐릭터산업육성,9033.0,B. 창업·벤처 육성,T7 일반 국민·산업 종사자·창작자,I3 보조금(사업비 보조·매칭),K3 지역·사회적경제·창업 활성화 프로그램,S8 콘텐츠·문화·관광·스포츠,S8,1,없음
3042,2024,문화체육관광부,음악산업및대중문화산업육성,음악산업육성,34046.0,H. 경영역량 강화·사업화 지원(컨설팅·마케팅·디자인),T7 일반 국민·산업 종사자·창작자,I3 보조금(사업비 보조·매칭),K7 사업비용 보조(전시·인증·컨설팅·기술도입 비용),S8 콘텐츠·문화·관광·스포츠,S8,1,없음
3043,2024,문화체육관광부,문화콘텐츠투자활성화,완성보증계정출연,25000.0,D. 자금조달·경영안정 지원(융자·보증·비용보전),T7 일반 국민·산업 종사자·창작자,I8 보증·보험(신용보강),K4 자금 융자·보증 제공(운전·시설자금),S8 콘텐츠·문화·관광·스포츠,S8,1,없음
3044,2024,문화체육관광부,콘텐츠산업생태계조성,콘텐츠기업육성지원,16280.0,F. 전문인력 양성·채용 지원,T7 일반 국민·산업 종사자·창작자,I3 보조금(사업비 보조·매칭),K5 창업 사업화자금·투자연계·보육,S8 콘텐츠·문화·관광·스포츠,S8,1,없음
3045,2024,문화체육관광부,콘텐츠산업생태계조성,인프라운영,15221.0,F. 전문인력 양성·채용 지원,T7 일반 국민·산업 종사자·창작자,I3 보조금(사업비 보조·매칭),K3 지역·사회적경제·창업 활성화 프로그램,S8 콘텐츠·문화·관광·스포츠,S8,1,없음
3046,2024,문화체육관광부,지역신문발전지원,지역신문역량지원,4319.0,D. 자금조달·경영안정 지원(융자·보증·비용보전),"T2 중소·벤처기업(특정 요건·단계: 글로벌 진출 희망, 인증, 재직자 등)",I4 융자(정책자금 대출),K3 지역·사회적경제·창업 활성화 프로그램,S0 업종 공통(산업 무관),S0,0,없음
3047,2024,문화체육관광부,종목별경기력향상지원(R&D),종목별경기력향상기술개발,400.0,A. 기술혁신 촉진(개발·실증·사업화),T5 산학연 연구수행기관(기업·대학·연구소 컨소시엄),I1 R&D 과제 출연(연구개발비),K1 기술개발 과제 수행(연구개발비),S0 업종 공통(산업 무관),S0,0,없음
3048,2024,문화체육관광부,종목별경기력향상지원(R&D),장애인스포츠경기력고도화기술개발,400.0,A. 기술혁신 촉진(개발·실증·사업화),T5 산학연 연구수행기관(기업·대학·연구소 컨소시엄),I1 R&D 과제 출연(연구개발비),K1 기술개발 과제 수행(연구개발비),S8 콘텐츠·문화·관광·스포츠,S8,1,없음
3049,2024,문화체육관광부,K-Culture글로벌스타트업육성기술개발(R&D),글로벌K-Culture스타트업혁신성장기술개발,2000.0,A. 기술혁신 촉진(개발·실증·사업화),T5 산학연 연구수행기관(기업·대학·연구소 컨소시엄),I1 R&D 과제 출연(연구개발비),K2 산업 생태계·협력 기반 조성(플랫폼·네트워크),S8 콘텐츠·문화·관광·스포츠,S8,1,없음
3050,2024,문화체육관광부,선도형저작권핵심기술개발(R&D),신기술융합저작권기술개발,3547.0,A. 기술혁신 촉진(개발·실증·사업화),T5 산학연 연구수행기관(기업·대학·연구소 컨소시엄),I1 R&D 과제 출연(연구개발비),K1 기술개발 과제 수행(연구개발비),S0 업종 공통(산업 무관),S0,0,언급
3051,2024,문화체육관광부,선도형저작권핵심기술개발(R&D),저작권기술검증및상용화지원,800.0,A. 기술혁신 촉진(개발·실증·사업화),T5 산학연 연구수행기관(기업·대학·연구소 컨소시엄),I1 R&D 과제 출연(연구개발비),K1 기술개발 과제 수행(연구개발비),S0 업종 공통(산업 무관),S0,0,언급
3052,2024,방송미디어통신위원회,혁신형중소기업방송광고활성화지원,혁신형중소기업광고제작및컨설팅지원,2356.0,H. 경영역량 강화·사업화 지원(컨설팅·마케팅·디자인),T1 중소·중견기업(일반·업종·지역 특정),I3 보조금(사업비 보조·매칭),K7 사업비용 보조(전시·인증·컨설팅·기술도입 비용),S8 콘텐츠·문화·관광·스포츠,S8,1,없음
3053,2024,방송미디어통신위원회,지역밀착형방송광고활성화기반구축,방송광고제작및송출지원,2313.0,H. 경영역량 강화·사업화 지원(컨설팅·마케팅·디자인),T4 소상공인·소공인,I3 보조금(사업비 보조·매칭),K3 지역·사회적경제·창업 활성화 프로그램,S8 콘텐츠·문화·관광·스포츠,S8,1,없음
3054,2024,방송미디어통신위원회,지역밀착형방송광고활성화기반구축,방송광고마케팅컨설팅지원,299.0,H. 경영역량 강화·사업화 지원(컨설팅·마케팅·디자인),T4 소상공인·소공인,I3 보조금(사업비 보조·매칭),K3 지역·사회적경제·창업 활성화 프로그램,S8 콘텐츠·문화·관광·스포츠,S8,1,없음
3055,2024,산림청,임산물수출촉진,글로벌판로개척,2664.0,C. 수출·해외진출 촉진,T9 농어업인·농식품·수산업체,I3 보조금(사업비 보조·매칭),K6 해외진출·수출 지원(전시·상담·현지화),S9 농림축산식품·해양수산,S9,1,없음
3056,2024,산림청,임산물수출촉진,글로벌경쟁력강화,737.0,C. 수출·해외진출 촉진,T9 농어업인·농식품·수산업체,I3 보조금(사업비 보조·매칭),K6 해외진출·수출 지원(전시·상담·현지화),S9 농림축산식품·해양수산,S9,1,없음
3057,2024,산림청,목재자원의고부가가치첨단화기술개발(R&D),목재자원의고부가가치소재개발,2475.0,A. 기술혁신 촉진(개발·실증·사업화),T5 산학연 연구수행기관(기업·대학·연구소 컨소시엄),I1 R&D 과제 출연(연구개발비),K1 기술개발 과제 수행(연구개발비),S7 소재·부품·장비·제조혁신,S7,1,없음
3058,2024,산림청,목재자원의고부가가치첨단화기술개발(R&D),목재자원의고부가가치이용기술개발,2274.0,A. 기술혁신 촉진(개발·실증·사업화),T5 산학연 연구수행기관(기업·대학·연구소 컨소시엄),I1 R&D 과제 출연(연구개발비),K1 기술개발 과제 수행(연구개발비),S0 업종 공통(산업 무관),S0,0,없음
3059,2024,산림청,국산재활용한국형목구조물혁신기술개발(R&D),중고층목구조물요소기술개발,2000.0,A. 기술혁신 촉진(개발·실증·사업화),T5 산학연 연구수행기관(기업·대학·연구소 컨소시엄),I1 R&D 과제 출연(연구개발비),K1 기술개발 과제 수행(연구개발비),S5 에너지·환경,S5,1,없음
3060,2024,산림청,고성능목재수확기계장비개발(R&D),대형목재수확용지능형하베스터개발,2000.0,A. 기술혁신 촉진(개발·실증·사업화),T5 산학연 연구수행기관(기업·대학·연구소 컨소시엄),I2 출연(기관 운영·인프라·위탁 서비스),K11 환경·안전 설비 구축 및 관리,S7 소재·부품·장비·제조혁신,S7,1,없음
3061,2024,식품의약품안전처,HACCP제도활성화,HACCP인증지원,4275.0,E. 생산기반 현대화·친환경 전환(시설·설비),"T2 중소·벤처기업(특정 요건·단계: 글로벌 진출 희망, 인증, 재직자 등)",I3 보조금(사업비 보조·매칭),K8 컨설팅·인증·시험·홍보 서비스 제공,S0 업종 공통(산업 무관),S0,0,없음
3062,2024,식품의약품안전처,HACCP제도활성화,소규모식품업체맞춤형현장지도,519.0,E. 생산기반 현대화·친환경 전환(시설·설비),"T2 중소·벤처기업(특정 요건·단계: 글로벌 진출 희망, 인증, 재직자 등)",I3 보조금(사업비 보조·매칭),K8 컨설팅·인증·시험·홍보 서비스 제공,S9 농림축산식품·해양수산,S9,1,없음
3063,2024,식품의약품안전처,한국의료기기안전정보원지원,의료기기품질관리및최신규제정보제공,136.0,F. 전문인력 양성·채용 지원,T7 일반 국민·산업 종사자·창작자,I10 직접 수행(직접사업),K8 컨설팅·인증·시험·홍보 서비스 제공,S4 바이오·헬스,S4,1,없음
3064,2024,식품의약품안전처,의약품품질고도화,의약품허가특허연계제도운영,500.0,D. 자금조달·경영안정 지원(융자·보증·비용보전),T7 일반 국민·산업 종사자·창작자,I10 직접 수행(직접사업),K8 컨설팅·인증·시험·홍보 서비스 제공,S4 바이오·헬스,S4,1,없음
3065,2024,식품의약품안전처,"신기술적용식품(푸드테크)안전기술지원(R&D,신규)",대체식품의소재생산안전기술개발,1214.0,A. 기술혁신 촉진(개발·실증·사업화),T7 일반 국민·산업 종사자·창작자,I1 R&D 과제 출연(연구개발비),K1 기술개발 과제 수행(연구개발비),S7 소재·부품·장비·제조혁신,S7;S9,2,언급
3066,2024,식품의약품안전처,"신기술적용식품(푸드테크)안전기술지원(R&D,신규)",빅데이터AI기반푸드테크유통소비안전기술개발,400.0,A. 기술혁신 촉진(개발·실증·사업화),T7 일반 국민·산업 종사자·창작자,I1 R&D 과제 출연(연구개발비),K1 기술개발 과제 수행(연구개발비),S1 인공지능(AI)·데이터,S1;S7;S9;S10,4,핵심
3067,2024,식품의약품안전처,혁신의료제품규제과학기술개발및규제지원(R&D),혁신의료제품규제과학기술개발,3000.0,A. 기술혁신 촉진(개발·실증·사업화),T7 일반 국민·산업 종사자·창작자,I1 R&D 과제 출연(연구개발비),K1 기술개발 과제 수행(연구개발비),S4 바이오·헬스,S4,1,없음
3068,2024,산업통상부,신기술제품인증,신기술인증등지원,1896.0,E. 생산기반 현대화·친환경 전환(시설·설비),"T8 수요·제도 연계 사업체 및 공공기관(수요기업, 설비 설치자, 지자체 등)",I10 직접 수행(직접사업),K8 컨설팅·인증·시험·홍보 서비스 제공,S0 업종 공통(산업 무관),S0,0,없음
3069,2024,산업통상부,신기술제품인증,인증제품판로지원및확산,281.0,E. 생산기반 현대화·친환경 전환(시설·설비),"T8 수요·제도 연계 사업체 및 공공기관(수요기업, 설비 설치자, 지자체 등)",I10 직접 수행(직접사업),K8 컨설팅·인증·시험·홍보 서비스 제공,S0 업종 공통(산업 무관),S0,0,없음
3070,2024,산업통상부,전자부품산업기술개발(R&D),디스플레이혁신공정플랫폼구축,44464.0,A. 기술혁신 촉진(개발·실증·사업화),T5 산학연 연구수행기관(기업·대학·연구소 컨소시엄),I1 R&D 과제 출연(연구개발비),K1 기술개발 과제 수행(연구개발비),S3 반도체·디스플레이,S3;S7,2,없음
3071,2024,산업통상부,전자부품산업기술개발(R&D),첨단전략산업초격차기술개발(반도체),19800.0,A. 기술혁신 촉진(개발·실증·사업화),T5 산학연 연구수행기관(기업·대학·연구소 컨소시엄),I1 R&D 과제 출연(연구개발비),K1 기술개발 과제 수행(연구개발비),S3 반도체·디스플레이,S3;S7,2,없음
3072,2024,산업통상부,전자부품산업기술개발(R&D),첨단전략산업초격차기술개발(디스플레이),20200.0,A. 기술혁신 촉진(개발·실증·사업화),T5 산학연 연구수행기관(기업·대학·연구소 컨소시엄),I1 R&D 과제 출연(연구개발비),K1 기술개발 과제 수행(연구개발비),S3 반도체·디스플레이,S3;S7,2,없음
3073,2024,산업통상부,전자부품산업기술개발(R&D),첨단나노소재적용미래전략산업수요연계기술개발,5400.0,A. 기술혁신 촉진(개발·실증·사업화),T5 산학연 연구수행기관(기업·대학·연구소 컨소시엄),I1 R&D 과제 출연(연구개발비),K1 기술개발 과제 수행(연구개발비),S7 소재·부품·장비·제조혁신,S7,1,없음
3074,2024,산업통상부,전자부품산업기술개발(R&D),차세대우주항공용고신뢰성통신네트워크반도체기술개발,3000.0,A. 기술혁신 촉진(개발·실증·사업화),T5 산학연 연구수행기관(기업·대학·연구소 컨소시엄),I1 R&D 과제 출연(연구개발비),K1 기술개발 과제 수행(연구개발비),S6 모빌리티·항공우주·조선,S2;S3;S6;S7,4,없음
3075,2024,산업통상부,전자부품산업기술개발(R&D),차세대시스템반도체설계·소자·공정기술개발,6000.0,A. 기술혁신 촉진(개발·실증·사업화),T5 산학연 연구수행기관(기업·대학·연구소 컨소시엄),I1 R&D 과제 출연(연구개발비),K1 기술개발 과제 수행(연구개발비),S3 반도체·디스플레이,S3;S7,2,없음
3076,2024,산업통상부,전자부품산업기술개발(R&D),초대형마이크로LED모듈러디스플레이,7024.0,A. 기술혁신 촉진(개발·실증·사업화),T5 산학연 연구수행기관(기업·대학·연구소 컨소시엄),I2 출연(기관 운영·인프라·위탁 서비스),K1 기술개발 과제 수행(연구개발비),S3 반도체·디스플레이,S3;S7,2,없음
3077,2024,산업통상부,전자부품산업기술개발(R&D),주력산업IT융합,22019.0,A. 기술혁신 촉진(개발·실증·사업화),T5 산학연 연구수행기관(기업·대학·연구소 컨소시엄),I1 R&D 과제 출연(연구개발비),K1 기술개발 과제 수행(연구개발비),S7 소재·부품·장비·제조혁신,S1;S7,2,활용
3078,2024,산업통상부,전자부품산업기술개발(R&D),신시장창출형디스플레이기술개발및실증,6800.0,A. 기술혁신 촉진(개발·실증·사업화),T5 산학연 연구수행기관(기업·대학·연구소 컨소시엄),I1 R&D 과제 출연(연구개발비),K1 기술개발 과제 수행(연구개발비),S3 반도체·디스플레이,S3;S7,2,없음
3079,2024,산업통상부,전자부품산업기술개발(R&D),메타버스를위한마이크로디스플레이기술개발,3700.0,A. 기술혁신 촉진(개발·실증·사업화),T5 산학연 연구수행기관(기업·대학·연구소 컨소시엄),I1 R&D 과제 출연(연구개발비),K1 기술개발 과제 수행(연구개발비),S2 디지털·SW·정보통신,S2;S3;S7,3,없음
3080,2024,산업통상부,전자부품산업기술개발(R&D),고성능차세대디스플레이로의전환을위한미래핵심기술개발,1396.0,A. 기술혁신 촉진(개발·실증·사업화),T5 산학연 연구수행기관(기업·대학·연구소 컨소시엄),I1 R&D 과제 출연(연구개발비),K1 기술개발 과제 수행(연구개발비),S3 반도체·디스플레이,S3;S7,2,없음
3081,2024,산업통상부,전자부품산업기술개발(R&D),OLED한계돌파형상용화제품을위한기술개발,3750.0,A. 기술혁신 촉진(개발·실증·사업화),T5 산학연 연구수행기관(기업·대학·연구소 컨소시엄),I1 R&D 과제 출연(연구개발비),K1 기술개발 과제 수행(연구개발비),S7 소재·부품·장비·제조혁신,S7,1,없음
3082,2024,산업통상부,전자부품산업기술개발(R&D),해외시장진출을위한수출연계형시스템반도체기술개발(R&D),6500.0,C. 수출·해외진출 촉진,T5 산학연 연구수행기관(기업·대학·연구소 컨소시엄),I1 R&D 과제 출연(연구개발비),K6 해외진출·수출 지원(전시·상담·현지화),S3 반도체·디스플레이,S3;S7,2,없음
3083,2024,산업통상부,소재·부품·장비산업연계XR실증단지구축사업,소재·부품·장비산업연계XR실증단지구축사업,4740.0,A. 기술혁신 촉진(개발·실증·사업화),"T8 수요·제도 연계 사업체 및 공공기관(수요기업, 설비 설치자, 지자체 등)",I3 보조금(사업비 보조·매칭),K7 사업비용 보조(전시·인증·컨설팅·기술도입 비용),S7 소재·부품·장비·제조혁신,S7,1,없음
3084,2024,산업통상부,나노제품성능안전평가기술개발및기업지원사업,나노제품성능안전평가기술개발및기업지원,2052.0,C. 수출·해외진출 촉진,T1 중소·중견기업(일반·업종·지역 특정),I1 R&D 과제 출연(연구개발비),K1 기술개발 과제 수행(연구개발비),S7 소재·부품·장비·제조혁신,S7,1,없음
3085,2024,산업통상부,나노융합현장수요기반실증지원사업,나노융합현장수요기반실증지원,520.0,A. 기술혁신 촉진(개발·실증·사업화),T1 중소·중견기업(일반·업종·지역 특정),I2 출연(기관 운영·인프라·위탁 서비스),K1 기술개발 과제 수행(연구개발비),S7 소재·부품·장비·제조혁신,S7,1,없음
3086,2024,산업통상부,PIM인공지능반도체핵심기술개발(R&D),PIM인공지능반도체핵심기술개발(R&D),18360.0,A. 기술혁신 촉진(개발·실증·사업화),T5 산학연 연구수행기관(기업·대학·연구소 컨소시엄),I1 R&D 과제 출연(연구개발비),K1 기술개발 과제 수행(연구개발비),S1 인공지능(AI)·데이터,S1;S3;S7,3,핵심
3087,2024,산업통상부,시장선도를위한한국주도형K-Sensor기술개발(R&D),시장주도형K-센서기술개발,28668.0,A. 기술혁신 촉진(개발·실증·사업화),T5 산학연 연구수행기관(기업·대학·연구소 컨소시엄),I1 R&D 과제 출연(연구개발비),K1 기술개발 과제 수행(연구개발비),S0 업종 공통(산업 무관),S0,0,없음
3088,2024,산업통상부,차세대지능형반도체기술개발(설계·제조)(R&D),시스템반도체상용화설계,32442.0,A. 기술혁신 촉진(개발·실증·사업화),T5 산학연 연구수행기관(기업·대학·연구소 컨소시엄),I2 출연(기관 운영·인프라·위탁 서비스),K1 기술개발 과제 수행(연구개발비),S3 반도체·디스플레이,S3,1,없음
3089,2024,산업통상부,차세대지능형반도체기술개발(설계·제조)(R&D),반도체제조공정장비,29565.0,A. 기술혁신 촉진(개발·실증·사업화),T5 산학연 연구수행기관(기업·대학·연구소 컨소시엄),I1 R&D 과제 출연(연구개발비),K1 기술개발 과제 수행(연구개발비),S7 소재·부품·장비·제조혁신,S3;S7,2,없음
3090,2024,산업통상부,차세대지능형반도체기술개발(설계·제조)(R&D),사업단운영비,900.0,A. 기술혁신 촉진(개발·실증·사업화),T5 산학연 연구수행기관(기업·대학·연구소 컨소시엄),I1 R&D 과제 출연(연구개발비),K2 산업 생태계·협력 기반 조성(플랫폼·네트워크),S3 반도체·디스플레이,S3,1,없음
3091,2024,산업통상부,시스템반도체핵심IP개발(R&D),시스템반도체핵심IP개발,1122.0,A. 기술혁신 촉진(개발·실증·사업화),T5 산학연 연구수행기관(기업·대학·연구소 컨소시엄),I2 출연(기관 운영·인프라·위탁 서비스),K1 기술개발 과제 수행(연구개발비),S3 반도체·디스플레이,S3,1,없음
3092,2024,산업통상부,전략제품창출글로벌K-팹리스육성기술개발,글로벌스타팹리스30기술개발지원,3328.0,A. 기술혁신 촉진(개발·실증·사업화),T5 산학연 연구수행기관(기업·대학·연구소 컨소시엄),I1 R&D 과제 출연(연구개발비),K2 산업 생태계·협력 기반 조성(플랫폼·네트워크),S3 반도체·디스플레이,S3,1,없음
3093,2024,산업통상부,화합물소재기반차세대전력반도체기술개발사업(R&D),화합물소재기반차세대전력반도체기술개발,7393.0,A. 기술혁신 촉진(개발·실증·사업화),T5 산학연 연구수행기관(기업·대학·연구소 컨소시엄),I1 R&D 과제 출연(연구개발비),K1 기술개발 과제 수행(연구개발비),S5 에너지·환경,S3;S5;S7,3,없음
3094,2024,산업통상부,중소조선스마트생산혁신지원,중소조선스마트생산혁신지원,4000.0,H. 경영역량 강화·사업화 지원(컨설팅·마케팅·디자인),T7 일반 국민·산업 종사자·창작자,I2 출연(기관 운영·인프라·위탁 서비스),K9 교육·훈련 과정 운영,S6 모빌리티·항공우주·조선,S6,1,없음
3095,2024,산업통상부,자동차산업기술개발(R&D),그린카,132050.0,A. 기술혁신 촉진(개발·실증·사업화),T5 산학연 연구수행기관(기업·대학·연구소 컨소시엄),I1 R&D 과제 출연(연구개발비),K1 기술개발 과제 수행(연구개발비),S6 모빌리티·항공우주·조선,S2;S5;S6;S7,4,언급
3096,2024,산업통상부,자동차산업기술개발(R&D),초소형전기차산업및서비스육성실증지원,2049.0,A. 기술혁신 촉진(개발·실증·사업화),T5 산학연 연구수행기관(기업·대학·연구소 컨소시엄),I1 R&D 과제 출연(연구개발비),K1 기술개발 과제 수행(연구개발비),S6 모빌리티·항공우주·조선,S2;S5;S6;S7,4,언급
3097,2024,산업통상부,자동차산업기술개발(R&D),상용차산업혁신성장및미래형산업생태계구축,5232.0,A. 기술혁신 촉진(개발·실증·사업화),T5 산학연 연구수행기관(기업·대학·연구소 컨소시엄),I1 R&D 과제 출연(연구개발비),K8 컨설팅·인증·시험·홍보 서비스 제공,S6 모빌리티·항공우주·조선,S2;S5;S6;S7,4,언급
3098,2024,산업통상부,자동차산업기술개발(R&D),수요맞춤형전기다목적자동차개발사업,2536.0,A. 기술혁신 촉진(개발·실증·사업화),T5 산학연 연구수행기관(기업·대학·연구소 컨소시엄),I1 R&D 과제 출연(연구개발비),K8 컨설팅·인증·시험·홍보 서비스 제공,S6 모빌리티·항공우주·조선,S2;S5;S6;S7,4,언급
3099,2024,산업통상부,친환경차보급촉진을위한이차보전사업,자동차부품기업대출이차보전,2402.0,D. 자금조달·경영안정 지원(융자·보증·비용보전),"T8 수요·제도 연계 사업체 및 공공기관(수요기업, 설비 설치자, 지자체 등)",I2 출연(기관 운영·인프라·위탁 서비스),K4 자금 융자·보증 제공(운전·시설자금),S5 에너지·환경,S5;S6;S7,3,없음
3100,2024,산업통상부,수평적EV(전기차)산업생태계조성,수평적EV(전기차)산업생태계조성,2450.0,A. 기술혁신 촉진(개발·실증·사업화),T5 산학연 연구수행기관(기업·대학·연구소 컨소시엄),I2 출연(기관 운영·인프라·위탁 서비스),K8 컨설팅·인증·시험·홍보 서비스 제공,S6 모빌리티·항공우주·조선,S6;S7,2,없음
3101,2024,산업통상부,디지털융합자동차부품혁신지원센터구축,디지털융합자동차부품혁신지원센터구축,970.0,A. 기술혁신 촉진(개발·실증·사업화),"T8 수요·제도 연계 사업체 및 공공기관(수요기업, 설비 설치자, 지자체 등)",I2 출연(기관 운영·인프라·위탁 서비스),K1 기술개발 과제 수행(연구개발비),S6 모빌리티·항공우주·조선,S6;S7,2,없음
3102,2024,산업통상부,수요기반협력사밸류체인고도화및자립화패키지지원,수요기반협력사밸류체인고도화및자립화패키지지원사업,2219.0,A. 기술혁신 촉진(개발·실증·사업화),T5 산학연 연구수행기관(기업·대학·연구소 컨소시엄),I1 R&D 과제 출연(연구개발비),K8 컨설팅·인증·시험·홍보 서비스 제공,S7 소재·부품·장비·제조혁신,S7,1,없음
3103,2024,산업통상부,바이오나노산업개방형생태계조성촉진,바이오사업화지원,17191.0,C. 수출·해외진출 촉진,T5 산학연 연구수행기관(기업·대학·연구소 컨소시엄),I6 혼합(출연+보조+직접 등 복수 형태),K7 사업비용 보조(전시·인증·컨설팅·기술도입 비용),S4 바이오·헬스,S4;S7,2,언급
3104,2024,산업통상부,백신실증지원센터활용백신산업화기업지원사업,백신실증지원센터활용백신산업화기업지원사업,3949.0,E. 생산기반 현대화·친환경 전환(시설·설비),T5 산학연 연구수행기관(기업·대학·연구소 컨소시엄),I3 보조금(사업비 보조·매칭),K2 산업 생태계·협력 기반 조성(플랫폼·네트워크),S4 바이오·헬스,S4,1,없음
3105,2024,산업통상부,바이오산업기술개발(R&D),맞춤형진단·치료제품,31834.0,A. 기술혁신 촉진(개발·실증·사업화),T5 산학연 연구수행기관(기업·대학·연구소 컨소시엄),I1 R&D 과제 출연(연구개발비),K1 기술개발 과제 수행(연구개발비),S4 바이오·헬스,S4,1,언급
3106,2024,산업통상부,바이오산업기술개발(R&D),디지털헬스케어,40654.0,A. 기술혁신 촉진(개발·실증·사업화),T5 산학연 연구수행기관(기업·대학·연구소 컨소시엄),I1 R&D 과제 출연(연구개발비),K7 사업비용 보조(전시·인증·컨설팅·기술도입 비용),S4 바이오·헬스,S2;S4,2,언급
3107,2024,산업통상부,바이오산업기술개발(R&D),첨단바이오신소재,33804.0,A. 기술혁신 촉진(개발·실증·사업화),T5 산학연 연구수행기관(기업·대학·연구소 컨소시엄),I2 출연(기관 운영·인프라·위탁 서비스),K1 기술개발 과제 수행(연구개발비),S4 바이오·헬스,S4;S7,2,언급
3108,2024,산업통상부,지능형로봇보급및확산,서비스로봇실증,9322.0,A. 기술혁신 촉진(개발·실증·사업화),"T2 중소·벤처기업(특정 요건·단계: 글로벌 진출 희망, 인증, 재직자 등)",I2 출연(기관 운영·인프라·위탁 서비스),K7 사업비용 보조(전시·인증·컨설팅·기술도입 비용),S7 소재·부품·장비·제조혁신,S7,1,없음
3109,2024,산업통상부,지능형로봇보급및확산,기업성장성강화,10952.0,C. 수출·해외진출 촉진,"T2 중소·벤처기업(특정 요건·단계: 글로벌 진출 희망, 인증, 재직자 등)",I2 출연(기관 운영·인프라·위탁 서비스),K7 사업비용 보조(전시·인증·컨설팅·기술도입 비용),S7 소재·부품·장비·제조혁신,S7,1,없음
3110,2024,산업통상부,미래형자동차튜닝부품기술개발(R&D),기술개발,1350.0,A. 기술혁신 촉진(개발·실증·사업화),T5 산학연 연구수행기관(기업·대학·연구소 컨소시엄),I1 R&D 과제 출연(연구개발비),K1 기술개발 과제 수행(연구개발비),S7 소재·부품·장비·제조혁신,S6;S7,2,없음
3111,2024,산업통상부,빅데이터기반자동차전장부품신뢰성기술고도화(R&D),기반조성,1986.0,A. 기술혁신 촉진(개발·실증·사업화),T5 산학연 연구수행기관(기업·대학·연구소 컨소시엄),I2 출연(기관 운영·인프라·위탁 서비스),K1 기술개발 과제 수행(연구개발비),S7 소재·부품·장비·제조혁신,S1;S6;S7,3,없음
3112,2024,산업통상부,글로벌주력산업품질대응뿌리기술개발사업,글로벌주력산업품질대응뿌리기술개발사업,1983.0,A. 기술혁신 촉진(개발·실증·사업화),T5 산학연 연구수행기관(기업·대학·연구소 컨소시엄),I1 R&D 과제 출연(연구개발비),K1 기술개발 과제 수행(연구개발비),S7 소재·부품·장비·제조혁신,S7,1,없음
3113,2024,산업통상부,뿌리산업경쟁력강화지원,특화단지지원,6920.0,H. 경영역량 강화·사업화 지원(컨설팅·마케팅·디자인),T1 중소·중견기업(일반·업종·지역 특정),I2 출연(기관 운영·인프라·위탁 서비스),K6 해외진출·수출 지원(전시·상담·현지화),S7 소재·부품·장비·제조혁신,S5;S7,2,없음
3114,2024,산업통상부,뿌리산업경쟁력강화지원,지능형뿌리공정시스템구축,4740.0,A. 기술혁신 촉진(개발·실증·사업화),T1 중소·중견기업(일반·업종·지역 특정),I2 출연(기관 운영·인프라·위탁 서비스),K1 기술개발 과제 수행(연구개발비),S7 소재·부품·장비·제조혁신,S5;S7,2,없음
3115,2024,산업통상부,소재부품기술개발(R&D),소재부품패키지형,819614.0,A. 기술혁신 촉진(개발·실증·사업화),T5 산학연 연구수행기관(기업·대학·연구소 컨소시엄),I1 R&D 과제 출연(연구개발비),K1 기술개발 과제 수행(연구개발비),S7 소재·부품·장비·제조혁신,S7,1,없음
3116,2024,산업통상부,소재부품기술개발(R&D),소재부품이종기술융합형,186513.0,A. 기술혁신 촉진(개발·실증·사업화),T5 산학연 연구수행기관(기업·대학·연구소 컨소시엄),I1 R&D 과제 출연(연구개발비),K1 기술개발 과제 수행(연구개발비),S7 소재·부품·장비·제조혁신,S7,1,없음
3117,2024,산업통상부,소재부품기술개발(R&D),첨단전략산업초격차(이차전지),16000.0,A. 기술혁신 촉진(개발·실증·사업화),T5 산학연 연구수행기관(기업·대학·연구소 컨소시엄),I1 R&D 과제 출연(연구개발비),K1 기술개발 과제 수행(연구개발비),S5 에너지·환경,S5;S6;S7,3,없음
3118,2024,산업통상부,소재부품산업기술개발기반구축(R&D),소재부품기술기반혁신,189720.0,A. 기술혁신 촉진(개발·실증·사업화),T5 산학연 연구수행기관(기업·대학·연구소 컨소시엄),I1 R&D 과제 출연(연구개발비),K1 기술개발 과제 수행(연구개발비),S7 소재·부품·장비·제조혁신,S7,1,언급
3119,2024,산업통상부,산업맞춤형전문기술인력양성,재직자맞춤형기술교육,2030.0,H. 경영역량 강화·사업화 지원(컨설팅·마케팅·디자인),"T2 중소·벤처기업(특정 요건·단계: 글로벌 진출 희망, 인증, 재직자 등)",I2 출연(기관 운영·인프라·위탁 서비스),K9 교육·훈련 과정 운영,S7 소재·부품·장비·제조혁신,S7,1,없음
3120,2024,산업통상부,산업맞춤형전문기술인력양성,특화단지재직자교육,2700.0,H. 경영역량 강화·사업화 지원(컨설팅·마케팅·디자인),"T2 중소·벤처기업(특정 요건·단계: 글로벌 진출 희망, 인증, 재직자 등)",I2 출연(기관 운영·인프라·위탁 서비스),K9 교육·훈련 과정 운영,S7 소재·부품·장비·제조혁신,S7,1,없음
3121,2024,산업통상부,산업맞춤형전문기술인력양성,연구인력활용기술자문,521.0,A. 기술혁신 촉진(개발·실증·사업화),"T2 중소·벤처기업(특정 요건·단계: 글로벌 진출 희망, 인증, 재직자 등)",I1 R&D 과제 출연(연구개발비),K8 컨설팅·인증·시험·홍보 서비스 제공,S7 소재·부품·장비·제조혁신,S7,1,없음
3122,2024,산업통상부,몬트리올의정서대응,특정물질기술지원및관리체계구축,608.0,A. 기술혁신 촉진(개발·실증·사업화),"T2 중소·벤처기업(특정 요건·단계: 글로벌 진출 희망, 인증, 재직자 등)",I3 보조금(사업비 보조·매칭),K2 산업 생태계·협력 기반 조성(플랫폼·네트워크),S0 업종 공통(산업 무관),S0,0,없음
3123,2024,산업통상부,산업기술국제협력(R&D),국제공동기술개발,103594.0,A. 기술혁신 촉진(개발·실증·사업화),"T8 수요·제도 연계 사업체 및 공공기관(수요기업, 설비 설치자, 지자체 등)",I1 R&D 과제 출연(연구개발비),K1 기술개발 과제 수행(연구개발비),S0 업종 공통(산업 무관),S0,0,없음
3124,2024,산업통상부,유통물류기반조성,코리아세일페스타,1862.0,C. 수출·해외진출 촉진,T7 일반 국민·산업 종사자·창작자,I3 보조금(사업비 보조·매칭),K6 해외진출·수출 지원(전시·상담·현지화),S10 유통·물류·생활서비스,S10,1,없음
3125,2024,산업통상부,우수기업연구소육성사업(ATC+)(R&D),우수기업연구소육성사업(ATC+),37400.0,A. 기술혁신 촉진(개발·실증·사업화),T5 산학연 연구수행기관(기업·대학·연구소 컨소시엄),I1 R&D 과제 출연(연구개발비),K1 기술개발 과제 수행(연구개발비),S0 업종 공통(산업 무관),S0,0,없음
3126,2024,산업통상부,생활산업경쟁력강화,한국안경산업고도화육성,1400.0,C. 수출·해외진출 촉진,"T8 수요·제도 연계 사업체 및 공공기관(수요기업, 설비 설치자, 지자체 등)",I6 혼합(출연+보조+직접 등 복수 형태),K2 산업 생태계·협력 기반 조성(플랫폼·네트워크),S0 업종 공통(산업 무관),S0,0,없음
3127,2024,산업통상부,생활산업경쟁력강화,3D융합안경테제조기반구축,220.0,A. 기술혁신 촉진(개발·실증·사업화),"T8 수요·제도 연계 사업체 및 공공기관(수요기업, 설비 설치자, 지자체 등)",I6 혼합(출연+보조+직접 등 복수 형태),K1 기술개발 과제 수행(연구개발비),S7 소재·부품·장비·제조혁신,S7,1,없음
3128,2024,산업통상부,생활산업경쟁력강화,퍼스널케어융합얼라이언스육성,300.0,A. 기술혁신 촉진(개발·실증·사업화),"T8 수요·제도 연계 사업체 및 공공기관(수요기업, 설비 설치자, 지자체 등)",I6 혼합(출연+보조+직접 등 복수 형태),K8 컨설팅·인증·시험·홍보 서비스 제공,S0 업종 공통(산업 무관),S0,0,언급
3129,2024,산업통상부,디자인산업기술개발,디자인혁신역량강화,19982.0,H. 경영역량 강화·사업화 지원(컨설팅·마케팅·디자인),T5 산학연 연구수행기관(기업·대학·연구소 컨소시엄),I1 R&D 과제 출연(연구개발비),K1 기술개발 과제 수행(연구개발비),S0 업종 공통(산업 무관),S0,0,언급
3130,2024,산업통상부,디자인산업진흥,디자인수요기반확충,10747.0,H. 경영역량 강화·사업화 지원(컨설팅·마케팅·디자인),"T2 중소·벤처기업(특정 요건·단계: 글로벌 진출 희망, 인증, 재직자 등)",I2 출연(기관 운영·인프라·위탁 서비스),K3 지역·사회적경제·창업 활성화 프로그램,S0 업종 공통(산업 무관),S0,0,없음
3131,2024,산업통상부,디자인산업진흥,지속가능디자인지원(前사회적기업디자인,1631.0,H. 경영역량 강화·사업화 지원(컨설팅·마케팅·디자인),"T2 중소·벤처기업(특정 요건·단계: 글로벌 진출 희망, 인증, 재직자 등)",I2 출연(기관 운영·인프라·위탁 서비스),K3 지역·사회적경제·창업 활성화 프로그램,S0 업종 공통(산업 무관),S0,0,없음
3132,2024,산업통상부,디자인산업진흥,디자인기술협업활성화(前디자인주도의혁신기업육성),6800.0,H. 경영역량 강화·사업화 지원(컨설팅·마케팅·디자인),"T2 중소·벤처기업(특정 요건·단계: 글로벌 진출 희망, 인증, 재직자 등)",I2 출연(기관 운영·인프라·위탁 서비스),K8 컨설팅·인증·시험·홍보 서비스 제공,S0 업종 공통(산업 무관),S0,0,없음
3133,2024,산업통상부,디자인산업진흥,디자인제조기업혁신,8396.0,H. 경영역량 강화·사업화 지원(컨설팅·마케팅·디자인),"T2 중소·벤처기업(특정 요건·단계: 글로벌 진출 희망, 인증, 재직자 등)",I2 출연(기관 운영·인프라·위탁 서비스),K2 산업 생태계·협력 기반 조성(플랫폼·네트워크),S7 소재·부품·장비·제조혁신,S7,1,없음
3134,2024,산업통상부,지식서비스기반구축,이러닝산업활성화,725.0,C. 수출·해외진출 촉진,"T2 중소·벤처기업(특정 요건·단계: 글로벌 진출 희망, 인증, 재직자 등)",I2 출연(기관 운영·인프라·위탁 서비스),K6 해외진출·수출 지원(전시·상담·현지화),S0 업종 공통(산업 무관),S0,0,없음
3135,2024,산업통상부,기술성과활용촉진,기술이전사업화기반구축,4548.0,A. 기술혁신 촉진(개발·실증·사업화),T5 산학연 연구수행기관(기업·대학·연구소 컨소시엄),I1 R&D 과제 출연(연구개발비),K2 산업 생태계·협력 기반 조성(플랫폼·네트워크),S0 업종 공통(산업 무관),S0,0,없음
3136,2024,산업통상부,기술성과활용촉진,국가기술거래플랫폼서비스,3000.0,A. 기술혁신 촉진(개발·실증·사업화),T5 산학연 연구수행기관(기업·대학·연구소 컨소시엄),I1 R&D 과제 출연(연구개발비),K5 창업 사업화자금·투자연계·보육,S0 업종 공통(산업 무관),S0,0,없음
3137,2024,산업통상부,지역혁신클러스터육성(R&D)(세종),지역혁신클러스터고도화(세종),1992.0,A. 기술혁신 촉진(개발·실증·사업화),T5 산학연 연구수행기관(기업·대학·연구소 컨소시엄),I2 출연(기관 운영·인프라·위탁 서비스),K2 산업 생태계·협력 기반 조성(플랫폼·네트워크),S0 업종 공통(산업 무관),S0,0,없음
3138,2024,산업통상부,지역혁신클러스터육성(R&D)(세종),거점기관개방형혁신(세종),900.0,A. 기술혁신 촉진(개발·실증·사업화),T5 산학연 연구수행기관(기업·대학·연구소 컨소시엄),I2 출연(기관 운영·인프라·위탁 서비스),K2 산업 생태계·협력 기반 조성(플랫폼·네트워크),S0 업종 공통(산업 무관),S0,0,없음
3139,2024,산업통상부,지역혁신클러스터육성(R&D),거점기관개방형혁신,9538.0,A. 기술혁신 촉진(개발·실증·사업화),T5 산학연 연구수행기관(기업·대학·연구소 컨소시엄),I2 출연(기관 운영·인프라·위탁 서비스),K2 산업 생태계·협력 기반 조성(플랫폼·네트워크),S0 업종 공통(산업 무관),S0,0,없음
3140,2024,산업통상부,지역혁신클러스터육성(R&D),지역혁신클러스터고도화,26651.0,A. 기술혁신 촉진(개발·실증·사업화),T5 산학연 연구수행기관(기업·대학·연구소 컨소시엄),I1 R&D 과제 출연(연구개발비),K2 산업 생태계·협력 기반 조성(플랫폼·네트워크),S0 업종 공통(산업 무관),S0,0,없음
3141,2024,산업통상부,산학융합지구조성사업,산학융합촉진지원,13244.0,H. 경영역량 강화·사업화 지원(컨설팅·마케팅·디자인),"T2 중소·벤처기업(특정 요건·단계: 글로벌 진출 희망, 인증, 재직자 등)",I1 R&D 과제 출연(연구개발비),K9 교육·훈련 과정 운영,S0 업종 공통(산업 무관),S0,0,없음
3142,2024,산업통상부,산업집적지경쟁력강화(R&D),R&BD네트워크구축운영,15628.0,A. 기술혁신 촉진(개발·실증·사업화),T5 산학연 연구수행기관(기업·대학·연구소 컨소시엄),I1 R&D 과제 출연(연구개발비),K2 산업 생태계·협력 기반 조성(플랫폼·네트워크),S0 업종 공통(산업 무관),S0,0,없음
3143,2024,산업통상부,산업집적지경쟁력강화(R&D),지역선도산업단지연계협력,780.0,A. 기술혁신 촉진(개발·실증·사업화),T5 산학연 연구수행기관(기업·대학·연구소 컨소시엄),I1 R&D 과제 출연(연구개발비),K2 산업 생태계·협력 기반 조성(플랫폼·네트워크),S0 업종 공통(산업 무관),S0,0,없음
3144,2024,산업통상부,지역혁신클러스터육성,지역혁신클러스터육성,9000.0,H. 경영역량 강화·사업화 지원(컨설팅·마케팅·디자인),T5 산학연 연구수행기관(기업·대학·연구소 컨소시엄),I1 R&D 과제 출연(연구개발비),K5 창업 사업화자금·투자연계·보육,S0 업종 공통(산업 무관),S0,0,없음
3145,2024,산업통상부,지역투자촉진,지방투자촉진보조금,207862.0,G. 고용 창출·유지 및 노동환경 개선,"T8 수요·제도 연계 사업체 및 공공기관(수요기업, 설비 설치자, 지자체 등)",I3 보조금(사업비 보조·매칭),K3 지역·사회적경제·창업 활성화 프로그램,S0 업종 공통(산업 무관),S0,0,없음
3146,2024,산업통상부,지역투자촉진(세종),지방투자촉진보조금(세종),3860.0,G. 고용 창출·유지 및 노동환경 개선,"T8 수요·제도 연계 사업체 및 공공기관(수요기업, 설비 설치자, 지자체 등)",I3 보조금(사업비 보조·매칭),K3 지역·사회적경제·창업 활성화 프로그램,S0 업종 공통(산업 무관),S0,0,없음
3147,2024,산업통상부,중견기업재도약지원사업(R&D),중견기업재도약지원,3550.0,A. 기술혁신 촉진(개발·실증·사업화),T1 중소·중견기업(일반·업종·지역 특정),I1 R&D 과제 출연(연구개발비),K1 기술개발 과제 수행(연구개발비),S0 업종 공통(산업 무관),S0,0,없음
3148,2024,산업통상부,가스안전관리(융자),가스안전관리(융자),4726.0,D. 자금조달·경영안정 지원(융자·보증·비용보전),"T2 중소·벤처기업(특정 요건·단계: 글로벌 진출 희망, 인증, 재직자 등)",I4 융자(정책자금 대출),K4 자금 융자·보증 제공(운전·시설자금),S0 업종 공통(산업 무관),S0,0,없음
3149,2024,산업통상부,장기사용석유저장시설안전관리융자,장기사용석유저장시설안전관리융자,2216.0,E. 생산기반 현대화·친환경 전환(시설·설비),"T8 수요·제도 연계 사업체 및 공공기관(수요기업, 설비 설치자, 지자체 등)",I4 융자(정책자금 대출),K4 자금 융자·보증 제공(운전·시설자금),S0 업종 공통(산업 무관),S0,0,없음
3150,2024,산업통상부,에너지수요관리핵심기술개발(R&D),에너지효율향상,4000.0,E. 생산기반 현대화·친환경 전환(시설·설비),T5 산학연 연구수행기관(기업·대학·연구소 컨소시엄),I1 R&D 과제 출연(연구개발비),K7 사업비용 보조(전시·인증·컨설팅·기술도입 비용),S5 에너지·환경,S5,1,없음
3151,2024,산업통상부,에너지수요관리핵심기술개발(R&D),에너지효율혁신기술개발,144775.0,A. 기술혁신 촉진(개발·실증·사업화),T5 산학연 연구수행기관(기업·대학·연구소 컨소시엄),I1 R&D 과제 출연(연구개발비),K1 기술개발 과제 수행(연구개발비),S5 에너지·환경,S5,1,없음
3152,2024,산업통상부,에너지수요관리핵심기술개발(R&D),수요관리기반기술개발,64352.0,A. 기술혁신 촉진(개발·실증·사업화),T5 산학연 연구수행기관(기업·대학·연구소 컨소시엄),I1 R&D 과제 출연(연구개발비),K1 기술개발 과제 수행(연구개발비),S5 에너지·환경,S5,1,없음
3153,2024,산업통상부,해외자원개발특별융자,해외광물자원개발,1654.0,D. 자금조달·경영안정 지원(융자·보증·비용보전),"T8 수요·제도 연계 사업체 및 공공기관(수요기업, 설비 설치자, 지자체 등)",I4 융자(정책자금 대출),K4 자금 융자·보증 제공(운전·시설자금),S0 업종 공통(산업 무관),S0,0,없음
3154,2024,산업통상부,에너지국제공동연구(R&D),글로벌시장개척국제공동연구,11604.0,C. 수출·해외진출 촉진,T5 산학연 연구수행기관(기업·대학·연구소 컨소시엄),I0 지원형태 미기재,K0 내용 미기재,S5 에너지·환경,S5,1,없음
3155,2024,산업통상부,에너지국제공동연구(R&D),에너지기술선도국제공동연구,15286.0,A. 기술혁신 촉진(개발·실증·사업화),T5 산학연 연구수행기관(기업·대학·연구소 컨소시엄),I0 지원형태 미기재,K0 내용 미기재,S5 에너지·환경,S5,1,없음
3156,2024,산업통상부,에너지국제공동연구(R&D),글로벌기술협력플랫폼,1650.0,A. 기술혁신 촉진(개발·실증·사업화),T5 산학연 연구수행기관(기업·대학·연구소 컨소시엄),I0 지원형태 미기재,K0 내용 미기재,S5 에너지·환경,S5,1,없음
3157,2024,산업통상부,에너지절약시설설치(융자),에너지절약시설설치,289575.0,E. 생산기반 현대화·친환경 전환(시설·설비),"T8 수요·제도 연계 사업체 및 공공기관(수요기업, 설비 설치자, 지자체 등)",I4 융자(정책자금 대출),K0 내용 미기재,S5 에너지·환경,S5,1,없음
3158,2024,산업통상부,LNG발전용가스터빈고온부품성능검증혁신기술개발사업(R&D),LNG발전용가스터빈고온부품성능검증혁신기술개발,364.0,A. 기술혁신 촉진(개발·실증·사업화),T5 산학연 연구수행기관(기업·대학·연구소 컨소시엄),I0 지원형태 미기재,K0 내용 미기재,S7 소재·부품·장비·제조혁신,S7,1,없음
3159,2024,산업통상부,대한상사중재원지원,중재사업지원비,686.0,C. 수출·해외진출 촉진,"T2 중소·벤처기업(특정 요건·단계: 글로벌 진출 희망, 인증, 재직자 등)",I3 보조금(사업비 보조·매칭),K6 해외진출·수출 지원(전시·상담·현지화),S0 업종 공통(산업 무관),S0,0,없음
3160,2024,산업통상부,대한상사중재원지원,알선‧상담사업지원비,140.0,G. 고용 창출·유지 및 노동환경 개선,"T2 중소·벤처기업(특정 요건·단계: 글로벌 진출 희망, 인증, 재직자 등)",I3 보조금(사업비 보조·매칭),K8 컨설팅·인증·시험·홍보 서비스 제공,S0 업종 공통(산업 무관),S0,0,없음
3161,2024,산업통상부,해외플랜트진출확대,플랜트기자재수출지원,250.0,C. 수출·해외진출 촉진,"T8 수요·제도 연계 사업체 및 공공기관(수요기업, 설비 설치자, 지자체 등)",I3 보조금(사업비 보조·매칭),K6 해외진출·수출 지원(전시·상담·현지화),S0 업종 공통(산업 무관),S0,0,없음
3162,2024,산업통상부,무역보험기금출연,출연금,45000.0,C. 수출·해외진출 촉진,T10 보증·보험 이용기업 및 금융기관,I2 출연(기관 운영·인프라·위탁 서비스),K4 자금 융자·보증 제공(운전·시설자금),S6 모빌리티·항공우주·조선,S6,1,없음
3163,2024,산업통상부,전시산업경쟁력강화지원,국내전시회개최지원,5165.0,C. 수출·해외진출 촉진,"T2 중소·벤처기업(특정 요건·단계: 글로벌 진출 희망, 인증, 재직자 등)",I3 보조금(사업비 보조·매칭),K7 사업비용 보조(전시·인증·컨설팅·기술도입 비용),S0 업종 공통(산업 무관),S0,0,없음
3164,2024,산업통상부,전시산업경쟁력강화지원,전시산업기반구축,1815.0,C. 수출·해외진출 촉진,"T2 중소·벤처기업(특정 요건·단계: 글로벌 진출 희망, 인증, 재직자 등)",I3 보조금(사업비 보조·매칭),K6 해외진출·수출 지원(전시·상담·현지화),S0 업종 공통(산업 무관),S0,0,없음
3165,2024,산업통상부,수출경쟁력강화지원,해외전시회(단체),31733.0,C. 수출·해외진출 촉진,T1 중소·중견기업(일반·업종·지역 특정),I3 보조금(사업비 보조·매칭),K7 사업비용 보조(전시·인증·컨설팅·기술도입 비용),S0 업종 공통(산업 무관),S0,0,없음
3166,2024,산업통상부,수출경쟁력강화지원,해외전시회(개별),7554.0,C. 수출·해외진출 촉진,T1 중소·중견기업(일반·업종·지역 특정),I3 보조금(사업비 보조·매칭),K7 사업비용 보조(전시·인증·컨설팅·기술도입 비용),S0 업종 공통(산업 무관),S0,0,없음
3167,2024,산업통상부,수출경쟁력강화지원,경제사절단파견및상시비즈니스지원,3325.0,C. 수출·해외진출 촉진,T1 중소·중견기업(일반·업종·지역 특정),I3 보조금(사업비 보조·매칭),K6 해외진출·수출 지원(전시·상담·현지화),S0 업종 공통(산업 무관),S0,0,없음
3168,2024,산업통상부,수출지원기반활용(산업부),통합지원사업,56658.0,C. 수출·해외진출 촉진,T1 중소·중견기업(일반·업종·지역 특정),I9 바우처,K7 사업비용 보조(전시·인증·컨설팅·기술도입 비용),S0 업종 공통(산업 무관),S0,0,언급
3169,2024,산업통상부,수출지원기반활용(산업부),개별지원사업,29736.0,C. 수출·해외진출 촉진,T1 중소·중견기업(일반·업종·지역 특정),I3 보조금(사업비 보조·매칭),K6 해외진출·수출 지원(전시·상담·현지화),S0 업종 공통(산업 무관),S0,0,없음
3170,2024,산업통상부,통상협정국내대책추진지원,중소기업FTA활용지원,11087.0,D. 자금조달·경영안정 지원(융자·보증·비용보전),T1 중소·중견기업(일반·업종·지역 특정),I4 융자(정책자금 대출),K8 컨설팅·인증·시험·홍보 서비스 제공,S0 업종 공통(산업 무관),S0,0,없음
3171,2024,산업통상부,통상협정국내대책추진지원,FTA전문인력양성,1186.0,D. 자금조달·경영안정 지원(융자·보증·비용보전),T1 중소·중견기업(일반·업종·지역 특정),I4 융자(정책자금 대출),K9 교육·훈련 과정 운영,S0 업종 공통(산업 무관),S0,0,없음
3172,2024,산업통상부,중소기업수출지원기반강화,중소기업수출지원기반강화,13072.0,C. 수출·해외진출 촉진,T1 중소·중견기업(일반·업종·지역 특정),I8 보증·보험(신용보강),K4 자금 융자·보증 제공(운전·시설자금),S2 디지털·SW·정보통신,S2,1,없음
3173,2024,산업통상부,해외진출기반구축,해외진출기업지원,700.0,C. 수출·해외진출 촉진,"T8 수요·제도 연계 사업체 및 공공기관(수요기업, 설비 설치자, 지자체 등)",I3 보조금(사업비 보조·매칭),K8 컨설팅·인증·시험·홍보 서비스 제공,S0 업종 공통(산업 무관),S1,1,활용
3174,2024,산업통상부,해외진출기반구축,중소중견기업해외M&A지원,275.0,C. 수출·해외진출 촉진,"T8 수요·제도 연계 사업체 및 공공기관(수요기업, 설비 설치자, 지자체 등)",I3 보조금(사업비 보조·매칭),K6 해외진출·수출 지원(전시·상담·현지화),S0 업종 공통(산업 무관),S0,0,없음
3175,2024,산업통상부,발전용가스터빈연료다변화기술개발사업,발전용가스터빈연료다변화기술개발,2102.0,A. 기술혁신 촉진(개발·실증·사업화),T5 산학연 연구수행기관(기업·대학·연구소 컨소시엄),I1 R&D 과제 출연(연구개발비),K11 환경·안전 설비 구축 및 관리,S0 업종 공통(산업 무관),S0,0,없음
3176,2024,산업통상부,석탄발전미세먼지저감친환경설비혁신기술개발사업(R&D),석탄발전미세먼지저감친환경설비혁신기술개발,151.0,A. 기술혁신 촉진(개발·실증·사업화),T5 산학연 연구수행기관(기업·대학·연구소 컨소시엄),I1 R&D 과제 출연(연구개발비),K11 환경·안전 설비 구축 및 관리,S5 에너지·환경,S5,1,없음
3177,2024,산업통상부,신재생에너지핵심기술개발(R&D),태양광,48134.0,A. 기술혁신 촉진(개발·실증·사업화),T5 산학연 연구수행기관(기업·대학·연구소 컨소시엄),I1 R&D 과제 출연(연구개발비),K1 기술개발 과제 수행(연구개발비),S5 에너지·환경,S2;S5,2,없음
3178,2024,산업통상부,신재생에너지핵심기술개발(R&D),계통유연자원서비스화기술개발,3692.0,A. 기술혁신 촉진(개발·실증·사업화),T5 산학연 연구수행기관(기업·대학·연구소 컨소시엄),I1 R&D 과제 출연(연구개발비),K1 기술개발 과제 수행(연구개발비),S5 에너지·환경,S2;S5,2,없음
3179,2024,산업통상부,신재생에너지핵심기술개발(R&D),분산에너지계통접속확대를위한그리드포밍기술개발및실증,3438.0,A. 기술혁신 촉진(개발·실증·사업화),T5 산학연 연구수행기관(기업·대학·연구소 컨소시엄),I1 R&D 과제 출연(연구개발비),K1 기술개발 과제 수행(연구개발비),S5 에너지·환경,S2;S5,2,없음
3180,2024,산업통상부,신재생에너지핵심기술개발(R&D),재생에너지확대대응전력계통관성자원기술개발,2367.0,A. 기술혁신 촉진(개발·실증·사업화),T5 산학연 연구수행기관(기업·대학·연구소 컨소시엄),I1 R&D 과제 출연(연구개발비),K1 기술개발 과제 수행(연구개발비),S5 에너지·환경,S2;S5,2,없음
3181,2024,산업통상부,신재생에너지핵심기술개발(R&D),ACDCHybrid배전망요소기기,16000.0,A. 기술혁신 촉진(개발·실증·사업화),T5 산학연 연구수행기관(기업·대학·연구소 컨소시엄),I1 R&D 과제 출연(연구개발비),K1 기술개발 과제 수행(연구개발비),S5 에너지·환경,S2;S5,2,없음
3182,2024,산업통상부,신재생에너지핵심기술개발(R&D),ACDCHybrid배전망운영기술,14477.0,A. 기술혁신 촉진(개발·실증·사업화),T5 산학연 연구수행기관(기업·대학·연구소 컨소시엄),I1 R&D 과제 출연(연구개발비),K1 기술개발 과제 수행(연구개발비),S5 에너지·환경,S2;S5,2,없음
3183,2024,산업통상부,신재생에너지핵심기술개발(R&D),ACDCHybrid배전망테스트베드,168.0,A. 기술혁신 촉진(개발·실증·사업화),T5 산학연 연구수행기관(기업·대학·연구소 컨소시엄),I1 R&D 과제 출연(연구개발비),K1 기술개발 과제 수행(연구개발비),S5 에너지·환경,S2;S5,2,없음
3184,2024,산업통상부,신재생에너지핵심기술개발(R&D),풍력,64279.0,A. 기술혁신 촉진(개발·실증·사업화),T5 산학연 연구수행기관(기업·대학·연구소 컨소시엄),I1 R&D 과제 출연(연구개발비),K1 기술개발 과제 수행(연구개발비),S5 에너지·환경,S2;S5,2,없음
3185,2024,산업통상부,신재생에너지핵심기술개발(R&D),수소,68195.0,A. 기술혁신 촉진(개발·실증·사업화),T5 산학연 연구수행기관(기업·대학·연구소 컨소시엄),I1 R&D 과제 출연(연구개발비),K1 기술개발 과제 수행(연구개발비),S5 에너지·환경,S2;S5,2,없음
3186,2024,산업통상부,신재생에너지핵심기술개발(R&D),연료전지,52854.0,A. 기술혁신 촉진(개발·실증·사업화),T5 산학연 연구수행기관(기업·대학·연구소 컨소시엄),I1 R&D 과제 출연(연구개발비),K7 사업비용 보조(전시·인증·컨설팅·기술도입 비용),S5 에너지·환경,S2;S5;S7,3,없음
3187,2024,산업통상부,신재생에너지핵심기술개발(R&D),한계돌파형탈탄소공급기술개발,8345.0,A. 기술혁신 촉진(개발·실증·사업화),T5 산학연 연구수행기관(기업·대학·연구소 컨소시엄),I1 R&D 과제 출연(연구개발비),K1 기술개발 과제 수행(연구개발비),S5 에너지·환경,S2;S5,2,없음
3188,2024,산업통상부,신재생에너지핵심기술개발(R&D),USC급보일러암모니아혼소발전기술개발및실증,5091.0,A. 기술혁신 촉진(개발·실증·사업화),T5 산학연 연구수행기관(기업·대학·연구소 컨소시엄),I1 R&D 과제 출연(연구개발비),K1 기술개발 과제 수행(연구개발비),S5 에너지·환경,S2;S5,2,없음
3189,2024,산업통상부,신재생에너지핵심기술개발(R&D),발전용가스터빈의수소혼소전환기술개발및실증,3966.0,A. 기술혁신 촉진(개발·실증·사업화),T5 산학연 연구수행기관(기업·대학·연구소 컨소시엄),I1 R&D 과제 출연(연구개발비),K1 기술개발 과제 수행(연구개발비),S5 에너지·환경,S2;S5,2,없음
3190,2024,산업통상부,신재생에너지핵심기술개발(R&D),중소형급무탄소가스터빈발전기술개발및실증,2000.0,A. 기술혁신 촉진(개발·실증·사업화),T5 산학연 연구수행기관(기업·대학·연구소 컨소시엄),I1 R&D 과제 출연(연구개발비),K1 기술개발 과제 수행(연구개발비),S5 에너지·환경,S2;S5,2,없음
3191,2024,산업통상부,신재생에너지핵심기술개발(R&D),재생에너지잉여전력부문간연계(섹터커플링)기술개발,3015.0,A. 기술혁신 촉진(개발·실증·사업화),T5 산학연 연구수행기관(기업·대학·연구소 컨소시엄),I1 R&D 과제 출연(연구개발비),K1 기술개발 과제 수행(연구개발비),S5 에너지·환경,S2;S5,2,없음
3192,2024,산업통상부,원자력핵심기술개발(R&D),원자력환경및해체,1360.0,C. 수출·해외진출 촉진,T5 산학연 연구수행기관(기업·대학·연구소 컨소시엄),I2 출연(기관 운영·인프라·위탁 서비스),K6 해외진출·수출 지원(전시·상담·현지화),S0 업종 공통(산업 무관),S0,0,없음
3193,2024,산업통상부,원전안전부품경쟁력강화기술개발(R&D),원전안전부품경쟁력강화기술개발,636.0,A. 기술혁신 촉진(개발·실증·사업화),T5 산학연 연구수행기관(기업·대학·연구소 컨소시엄),I1 R&D 과제 출연(연구개발비),K11 환경·안전 설비 구축 및 관리,S5 에너지·환경,S5;S7,2,없음
3194,2024,산업통상부,신재생에너지금융지원(융자),생산및시설자금,361280.0,E. 생산기반 현대화·친환경 전환(시설·설비),"T8 수요·제도 연계 사업체 및 공공기관(수요기업, 설비 설치자, 지자체 등)",I4 융자(정책자금 대출),K4 자금 융자·보증 제공(운전·시설자금),S5 에너지·환경,S5,1,없음
3195,2024,산업통상부,신재생에너지금융지원(융자),운전자금,2000.0,D. 자금조달·경영안정 지원(융자·보증·비용보전),"T8 수요·제도 연계 사업체 및 공공기관(수요기업, 설비 설치자, 지자체 등)",I4 융자(정책자금 대출),K4 자금 융자·보증 제공(운전·시설자금),S5 에너지·환경,S5,1,없음
3196,2024,산업통상부,신재생에너지금융지원(융자),신산업융자,5000.0,E. 생산기반 현대화·친환경 전환(시설·설비),T1 중소·중견기업(일반·업종·지역 특정),I4 융자(정책자금 대출),K4 자금 융자·보증 제공(운전·시설자금),S5 에너지·환경,S5,1,없음
3197,2024,산업통상부,신재생에너지발전차액지원,신재생에너지발전차액지원,74861.0,A. 기술혁신 촉진(개발·실증·사업화),"T8 수요·제도 연계 사업체 및 공공기관(수요기업, 설비 설치자, 지자체 등)",I3 보조금(사업비 보조·매칭),K11 환경·안전 설비 구축 및 관리,S5 에너지·환경,S5,1,없음
3198,2024,산업통상부,무역보험금지급,무역보험금지급,553743.0,D. 자금조달·경영안정 지원(융자·보증·비용보전),T10 보증·보험 이용기업 및 금융기관,I8 보증·보험(신용보강),K4 자금 융자·보증 제공(운전·시설자금),S0 업종 공통(산업 무관),S0,0,없음
3199,2024,산업통상부,수요기반조달연계혁신제품사업화,수요기반조달연계혁신제품사업화,3074.0,A. 기술혁신 촉진(개발·실증·사업화),T1 중소·중견기업(일반·업종·지역 특정),I2 출연(기관 운영·인프라·위탁 서비스),K2 산업 생태계·협력 기반 조성(플랫폼·네트워크),S0 업종 공통(산업 무관),S0,0,없음
3200,2024,산업통상부,전사적DX촉진기술개발(R&D),전사적DX촉진기술개발,1793.0,A. 기술혁신 촉진(개발·실증·사업화),T1 중소·중견기업(일반·업종·지역 특정),I1 R&D 과제 출연(연구개발비),K2 산업 생태계·협력 기반 조성(플랫폼·네트워크),S0 업종 공통(산업 무관),S0,0,없음
3201,2024,산업통상부,디지털전환기반의약품지능형공정혁신기술개발사업(R&D),의약품공정혁신지능형플랫폼개발,1830.0,A. 기술혁신 촉진(개발·실증·사업화),T5 산학연 연구수행기관(기업·대학·연구소 컨소시엄),I2 출연(기관 운영·인프라·위탁 서비스),K1 기술개발 과제 수행(연구개발비),S4 바이오·헬스,S4,1,없음
3202,2024,산업통상부,디지털전환기반의약품지능형공정혁신기술개발사업(R&D),공정혁신기반의약품고품질설계기술개발,1770.0,A. 기술혁신 촉진(개발·실증·사업화),T5 산학연 연구수행기관(기업·대학·연구소 컨소시엄),I1 R&D 과제 출연(연구개발비),K1 기술개발 과제 수행(연구개발비),S4 바이오·헬스,S4,1,없음
3203,2024,산업통상부,첨단제조기술기반중재의료기기기술개발사업(R&D),첨단제조기술기반중재의료기기기술개발,2500.0,A. 기술혁신 촉진(개발·실증·사업화),T5 산학연 연구수행기관(기업·대학·연구소 컨소시엄),I1 R&D 과제 출연(연구개발비),K1 기술개발 과제 수행(연구개발비),S4 바이오·헬스,S4;S7,2,없음
3204,2024,산업통상부,나노인프라공정서비스역량고도화,나노인프라공정서비스역량고도화,1800.0,A. 기술혁신 촉진(개발·실증·사업화),"T8 수요·제도 연계 사업체 및 공공기관(수요기업, 설비 설치자, 지자체 등)",I1 R&D 과제 출연(연구개발비),K1 기술개발 과제 수행(연구개발비),S7 소재·부품·장비·제조혁신,S7,1,없음
3205,2024,산업통상부,소부장공급망안정종합지원,수입선다변화지원,780.0,H. 경영역량 강화·사업화 지원(컨설팅·마케팅·디자인),T7 일반 국민·산업 종사자·창작자,I3 보조금(사업비 보조·매칭),K1 기술개발 과제 수행(연구개발비),S7 소재·부품·장비·제조혁신,S7,1,없음
3206,2024,산업통상부,소부장공급망안정종합지원,공급망컨설팅지원,500.0,H. 경영역량 강화·사업화 지원(컨설팅·마케팅·디자인),T7 일반 국민·산업 종사자·창작자,I3 보조금(사업비 보조·매칭),K8 컨설팅·인증·시험·홍보 서비스 제공,S7 소재·부품·장비·제조혁신,S7,1,없음
3207,2024,산업통상부,xEV보호차체얼라이언스기업지원플랫폼구축,xEV보호차체얼라이언스기업지원플랫폼구축,1872.0,A. 기술혁신 촉진(개발·실증·사업화),T1 중소·중견기업(일반·업종·지역 특정),I2 출연(기관 운영·인프라·위탁 서비스),K1 기술개발 과제 수행(연구개발비),S0 업종 공통(산업 무관),S0,0,없음
3208,2024,산업통상부,해외수출형고출력전기기관차구동변환플랫폼핵심기술개발및실증(R&D),해외수출형고출력전기기관차구동변환플랫폼핵심기술개발및실증,2774.0,A. 기술혁신 촉진(개발·실증·사업화),T5 산학연 연구수행기관(기업·대학·연구소 컨소시엄),I1 R&D 과제 출연(연구개발비),K1 기술개발 과제 수행(연구개발비),S0 업종 공통(산업 무관),S0,0,없음
3209,2024,산업통상부,고성능탄소나노복합섬유제조기술개발,고성능탄소나노복합섬유제조기술개발,2340.0,A. 기술혁신 촉진(개발·실증·사업화),"T8 수요·제도 연계 사업체 및 공공기관(수요기업, 설비 설치자, 지자체 등)",I1 R&D 과제 출연(연구개발비),K1 기술개발 과제 수행(연구개발비),S7 소재·부품·장비·제조혁신,S7,1,없음
3210,2024,산업통상부,중견기업공공연기술혁신챌린지(R&D),중견기업공공연기술혁신챌린지(R&D),2550.0,A. 기술혁신 촉진(개발·실증·사업화),T1 중소·중견기업(일반·업종·지역 특정),I1 R&D 과제 출연(연구개발비),K2 산업 생태계·협력 기반 조성(플랫폼·네트워크),S0 업종 공통(산업 무관),S0,0,없음
3211,2024,산업통상부,중견중소기업상생형혁신도약사업(R&D),중견중소기업상생형혁신도약사업(R&D),9045.0,A. 기술혁신 촉진(개발·실증·사업화),T5 산학연 연구수행기관(기업·대학·연구소 컨소시엄),I1 R&D 과제 출연(연구개발비),K1 기술개발 과제 수행(연구개발비),S0 업종 공통(산업 무관),S0,0,없음
3212,2024,산업통상부,레저장비산업개발지원,레저장비기술개발,701.0,A. 기술혁신 촉진(개발·실증·사업화),T1 중소·중견기업(일반·업종·지역 특정),I3 보조금(사업비 보조·매칭),K1 기술개발 과제 수행(연구개발비),S7 소재·부품·장비·제조혁신,S7,1,없음
3213,2024,산업통상부,국가첨단전략산업특화단지연대협력지원사업(R&D),국가첨단전략산업특화단지기술개발지원,2700.0,A. 기술혁신 촉진(개발·실증·사업화),"T8 수요·제도 연계 사업체 및 공공기관(수요기업, 설비 설치자, 지자체 등)",I1 R&D 과제 출연(연구개발비),K2 산업 생태계·협력 기반 조성(플랫폼·네트워크),S7 소재·부품·장비·제조혁신,S7,1,없음
3214,2024,산업통상부,국가첨단전략산업특화단지연대협력지원사업(R&D),국가첨단전략산업특화단지인력양성지원,900.0,F. 전문인력 양성·채용 지원,"T8 수요·제도 연계 사업체 및 공공기관(수요기업, 설비 설치자, 지자체 등)",I2 출연(기관 운영·인프라·위탁 서비스),K9 교육·훈련 과정 운영,S0 업종 공통(산업 무관),S0,0,없음
3215,2024,산업통상부,국가로봇테스트필드사업(R&D),로봇실증평가기술개발,1900.0,A. 기술혁신 촉진(개발·실증·사업화),T5 산학연 연구수행기관(기업·대학·연구소 컨소시엄),I1 R&D 과제 출연(연구개발비),K1 기술개발 과제 수행(연구개발비),S7 소재·부품·장비·제조혁신,S7,1,없음
3216,2024,산업통상부,핵심전략산업대응탄성소재재도약,핵심전략산업대응탄성소재재도약(R&D),4000.0,A. 기술혁신 촉진(개발·실증·사업화),T5 산학연 연구수행기관(기업·대학·연구소 컨소시엄),I1 R&D 과제 출연(연구개발비),K1 기술개발 과제 수행(연구개발비),S7 소재·부품·장비·제조혁신,S7,1,없음
3217,2024,산업통상부,저가격장수명나트륨이차전지핵심소재및셀제조기술개발(R&D),저가격장수명나트륨이차전지핵심소재및셀제조기술개발(R&D),2600.0,A. 기술혁신 촉진(개발·실증·사업화),T5 산학연 연구수행기관(기업·대학·연구소 컨소시엄),I1 R&D 과제 출연(연구개발비),K1 기술개발 과제 수행(연구개발비),S5 에너지·환경,S5;S7,2,없음
3218,2024,산업통상부,실리콘고함량음극극판및셀적용기술개발(R&D),실리콘고함량음극극판및셀적용기술개발(R&D),3500.0,A. 기술혁신 촉진(개발·실증·사업화),T5 산학연 연구수행기관(기업·대학·연구소 컨소시엄),I1 R&D 과제 출연(연구개발비),K1 기술개발 과제 수행(연구개발비),S5 에너지·환경,S5,1,없음
3219,2024,산업통상부,항공우주부품공정고도화기술개발(R&D),항공우주부품공정고도화기술개발,2000.0,A. 기술혁신 촉진(개발·실증·사업화),T5 산학연 연구수행기관(기업·대학·연구소 컨소시엄),I1 R&D 과제 출연(연구개발비),K1 기술개발 과제 수행(연구개발비),S6 모빌리티·항공우주·조선,S6;S7,2,없음
3220,2024,산업통상부,수출주도미래차산업혁신성장기술지원,수출주도미래차산업혁신성장기술지원,2940.0,A. 기술혁신 촉진(개발·실증·사업화),T5 산학연 연구수행기관(기업·대학·연구소 컨소시엄),I1 R&D 과제 출연(연구개발비),K1 기술개발 과제 수행(연구개발비),S6 모빌리티·항공우주·조선,S6;S7,2,없음
3221,2024,산업통상부,화합물전력반도체고도화기술개발(R&D),상용화소자및전력변환장치(모듈),2600.0,A. 기술혁신 촉진(개발·실증·사업화),T5 산학연 연구수행기관(기업·대학·연구소 컨소시엄),I2 출연(기관 운영·인프라·위탁 서비스),K1 기술개발 과제 수행(연구개발비),S5 에너지·환경,S3;S5,2,없음
3222,2024,산업통상부,화합물전력반도체고도화기술개발(R&D),파워IC(구동회로),6400.0,C. 수출·해외진출 촉진,T5 산학연 연구수행기관(기업·대학·연구소 컨소시엄),I2 출연(기관 운영·인프라·위탁 서비스),K6 해외진출·수출 지원(전시·상담·현지화),S3 반도체·디스플레이,S3;S5,2,없음
3223,2024,산업통상부,화합물전력반도체고도화기술개발(R&D),소재,4500.0,A. 기술혁신 촉진(개발·실증·사업화),T5 산학연 연구수행기관(기업·대학·연구소 컨소시엄),I2 출연(기관 운영·인프라·위탁 서비스),K2 산업 생태계·협력 기반 조성(플랫폼·네트워크),S7 소재·부품·장비·제조혁신,S3;S5;S7,3,없음
3224,2024,산업통상부,K-Carbon플래그십기술개발사업(R&D),K-Carbon플래그십기술개발,12420.0,A. 기술혁신 촉진(개발·실증·사업화),"T8 수요·제도 연계 사업체 및 공공기관(수요기업, 설비 설치자, 지자체 등)",I1 R&D 과제 출연(연구개발비),K1 기술개발 과제 수행(연구개발비),S6 모빌리티·항공우주·조선,S6;S7,2,없음
3225,2024,산업통상부,멀티오믹스기반난치암맞춤형진단치료상용화기술개발(R&D),"멀티오믹스빅데이터기반난치암“Undruggable""타겟연구및표적치료제설계기술개발",2175.0,A. 기술혁신 촉진(개발·실증·사업화),T5 산학연 연구수행기관(기업·대학·연구소 컨소시엄),I1 R&D 과제 출연(연구개발비),K1 기술개발 과제 수행(연구개발비),S1 인공지능(AI)·데이터,S1,1,없음
3226,2024,산업통상부,멀티오믹스기반난치암맞춤형진단치료상용화기술개발(R&D),멀티오믹스/디지털통합분석기반“전단계암”정밀예측·진단플랫폼개발및제품화,2325.0,A. 기술혁신 촉진(개발·실증·사업화),T5 산학연 연구수행기관(기업·대학·연구소 컨소시엄),I2 출연(기관 운영·인프라·위탁 서비스),K1 기술개발 과제 수행(연구개발비),S0 업종 공통(산업 무관),S0,0,언급
3227,2024,산업통상부,수요맞춤형바이오원부자재제조경쟁력강화(R&D),수요맞춤형핵심원부자재자립화,2645.0,A. 기술혁신 촉진(개발·실증·사업화),T5 산학연 연구수행기관(기업·대학·연구소 컨소시엄),I1 R&D 과제 출연(연구개발비),K1 기술개발 과제 수행(연구개발비),S4 바이오·헬스,S4,1,없음
3228,2024,산업통상부,수요맞춤형바이오원부자재제조경쟁력강화(R&D),글로벌진출형원부자재제조및검증,2850.0,A. 기술혁신 촉진(개발·실증·사업화),T5 산학연 연구수행기관(기업·대학·연구소 컨소시엄),I1 R&D 과제 출연(연구개발비),K6 해외진출·수출 지원(전시·상담·현지화),S4 바이오·헬스,S4,1,없음
3229,2024,산업통상부,혁신형융복합바이오의료제품기술개발및실증(R&D),글로벌진출형융복합바이오의료제품제조기술고도화,2300.0,C. 수출·해외진출 촉진,T5 산학연 연구수행기관(기업·대학·연구소 컨소시엄),I2 출연(기관 운영·인프라·위탁 서비스),K1 기술개발 과제 수행(연구개발비),S4 바이오·헬스,S4;S7,2,없음
3230,2024,산업통상부,폐갱도를활용한이산화탄소육상저장시범사업,폐갱도를활용한이산화탄소육상저장시범사업,290.0,A. 기술혁신 촉진(개발·실증·사업화),T5 산학연 연구수행기관(기업·대학·연구소 컨소시엄),I2 출연(기관 운영·인프라·위탁 서비스),K1 기술개발 과제 수행(연구개발비),S0 업종 공통(산업 무관),S0,0,없음
3231,2024,산업통상부,에너지산업융복합단지활성화지원,에너지특화기업사업화지원,900.0,H. 경영역량 강화·사업화 지원(컨설팅·마케팅·디자인),"T8 수요·제도 연계 사업체 및 공공기관(수요기업, 설비 설치자, 지자체 등)",I3 보조금(사업비 보조·매칭),K7 사업비용 보조(전시·인증·컨설팅·기술도입 비용),S5 에너지·환경,S5,1,없음
3232,2024,산업통상부,국가첨단전략산업기술혁신융자,국가첨단전략산업기술혁신융자,90000.0,D. 자금조달·경영안정 지원(융자·보증·비용보전),T1 중소·중견기업(일반·업종·지역 특정),I4 융자(정책자금 대출),K4 자금 융자·보증 제공(운전·시설자금),S0 업종 공통(산업 무관),S0,0,없음
3233,2024,산업통상부,반도체디스플레이온실가스감축공정기술개발(R&D),반도체디스플레이온실가스감축공정기술개발(R&D),2594.0,A. 기술혁신 촉진(개발·실증·사업화),T5 산학연 연구수행기관(기업·대학·연구소 컨소시엄),I1 R&D 과제 출연(연구개발비),K11 환경·안전 설비 구축 및 관리,S5 에너지·환경,S3;S5,2,없음
3234,2024,산업통상부,청정제조기반구축(R&D),중소기업청정공정보급확산,1561.0,A. 기술혁신 촉진(개발·실증·사업화),T1 중소·중견기업(일반·업종·지역 특정),I2 출연(기관 운영·인프라·위탁 서비스),K2 산업 생태계·협력 기반 조성(플랫폼·네트워크),S0 업종 공통(산업 무관),S0,0,없음
3235,2024,산업통상부,청정제조기반구축(R&D),친환경설계적용제품개발및사업화,421.0,A. 기술혁신 촉진(개발·실증·사업화),T1 중소·중견기업(일반·업종·지역 특정),I2 출연(기관 운영·인프라·위탁 서비스),K1 기술개발 과제 수행(연구개발비),S5 에너지·환경,S5,1,없음
3236,2024,산업통상부,탄소혁신스타즈프로젝트(R&D),탄소혁신스타즈프로젝트(R&D),3438.0,A. 기술혁신 촉진(개발·실증·사업화),T5 산학연 연구수행기관(기업·대학·연구소 컨소시엄),I1 R&D 과제 출연(연구개발비),K2 산업 생태계·협력 기반 조성(플랫폼·네트워크),S0 업종 공통(산업 무관),S0,0,없음
3237,2024,산업통상부,기술혁신형에너지강소기업육성(R&D),에너지벤처기업혁신성장,600.0,A. 기술혁신 촉진(개발·실증·사업화),T5 산학연 연구수행기관(기업·대학·연구소 컨소시엄),I1 R&D 과제 출연(연구개발비),K2 산업 생태계·협력 기반 조성(플랫폼·네트워크),S5 에너지·환경,S5,1,없음
3238,2024,조달청,정부조달국제협력체제구축,우리기업의해외시장진출지원,2759.0,C. 수출·해외진출 촉진,"T8 수요·제도 연계 사업체 및 공공기관(수요기업, 설비 설치자, 지자체 등)",I10 직접 수행(직접사업),K6 해외진출·수출 지원(전시·상담·현지화),S0 업종 공통(산업 무관),S0,0,없음
3239,2024,조달청,조달물자구매및관리지원(자본),공공혁신조달사업,53000.0,A. 기술혁신 촉진(개발·실증·사업화),"T8 수요·제도 연계 사업체 및 공공기관(수요기업, 설비 설치자, 지자체 등)",I10 직접 수행(직접사업),K8 컨설팅·인증·시험·홍보 서비스 제공,S0 업종 공통(산업 무관),S0,0,없음
3240,2024,조달청,공공혁신수요기반혁신제품기술개발(R&D),공공혁신수요기반혁신제품기술개발,1816.0,A. 기술혁신 촉진(개발·실증·사업화),"T8 수요·제도 연계 사업체 및 공공기관(수요기업, 설비 설치자, 지자체 등)",I1 R&D 과제 출연(연구개발비),K1 기술개발 과제 수행(연구개발비),S0 업종 공통(산업 무관),S0,0,없음
3241,2024,지식재산처,IP-R&D전략지원,지재권연계연구개발전략지원,36760.0,A. 기술혁신 촉진(개발·실증·사업화),"T2 중소·벤처기업(특정 요건·단계: 글로벌 진출 희망, 인증, 재직자 등)",I0 지원형태 미기재,K8 컨설팅·인증·시험·홍보 서비스 제공,S0 업종 공통(산업 무관),S0,0,없음
3242,2024,지식재산처,IP-R&D전략지원,지재권활용인프라구축(IP-R&D확산인프라구축),1075.0,A. 기술혁신 촉진(개발·실증·사업화),"T2 중소·벤처기업(특정 요건·단계: 글로벌 진출 희망, 인증, 재직자 등)",I0 지원형태 미기재,K8 컨설팅·인증·시험·홍보 서비스 제공,S0 업종 공통(산업 무관),S0,0,없음
3243,2024,지식재산처,발명장려문화조성,직무발명활성화,454.0,D. 자금조달·경영안정 지원(융자·보증·비용보전),T0 수혜대상 미기재,I8 보증·보험(신용보강),K8 컨설팅·인증·시험·홍보 서비스 제공,S8 콘텐츠·문화·관광·스포츠,S8,1,없음
3244,2024,지식재산처,지식재산창출지원,IP기반해외진출지원,14079.0,C. 수출·해외진출 촉진,"T2 중소·벤처기업(특정 요건·단계: 글로벌 진출 희망, 인증, 재직자 등)",I3 보조금(사업비 보조·매칭),K8 컨설팅·인증·시험·홍보 서비스 제공,S0 업종 공통(산업 무관),S0,0,없음
3245,2024,지식재산처,지식재산창출지원,중소기업IP바로지원,5202.0,H. 경영역량 강화·사업화 지원(컨설팅·마케팅·디자인),"T2 중소·벤처기업(특정 요건·단계: 글로벌 진출 희망, 인증, 재직자 등)",I3 보조금(사업비 보조·매칭),K8 컨설팅·인증·시험·홍보 서비스 제공,S0 업종 공통(산업 무관),S0,0,없음
3246,2024,지식재산처,지식재산창출지원,소상공인IP역량강화,4292.0,H. 경영역량 강화·사업화 지원(컨설팅·마케팅·디자인),"T2 중소·벤처기업(특정 요건·단계: 글로벌 진출 희망, 인증, 재직자 등)",I3 보조금(사업비 보조·매칭),K8 컨설팅·인증·시험·홍보 서비스 제공,S0 업종 공통(산업 무관),S0,0,없음
3247,2024,지식재산처,IP활용창업·성장지원,IP디딤돌프로그램,2109.0,B. 창업·벤처 육성,T3 예비창업자·창업기업,I3 보조금(사업비 보조·매칭),K3 지역·사회적경제·창업 활성화 프로그램,S0 업종 공통(산업 무관),S0,0,없음
3248,2024,지식재산처,IP활용창업·성장지원,IP나래프로그램,7156.0,B. 창업·벤처 육성,T0 수혜대상 미기재,I3 보조금(사업비 보조·매칭),K8 컨설팅·인증·시험·홍보 서비스 제공,S0 업종 공통(산업 무관),S0,0,없음
3249,2024,해양수산부,ICT기반항만인프라스마트재해대응기술개발(R＆D),항만인프라재해및노후화관리기술개발,180.0,A. 기술혁신 촉진(개발·실증·사업화),T5 산학연 연구수행기관(기업·대학·연구소 컨소시엄),I1 R&D 과제 출연(연구개발비),K1 기술개발 과제 수행(연구개발비),S2 디지털·SW·정보통신,S2,1,언급
3250,2024,해양수산부,스마트항만-자율운항선박연계기술개발(R&D),스마트항만-자율운항선박연계기술,5113.0,A. 기술혁신 촉진(개발·실증·사업화),T5 산학연 연구수행기관(기업·대학·연구소 컨소시엄),I2 출연(기관 운영·인프라·위탁 서비스),K1 기술개발 과제 수행(연구개발비),S6 모빌리티·항공우주·조선,S6,1,없음
3251,2024,해양수산부,선체부착생물처리기술개발(R&D),선체부착생물처리(제거·수거·처리)기술개발,3257.0,A. 기술혁신 촉진(개발·실증·사업화),T5 산학연 연구수행기관(기업·대학·연구소 컨소시엄),I1 R&D 과제 출연(연구개발비),K1 기술개발 과제 수행(연구개발비),S0 업종 공통(산업 무관),S0,0,없음
3252,2024,해양수산부,해상디지털통합활용연계기술개발(R&D),해상디지털통신연계기술개발,2100.0,A. 기술혁신 촉진(개발·실증·사업화),T5 산학연 연구수행기관(기업·대학·연구소 컨소시엄),I1 R&D 과제 출연(연구개발비),K1 기술개발 과제 수행(연구개발비),S2 디지털·SW·정보통신,S2,1,없음
3253,2024,해양수산부,수산물신선유통스마트기술개발(R&D),수산식품스마트가공기술개발,1820.0,A. 기술혁신 촉진(개발·실증·사업화),T5 산학연 연구수행기관(기업·대학·연구소 컨소시엄),I1 R&D 과제 출연(연구개발비),K1 기술개발 과제 수행(연구개발비),S9 농림축산식품·해양수산,S9;S10,2,없음
3254,2024,해양수산부,수산식품산업맞춤형기술개발(R&D),수산식품시장맞춤형기술개발,2256.0,A. 기술혁신 촉진(개발·실증·사업화),T5 산학연 연구수행기관(기업·대학·연구소 컨소시엄),I1 R&D 과제 출연(연구개발비),K1 기술개발 과제 수행(연구개발비),S9 농림축산식품·해양수산,S9,1,없음
3255,2024,해양수산부,수산식품산업맞춤형기술개발(R&D),수산식품현장맞춤형기술개발,1350.0,A. 기술혁신 촉진(개발·실증·사업화),T5 산학연 연구수행기관(기업·대학·연구소 컨소시엄),I1 R&D 과제 출연(연구개발비),K2 산업 생태계·협력 기반 조성(플랫폼·네트워크),S9 농림축산식품·해양수산,S9,1,없음
3256,2024,해양수산부,수산물수매지원(융자),수산물수매지원,95840.0,E. 생산기반 현대화·친환경 전환(시설·설비),T9 농어업인·농식품·수산업체,I4 융자(정책자금 대출),K4 자금 융자·보증 제공(운전·시설자금),S9 농림축산식품·해양수산,S9,1,없음
3257,2024,해양수산부,수산물수매지원(융자),가공시설및운영,19530.0,E. 생산기반 현대화·친환경 전환(시설·설비),T9 농어업인·농식품·수산업체,I4 융자(정책자금 대출),K4 자금 융자·보증 제공(운전·시설자금),S9 농림축산식품·해양수산,S9,1,없음
3258,2024,해양수산부,우수수산물지원(융자),우수수산물지원,132401.0,C. 수출·해외진출 촉진,T9 농어업인·농식품·수산업체,I4 융자(정책자금 대출),K4 자금 융자·보증 제공(운전·시설자금),S9 농림축산식품·해양수산,S9,1,없음
3259,2024,해양수산부,해양장비연구성과활용촉진사업,수중글라이더핵심부품기술개발,1250.0,A. 기술혁신 촉진(개발·실증·사업화),T5 산학연 연구수행기관(기업·대학·연구소 컨소시엄),I1 R&D 과제 출연(연구개발비),K1 기술개발 과제 수행(연구개발비),S7 소재·부품·장비·제조혁신,S7;S9,2,없음
3260,2024,해양수산부,해양수산기술창업Scale-up사업(R&D),기술창업Scale-up,3450.0,B. 창업·벤처 육성,"T8 수요·제도 연계 사업체 및 공공기관(수요기업, 설비 설치자, 지자체 등)",I1 R&D 과제 출연(연구개발비),K2 산업 생태계·협력 기반 조성(플랫폼·네트워크),S9 농림축산식품·해양수산,S9,1,없음
3261,2024,해양수산부,해양수산기술창업Scale-up사업(R&D),유망기술Scale-up,1200.0,A. 기술혁신 촉진(개발·실증·사업화),"T8 수요·제도 연계 사업체 및 공공기관(수요기업, 설비 설치자, 지자체 등)",I1 R&D 과제 출연(연구개발비),K2 산업 생태계·협력 기반 조성(플랫폼·네트워크),S9 농림축산식품·해양수산,S9,1,없음
3262,2024,해양수산부,해양수산신산업기술사업화지원(R&D),내수시장활성화지원,780.0,A. 기술혁신 촉진(개발·실증·사업화),T1 중소·중견기업(일반·업종·지역 특정),I2 출연(기관 운영·인프라·위탁 서비스),K2 산업 생태계·협력 기반 조성(플랫폼·네트워크),S9 농림축산식품·해양수산,S9,1,없음
3263,2024,해양수산부,해양수산신산업기술사업화지원(R&D),해외시장진출및확대지원,300.0,C. 수출·해외진출 촉진,T1 중소·중견기업(일반·업종·지역 특정),I1 R&D 과제 출연(연구개발비),K2 산업 생태계·협력 기반 조성(플랫폼·네트워크),S9 농림축산식품·해양수산,S9,1,없음
3264,2024,해양수산부,해양수산신산업육성및기업투자유치지원,타깃기업투자확대및일자리창출지원,1420.0,G. 고용 창출·유지 및 노동환경 개선,T1 중소·중견기업(일반·업종·지역 특정),I6 혼합(출연+보조+직접 등 복수 형태),K3 지역·사회적경제·창업 활성화 프로그램,S9 농림축산식품·해양수산,S9,1,없음
3265,2024,해양수산부,해양수산신산업육성및기업투자유치지원,해양신산업인큐베이팅지원,3160.0,B. 창업·벤처 육성,T1 중소·중견기업(일반·업종·지역 특정),I6 혼합(출연+보조+직접 등 복수 형태),K7 사업비용 보조(전시·인증·컨설팅·기술도입 비용),S9 농림축산식품·해양수산,S9,1,없음
3266,2024,해양수산부,내항선박연료전환및효율향상기술개발,수소추진레저어선및기자재개발,4558.0,A. 기술혁신 촉진(개발·실증·사업화),"T2 중소·벤처기업(특정 요건·단계: 글로벌 진출 희망, 인증, 재직자 등)",I2 출연(기관 운영·인프라·위탁 서비스),K1 기술개발 과제 수행(연구개발비),S5 에너지·환경,S5;S6,2,없음
3267,2024,해양수산부,스마트해양조사및정보활용기술개발(R&D),"해양재난대응을위한3차원해수유동(조류,해류)관측기술개발",2096.0,A. 기술혁신 촉진(개발·실증·사업화),T5 산학연 연구수행기관(기업·대학·연구소 컨소시엄),I1 R&D 과제 출연(연구개발비),K1 기술개발 과제 수행(연구개발비),S9 농림축산식품·해양수산,S9,1,없음
3268,2024,해양수산부,스마트해양조사및정보활용기술개발(R&D),해상교통안전확보를위한정밀조사측량기술개발,1448.0,A. 기술혁신 촉진(개발·실증·사업화),T5 산학연 연구수행기관(기업·대학·연구소 컨소시엄),I1 R&D 과제 출연(연구개발비),K1 기술개발 과제 수행(연구개발비),S9 농림축산식품·해양수산,S9,1,없음
3269,2024,해양수산부,스마트해양조사및정보활용기술개발(R&D),S-100기반국가해양GIS핵심기술국산화개발연구,2142.0,A. 기술혁신 촉진(개발·실증·사업화),T5 산학연 연구수행기관(기업·대학·연구소 컨소시엄),I2 출연(기관 운영·인프라·위탁 서비스),K1 기술개발 과제 수행(연구개발비),S9 농림축산식품·해양수산,S9,1,없음
3270,2024,해양수산부,안전기반소형수소추진선박기술개발및실증(R&D),안전기반소형수소추진선박기술개발및실증,1000.0,A. 기술혁신 촉진(개발·실증·사업화),T5 산학연 연구수행기관(기업·대학·연구소 컨소시엄),I1 R&D 과제 출연(연구개발비),K1 기술개발 과제 수행(연구개발비),S5 에너지·환경,S5;S6,2,없음
3271,2024,해양수산부,전기추진차도선및이동식전원공급시스템개발(R&D),전기추진차도선및이동식전원공급시스템개발,1723.0,A. 기술혁신 촉진(개발·실증·사업화),"T2 중소·벤처기업(특정 요건·단계: 글로벌 진출 희망, 인증, 재직자 등)",I2 출연(기관 운영·인프라·위탁 서비스),K1 기술개발 과제 수행(연구개발비),S0 업종 공통(산업 무관),S0,0,없음
3272,2024,해양수산부,친환경선박전주기혁신기술개발(R&D),친환경선박핵심기술및설계기술개발,2208.0,A. 기술혁신 촉진(개발·실증·사업화),T5 산학연 연구수행기관(기업·대학·연구소 컨소시엄),I1 R&D 과제 출연(연구개발비),K1 기술개발 과제 수행(연구개발비),S5 에너지·환경,S5;S6,2,없음
3273,2024,해양수산부,친환경선박전주기혁신기술개발(R&D),친환경선박시험평가실증기술개발,9123.0,A. 기술혁신 촉진(개발·실증·사업화),T5 산학연 연구수행기관(기업·대학·연구소 컨소시엄),I1 R&D 과제 출연(연구개발비),K1 기술개발 과제 수행(연구개발비),S5 에너지·환경,S5;S6,2,없음
3274,2024,해양수산부,친환경선박전주기혁신기술개발(R&D),친환경연안선박개발실증및보급기반확보,3955.0,A. 기술혁신 촉진(개발·실증·사업화),T5 산학연 연구수행기관(기업·대학·연구소 컨소시엄),I2 출연(기관 운영·인프라·위탁 서비스),K11 환경·안전 설비 구축 및 관리,S5 에너지·환경,S5;S6,2,없음
3275,2024,해양수산부,해양기후변화진단및장기전망연구(R&D),월파정량관측기술개발,928.0,A. 기술혁신 촉진(개발·실증·사업화),T5 산학연 연구수행기관(기업·대학·연구소 컨소시엄),I1 R&D 과제 출연(연구개발비),K1 기술개발 과제 수행(연구개발비),S5 에너지·환경,S5;S9,2,없음
3276,2024,해양수산부,해양레저장비및안전기술개발(R&D),해양레저장비및안전기술개발,6200.0,A. 기술혁신 촉진(개발·실증·사업화),T5 산학연 연구수행기관(기업·대학·연구소 컨소시엄),I1 R&D 과제 출연(연구개발비),K1 기술개발 과제 수행(연구개발비),S7 소재·부품·장비·제조혁신,S6;S7;S9,3,언급
3277,2024,해양수산부,해양수산산업핵심기자재국산화및표준화기술개발(R&D),해양수산산업기자재국산화기술개발,2245.0,A. 기술혁신 촉진(개발·실증·사업화),T5 산학연 연구수행기관(기업·대학·연구소 컨소시엄),I1 R&D 과제 출연(연구개발비),K1 기술개발 과제 수행(연구개발비),S9 농림축산식품·해양수산,S9,1,없음
3278,2024,해양수산부,해양수산산업핵심기자재국산화및표준화기술개발(R&D),해양수산산업기자재표준화기술개발,396.0,A. 기술혁신 촉진(개발·실증·사업화),T5 산학연 연구수행기관(기업·대학·연구소 컨소시엄),I1 R&D 과제 출연(연구개발비),K1 기술개발 과제 수행(연구개발비),S9 농림축산식품·해양수산,S9,1,없음
3279,2024,해양수산부,해양수산부산물바이오소재화기술개발(R&D),해양수산부산물바이오소재화기술개발,2000.0,A. 기술혁신 촉진(개발·실증·사업화),T5 산학연 연구수행기관(기업·대학·연구소 컨소시엄),I1 R&D 과제 출연(연구개발비),K3 지역·사회적경제·창업 활성화 프로그램,S4 바이오·헬스,S4;S7;S9,3,없음
3280,2024,해양수산부,해양재생에너지연계그린수소생산기술개발(R&D),해양에너지연계고정식그린수소생산기술개발,7964.0,A. 기술혁신 촉진(개발·실증·사업화),T5 산학연 연구수행기관(기업·대학·연구소 컨소시엄),I1 R&D 과제 출연(연구개발비),K1 기술개발 과제 수행(연구개발비),S5 에너지·환경,S5;S9,2,없음
3281,2024,해양수산부,자율운항선박기술개발사업(R&D),자율운항선박기술개발,10540.0,A. 기술혁신 촉진(개발·실증·사업화),T5 산학연 연구수행기관(기업·대학·연구소 컨소시엄),I1 R&D 과제 출연(연구개발비),K1 기술개발 과제 수행(연구개발비),S6 모빌리티·항공우주·조선,S6,1,없음
3282,2024,해양수산부,블루카본증대를위한세라믹계융합소재활용해양인공구조물개발(R&D),블루카본증대를위한세라믹계융합소재활용해양인공구조물개발,525.0,A. 기술혁신 촉진(개발·실증·사업화),T9 농어업인·농식품·수산업체,I2 출연(기관 운영·인프라·위탁 서비스),K1 기술개발 과제 수행(연구개발비),S9 농림축산식품·해양수산,S5;S7;S9,3,없음
3283,2024,해양수산부,해양플라스틱쓰레기저감을위한기술개발사업(R&D),해양플라스틱쓰레기수거장비기술개발,2005.0,A. 기술혁신 촉진(개발·실증·사업화),T5 산학연 연구수행기관(기업·대학·연구소 컨소시엄),I1 R&D 과제 출연(연구개발비),K1 기술개발 과제 수행(연구개발비),S7 소재·부품·장비·제조혁신,S7;S9,2,없음
3284,2024,해양수산부,해양플라스틱쓰레기저감을위한기술개발사업(R&D),해양플라스틱쓰레기처리기술개발,841.0,A. 기술혁신 촉진(개발·실증·사업화),T5 산학연 연구수행기관(기업·대학·연구소 컨소시엄),I1 R&D 과제 출연(연구개발비),K1 기술개발 과제 수행(연구개발비),S9 농림축산식품·해양수산,S9,1,없음
3285,2024,해양수산부,중소선박보급형온실가스등저감장치개발(R&D),중소선박보급형온실가스등저감장치개발,940.0,A. 기술혁신 촉진(개발·실증·사업화),T5 산학연 연구수행기관(기업·대학·연구소 컨소시엄),I2 출연(기관 운영·인프라·위탁 서비스),K11 환경·안전 설비 구축 및 관리,S5 에너지·환경,S5;S6,2,없음
3286,2024,해양수산부,친환경선박보급촉진,친환경선박보급및운영지원,14250.0,E. 생산기반 현대화·친환경 전환(시설·설비),T9 농어업인·농식품·수산업체,I3 보조금(사업비 보조·매칭),K11 환경·안전 설비 구축 및 관리,S6 모빌리티·항공우주·조선,S5;S6,2,없음
3287,2024,해양수산부,해운물류전문인력양성지원,실무형해상물류일자리지원,900.0,F. 전문인력 양성·채용 지원,"T2 중소·벤처기업(특정 요건·단계: 글로벌 진출 희망, 인증, 재직자 등)",I3 보조금(사업비 보조·매칭),K9 교육·훈련 과정 운영,S10 유통·물류·생활서비스,S10,1,없음
3288,2024,해양수산부,수산산업창업투자지원,지역별창업투자지원센터,5250.0,B. 창업·벤처 육성,T9 농어업인·농식품·수산업체,I3 보조금(사업비 보조·매칭),K3 지역·사회적경제·창업 활성화 프로그램,S9 농림축산식품·해양수산,S9,1,없음
3289,2024,해양수산부,수산산업창업투자지원,수산연관우수기술사업화자금지원,25.0,A. 기술혁신 촉진(개발·실증·사업화),T9 농어업인·농식품·수산업체,I3 보조금(사업비 보조·매칭),K2 산업 생태계·협력 기반 조성(플랫폼·네트워크),S9 농림축산식품·해양수산,S9,1,없음
3290,2024,해양수산부,수산산업창업투자지원,해양수산창업콘테스트,250.0,B. 창업·벤처 육성,T9 농어업인·농식품·수산업체,I3 보조금(사업비 보조·매칭),K2 산업 생태계·협력 기반 조성(플랫폼·네트워크),S9 농림축산식품·해양수산,S9,1,없음
3291,2024,해양수산부,스마트선박용수로정보표준개발(R&D),스마트선박용수로정보표준개발,2000.0,A. 기술혁신 촉진(개발·실증·사업화),T5 산학연 연구수행기관(기업·대학·연구소 컨소시엄),I2 출연(기관 운영·인프라·위탁 서비스),K1 기술개발 과제 수행(연구개발비),S6 모빌리티·항공우주·조선,S6,1,언급
3292,2024,해양수산부,해양바이오원료·제형화기술개발(R&D),해양바이오표준원료생산공정기술개발,240.0,A. 기술혁신 촉진(개발·실증·사업화),T5 산학연 연구수행기관(기업·대학·연구소 컨소시엄),I1 R&D 과제 출연(연구개발비),K1 기술개발 과제 수행(연구개발비),S9 농림축산식품·해양수산,S4;S9,2,없음
3293,2024,해양수산부,해양바이오원료·제형화기술개발(R&D),고부가제형기술개발및상용화,240.0,A. 기술혁신 촉진(개발·실증·사업화),T5 산학연 연구수행기관(기업·대학·연구소 컨소시엄),I1 R&D 과제 출연(연구개발비),K1 기술개발 과제 수행(연구개발비),S4 바이오·헬스,S4;S9,2,없음
3294,2024,해양수산부,탄소중립실현을위한파력발전상용화기술개발(R&D),방파제연계형파력발전상용보급을위한성능고도화,1796.0,A. 기술혁신 촉진(개발·실증·사업화),T5 산학연 연구수행기관(기업·대학·연구소 컨소시엄),I1 R&D 과제 출연(연구개발비),K1 기술개발 과제 수행(연구개발비),S5 에너지·환경,S5,1,없음
3295,2024,해양수산부,대체해조육및수산배양육기술개발(R&D),대체해조육상용화기술개발,1000.0,A. 기술혁신 촉진(개발·실증·사업화),T5 산학연 연구수행기관(기업·대학·연구소 컨소시엄),I1 R&D 과제 출연(연구개발비),K1 기술개발 과제 수행(연구개발비),S9 농림축산식품·해양수산,S9,1,없음
3296,2024,행정안전부,마을기업육성사업,마을기업육성사업,2695.0,G. 고용 창출·유지 및 노동환경 개선,"T2 중소·벤처기업(특정 요건·단계: 글로벌 진출 희망, 인증, 재직자 등)",I3 보조금(사업비 보조·매칭),K3 지역·사회적경제·창업 활성화 프로그램,S0 업종 공통(산업 무관),S0,0,없음
3297,2024,행정안전부,지역주도형청년일자리사업,지역주도형청년일자리,75211.0,G. 고용 창출·유지 및 노동환경 개선,"T2 중소·벤처기업(특정 요건·단계: 글로벌 진출 희망, 인증, 재직자 등)",I3 보조금(사업비 보조·매칭),K10 고용장려금·인건비·공제 지급,S0 업종 공통(산업 무관),S0,0,없음
3298,2024,행정안전부,재난안전산업활성화,재난안전기업사업화역량강화컨설팅지원,400.0,H. 경영역량 강화·사업화 지원(컨설팅·마케팅·디자인),T7 일반 국민·산업 종사자·창작자,I3 보조금(사업비 보조·매칭),K7 사업비용 보조(전시·인증·컨설팅·기술도입 비용),S0 업종 공통(산업 무관),S0,0,없음
3299,2024,행정안전부,재난안전산업활성화,온·오프라인K-Safety홍보마케팅,100.0,H. 경영역량 강화·사업화 지원(컨설팅·마케팅·디자인),T7 일반 국민·산업 종사자·창작자,I3 보조금(사업비 보조·매칭),K8 컨설팅·인증·시험·홍보 서비스 제공,S0 업종 공통(산업 무관),S0,0,없음
3300,2024,행정안전부,재난안전산업활성화,선도재난안전기업해외수출역량강화지원,100.0,C. 수출·해외진출 촉진,T7 일반 국민·산업 종사자·창작자,I3 보조금(사업비 보조·매칭),K8 컨설팅·인증·시험·홍보 서비스 제공,S0 업종 공통(산업 무관),S0,0,없음
3301,2024,행정안전부,재난안전산업기술사업화지원(R&D),재난안전융합기술고도화지원,3620.0,A. 기술혁신 촉진(개발·실증·사업화),T7 일반 국민·산업 종사자·창작자,I2 출연(기관 운영·인프라·위탁 서비스),K2 산업 생태계·협력 기반 조성(플랫폼·네트워크),S0 업종 공통(산업 무관),S0,0,없음
3302,2024,행정안전부,재난안전산업기술사업화지원(R&D),재난안전맞춤형사업화지원,1440.0,A. 기술혁신 촉진(개발·실증·사업화),T7 일반 국민·산업 종사자·창작자,I2 출연(기관 운영·인프라·위탁 서비스),K2 산업 생태계·협력 기반 조성(플랫폼·네트워크),S0 업종 공통(산업 무관),S0,0,없음
3303,2024,행정안전부,도시침수방어능력강화를위한피해저감실용화기술개발(R&D),도시침수저감기능강화형중점기술개발,1600.0,A. 기술혁신 촉진(개발·실증·사업화),T7 일반 국민·산업 종사자·창작자,I1 R&D 과제 출연(연구개발비),K1 기술개발 과제 수행(연구개발비),S0 업종 공통(산업 무관),S0,0,없음
3304,2024,행정안전부,AI기반차세대안전신고및위험징후분석서비스기술개발(R&D),AI기반차세대안전신고정보및위험징후분석서비스기술개발,1500.0,A. 기술혁신 촉진(개발·실증·사업화),T7 일반 국민·산업 종사자·창작자,I1 R&D 과제 출연(연구개발비),K1 기술개발 과제 수행(연구개발비),S1 인공지능(AI)·데이터,S1,1,핵심
3305,2024,기후에너지환경부,녹색환경지원센터활성화지원,기업환경기술지원,2256.0,H. 경영역량 강화·사업화 지원(컨설팅·마케팅·디자인),"T2 중소·벤처기업(특정 요건·단계: 글로벌 진출 희망, 인증, 재직자 등)",I3 보조금(사업비 보조·매칭),K8 컨설팅·인증·시험·홍보 서비스 제공,S5 에너지·환경,S5,1,없음
3306,2024,기후에너지환경부,사업장미세먼지관리사업,굴뚝자동측정기기설치·운영관리비지원,2100.0,E. 생산기반 현대화·친환경 전환(시설·설비),"T2 중소·벤처기업(특정 요건·단계: 글로벌 진출 희망, 인증, 재직자 등)",I3 보조금(사업비 보조·매칭),K11 환경·안전 설비 구축 및 관리,S0 업종 공통(산업 무관),S0,0,없음
3307,2024,기후에너지환경부,사업장미세먼지관리사업,소규모사업장방지시설설치지원사업,49200.0,E. 생산기반 현대화·친환경 전환(시설·설비),"T2 중소·벤처기업(특정 요건·단계: 글로벌 진출 희망, 인증, 재직자 등)",I3 보조금(사업비 보조·매칭),K11 환경·안전 설비 구축 및 관리,S5 에너지·환경,S5,1,없음
3308,2024,기후에너지환경부,사업장미세먼지지능형최적저감·관리기술개발사업(R&D),사업장미세먼지지능형최적저감·관리기술개발,7707.0,A. 기술혁신 촉진(개발·실증·사업화),T7 일반 국민·산업 종사자·창작자,I1 R&D 과제 출연(연구개발비),K1 기술개발 과제 수행(연구개발비),S5 에너지·환경,S5,1,언급
3309,2024,기후에너지환경부,생활주변미세먼지관리사업,영세사업장악취기술지원,765.0,E. 생산기반 현대화·친환경 전환(시설·설비),T7 일반 국민·산업 종사자·창작자,I3 보조금(사업비 보조·매칭),K11 환경·안전 설비 구축 및 관리,S5 에너지·환경,S5,1,없음
3310,2024,기후에너지환경부,생활주변미세먼지관리사업,유증기회수설비형식인증및사후관리,5231.0,E. 생산기반 현대화·친환경 전환(시설·설비),T7 일반 국민·산업 종사자·창작자,I3 보조금(사업비 보조·매칭),K11 환경·안전 설비 구축 및 관리,S0 업종 공통(산업 무관),S0,0,없음
3311,2024,기후에너지환경부,생활주변미세먼지관리사업,HAPs비산배출시설설치운영사업장관리,679.0,E. 생산기반 현대화·친환경 전환(시설·설비),T7 일반 국민·산업 종사자·창작자,I3 보조금(사업비 보조·매칭),K11 환경·안전 설비 구축 및 관리,S5 에너지·환경,S5,1,없음
3312,2024,기후에너지환경부,생활주변미세먼지관리사업,사업장유해대기오염물질측정분석,400.0,E. 생산기반 현대화·친환경 전환(시설·설비),T7 일반 국민·산업 종사자·창작자,I3 보조금(사업비 보조·매칭),K11 환경·안전 설비 구축 및 관리,S5 에너지·환경,S5,1,없음
3313,2024,기후에너지환경부,생활주변미세먼지관리사업,가스히트펌프냉난방기개조지원사업,18646.0,E. 생산기반 현대화·친환경 전환(시설·설비),T7 일반 국민·산업 종사자·창작자,I3 보조금(사업비 보조·매칭),K11 환경·안전 설비 구축 및 관리,S5 에너지·환경,S5,1,없음
3314,2024,기후에너지환경부,화학제품안전관리,화학제품안전법제도이행지원,13233.0,E. 생산기반 현대화·친환경 전환(시설·설비),T7 일반 국민·산업 종사자·창작자,I10 직접 수행(직접사업),K11 환경·안전 설비 구축 및 관리,S7 소재·부품·장비·제조혁신,S7,1,없음
3315,2024,기후에너지환경부,"화학물질취급안전관리,지원",중소규모사업장안전진단지원,4032.0,G. 고용 창출·유지 및 노동환경 개선,T7 일반 국민·산업 종사자·창작자,I10 직접 수행(직접사업),K11 환경·안전 설비 구축 및 관리,S7 소재·부품·장비·제조혁신,S7,1,없음
3316,2024,기후에너지환경부,"화학물질취급안전관리,지원",화학안전사업장조성지원,7980.0,H. 경영역량 강화·사업화 지원(컨설팅·마케팅·디자인),T7 일반 국민·산업 종사자·창작자,I10 직접 수행(직접사업),K7 사업비용 보조(전시·인증·컨설팅·기술도입 비용),S7 소재·부품·장비·제조혁신,S7,1,없음
3317,2024,기후에너지환경부,화학사고예측‧예방고도화기술개발사업(R&D),화학사고예측‧예방고도화기술개발사업(R&D,2958.0,A. 기술혁신 촉진(개발·실증·사업화),T7 일반 국민·산업 종사자·창작자,I1 R&D 과제 출연(연구개발비),K1 기술개발 과제 수행(연구개발비),S7 소재·부품·장비·제조혁신,S7,1,없음
3318,2024,기후에너지환경부,환경보건디지털조사기반구축기술개발사업(R&D),환경보건취약지역건강영향모니터링기술개발,707.0,A. 기술혁신 촉진(개발·실증·사업화),T5 산학연 연구수행기관(기업·대학·연구소 컨소시엄),I1 R&D 과제 출연(연구개발비),K11 환경·안전 설비 구축 및 관리,S5 에너지·환경,S5,1,없음
3319,2024,기후에너지환경부,환경보건디지털조사기반구축기술개발사업(R&D),취약계층맞춤형건강영향예방관리서비스기술개발,1300.0,A. 기술혁신 촉진(개발·실증·사업화),T5 산학연 연구수행기관(기업·대학·연구소 컨소시엄),I1 R&D 과제 출연(연구개발비),K11 환경·안전 설비 구축 및 관리,S0 업종 공통(산업 무관),S0,0,없음
3320,2024,기후에너지환경부,고순도공업용수생산공정국산화기술개발사업(R&D),핵심공정운영기술국산화및공정설계‧시공자립화기술개발,2520.0,A. 기술혁신 촉진(개발·실증·사업화),T5 산학연 연구수행기관(기업·대학·연구소 컨소시엄),I1 R&D 과제 출연(연구개발비),K1 기술개발 과제 수행(연구개발비),S0 업종 공통(산업 무관),S0,0,없음
3321,2024,기후에너지환경부,고순도공업용수생산공정국산화기술개발사업(R&D),초신뢰확보를위한운영기술개발,1000.0,A. 기술혁신 촉진(개발·실증·사업화),T5 산학연 연구수행기관(기업·대학·연구소 컨소시엄),I1 R&D 과제 출연(연구개발비),K1 기술개발 과제 수행(연구개발비),S0 업종 공통(산업 무관),S0,0,없음
3322,2024,기후에너지환경부,물산업진흥및물기업육성,물산업우수제품지정제도,200.0,E. 생산기반 현대화·친환경 전환(시설·설비),T7 일반 국민·산업 종사자·창작자,I3 보조금(사업비 보조·매칭),K3 지역·사회적경제·창업 활성화 프로그램,S5 에너지·환경,S5,1,없음
3323,2024,기후에너지환경부,물산업진흥및물기업육성,혁신형물기업지정·지원,5000.0,C. 수출·해외진출 촉진,T7 일반 국민·산업 종사자·창작자,I3 보조금(사업비 보조·매칭),K5 창업 사업화자금·투자연계·보육,S5 에너지·환경,S5,1,없음
3324,2024,기후에너지환경부,물산업클러스터운영,국가물산업클러스터기업지원,12300.0,H. 경영역량 강화·사업화 지원(컨설팅·마케팅·디자인),"T8 수요·제도 연계 사업체 및 공공기관(수요기업, 설비 설치자, 지자체 등)",I3 보조금(사업비 보조·매칭),K7 사업비용 보조(전시·인증·컨설팅·기술도입 비용),S5 에너지·환경,S5,1,없음
3325,2024,기후에너지환경부,감염우려의료폐기물처리기술개발사업,감염우려의료폐기물처리기술개발사업,7519.0,A. 기술혁신 촉진(개발·실증·사업화),T5 산학연 연구수행기관(기업·대학·연구소 컨소시엄),I1 R&D 과제 출연(연구개발비),K11 환경·안전 설비 구축 및 관리,S5 에너지·환경,S4;S5,2,없음
3326,2024,기후에너지환경부,미래발생폐자원의재활용촉진기술개발사업,미래발생폐자원의재활용촉진기술개발,6405.0,A. 기술혁신 촉진(개발·실증·사업화),"T8 수요·제도 연계 사업체 및 공공기관(수요기업, 설비 설치자, 지자체 등)",I1 R&D 과제 출연(연구개발비),K1 기술개발 과제 수행(연구개발비),S5 에너지·환경,S5,1,없음
3327,2024,기후에너지환경부,자원순환촉진지원,자원순환성과관리제도운영,2899.0,E. 생산기반 현대화·친환경 전환(시설·설비),T9 농어업인·농식품·수산업체,I3 보조금(사업비 보조·매칭),K11 환경·안전 설비 구축 및 관리,S5 에너지·환경,S5,1,없음
3328,2024,기후에너지환경부,재활용및업사이클체계구축,업사이클센터기업지원사업,250.0,F. 전문인력 양성·채용 지원,T7 일반 국민·산업 종사자·창작자,I3 보조금(사업비 보조·매칭),K3 지역·사회적경제·창업 활성화 프로그램,S5 에너지·환경,S5,1,없음
3329,2024,기후에너지환경부,미래환경산업육성융자,미래환경산업육성융자,329928.0,D. 자금조달·경영안정 지원(융자·보증·비용보전),T1 중소·중견기업(일반·업종·지역 특정),I4 융자(정책자금 대출),K11 환경·안전 설비 구축 및 관리,S5 에너지·환경,S5,1,없음
3330,2024,기후에너지환경부,중소환경기업사업화지원사업,사업화지원,36450.0,H. 경영역량 강화·사업화 지원(컨설팅·마케팅·디자인),T1 중소·중견기업(일반·업종·지역 특정),I3 보조금(사업비 보조·매칭),K7 사업비용 보조(전시·인증·컨설팅·기술도입 비용),S5 에너지·환경,S5,1,없음
3331,2024,기후에너지환경부,중소환경기업사업화지원사업,에코스타트업지원,22999.0,B. 창업·벤처 육성,T1 중소·중견기업(일반·업종·지역 특정),I3 보조금(사업비 보조·매칭),K5 창업 사업화자금·투자연계·보육,S5 에너지·환경,S5,1,없음
3332,2024,기후에너지환경부,중소환경기업사업화지원사업,사회적경제기업사업화지원,680.0,B. 창업·벤처 육성,T1 중소·중견기업(일반·업종·지역 특정),I3 보조금(사업비 보조·매칭),K3 지역·사회적경제·창업 활성화 프로그램,S5 에너지·환경,S5,1,없음
3333,2024,기후에너지환경부,중소환경기업사업화지원사업,녹색융합클러스터육성지원,800.0,A. 기술혁신 촉진(개발·실증·사업화),T1 중소·중견기업(일반·업종·지역 특정),I3 보조금(사업비 보조·매칭),K2 산업 생태계·협력 기반 조성(플랫폼·네트워크),S5 에너지·환경,S5,1,없음
3334,2024,기후에너지환경부,환경산업수출기반육성지원,환경기업수출지원,23800.0,C. 수출·해외진출 촉진,"T8 수요·제도 연계 사업체 및 공공기관(수요기업, 설비 설치자, 지자체 등)",I3 보조금(사업비 보조·매칭),K7 사업비용 보조(전시·인증·컨설팅·기술도입 비용),S5 에너지·환경,S5,1,없음
3335,2024,기후에너지환경부,환경산업수출기반육성지원,해외프로젝트발굴및네트워크구축,5543.0,C. 수출·해외진출 촉진,"T8 수요·제도 연계 사업체 및 공공기관(수요기업, 설비 설치자, 지자체 등)",I3 보조금(사업비 보조·매칭),K7 사업비용 보조(전시·인증·컨설팅·기술도입 비용),S5 에너지·환경,S5,1,없음
3336,2024,기후에너지환경부,물·대기산업경쟁력강화를위한주요기자재국산화기술개발사업(R&D),물환경산업경쟁력강화국산화기술개발,432.0,A. 기술혁신 촉진(개발·실증·사업화),"T8 수요·제도 연계 사업체 및 공공기관(수요기업, 설비 설치자, 지자체 등)",I1 R&D 과제 출연(연구개발비),K1 기술개발 과제 수행(연구개발비),S5 에너지·환경,S5,1,없음
3337,2024,기후에너지환경부,물·대기산업경쟁력강화를위한주요기자재국산화기술개발사업(R&D),대기환경산업경쟁력강화국산화기술개발,864.0,A. 기술혁신 촉진(개발·실증·사업화),"T8 수요·제도 연계 사업체 및 공공기관(수요기업, 설비 설치자, 지자체 등)",I1 R&D 과제 출연(연구개발비),K1 기술개발 과제 수행(연구개발비),S5 에너지·환경,S5,1,없음
3338,2024,기후에너지환경부,온실가스관리인프라구축,온실가스감축기반구축,134008.0,E. 생산기반 현대화·친환경 전환(시설·설비),T9 농어업인·농식품·수산업체,I3 보조금(사업비 보조·매칭),K11 환경·안전 설비 구축 및 관리,S5 에너지·환경,S5;S9,2,없음
3339,2024,기후에너지환경부,온실가스관리인프라구축,온실가스·에너지목표관리제운영,5223.0,E. 생산기반 현대화·친환경 전환(시설·설비),T9 농어업인·농식품·수산업체,I3 보조금(사업비 보조·매칭),K11 환경·안전 설비 구축 및 관리,S5 에너지·환경,S5;S9,2,없음
3340,2024,기후에너지환경부,스마트생태공장구축,스마트생태공장구축,90300.0,A. 기술혁신 촉진(개발·실증·사업화),T1 중소·중견기업(일반·업종·지역 특정),I3 보조금(사업비 보조·매칭),K11 환경·안전 설비 구축 및 관리,S5 에너지·환경,S5,1,없음
3341,2024,기후에너지환경부,대기환경관리기술사업화연계기술개발사업(R&D),친환경자동차보급촉진및운행자동차배출가스저감기술,1204.0,A. 기술혁신 촉진(개발·실증·사업화),T7 일반 국민·산업 종사자·창작자,I2 출연(기관 운영·인프라·위탁 서비스),K11 환경·안전 설비 구축 및 관리,S5 에너지·환경,S5;S6,2,없음
3342,2024,기후에너지환경부,대기환경관리기술사업화연계기술개발사업(R&D),디지털기반스마트측정관리실증기술,406.0,A. 기술혁신 촉진(개발·실증·사업화),T7 일반 국민·산업 종사자·창작자,I2 출연(기관 운영·인프라·위탁 서비스),K1 기술개발 과제 수행(연구개발비),S5 에너지·환경,S5,1,없음
3343,2024,기후에너지환경부,유망녹색기업기술혁신개발(R&D),유망녹색기업기술혁신개발,2325.0,C. 수출·해외진출 촉진,T1 중소·중견기업(일반·업종·지역 특정),I1 R&D 과제 출연(연구개발비),K5 창업 사업화자금·투자연계·보육,S0 업종 공통(산업 무관),S0,0,없음
3344,2024,기후에너지환경부,녹색혁신기업성장지원,녹색혁신기업성장지원,11250.0,C. 수출·해외진출 촉진,T1 중소·중견기업(일반·업종·지역 특정),I3 보조금(사업비 보조·매칭),K5 창업 사업화자금·투자연계·보육,S5 에너지·환경,S5,1,없음
3345,2024,중소벤처기업부,지역특화산업육성(세종),지역주력산업육성(세종),1897.0,H. 경영역량 강화·사업화 지원(컨설팅·마케팅·디자인),T1 중소·중견기업(일반·업종·지역 특정),I1 R&D 과제 출연(연구개발비),K5 창업 사업화자금·투자연계·보육,S0 업종 공통(산업 무관),S0,0,없음
3346,2024,중소벤처기업부,지역특화산업육성(세종),시군구연고산업육성(세종),500.0,H. 경영역량 강화·사업화 지원(컨설팅·마케팅·디자인),T1 중소·중견기업(일반·업종·지역 특정),I2 출연(기관 운영·인프라·위탁 서비스),K8 컨설팅·인증·시험·홍보 서비스 제공,S0 업종 공통(산업 무관),S0,0,없음
3347,2024,중소벤처기업부,지역특화산업육성+(R&D)(세종),지역주력산업육성(세종R&D),1150.0,A. 기술혁신 촉진(개발·실증·사업화),T1 중소·중견기업(일반·업종·지역 특정),I1 R&D 과제 출연(연구개발비),K2 산업 생태계·협력 기반 조성(플랫폼·네트워크),S0 업종 공통(산업 무관),S0,0,없음
3348,2024,중소벤처기업부,지역특화산업육성+(R&D)(세종),지역스타기업육성(세종R&D),160.0,C. 수출·해외진출 촉진,T1 중소·중견기업(일반·업종·지역 특정),I1 R&D 과제 출연(연구개발비),K2 산업 생태계·협력 기반 조성(플랫폼·네트워크),S0 업종 공통(산업 무관),S0,0,없음
3349,2024,중소벤처기업부,지역특화산업육성(제주),지역주력산업육성(제주),3783.0,H. 경영역량 강화·사업화 지원(컨설팅·마케팅·디자인),T1 중소·중견기업(일반·업종·지역 특정),I1 R&D 과제 출연(연구개발비),K3 지역·사회적경제·창업 활성화 프로그램,S0 업종 공통(산업 무관),S0,0,없음
3350,2024,중소벤처기업부,지역특화산업육성(제주),시군구연고산업육성(제주),795.0,H. 경영역량 강화·사업화 지원(컨설팅·마케팅·디자인),T1 중소·중견기업(일반·업종·지역 특정),I2 출연(기관 운영·인프라·위탁 서비스),K8 컨설팅·인증·시험·홍보 서비스 제공,S0 업종 공통(산업 무관),S0,0,없음
3351,2024,중소벤처기업부,지역특화산업육성+(R&D)(제주),지역주력산업육성(제주R&D),3020.0,A. 기술혁신 촉진(개발·실증·사업화),T1 중소·중견기업(일반·업종·지역 특정),I1 R&D 과제 출연(연구개발비),K2 산업 생태계·협력 기반 조성(플랫폼·네트워크),S0 업종 공통(산업 무관),S0,0,없음
3352,2024,중소벤처기업부,지역특화산업육성+(R&D)(제주),지역스타기업육성(제주R&D),600.0,C. 수출·해외진출 촉진,T1 중소·중견기업(일반·업종·지역 특정),I1 R&D 과제 출연(연구개발비),K2 산업 생태계·협력 기반 조성(플랫폼·네트워크),S0 업종 공통(산업 무관),S0,0,없음
3353,2024,중소벤처기업부,산학연플랫폼협력기술개발사업(R&D),산학협력플랫폼R&D,3263.0,A. 기술혁신 촉진(개발·실증·사업화),T5 산학연 연구수행기관(기업·대학·연구소 컨소시엄),I1 R&D 과제 출연(연구개발비),K2 산업 생태계·협력 기반 조성(플랫폼·네트워크),S0 업종 공통(산업 무관),S0,0,없음
3354,2024,중소벤처기업부,산학연플랫폼협력기술개발사업(R&D),산연협력플랫폼R&D,3390.0,A. 기술혁신 촉진(개발·실증·사업화),T5 산학연 연구수행기관(기업·대학·연구소 컨소시엄),I1 R&D 과제 출연(연구개발비),K2 산업 생태계·협력 기반 조성(플랫폼·네트워크),S0 업종 공통(산업 무관),S0,0,없음
3355,2024,중소벤처기업부,산학연CollaboR&D(R&D),산학협력기술개발,19102.0,A. 기술혁신 촉진(개발·실증·사업화),T5 산학연 연구수행기관(기업·대학·연구소 컨소시엄),I1 R&D 과제 출연(연구개발비),K2 산업 생태계·협력 기반 조성(플랫폼·네트워크),S0 업종 공통(산업 무관),S0,0,없음
3356,2024,중소벤처기업부,산학연CollaboR&D(R&D),산연협력기술개발,8041.0,A. 기술혁신 촉진(개발·실증·사업화),T5 산학연 연구수행기관(기업·대학·연구소 컨소시엄),I1 R&D 과제 출연(연구개발비),K2 산업 생태계·협력 기반 조성(플랫폼·네트워크),S0 업종 공통(산업 무관),S0,0,없음
3357,2024,중소벤처기업부,규제자유특구혁신사업육성,규제자유특구혁신사업육성,3100.0,A. 기술혁신 촉진(개발·실증·사업화),T5 산학연 연구수행기관(기업·대학·연구소 컨소시엄),I3 보조금(사업비 보조·매칭),K2 산업 생태계·협력 기반 조성(플랫폼·네트워크),S0 업종 공통(산업 무관),S0,0,없음
3358,2024,중소벤처기업부,규제자유특구혁신사업육성,특구안착화,4018.0,A. 기술혁신 촉진(개발·실증·사업화),T5 산학연 연구수행기관(기업·대학·연구소 컨소시엄),I3 보조금(사업비 보조·매칭),K2 산업 생태계·협력 기반 조성(플랫폼·네트워크),S0 업종 공통(산업 무관),S0,0,없음
3359,2024,중소벤처기업부,규제자유특구혁신사업육성(R&D),규제자유특구혁신사업육성(R&D),17586.0,A. 기술혁신 촉진(개발·실증·사업화),T5 산학연 연구수행기관(기업·대학·연구소 컨소시엄),I1 R&D 과제 출연(연구개발비),K2 산업 생태계·협력 기반 조성(플랫폼·네트워크),S0 업종 공통(산업 무관),S0,0,없음
3360,2024,중소벤처기업부,규제자유특구혁신사업육성(R&D),글로벌혁신특구혁신사업육성(R&D),2033.0,C. 수출·해외진출 촉진,T5 산학연 연구수행기관(기업·대학·연구소 컨소시엄),I1 R&D 과제 출연(연구개발비),K2 산업 생태계·협력 기반 조성(플랫폼·네트워크),S0 업종 공통(산업 무관),S0,0,없음
3361,2024,중소벤처기업부,지역특화산업육성,지역주력산업육성,45444.0,H. 경영역량 강화·사업화 지원(컨설팅·마케팅·디자인),T1 중소·중견기업(일반·업종·지역 특정),I1 R&D 과제 출연(연구개발비),K5 창업 사업화자금·투자연계·보육,S0 업종 공통(산업 무관),S0,0,없음
3362,2024,중소벤처기업부,지역특화산업육성,시군구연고산업육성,20750.0,H. 경영역량 강화·사업화 지원(컨설팅·마케팅·디자인),T1 중소·중견기업(일반·업종·지역 특정),I2 출연(기관 운영·인프라·위탁 서비스),K8 컨설팅·인증·시험·홍보 서비스 제공,S0 업종 공통(산업 무관),S0,0,언급
3363,2024,중소벤처기업부,지역특화산업육성+(R&D),지역주력산업육성(R&D),39498.0,A. 기술혁신 촉진(개발·실증·사업화),T1 중소·중견기업(일반·업종·지역 특정),I1 R&D 과제 출연(연구개발비),K2 산업 생태계·협력 기반 조성(플랫폼·네트워크),S0 업종 공통(산업 무관),S0,0,없음
3364,2024,중소벤처기업부,지역특화산업육성+(R&D),지역스타기업육성,7289.0,C. 수출·해외진출 촉진,T1 중소·중견기업(일반·업종·지역 특정),I1 R&D 과제 출연(연구개발비),K2 산업 생태계·협력 기반 조성(플랫폼·네트워크),S0 업종 공통(산업 무관),S0,0,없음
3365,2024,중소벤처기업부,기술·경영지도,기술․경영지도지원,332.0,B. 창업·벤처 육성,T1 중소·중견기업(일반·업종·지역 특정),I8 보증·보험(신용보강),K8 컨설팅·인증·시험·홍보 서비스 제공,S0 업종 공통(산업 무관),S0,0,없음
3366,2024,중소벤처기업부,기술·경영지도,기보벤처캠프,785.0,B. 창업·벤처 육성,T1 중소·중견기업(일반·업종·지역 특정),I8 보증·보험(신용보강),K8 컨설팅·인증·시험·홍보 서비스 제공,S0 업종 공통(산업 무관),S0,0,없음
3367,2024,중소벤처기업부,팩토링금융(중기부),팩토링금융(중기부),99541.0,D. 자금조달·경영안정 지원(융자·보증·비용보전),T1 중소·중견기업(일반·업종·지역 특정),I8 보증·보험(신용보강),K4 자금 융자·보증 제공(운전·시설자금),S0 업종 공통(산업 무관),S0,0,없음
3368,2024,중소벤처기업부,혁신선도형중소기업투자,혁신선도형중소기업투자,75143.0,B. 창업·벤처 육성,T1 중소·중견기업(일반·업종·지역 특정),I8 보증·보험(신용보강),K4 자금 융자·보증 제공(운전·시설자금),S0 업종 공통(산업 무관),S0,0,없음
3369,2024,중소벤처기업부,소공인특화지원,판로개척지원,7650.0,H. 경영역량 강화·사업화 지원(컨설팅·마케팅·디자인),T4 소상공인·소공인,I9 바우처,K8 컨설팅·인증·시험·홍보 서비스 제공,S0 업종 공통(산업 무관),S1,1,활용
3370,2024,중소벤처기업부,소공인특화지원,클린제조환경조성,8400.0,G. 고용 창출·유지 및 노동환경 개선,T4 소상공인·소공인,I3 보조금(사업비 보조·매칭),K11 환경·안전 설비 구축 및 관리,S0 업종 공통(산업 무관),S0,0,없음
3371,2024,중소벤처기업부,소상공인성장지원,소상공인유통물류지원,7416.0,H. 경영역량 강화·사업화 지원(컨설팅·마케팅·디자인),T4 소상공인·소공인,I3 보조금(사업비 보조·매칭),K3 지역·사회적경제·창업 활성화 프로그램,S10 유통·물류·생활서비스,S10,1,없음
3372,2024,중소벤처기업부,소상공인성장지원,소상공인협업활성화,11540.0,H. 경영역량 강화·사업화 지원(컨설팅·마케팅·디자인),T4 소상공인·소공인,I3 보조금(사업비 보조·매칭),K7 사업비용 보조(전시·인증·컨설팅·기술도입 비용),S10 유통·물류·생활서비스,S10,1,없음
3373,2024,중소벤처기업부,소상공인성장지원,소상공인역량강화,21542.0,H. 경영역량 강화·사업화 지원(컨설팅·마케팅·디자인),T4 소상공인·소공인,I3 보조금(사업비 보조·매칭),K7 사업비용 보조(전시·인증·컨설팅·기술도입 비용),S0 업종 공통(산업 무관),S0,0,없음
3374,2024,중소벤처기업부,소상공인성장지원,백년가게및백년소공인육성,427.0,H. 경영역량 강화·사업화 지원(컨설팅·마케팅·디자인),T4 소상공인·소공인,I3 보조금(사업비 보조·매칭),K3 지역·사회적경제·창업 활성화 프로그램,S0 업종 공통(산업 무관),S0,0,없음
3375,2024,중소벤처기업부,소상공인성장지원,지역상권역량강화,1700.0,H. 경영역량 강화·사업화 지원(컨설팅·마케팅·디자인),T4 소상공인·소공인,I3 보조금(사업비 보조·매칭),K3 지역·사회적경제·창업 활성화 프로그램,S10 유통·물류·생활서비스,S10,1,없음
3376,2024,중소벤처기업부,소상공인성장지원,소상공인전기요금특별지원(한시),252000.0,H. 경영역량 강화·사업화 지원(컨설팅·마케팅·디자인),T4 소상공인·소공인,I3 보조금(사업비 보조·매칭),K10 고용장려금·인건비·공제 지급,S10 유통·물류·생활서비스,S10,1,없음
3377,2024,중소벤처기업부,소상공인스마트화지원,스마트상점기술보급,34400.0,A. 기술혁신 촉진(개발·실증·사업화),T4 소상공인·소공인,I3 보조금(사업비 보조·매칭),K7 사업비용 보조(전시·인증·컨설팅·기술도입 비용),S0 업종 공통(산업 무관),S0,0,언급
3378,2024,중소벤처기업부,소상공인스마트화지원,스마트공방기술보급,88200.0,A. 기술혁신 촉진(개발·실증·사업화),T4 소상공인·소공인,I3 보조금(사업비 보조·매칭),K7 사업비용 보조(전시·인증·컨설팅·기술도입 비용),S7 소재·부품·장비·제조혁신,S2;S7,2,없음
3379,2024,중소벤처기업부,소상공인스마트화지원,소상공인온라인판로지원,101930.0,H. 경영역량 강화·사업화 지원(컨설팅·마케팅·디자인),T4 소상공인·소공인,I3 보조금(사업비 보조·매칭),K7 사업비용 보조(전시·인증·컨설팅·기술도입 비용),S10 유통·물류·생활서비스,S8;S10,2,언급
3380,2024,중소벤처기업부,소상공인재기지원,희망리턴패키지,151300.0,H. 경영역량 강화·사업화 지원(컨설팅·마케팅·디자인),T4 소상공인·소공인,I3 보조금(사업비 보조·매칭),K5 창업 사업화자금·투자연계·보육,S0 업종 공통(산업 무관),S0,0,없음
3381,2024,중소벤처기업부,소상공인재기지원,자영업자고용보험료지원,15008.0,G. 고용 창출·유지 및 노동환경 개선,T4 소상공인·소공인,I3 보조금(사업비 보조·매칭),K10 고용장려금·인건비·공제 지급,S0 업종 공통(산업 무관),S0,0,없음
3382,2024,중소벤처기업부,기업가형소상공인육성,신사업창업사관학교,19641.0,B. 창업·벤처 육성,T3 예비창업자·창업기업,I9 바우처,K5 창업 사업화자금·투자연계·보육,S0 업종 공통(산업 무관),S0,0,없음
3383,2024,중소벤처기업부,기업가형소상공인육성,강한소상공인성장지원,23986.0,H. 경영역량 강화·사업화 지원(컨설팅·마케팅·디자인),T3 예비창업자·창업기업,I3 보조금(사업비 보조·매칭),K5 창업 사업화자금·투자연계·보육,S0 업종 공통(산업 무관),S0,0,없음
3384,2024,중소벤처기업부,기업가형소상공인육성,로컬크리에이터육성,6848.0,B. 창업·벤처 육성,T3 예비창업자·창업기업,I3 보조금(사업비 보조·매칭),K5 창업 사업화자금·투자연계·보육,S0 업종 공통(산업 무관),S0,0,없음
3385,2024,중소벤처기업부,기업가형소상공인육성,로컬브랜드창출,1928.0,H. 경영역량 강화·사업화 지원(컨설팅·마케팅·디자인),T3 예비창업자·창업기업,I3 보조금(사업비 보조·매칭),K5 창업 사업화자금·투자연계·보육,S10 유통·물류·생활서비스,S10,1,없음
3386,2024,중소벤처기업부,소상공인지원(융자),성장기반자금,800000.0,D. 자금조달·경영안정 지원(융자·보증·비용보전),T4 소상공인·소공인,I4 융자(정책자금 대출),K4 자금 융자·보증 제공(운전·시설자금),S0 업종 공통(산업 무관),S0,0,없음
3387,2024,중소벤처기업부,소상공인지원(융자),일반경영안정자금,1110000.0,D. 자금조달·경영안정 지원(융자·보증·비용보전),T4 소상공인·소공인,I4 융자(정책자금 대출),K4 자금 융자·보증 제공(운전·시설자금),S0 업종 공통(산업 무관),S0,0,없음
3388,2024,중소벤처기업부,소상공인지원(융자),특별경영안정자금,1800000.0,D. 자금조달·경영안정 지원(융자·보증·비용보전),T4 소상공인·소공인,I4 융자(정책자금 대출),K4 자금 융자·보증 제공(운전·시설자금),S0 업종 공통(산업 무관),S0,0,없음
3389,2024,중소벤처기업부,지역신용보증재단재보증,지역신용보증재단재보증,125354.0,D. 자금조달·경영안정 지원(융자·보증·비용보전),T4 소상공인·소공인,I8 보증·보험(신용보강),K4 자금 융자·보증 제공(운전·시설자금),S0 업종 공통(산업 무관),S0,0,없음
3390,2024,중소벤처기업부,Tech-Bridge활용상용화기술개발사업(R&D),수요기반기술이전,10389.0,A. 기술혁신 촉진(개발·실증·사업화),T5 산학연 연구수행기관(기업·대학·연구소 컨소시엄),I1 R&D 과제 출연(연구개발비),K1 기술개발 과제 수행(연구개발비),S7 소재·부품·장비·제조혁신,S7,1,없음
3391,2024,중소벤처기업부,소재부품장비전략협력기술개발(R&D),소재부품장비전략협력기술개발,4354.0,A. 기술혁신 촉진(개발·실증·사업화),T1 중소·중견기업(일반·업종·지역 특정),I1 R&D 과제 출연(연구개발비),K2 산업 생태계·협력 기반 조성(플랫폼·네트워크),S7 소재·부품·장비·제조혁신,S7,1,없음
3392,2024,중소벤처기업부,중소기업기술혁신개발(R&D),강소기업100,15324.0,A. 기술혁신 촉진(개발·실증·사업화),T5 산학연 연구수행기관(기업·대학·연구소 컨소시엄),I9 바우처,K4 자금 융자·보증 제공(운전·시설자금),S7 소재·부품·장비·제조혁신,S7,1,없음
3393,2024,중소벤처기업부,중소기업기술혁신개발(R&D),소부장전략,13754.0,A. 기술혁신 촉진(개발·실증·사업화),T5 산학연 연구수행기관(기업·대학·연구소 컨소시엄),I1 R&D 과제 출연(연구개발비),K2 산업 생태계·협력 기반 조성(플랫폼·네트워크),S7 소재·부품·장비·제조혁신,S7,1,없음
3394,2024,중소벤처기업부,중소기업기술혁신개발(R&D),소부장일반,11526.0,A. 기술혁신 촉진(개발·실증·사업화),T5 산학연 연구수행기관(기업·대학·연구소 컨소시엄),I1 R&D 과제 출연(연구개발비),K2 산업 생태계·협력 기반 조성(플랫폼·네트워크),S7 소재·부품·장비·제조혁신,S7,1,없음
3395,2024,중소벤처기업부,중소기업상용화기술개발(R&D)(특별),구매조건부신제품개발(특별),8465.0,A. 기술혁신 촉진(개발·실증·사업화),T1 중소·중견기업(일반·업종·지역 특정),I1 R&D 과제 출연(연구개발비),K2 산업 생태계·협력 기반 조성(플랫폼·네트워크),S0 업종 공통(산업 무관),S0,0,없음
3396,2024,중소벤처기업부,창업성장기술개발(R&D)(특별),전략형(특별),1983.0,A. 기술혁신 촉진(개발·실증·사업화),T1 중소·중견기업(일반·업종·지역 특정),I1 R&D 과제 출연(연구개발비),K1 기술개발 과제 수행(연구개발비),S7 소재·부품·장비·제조혁신,S7,1,없음
3397,2024,중소벤처기업부,수출지원기반활용,수출바우처,111860.0,C. 수출·해외진출 촉진,T1 중소·중견기업(일반·업종·지역 특정),I9 바우처,K7 사업비용 보조(전시·인증·컨설팅·기술도입 비용),S0 업종 공통(산업 무관),S0,0,없음
3398,2024,중소벤처기업부,중소기업해외시장진출,수출컨소시엄,15851.0,C. 수출·해외진출 촉진,T1 중소·중견기업(일반·업종·지역 특정),I6 혼합(출연+보조+직접 등 복수 형태),K7 사업비용 보조(전시·인증·컨설팅·기술도입 비용),S0 업종 공통(산업 무관),S0,0,없음
3399,2024,중소벤처기업부,중소기업해외시장진출,대중소기업동반진출,16851.0,C. 수출·해외진출 촉진,T1 중소·중견기업(일반·업종·지역 특정),I6 혼합(출연+보조+직접 등 복수 형태),K7 사업비용 보조(전시·인증·컨설팅·기술도입 비용),S0 업종 공통(산업 무관),S0,0,없음
3400,2024,중소벤처기업부,중소기업해외시장진출,전자상거래수출시장진출,40809.0,C. 수출·해외진출 촉진,T1 중소·중견기업(일반·업종·지역 특정),I6 혼합(출연+보조+직접 등 복수 형태),K7 사업비용 보조(전시·인증·컨설팅·기술도입 비용),S10 유통·물류·생활서비스,S10,1,없음
3401,2024,중소벤처기업부,중소기업해외시장진출,해외규격인증획득지원,15300.0,C. 수출·해외진출 촉진,T4 소상공인·소공인,I6 혼합(출연+보조+직접 등 복수 형태),K7 사업비용 보조(전시·인증·컨설팅·기술도입 비용),S0 업종 공통(산업 무관),S0,0,없음
3402,2024,중소벤처기업부,여성기업육성,여성창업지원,3956.0,B. 창업·벤처 육성,T3 예비창업자·창업기업,I3 보조금(사업비 보조·매칭),K5 창업 사업화자금·투자연계·보육,S0 업종 공통(산업 무관),S0,0,없음
3403,2024,중소벤처기업부,여성기업육성,여성기업판로지원,2572.0,H. 경영역량 강화·사업화 지원(컨설팅·마케팅·디자인),T3 예비창업자·창업기업,I3 보조금(사업비 보조·매칭),K8 컨설팅·인증·시험·홍보 서비스 제공,S0 업종 공통(산업 무관),S0,0,없음
3404,2024,중소벤처기업부,여성기업육성,여성기업인력지원,3213.0,B. 창업·벤처 육성,T3 예비창업자·창업기업,I3 보조금(사업비 보조·매칭),K3 지역·사회적경제·창업 활성화 프로그램,S0 업종 공통(산업 무관),S0,0,없음
3405,2024,중소벤처기업부,장애인기업육성,장애인기업성장기반구축,3095.0,B. 창업·벤처 육성,T3 예비창업자·창업기업,I3 보조금(사업비 보조·매칭),K5 창업 사업화자금·투자연계·보육,S0 업종 공통(산업 무관),S0,0,없음
3406,2024,중소벤처기업부,장애인기업육성,장애인창업육성,3169.0,B. 창업·벤처 육성,T3 예비창업자·창업기업,I3 보조금(사업비 보조·매칭),K5 창업 사업화자금·투자연계·보육,S0 업종 공통(산업 무관),S1,1,활용
3407,2024,중소벤처기업부,기술혁신기반조성,ASEIC운영,1575.0,A. 기술혁신 촉진(개발·실증·사업화),T1 중소·중견기업(일반·업종·지역 특정),I6 혼합(출연+보조+직접 등 복수 형태),K2 산업 생태계·협력 기반 조성(플랫폼·네트워크),S0 업종 공통(산업 무관),S0,0,없음
3408,2024,중소벤처기업부,기술혁신기반조성,중소기업기술탈취근절,3941.0,D. 자금조달·경영안정 지원(융자·보증·비용보전),T1 중소·중견기업(일반·업종·지역 특정),I6 혼합(출연+보조+직접 등 복수 형태),K2 산업 생태계·협력 기반 조성(플랫폼·네트워크),S0 업종 공통(산업 무관),S0,0,없음
3409,2024,중소벤처기업부,기술혁신기반조성,기술보호선도기업육성및피해회복지원,2500.0,A. 기술혁신 촉진(개발·실증·사업화),T1 중소·중견기업(일반·업종·지역 특정),I9 바우처,K7 사업비용 보조(전시·인증·컨설팅·기술도입 비용),S0 업종 공통(산업 무관),S0,0,없음
3410,2024,중소벤처기업부,중소기업기술거래활성화지원사업,거래기술사업화통합지원프로그램,2363.0,A. 기술혁신 촉진(개발·실증·사업화),T1 중소·중견기업(일반·업종·지역 특정),I2 출연(기관 운영·인프라·위탁 서비스),K7 사업비용 보조(전시·인증·컨설팅·기술도입 비용),S0 업종 공통(산업 무관),S0,0,없음
3411,2024,중소벤처기업부,건강기능식품개발지원사업(R&D),R&D지원,3317.0,A. 기술혁신 촉진(개발·실증·사업화),T1 중소·중견기업(일반·업종·지역 특정),I1 R&D 과제 출연(연구개발비),K2 산업 생태계·협력 기반 조성(플랫폼·네트워크),S4 바이오·헬스,S4;S9,2,없음
3412,2024,중소벤처기업부,공정·품질기술개발(R&D),혁신형R&D,10669.0,A. 기술혁신 촉진(개발·실증·사업화),T5 산학연 연구수행기관(기업·대학·연구소 컨소시엄),I1 R&D 과제 출연(연구개발비),K2 산업 생태계·협력 기반 조성(플랫폼·네트워크),S0 업종 공통(산업 무관),S0,0,없음
3413,2024,중소벤처기업부,공정·품질기술개발(R&D),현장형R&D,1725.0,A. 기술혁신 촉진(개발·실증·사업화),T5 산학연 연구수행기관(기업·대학·연구소 컨소시엄),I1 R&D 과제 출연(연구개발비),K2 산업 생태계·협력 기반 조성(플랫폼·네트워크),S0 업종 공통(산업 무관),S0,0,없음
3414,2024,중소벤처기업부,리빙랩활용기술개발지원(R&D),리빙랩활용기술개발지원(R&D),3622.0,A. 기술혁신 촉진(개발·실증·사업화),T1 중소·중견기업(일반·업종·지역 특정),I1 R&D 과제 출연(연구개발비),K1 기술개발 과제 수행(연구개발비),S0 업종 공통(산업 무관),S0,0,없음
3415,2024,중소벤처기업부,기술공유형통합기술개발(R&D),성과공유형공통기술R&D,4150.0,A. 기술혁신 촉진(개발·실증·사업화),T1 중소·중견기업(일반·업종·지역 특정),I1 R&D 과제 출연(연구개발비),K2 산업 생태계·협력 기반 조성(플랫폼·네트워크),S0 업종 공통(산업 무관),S0,0,없음
3416,2024,중소벤처기업부,기술공유형통합기술개발(R&D),해외원천기술상용화기술개발,445.0,A. 기술혁신 촉진(개발·실증·사업화),T1 중소·중견기업(일반·업종·지역 특정),I1 R&D 과제 출연(연구개발비),K2 산업 생태계·협력 기반 조성(플랫폼·네트워크),S0 업종 공통(산업 무관),S0,0,없음
3417,2024,중소벤처기업부,스마트제조혁신기술개발사업(R&D),스마트제조혁신기술개발사업,43665.0,A. 기술혁신 촉진(개발·실증·사업화),T1 중소·중견기업(일반·업종·지역 특정),I1 R&D 과제 출연(연구개발비),K1 기술개발 과제 수행(연구개발비),S7 소재·부품·장비·제조혁신,S1;S7,2,활용
3418,2024,중소벤처기업부,디지털전환통합기술개발(R&D),스마트서비스ICT솔루션기술개발,1126.0,A. 기술혁신 촉진(개발·실증·사업화),T4 소상공인·소공인,I1 R&D 과제 출연(연구개발비),K1 기술개발 과제 수행(연구개발비),S2 디지털·SW·정보통신,S2,1,없음
3419,2024,중소벤처기업부,중소기업R&D역량제고(R&D),맞춤형기술파트너지원,1000.0,A. 기술혁신 촉진(개발·실증·사업화),T1 중소·중견기업(일반·업종·지역 특정),I1 R&D 과제 출연(연구개발비),K2 산업 생태계·협력 기반 조성(플랫폼·네트워크),S0 업종 공통(산업 무관),S0,0,없음
3420,2024,중소벤처기업부,중소기업기술혁신개발사업(R&D),수출지향형,128364.0,C. 수출·해외진출 촉진,T5 산학연 연구수행기관(기업·대학·연구소 컨소시엄),I0 지원형태 미기재,K1 기술개발 과제 수행(연구개발비),S0 업종 공통(산업 무관),S0,0,없음
3421,2024,중소벤처기업부,중소기업기술혁신개발사업(R&D),시장확대형,207415.0,A. 기술혁신 촉진(개발·실증·사업화),T5 산학연 연구수행기관(기업·대학·연구소 컨소시엄),I0 지원형태 미기재,K1 기술개발 과제 수행(연구개발비),S0 업종 공통(산업 무관),S0,0,없음
3422,2024,중소벤처기업부,중소기업기술혁신개발사업(R&D),시장대응형,87426.0,A. 기술혁신 촉진(개발·실증·사업화),T5 산학연 연구수행기관(기업·대학·연구소 컨소시엄),I0 지원형태 미기재,K1 기술개발 과제 수행(연구개발비),S0 업종 공통(산업 무관),S0,0,없음
3423,2024,중소벤처기업부,중소기업상용화기술개발(R&D),구매조건부신제품개발,86876.0,A. 기술혁신 촉진(개발·실증·사업화),T1 중소·중견기업(일반·업종·지역 특정),I1 R&D 과제 출연(연구개발비),K2 산업 생태계·협력 기반 조성(플랫폼·네트워크),S0 업종 공통(산업 무관),S0,0,없음
3424,2024,중소벤처기업부,중소기업상용화기술개발(R&D),네트워크형기술개발,7334.0,A. 기술혁신 촉진(개발·실증·사업화),T1 중소·중견기업(일반·업종·지역 특정),I1 R&D 과제 출연(연구개발비),K2 산업 생태계·협력 기반 조성(플랫폼·네트워크),S0 업종 공통(산업 무관),S0,0,없음
3425,2024,중소벤처기업부,창업성장기술개발(R&D),디딤돌,147587.0,A. 기술혁신 촉진(개발·실증·사업화),T1 중소·중견기업(일반·업종·지역 특정),I1 R&D 과제 출연(연구개발비),K2 산업 생태계·협력 기반 조성(플랫폼·네트워크),S0 업종 공통(산업 무관),S0,0,없음
3426,2024,중소벤처기업부,창업성장기술개발(R&D),전략형,42949.0,B. 창업·벤처 육성,T1 중소·중견기업(일반·업종·지역 특정),I1 R&D 과제 출연(연구개발비),K1 기술개발 과제 수행(연구개발비),S0 업종 공통(산업 무관),S0,0,없음
3427,2024,중소벤처기업부,창업성장기술개발(R&D),TIPS,341147.0,B. 창업·벤처 육성,T1 중소·중견기업(일반·업종·지역 특정),I1 R&D 과제 출연(연구개발비),K5 창업 사업화자금·투자연계·보육,S0 업종 공통(산업 무관),S0,0,없음
3428,2024,중소벤처기업부,ICT융합스마트공장보급·확산,제조혁신구축,205651.0,A. 기술혁신 촉진(개발·실증·사업화),T1 중소·중견기업(일반·업종·지역 특정),I6 혼합(출연+보조+직접 등 복수 형태),K1 기술개발 과제 수행(연구개발비),S7 소재·부품·장비·제조혁신,S2;S7,2,없음
3429,2024,중소벤처기업부,ICT융합스마트공장보급·확산,제조혁신인프라조성,11910.0,A. 기술혁신 촉진(개발·실증·사업화),T1 중소·중견기업(일반·업종·지역 특정),I6 혼합(출연+보조+직접 등 복수 형태),K8 컨설팅·인증·시험·홍보 서비스 제공,S7 소재·부품·장비·제조혁신,S1;S2;S7,3,활용
3430,2024,중소벤처기업부,ICT융합스마트공장보급·확산,제조데이터생태계구축,1493.0,A. 기술혁신 촉진(개발·실증·사업화),T1 중소·중견기업(일반·업종·지역 특정),I6 혼합(출연+보조+직접 등 복수 형태),K7 사업비용 보조(전시·인증·컨설팅·기술도입 비용),S7 소재·부품·장비·제조혁신,S1;S2;S7,3,없음
3431,2024,중소벤처기업부,데이터인프라구축(정보화),데이터거래지원,2900.0,A. 기술혁신 촉진(개발·실증·사업화),T1 중소·중견기업(일반·업종·지역 특정),I2 출연(기관 운영·인프라·위탁 서비스),K1 기술개발 과제 수행(연구개발비),S0 업종 공통(산업 무관),S0,0,언급
3432,2024,중소벤처기업부,중소기업스마트서비스지원,중소기업스마트서비스지원,10888.0,A. 기술혁신 촉진(개발·실증·사업화),T1 중소·중견기업(일반·업종·지역 특정),I2 출연(기관 운영·인프라·위탁 서비스),K7 사업비용 보조(전시·인증·컨설팅·기술도입 비용),S0 업종 공통(산업 무관),S0,0,언급
3433,2024,중소벤처기업부,중소기업우수연구개발혁신제품지정및시범구매사업,우수연구개발혁신제품지정,400.0,A. 기술혁신 촉진(개발·실증·사업화),T1 중소·중견기업(일반·업종·지역 특정),I1 R&D 과제 출연(연구개발비),K2 산업 생태계·협력 기반 조성(플랫폼·네트워크),S0 업종 공통(산업 무관),S0,0,없음
3434,2024,중소벤처기업부,지역특화제조데이터활성화,지역특화제조데이터활성화,2000.0,A. 기술혁신 촉진(개발·실증·사업화),T1 중소·중견기업(일반·업종·지역 특정),I2 출연(기관 운영·인프라·위탁 서비스),K1 기술개발 과제 수행(연구개발비),S7 소재·부품·장비·제조혁신,S1;S7,2,활용
3435,2024,중소벤처기업부,중소기업협동조합육성,협동조합활성화,3900.0,H. 경영역량 강화·사업화 지원(컨설팅·마케팅·디자인),T4 소상공인·소공인,I3 보조금(사업비 보조·매칭),K3 지역·사회적경제·창업 활성화 프로그램,S0 업종 공통(산업 무관),S0,0,없음
3436,2024,중소벤처기업부,중소기업협동조합육성,가업승계지원,704.0,H. 경영역량 강화·사업화 지원(컨설팅·마케팅·디자인),T4 소상공인·소공인,I3 보조금(사업비 보조·매칭),K8 컨설팅·인증·시험·홍보 서비스 제공,S0 업종 공통(산업 무관),S0,0,없음
3437,2024,중소벤처기업부,원스톱기업애로종합지원,기업애로전문가상담,2861.0,H. 경영역량 강화·사업화 지원(컨설팅·마케팅·디자인),T1 중소·중견기업(일반·업종·지역 특정),I6 혼합(출연+보조+직접 등 복수 형태),K8 컨설팅·인증·시험·홍보 서비스 제공,S0 업종 공통(산업 무관),S0,0,없음
3438,2024,중소벤처기업부,원스톱기업애로종합지원,현장클리닉,2519.0,H. 경영역량 강화·사업화 지원(컨설팅·마케팅·디자인),T1 중소·중견기업(일반·업종·지역 특정),I6 혼합(출연+보조+직접 등 복수 형태),K8 컨설팅·인증·시험·홍보 서비스 제공,S0 업종 공통(산업 무관),S0,0,없음
3439,2024,중소벤처기업부,공공구매제도운영,공공구매이행력제고,2897.0,A. 기술혁신 촉진(개발·실증·사업화),"T2 중소·벤처기업(특정 요건·단계: 글로벌 진출 희망, 인증, 재직자 등)",I3 보조금(사업비 보조·매칭),K8 컨설팅·인증·시험·홍보 서비스 제공,S0 업종 공통(산업 무관),S0,0,없음
3440,2024,중소벤처기업부,마케팅지원사업,판로진출지원(舊유통망진출지원),16570.0,H. 경영역량 강화·사업화 지원(컨설팅·마케팅·디자인),T4 소상공인·소공인,I3 보조금(사업비 보조·매칭),K8 컨설팅·인증·시험·홍보 서비스 제공,S10 유통·물류·생활서비스,S10,1,없음
3441,2024,중소벤처기업부,마케팅지원사업,공동A/S지원,5607.0,H. 경영역량 강화·사업화 지원(컨설팅·마케팅·디자인),T4 소상공인·소공인,I3 보조금(사업비 보조·매칭),K9 교육·훈련 과정 운영,S0 업종 공통(산업 무관),S0,0,없음
3442,2024,중소벤처기업부,중소기업혁신바우처지원사업,중소기업혁신바우처지원사업,55805.0,H. 경영역량 강화·사업화 지원(컨설팅·마케팅·디자인),T1 중소·중견기업(일반·업종·지역 특정),I9 바우처,K7 사업비용 보조(전시·인증·컨설팅·기술도입 비용),S7 소재·부품·장비·제조혁신,S1;S7,2,활용
3443,2024,중소벤처기업부,중소기업연구인력지원(R&D),신진연구인력채용지원,12462.0,A. 기술혁신 촉진(개발·실증·사업화),"T2 중소·벤처기업(특정 요건·단계: 글로벌 진출 희망, 인증, 재직자 등)",I2 출연(기관 운영·인프라·위탁 서비스),K10 고용장려금·인건비·공제 지급,S0 업종 공통(산업 무관),S0,0,없음
3444,2024,중소벤처기업부,중소기업연구인력지원(R&D),고경력연구인력채용지원,10293.0,A. 기술혁신 촉진(개발·실증·사업화),"T2 중소·벤처기업(특정 요건·단계: 글로벌 진출 희망, 인증, 재직자 등)",I2 출연(기관 운영·인프라·위탁 서비스),K10 고용장려금·인건비·공제 지급,S0 업종 공통(산업 무관),S0,0,없음
3445,2024,중소벤처기업부,중소기업연구인력지원(R&D),공공연연구인력파견지원,6780.0,A. 기술혁신 촉진(개발·실증·사업화),"T2 중소·벤처기업(특정 요건·단계: 글로벌 진출 희망, 인증, 재직자 등)",I1 R&D 과제 출연(연구개발비),K10 고용장려금·인건비·공제 지급,S0 업종 공통(산업 무관),S0,0,없음
3446,2024,중소벤처기업부,중소기업연구인력지원(R&D),중소기업연구인력현장맞춤형양성지원,4830.0,A. 기술혁신 촉진(개발·실증·사업화),"T2 중소·벤처기업(특정 요건·단계: 글로벌 진출 희망, 인증, 재직자 등)",I1 R&D 과제 출연(연구개발비),K5 창업 사업화자금·투자연계·보육,S0 업종 공통(산업 무관),S0,0,언급
3447,2024,중소벤처기업부,인력유입인프라조성,중소기업핵심인력성과보상기금,121685.0,F. 전문인력 양성·채용 지원,"T2 중소·벤처기업(특정 요건·단계: 글로벌 진출 희망, 인증, 재직자 등)",I3 보조금(사업비 보조·매칭),K10 고용장려금·인건비·공제 지급,S0 업종 공통(산업 무관),S0,0,없음
3448,2024,중소벤처기업부,벤처기업경쟁력강화,벤처기업일자리지원,1970.0,G. 고용 창출·유지 및 노동환경 개선,T3 예비창업자·창업기업,I3 보조금(사업비 보조·매칭),K8 컨설팅·인증·시험·홍보 서비스 제공,S0 업종 공통(산업 무관),S0,0,없음
3449,2024,중소벤처기업부,벤처기업경쟁력강화,여성벤처활성화지원,1200.0,B. 창업·벤처 육성,T3 예비창업자·창업기업,I3 보조금(사업비 보조·매칭),K3 지역·사회적경제·창업 활성화 프로그램,S0 업종 공통(산업 무관),S0,0,없음
3450,2024,중소벤처기업부,벤처캐피탈선진화,M&A활성화지원,617.0,B. 창업·벤처 육성,"T2 중소·벤처기업(특정 요건·단계: 글로벌 진출 희망, 인증, 재직자 등)",I3 보조금(사업비 보조·매칭),K8 컨설팅·인증·시험·홍보 서비스 제공,S0 업종 공통(산업 무관),S0,0,없음
3451,2024,중소벤처기업부,중소기업재기지원,재도전성공패키지,16629.0,B. 창업·벤처 육성,T3 예비창업자·창업기업,I3 보조금(사업비 보조·매칭),K5 창업 사업화자금·투자연계·보육,S0 업종 공통(산업 무관),S0,0,없음
3452,2024,중소벤처기업부,창업생태계기반구축,메이커활성화지원,25158.0,B. 창업·벤처 육성,T7 일반 국민·산업 종사자·창작자,I6 혼합(출연+보조+직접 등 복수 형태),K5 창업 사업화자금·투자연계·보육,S0 업종 공통(산업 무관),S0,0,없음
3453,2024,중소벤처기업부,창업생태계기반구축,창업존운영,4482.0,B. 창업·벤처 육성,T7 일반 국민·산업 종사자·창작자,I6 혼합(출연+보조+직접 등 복수 형태),K3 지역·사회적경제·창업 활성화 프로그램,S0 업종 공통(산업 무관),S0,0,없음
3454,2024,중소벤처기업부,민간협력창업자육성,민관공동창업자발굴육성,130363.0,B. 창업·벤처 육성,T1 중소·중견기업(일반·업종·지역 특정),I6 혼합(출연+보조+직접 등 복수 형태),K5 창업 사업화자금·투자연계·보육,S0 업종 공통(산업 무관),S0,0,없음
3455,2024,중소벤처기업부,민간협력창업자육성,민관협력오픈이노베이션지원,11143.0,B. 창업·벤처 육성,T1 중소·중견기업(일반·업종·지역 특정),I6 혼합(출연+보조+직접 등 복수 형태),K5 창업 사업화자금·투자연계·보육,S0 업종 공통(산업 무관),S0,0,없음
3456,2024,중소벤처기업부,민간협력창업자육성,아기유니콘육성,22000.0,B. 창업·벤처 육성,T1 중소·중견기업(일반·업종·지역 특정),I6 혼합(출연+보조+직접 등 복수 형태),K5 창업 사업화자금·투자연계·보육,S0 업종 공통(산업 무관),S0,0,없음
3457,2024,중소벤처기업부,민간협력창업자육성,글로벌기업협업프로그램,43000.0,B. 창업·벤처 육성,T1 중소·중견기업(일반·업종·지역 특정),I6 혼합(출연+보조+직접 등 복수 형태),K8 컨설팅·인증·시험·홍보 서비스 제공,S0 업종 공통(산업 무관),S0,0,없음
3458,2024,중소벤처기업부,창업사업화지원,예비창업패키지,69945.0,B. 창업·벤처 육성,T1 중소·중견기업(일반·업종·지역 특정),I6 혼합(출연+보조+직접 등 복수 형태),K5 창업 사업화자금·투자연계·보육,S0 업종 공통(산업 무관),S0,0,없음
3459,2024,중소벤처기업부,창업사업화지원,초기창업패키지,59360.0,B. 창업·벤처 육성,T1 중소·중견기업(일반·업종·지역 특정),I6 혼합(출연+보조+직접 등 복수 형태),K7 사업비용 보조(전시·인증·컨설팅·기술도입 비용),S0 업종 공통(산업 무관),S0,0,없음
3460,2024,중소벤처기업부,창업사업화지원,창업도약패키지,59255.0,B. 창업·벤처 육성,T1 중소·중견기업(일반·업종·지역 특정),I6 혼합(출연+보조+직접 등 복수 형태),K5 창업 사업화자금·투자연계·보육,S0 업종 공통(산업 무관),S0,0,없음
3461,2024,중소벤처기업부,창업사업화지원,초격차스타트업1000+프로젝트(구.혁신분야창업패키지),103096.0,B. 창업·벤처 육성,T1 중소·중견기업(일반·업종·지역 특정),I8 보증·보험(신용보강),K5 창업 사업화자금·투자연계·보육,S0 업종 공통(산업 무관),S0,0,언급
3462,2024,중소벤처기업부,창업사업화지원,글로벌스타트업육성,18525.0,B. 창업·벤처 육성,T1 중소·중견기업(일반·업종·지역 특정),I6 혼합(출연+보조+직접 등 복수 형태),K3 지역·사회적경제·창업 활성화 프로그램,S0 업종 공통(산업 무관),S0,0,없음
3463,2024,중소벤처기업부,창업사업화지원,창업중심대학,67475.0,B. 창업·벤처 육성,T3 예비창업자·창업기업,I6 혼합(출연+보조+직접 등 복수 형태),K5 창업 사업화자금·투자연계·보육,S0 업종 공통(산업 무관),S0,0,없음
3464,2024,중소벤처기업부,온라인수출플랫폼(정보화),온라인수출플랫폼(정보화),3449.0,C. 수출·해외진출 촉진,T1 중소·중견기업(일반·업종·지역 특정),I10 직접 수행(직접사업),K6 해외진출·수출 지원(전시·상담·현지화),S0 업종 공통(산업 무관),S0,0,없음
3465,2024,중소벤처기업부,글로벌화지원플랫폼,글로벌비즈니스센터,17816.0,C. 수출·해외진출 촉진,"T2 중소·벤처기업(특정 요건·단계: 글로벌 진출 희망, 인증, 재직자 등)",I10 직접 수행(직접사업),K6 해외진출·수출 지원(전시·상담·현지화),S0 업종 공통(산업 무관),S0,0,없음
3466,2024,중소벤처기업부,글로벌화지원플랫폼,코리아스타트업센터,15440.0,B. 창업·벤처 육성,"T2 중소·벤처기업(특정 요건·단계: 글로벌 진출 희망, 인증, 재직자 등)",I10 직접 수행(직접사업),K6 해외진출·수출 지원(전시·상담·현지화),S0 업종 공통(산업 무관),S0,0,없음
3467,2024,중소벤처기업부,글로벌협력기반구축,글로벌협력기반구축,1847.0,C. 수출·해외진출 촉진,T1 중소·중견기업(일반·업종·지역 특정),I10 직접 수행(직접사업),K6 해외진출·수출 지원(전시·상담·현지화),S0 업종 공통(산업 무관),S0,0,없음
3468,2024,중소벤처기업부,긴급경영안정자금(융자),일시적경영애로및재해중소기업지원,150000.0,D. 자금조달·경영안정 지원(융자·보증·비용보전),T1 중소·중견기업(일반·업종·지역 특정),I4 융자(정책자금 대출),K4 자금 융자·보증 제공(운전·시설자금),S0 업종 공통(산업 무관),S0,0,없음
3469,2024,중소벤처기업부,신성장기반자금(융자),혁신성장지원,806050.0,D. 자금조달·경영안정 지원(융자·보증·비용보전),T1 중소·중견기업(일반·업종·지역 특정),I4 융자(정책자금 대출),K4 자금 융자·보증 제공(운전·시설자금),S0 업종 공통(산업 무관),S0,0,언급
3470,2024,중소벤처기업부,신성장기반자금(융자),제조현장스마트화,476220.0,D. 자금조달·경영안정 지원(융자·보증·비용보전),T1 중소·중견기업(일반·업종·지역 특정),I4 융자(정책자금 대출),K4 자금 융자·보증 제공(운전·시설자금),S7 소재·부품·장비·제조혁신,S7,1,언급
3471,2024,중소벤처기업부,신성장기반자금(융자),Net-Zero유망기업,96674.0,D. 자금조달·경영안정 지원(융자·보증·비용보전),T1 중소·중견기업(일반·업종·지역 특정),I4 융자(정책자금 대출),K4 자금 융자·보증 제공(운전·시설자금),S0 업종 공통(산업 무관),S0,0,없음
3472,2024,중소벤처기업부,신성장기반자금(융자),스케일업금융,100000.0,D. 자금조달·경영안정 지원(융자·보증·비용보전),T1 중소·중견기업(일반·업종·지역 특정),I4 융자(정책자금 대출),K4 자금 융자·보증 제공(운전·시설자금),S0 업종 공통(산업 무관),S0,0,없음
3473,2024,중소벤처기업부,신시장진출지원자금(융자),내수기업수출기업화,100000.0,D. 자금조달·경영안정 지원(융자·보증·비용보전),T1 중소·중견기업(일반·업종·지역 특정),I4 융자(정책자금 대출),K4 자금 융자·보증 제공(운전·시설자금),S0 업종 공통(산업 무관),S0,0,없음
3474,2024,중소벤처기업부,신시장진출지원자금(융자),수출기업글로벌화,100500.0,D. 자금조달·경영안정 지원(융자·보증·비용보전),T1 중소·중견기업(일반·업종·지역 특정),I4 융자(정책자금 대출),K4 자금 융자·보증 제공(운전·시설자금),S0 업종 공통(산업 무관),S0,0,없음
3475,2024,중소벤처기업부,정책자금지원성과향상,시설투자촉진,3401.0,D. 자금조달·경영안정 지원(융자·보증·비용보전),T1 중소·중견기업(일반·업종·지역 특정),I10 직접 수행(직접사업),K4 자금 융자·보증 제공(운전·시설자금),S0 업종 공통(산업 무관),S0,0,없음
3476,2024,중소벤처기업부,기업인력애로센터활용취업지원,기업인력애로센터활용취업지원,4671.0,G. 고용 창출·유지 및 노동환경 개선,"T2 중소·벤처기업(특정 요건·단계: 글로벌 진출 희망, 인증, 재직자 등)",I3 보조금(사업비 보조·매칭),K9 교육·훈련 과정 운영,S0 업종 공통(산업 무관),S0,0,없음
3477,2024,중소벤처기업부,연수사업,연수사업,23910.0,F. 전문인력 양성·채용 지원,T4 소상공인·소공인,I10 직접 수행(직접사업),K9 교육·훈련 과정 운영,S0 업종 공통(산업 무관),S1,1,활용
3478,2024,중소벤처기업부,재도약지원자금(융자),사업전환자금,312500.0,D. 자금조달·경영안정 지원(융자·보증·비용보전),T1 중소·중견기업(일반·업종·지역 특정),I4 융자(정책자금 대출),K4 자금 융자·보증 제공(운전·시설자금),S0 업종 공통(산업 무관),S0,0,언급
3479,2024,중소벤처기업부,재도약지원자금(융자),구조개선전용자금,119300.0,D. 자금조달·경영안정 지원(융자·보증·비용보전),T1 중소·중견기업(일반·업종·지역 특정),I4 융자(정책자금 대출),K4 자금 융자·보증 제공(운전·시설자금),S0 업종 공통(산업 무관),S0,0,없음
3480,2024,중소벤처기업부,재도약지원자금(융자),재창업자금,100000.0,D. 자금조달·경영안정 지원(융자·보증·비용보전),T1 중소·중견기업(일반·업종·지역 특정),I4 융자(정책자금 대출),K4 자금 융자·보증 제공(운전·시설자금),S0 업종 공통(산업 무관),S0,0,없음
3481,2024,중소벤처기업부,재도약촉진,사업전환촉진,7342.0,H. 경영역량 강화·사업화 지원(컨설팅·마케팅·디자인),"T2 중소·벤처기업(특정 요건·단계: 글로벌 진출 희망, 인증, 재직자 등)",I10 직접 수행(직접사업),K8 컨설팅·인증·시험·홍보 서비스 제공,S0 업종 공통(산업 무관),S0,0,없음
3482,2024,중소벤처기업부,창업성공패키지,창업성공패키지,93181.0,B. 창업·벤처 육성,T1 중소·중견기업(일반·업종·지역 특정),I10 직접 수행(직접사업),K5 창업 사업화자금·투자연계·보육,S0 업종 공통(산업 무관),S1,1,활용
3483,2024,중소벤처기업부,혁신창업사업화자금(융자),창업기반지원,1795800.0,D. 자금조달·경영안정 지원(융자·보증·비용보전),T1 중소·중견기업(일반·업종·지역 특정),I4 융자(정책자금 대출),K4 자금 융자·보증 제공(운전·시설자금),S0 업종 공통(산업 무관),S0,0,언급
3484,2024,중소벤처기업부,혁신창업사업화자금(융자),개발기술사업화,212000.0,D. 자금조달·경영안정 지원(융자·보증·비용보전),T1 중소·중견기업(일반·업종·지역 특정),I4 융자(정책자금 대출),K4 자금 융자·보증 제공(운전·시설자금),S0 업종 공통(산업 무관),S0,0,없음
3485,2024,중소벤처기업부,신용보증기금출연(일반),신용보증기금출연,80000.0,D. 자금조달·경영안정 지원(융자·보증·비용보전),"T8 수요·제도 연계 사업체 및 공공기관(수요기업, 설비 설치자, 지자체 등)",I8 보증·보험(신용보강),K4 자금 융자·보증 제공(운전·시설자금),S0 업종 공통(산업 무관),S0,0,없음
3486,2024,중소벤처기업부,포스트규제자유특구연계(R&D),포스트규제자유특구연계R&D지원,1021.0,A. 기술혁신 촉진(개발·실증·사업화),T1 중소·중견기업(일반·업종·지역 특정),I1 R&D 과제 출연(연구개발비),K2 산업 생태계·협력 기반 조성(플랫폼·네트워크),S0 업종 공통(산업 무관),S0,0,없음
3487,2024,중소벤처기업부,소상공인스마트기술육성R&D,소상공인스마트기술육성R&D,1199.0,A. 기술혁신 촉진(개발·실증·사업화),T4 소상공인·소공인,I1 R&D 과제 출연(연구개발비),K2 산업 생태계·협력 기반 조성(플랫폼·네트워크),S0 업종 공통(산업 무관),S0,0,없음
3488,2024,중소벤처기업부,상권활성화사업(자율),상권활성화사업(자율),24857.0,H. 경영역량 강화·사업화 지원(컨설팅·마케팅·디자인),T4 소상공인·소공인,I3 보조금(사업비 보조·매칭),K3 지역·사회적경제·창업 활성화 프로그램,S10 유통·물류·생활서비스,S10,1,없음
3489,2024,중소벤처기업부,혁신제품고도화기술개발지원사업(R&D),혁신제품고도화기술개발지원사업,863.0,C. 수출·해외진출 촉진,T1 중소·중견기업(일반·업종·지역 특정),I1 R&D 과제 출연(연구개발비),K2 산업 생태계·협력 기반 조성(플랫폼·네트워크),S0 업종 공통(산업 무관),S0,0,없음
3490,2024,중소벤처기업부,중소벤처기업구조혁신지원R&D(R&D),구조혁신고도화R&D지원,1042.0,A. 기술혁신 촉진(개발·실증·사업화),T1 중소·중견기업(일반·업종·지역 특정),I1 R&D 과제 출연(연구개발비),K2 산업 생태계·협력 기반 조성(플랫폼·네트워크),S0 업종 공통(산업 무관),S0,0,없음
3491,2024,중소벤처기업부,중소벤처기업구조혁신지원R&D(R&D),구조혁신재구축R&D지원,625.0,A. 기술혁신 촉진(개발·실증·사업화),T1 중소·중견기업(일반·업종·지역 특정),I1 R&D 과제 출연(연구개발비),K2 산업 생태계·협력 기반 조성(플랫폼·네트워크),S0 업종 공통(산업 무관),S0,0,없음
3492,2024,중소벤처기업부,기술보증기금출연,기술보증기금출연,20000.0,D. 자금조달·경영안정 지원(융자·보증·비용보전),T1 중소·중견기업(일반·업종·지역 특정),I8 보증·보험(신용보강),K4 자금 융자·보증 제공(운전·시설자금),S0 업종 공통(산업 무관),S0,0,없음
3493,2024,중소벤처기업부,상권활성화사업(세종),상권활성화사업(세종),1189.0,H. 경영역량 강화·사업화 지원(컨설팅·마케팅·디자인),T4 소상공인·소공인,I3 보조금(사업비 보조·매칭),K3 지역·사회적경제·창업 활성화 프로그램,S10 유통·물류·생활서비스,S10,1,없음
3494,2024,중소벤처기업부,비은행권소상공인·자영업자금융비용지원,비은행권소상공인·자영업자금융비용지원,300000.0,D. 자금조달·경영안정 지원(융자·보증·비용보전),T0 수혜대상 미기재,I3 보조금(사업비 보조·매칭),K4 자금 융자·보증 제공(운전·시설자금),S0 업종 공통(산업 무관),S0,0,없음
3495,2024,중소벤처기업부,그린뉴딜유망기업100(R&D),그린뉴딜유망기업육성100R&D),4130.0,A. 기술혁신 촉진(개발·실증·사업화),T5 산학연 연구수행기관(기업·대학·연구소 컨소시엄),I1 R&D 과제 출연(연구개발비),K2 산업 생태계·협력 기반 조성(플랫폼·네트워크),S0 업종 공통(산업 무관),S0,0,없음
3496,2024,중소벤처기업부,창업성장기술개발(R&D)(기금),전략형(기금),3257.0,A. 기술혁신 촉진(개발·실증·사업화),T1 중소·중견기업(일반·업종·지역 특정),I0 지원형태 미기재,K1 기술개발 과제 수행(연구개발비),S0 업종 공통(산업 무관),S0,0,없음
5506,2025,중소벤처기업부,지역특화산업육성(세종),지역주력산업육성(세종),1897.0,H. 경영역량 강화·사업화 지원(컨설팅·마케팅·디자인),T1 중소·중견기업(일반·업종·지역 특정),I1 R&D 과제 출연(연구개발비),K5 창업 사업화자금·투자연계·보육,S0 업종 공통(산업 무관),S0,0,없음
5507,2025,중소벤처기업부,지역특화산업육성(세종),시군구연고산업육성(세종),500.0,H. 경영역량 강화·사업화 지원(컨설팅·마케팅·디자인),T1 중소·중견기업(일반·업종·지역 특정),I2 출연(기관 운영·인프라·위탁 서비스),K8 컨설팅·인증·시험·홍보 서비스 제공,S0 업종 공통(산업 무관),S0,0,없음
5508,2025,중소벤처기업부,지역특화산업육성+(세종)(R&D),지역주력산업육성(세종R&D),300.0,A. 기술혁신 촉진(개발·실증·사업화),T1 중소·중견기업(일반·업종·지역 특정),I1 R&D 과제 출연(연구개발비),K2 산업 생태계·협력 기반 조성(플랫폼·네트워크),S0 업종 공통(산업 무관),S0,0,없음
5509,2025,중소벤처기업부,지역특화산업육성(제주),지역주력산업육성(제주),3783.0,H. 경영역량 강화·사업화 지원(컨설팅·마케팅·디자인),T1 중소·중견기업(일반·업종·지역 특정),I1 R&D 과제 출연(연구개발비),K3 지역·사회적경제·창업 활성화 프로그램,S0 업종 공통(산업 무관),S0,0,없음
5510,2025,중소벤처기업부,지역특화산업육성(제주),시군구연고산업육성(제주),795.0,H. 경영역량 강화·사업화 지원(컨설팅·마케팅·디자인),T1 중소·중견기업(일반·업종·지역 특정),I2 출연(기관 운영·인프라·위탁 서비스),K8 컨설팅·인증·시험·홍보 서비스 제공,S0 업종 공통(산업 무관),S0,0,없음
5511,2025,중소벤처기업부,지역특화산업육성+(제주)(R&D),지역주력산업육성(제주R&D),700.0,A. 기술혁신 촉진(개발·실증·사업화),T1 중소·중견기업(일반·업종·지역 특정),I1 R&D 과제 출연(연구개발비),K2 산업 생태계·협력 기반 조성(플랫폼·네트워크),S0 업종 공통(산업 무관),S0,0,없음
5512,2025,중소벤처기업부,산학연CollaboR&D(R&D),산학협력기술개발,40016.0,A. 기술혁신 촉진(개발·실증·사업화),T5 산학연 연구수행기관(기업·대학·연구소 컨소시엄),I1 R&D 과제 출연(연구개발비),K2 산업 생태계·협력 기반 조성(플랫폼·네트워크),S0 업종 공통(산업 무관),S0,0,없음
5513,2025,중소벤처기업부,산학연CollaboR&D(R&D),산연협력기술개발,16950.0,A. 기술혁신 촉진(개발·실증·사업화),T5 산학연 연구수행기관(기업·대학·연구소 컨소시엄),I1 R&D 과제 출연(연구개발비),K2 산업 생태계·협력 기반 조성(플랫폼·네트워크),S0 업종 공통(산업 무관),S0,0,없음
5514,2025,중소벤처기업부,규제자유특구혁신사업육성,특구활성화및육성기반조성(통합),6406.0,C. 수출·해외진출 촉진,T5 산학연 연구수행기관(기업·대학·연구소 컨소시엄),I3 보조금(사업비 보조·매칭),K7 사업비용 보조(전시·인증·컨설팅·기술도입 비용),S0 업종 공통(산업 무관),S0,0,없음
5515,2025,중소벤처기업부,규제자유특구혁신사업육성(R&D),규제자유특구혁신사업육성(R&D),23491.0,A. 기술혁신 촉진(개발·실증·사업화),T5 산학연 연구수행기관(기업·대학·연구소 컨소시엄),I1 R&D 과제 출연(연구개발비),K2 산업 생태계·협력 기반 조성(플랫폼·네트워크),S0 업종 공통(산업 무관),S0,0,없음
5516,2025,중소벤처기업부,규제자유특구혁신사업육성(R&D),글로벌혁신특구혁신사업육성(R&D),7366.0,C. 수출·해외진출 촉진,T5 산학연 연구수행기관(기업·대학·연구소 컨소시엄),I1 R&D 과제 출연(연구개발비),K2 산업 생태계·협력 기반 조성(플랫폼·네트워크),S0 업종 공통(산업 무관),S0,0,없음
5517,2025,중소벤처기업부,지역특화산업육성,지역주력산업육성,40594.0,H. 경영역량 강화·사업화 지원(컨설팅·마케팅·디자인),T1 중소·중견기업(일반·업종·지역 특정),I1 R&D 과제 출연(연구개발비),K5 창업 사업화자금·투자연계·보육,S0 업종 공통(산업 무관),S0,0,없음
5518,2025,중소벤처기업부,지역특화산업육성,시군구연고산업육성,31000.0,H. 경영역량 강화·사업화 지원(컨설팅·마케팅·디자인),T1 중소·중견기업(일반·업종·지역 특정),I2 출연(기관 운영·인프라·위탁 서비스),K8 컨설팅·인증·시험·홍보 서비스 제공,S0 업종 공통(산업 무관),S0,0,언급
5519,2025,중소벤처기업부,지역특화산업육성+(R&D),지역주력산업육성(R&D),8150.0,A. 기술혁신 촉진(개발·실증·사업화),T1 중소·중견기업(일반·업종·지역 특정),I1 R&D 과제 출연(연구개발비),K2 산업 생태계·협력 기반 조성(플랫폼·네트워크),S0 업종 공통(산업 무관),S0,0,없음
5520,2025,중소벤처기업부,기술·경영지도,기술․경영지도지원,502.0,B. 창업·벤처 육성,T1 중소·중견기업(일반·업종·지역 특정),I8 보증·보험(신용보강),K8 컨설팅·인증·시험·홍보 서비스 제공,S0 업종 공통(산업 무관),S0,0,없음
5521,2025,중소벤처기업부,기술·경영지도,기보벤처캠프,785.0,B. 창업·벤처 육성,T1 중소·중견기업(일반·업종·지역 특정),I8 보증·보험(신용보강),K8 컨설팅·인증·시험·홍보 서비스 제공,S0 업종 공통(산업 무관),S0,0,없음
5522,2025,중소벤처기업부,팩토링금융(중기부),팩토링금융(중기부),99370.0,D. 자금조달·경영안정 지원(융자·보증·비용보전),T1 중소·중견기업(일반·업종·지역 특정),I8 보증·보험(신용보강),K4 자금 융자·보증 제공(운전·시설자금),S0 업종 공통(산업 무관),S0,0,없음
5523,2025,중소벤처기업부,혁신선도형중소기업투자,혁신선도형중소기업투자,75263.0,B. 창업·벤처 육성,T1 중소·중견기업(일반·업종·지역 특정),I8 보증·보험(신용보강),K4 자금 융자·보증 제공(운전·시설자금),S0 업종 공통(산업 무관),S0,0,없음
5524,2025,중소벤처기업부,소공인특화지원,판로개척지원,7650.0,H. 경영역량 강화·사업화 지원(컨설팅·마케팅·디자인),T4 소상공인·소공인,I9 바우처,K8 컨설팅·인증·시험·홍보 서비스 제공,S0 업종 공통(산업 무관),S1,1,활용
5525,2025,중소벤처기업부,소공인특화지원,클린제조환경조성,8400.0,G. 고용 창출·유지 및 노동환경 개선,T4 소상공인·소공인,I3 보조금(사업비 보조·매칭),K11 환경·안전 설비 구축 및 관리,S0 업종 공통(산업 무관),S0,0,없음
5526,2025,중소벤처기업부,소공인특화지원,소공인스마트제조지원,88200.0,A. 기술혁신 촉진(개발·실증·사업화),T4 소상공인·소공인,I3 보조금(사업비 보조·매칭),K8 컨설팅·인증·시험·홍보 서비스 제공,S7 소재·부품·장비·제조혁신,S7,1,없음
5527,2025,중소벤처기업부,소상공인성장지원,소상공인유통물류지원,2221.0,H. 경영역량 강화·사업화 지원(컨설팅·마케팅·디자인),T4 소상공인·소공인,I3 보조금(사업비 보조·매칭),K3 지역·사회적경제·창업 활성화 프로그램,S10 유통·물류·생활서비스,S10,1,없음
5528,2025,중소벤처기업부,소상공인성장지원,소상공인협업활성화,11540.0,H. 경영역량 강화·사업화 지원(컨설팅·마케팅·디자인),T4 소상공인·소공인,I3 보조금(사업비 보조·매칭),K7 사업비용 보조(전시·인증·컨설팅·기술도입 비용),S10 유통·물류·생활서비스,S10,1,없음
5529,2025,중소벤처기업부,소상공인성장지원,소상공인역량강화,240674.0,H. 경영역량 강화·사업화 지원(컨설팅·마케팅·디자인),T4 소상공인·소공인,I3 보조금(사업비 보조·매칭),K7 사업비용 보조(전시·인증·컨설팅·기술도입 비용),S0 업종 공통(산업 무관),S0,0,없음
5530,2025,중소벤처기업부,소상공인스마트화지원,스마트상점기술보급,32490.0,A. 기술혁신 촉진(개발·실증·사업화),T4 소상공인·소공인,I3 보조금(사업비 보조·매칭),K7 사업비용 보조(전시·인증·컨설팅·기술도입 비용),S0 업종 공통(산업 무관),S0,0,언급
5531,2025,중소벤처기업부,소상공인스마트화지원,소상공인온라인판로지원,79695.0,H. 경영역량 강화·사업화 지원(컨설팅·마케팅·디자인),T4 소상공인·소공인,I3 보조금(사업비 보조·매칭),K7 사업비용 보조(전시·인증·컨설팅·기술도입 비용),S10 유통·물류·생활서비스,S8;S10,2,언급
5532,2025,중소벤처기업부,소상공인재기지원,희망리턴패키지,245010.0,H. 경영역량 강화·사업화 지원(컨설팅·마케팅·디자인),T4 소상공인·소공인,I3 보조금(사업비 보조·매칭),K5 창업 사업화자금·투자연계·보육,S0 업종 공통(산업 무관),S0,0,없음
5533,2025,중소벤처기업부,소상공인재기지원,소상공인고용보험료지원,14827.0,G. 고용 창출·유지 및 노동환경 개선,T4 소상공인·소공인,I3 보조금(사업비 보조·매칭),K10 고용장려금·인건비·공제 지급,S0 업종 공통(산업 무관),S0,0,없음
5534,2025,중소벤처기업부,소상공인재기지원,손실보상한시지원,10400.0,D. 자금조달·경영안정 지원(융자·보증·비용보전),T4 소상공인·소공인,I3 보조금(사업비 보조·매칭),K10 고용장려금·인건비·공제 지급,S0 업종 공통(산업 무관),S0,0,없음
5535,2025,중소벤처기업부,기업가형소상공인육성,혁신소상공인창업지원,19288.0,B. 창업·벤처 육성,T3 예비창업자·창업기업,I3 보조금(사업비 보조·매칭),K5 창업 사업화자금·투자연계·보육,S0 업종 공통(산업 무관),S1,1,활용
5536,2025,중소벤처기업부,기업가형소상공인육성,혁신소상공인도약지원,34134.0,H. 경영역량 강화·사업화 지원(컨설팅·마케팅·디자인),T3 예비창업자·창업기업,I3 보조금(사업비 보조·매칭),K3 지역·사회적경제·창업 활성화 프로그램,S0 업종 공통(산업 무관),S0,0,언급
5537,2025,중소벤처기업부,기업가형소상공인육성,혁신소상공인투자연계지원,30000.0,B. 창업·벤처 육성,T3 예비창업자·창업기업,I3 보조금(사업비 보조·매칭),K5 창업 사업화자금·투자연계·보육,S0 업종 공통(산업 무관),S0,0,없음
5538,2025,중소벤처기업부,소상공인지원(융자),성장기반자금,850000.0,D. 자금조달·경영안정 지원(융자·보증·비용보전),T4 소상공인·소공인,I4 융자(정책자금 대출),K4 자금 융자·보증 제공(운전·시설자금),S0 업종 공통(산업 무관),S0,0,없음
5539,2025,중소벤처기업부,소상공인지원(융자),일반경영안정자금,1220000.0,D. 자금조달·경영안정 지원(융자·보증·비용보전),T4 소상공인·소공인,I4 융자(정책자금 대출),K4 자금 융자·보증 제공(운전·시설자금),S0 업종 공통(산업 무관),S0,0,없음
5540,2025,중소벤처기업부,소상공인지원(융자),특별경영안정자금,1600000.0,D. 자금조달·경영안정 지원(융자·보증·비용보전),T4 소상공인·소공인,I4 융자(정책자금 대출),K4 자금 융자·보증 제공(운전·시설자금),S0 업종 공통(산업 무관),S0,0,없음
5541,2025,중소벤처기업부,소상공인지원(융자),상생성장지원자금,100000.0,D. 자금조달·경영안정 지원(융자·보증·비용보전),T4 소상공인·소공인,I4 융자(정책자금 대출),K4 자금 융자·보증 제공(운전·시설자금),S0 업종 공통(산업 무관),S0,0,없음
5542,2025,중소벤처기업부,지역신용보증재단재보증,지역신용보증재단재보증,210940.0,D. 자금조달·경영안정 지원(융자·보증·비용보전),T4 소상공인·소공인,I8 보증·보험(신용보강),K4 자금 융자·보증 제공(운전·시설자금),S0 업종 공통(산업 무관),S0,0,없음
5543,2025,중소벤처기업부,Tech-Bridge활용상용화기술개발(R&D),수요기반기술이전,4069.0,A. 기술혁신 촉진(개발·실증·사업화),T5 산학연 연구수행기관(기업·대학·연구소 컨소시엄),I1 R&D 과제 출연(연구개발비),K2 산업 생태계·협력 기반 조성(플랫폼·네트워크),S7 소재·부품·장비·제조혁신,S7,1,없음
5544,2025,중소벤처기업부,중소기업기술혁신개발(R&D)(특별),강소기업100,16571.0,A. 기술혁신 촉진(개발·실증·사업화),T5 산학연 연구수행기관(기업·대학·연구소 컨소시엄),I9 바우처,K4 자금 융자·보증 제공(운전·시설자금),S0 업종 공통(산업 무관),S0,0,없음
5545,2025,중소벤처기업부,중소기업기술혁신개발(R&D)(특별),소부장전략,4254.0,A. 기술혁신 촉진(개발·실증·사업화),T5 산학연 연구수행기관(기업·대학·연구소 컨소시엄),I1 R&D 과제 출연(연구개발비),K2 산업 생태계·협력 기반 조성(플랫폼·네트워크),S7 소재·부품·장비·제조혁신,S7,1,없음
5546,2025,중소벤처기업부,중소기업기술혁신개발(R&D)(특별),소부장일반,4867.0,A. 기술혁신 촉진(개발·실증·사업화),T5 산학연 연구수행기관(기업·대학·연구소 컨소시엄),I1 R&D 과제 출연(연구개발비),K2 산업 생태계·협력 기반 조성(플랫폼·네트워크),S7 소재·부품·장비·제조혁신,S7,1,없음
5547,2025,중소벤처기업부,중소기업상용화기술개발(R&D)(특별),구매조건부신제품개발(소부장)(특별),2609.0,A. 기술혁신 촉진(개발·실증·사업화),T1 중소·중견기업(일반·업종·지역 특정),I1 R&D 과제 출연(연구개발비),K2 산업 생태계·협력 기반 조성(플랫폼·네트워크),S7 소재·부품·장비·제조혁신,S7,1,없음
5548,2025,중소벤처기업부,수출지원기반활용,수출바우처,127560.0,C. 수출·해외진출 촉진,T1 중소·중견기업(일반·업종·지역 특정),I9 바우처,K7 사업비용 보조(전시·인증·컨설팅·기술도입 비용),S0 업종 공통(산업 무관),S0,0,없음
5549,2025,중소벤처기업부,중소기업해외시장진출,수출컨소시엄,15851.0,C. 수출·해외진출 촉진,T1 중소·중견기업(일반·업종·지역 특정),I6 혼합(출연+보조+직접 등 복수 형태),K7 사업비용 보조(전시·인증·컨설팅·기술도입 비용),S0 업종 공통(산업 무관),S0,0,없음
5550,2025,중소벤처기업부,중소기업해외시장진출,대중소기업동반진출,16851.0,C. 수출·해외진출 촉진,T1 중소·중견기업(일반·업종·지역 특정),I6 혼합(출연+보조+직접 등 복수 형태),K7 사업비용 보조(전시·인증·컨설팅·기술도입 비용),S0 업종 공통(산업 무관),S0,0,없음
5551,2025,중소벤처기업부,중소기업해외시장진출,전자상거래수출시장진출,30609.0,C. 수출·해외진출 촉진,T1 중소·중견기업(일반·업종·지역 특정),I6 혼합(출연+보조+직접 등 복수 형태),K7 사업비용 보조(전시·인증·컨설팅·기술도입 비용),S10 유통·물류·생활서비스,S10,1,없음
5552,2025,중소벤처기업부,중소기업해외시장진출,해외수출규제대응지원,15300.0,C. 수출·해외진출 촉진,T1 중소·중견기업(일반·업종·지역 특정),I6 혼합(출연+보조+직접 등 복수 형태),K7 사업비용 보조(전시·인증·컨설팅·기술도입 비용),S0 업종 공통(산업 무관),S0,0,없음
5553,2025,중소벤처기업부,대ㆍ중소기업동반성장생태계구축,동반성장문화조성,8847.0,A. 기술혁신 촉진(개발·실증·사업화),T4 소상공인·소공인,I3 보조금(사업비 보조·매칭),K1 기술개발 과제 수행(연구개발비),S8 콘텐츠·문화·관광·스포츠,S8,1,없음
5554,2025,중소벤처기업부,여성기업육성,여성창업지원,3956.0,B. 창업·벤처 육성,T3 예비창업자·창업기업,I3 보조금(사업비 보조·매칭),K5 창업 사업화자금·투자연계·보육,S0 업종 공통(산업 무관),S0,0,없음
5555,2025,중소벤처기업부,여성기업육성,여성기업판로지원,2572.0,H. 경영역량 강화·사업화 지원(컨설팅·마케팅·디자인),T3 예비창업자·창업기업,I3 보조금(사업비 보조·매칭),K8 컨설팅·인증·시험·홍보 서비스 제공,S0 업종 공통(산업 무관),S0,0,없음
5556,2025,중소벤처기업부,여성기업육성,여성기업인력지원,3213.0,B. 창업·벤처 육성,T3 예비창업자·창업기업,I3 보조금(사업비 보조·매칭),K3 지역·사회적경제·창업 활성화 프로그램,S0 업종 공통(산업 무관),S0,0,없음
5557,2025,중소벤처기업부,장애인기업육성,장애인기업성장기반구축,3095.0,B. 창업·벤처 육성,T3 예비창업자·창업기업,I3 보조금(사업비 보조·매칭),K5 창업 사업화자금·투자연계·보육,S0 업종 공통(산업 무관),S0,0,없음
5558,2025,중소벤처기업부,장애인기업육성,장애인창업육성,3169.0,B. 창업·벤처 육성,T3 예비창업자·창업기업,I3 보조금(사업비 보조·매칭),K5 창업 사업화자금·투자연계·보육,S0 업종 공통(산업 무관),S1,1,활용
5559,2025,중소벤처기업부,기술혁신기반조성,ASEIC운영,1575.0,A. 기술혁신 촉진(개발·실증·사업화),T1 중소·중견기업(일반·업종·지역 특정),I6 혼합(출연+보조+직접 등 복수 형태),K2 산업 생태계·협력 기반 조성(플랫폼·네트워크),S0 업종 공통(산업 무관),S0,0,없음
5560,2025,중소벤처기업부,기술혁신기반조성,중소기업기술탈취근절,3941.0,D. 자금조달·경영안정 지원(융자·보증·비용보전),T1 중소·중견기업(일반·업종·지역 특정),I6 혼합(출연+보조+직접 등 복수 형태),K2 산업 생태계·협력 기반 조성(플랫폼·네트워크),S0 업종 공통(산업 무관),S0,0,없음
5561,2025,중소벤처기업부,기술혁신기반조성,기술보호선도기업육성및피해회복지원,3500.0,A. 기술혁신 촉진(개발·실증·사업화),T1 중소·중견기업(일반·업종·지역 특정),I9 바우처,K7 사업비용 보조(전시·인증·컨설팅·기술도입 비용),S0 업종 공통(산업 무관),S0,0,없음
5562,2025,중소벤처기업부,중소기업기술거래활성화지원사업,거래기술사업화통합지원프로그램,2363.0,A. 기술혁신 촉진(개발·실증·사업화),T1 중소·중견기업(일반·업종·지역 특정),I2 출연(기관 운영·인프라·위탁 서비스),K7 사업비용 보조(전시·인증·컨설팅·기술도입 비용),S0 업종 공통(산업 무관),S0,0,없음
5563,2025,중소벤처기업부,건강기능식품개발지원사업(R&D),R&D지원,1200.0,A. 기술혁신 촉진(개발·실증·사업화),T1 중소·중견기업(일반·업종·지역 특정),I1 R&D 과제 출연(연구개발비),K2 산업 생태계·협력 기반 조성(플랫폼·네트워크),S4 바이오·헬스,S4;S9,2,없음
5564,2025,중소벤처기업부,공정·품질기술개발(R&D),혁신형R&D,4675.0,A. 기술혁신 촉진(개발·실증·사업화),T5 산학연 연구수행기관(기업·대학·연구소 컨소시엄),I1 R&D 과제 출연(연구개발비),K2 산업 생태계·협력 기반 조성(플랫폼·네트워크),S0 업종 공통(산업 무관),S0,0,없음
5565,2025,중소벤처기업부,스마트제조혁신기술개발사업(R&D),스마트제조혁신기술개발사업,51690.0,A. 기술혁신 촉진(개발·실증·사업화),T1 중소·중견기업(일반·업종·지역 특정),I1 R&D 과제 출연(연구개발비),K1 기술개발 과제 수행(연구개발비),S7 소재·부품·장비·제조혁신,S1;S7,2,활용
5566,2025,중소벤처기업부,중소기업기술혁신개발(R&D),수출지향형,186404.0,A. 기술혁신 촉진(개발·실증·사업화),T5 산학연 연구수행기관(기업·대학·연구소 컨소시엄),I1 R&D 과제 출연(연구개발비),K1 기술개발 과제 수행(연구개발비),S0 업종 공통(산업 무관),S0,0,없음
5567,2025,중소벤처기업부,중소기업기술혁신개발(R&D),시장확대형,280611.0,A. 기술혁신 촉진(개발·실증·사업화),T5 산학연 연구수행기관(기업·대학·연구소 컨소시엄),I1 R&D 과제 출연(연구개발비),K1 기술개발 과제 수행(연구개발비),S0 업종 공통(산업 무관),S0,0,없음
5568,2025,중소벤처기업부,중소기업기술혁신개발(R&D),시장대응형,100968.0,A. 기술혁신 촉진(개발·실증·사업화),T5 산학연 연구수행기관(기업·대학·연구소 컨소시엄),I1 R&D 과제 출연(연구개발비),K1 기술개발 과제 수행(연구개발비),S0 업종 공통(산업 무관),S0,0,없음
5569,2025,중소벤처기업부,중소기업상용화기술개발(R&D),구매조건부신제품개발사업,34370.0,A. 기술혁신 촉진(개발·실증·사업화),T1 중소·중견기업(일반·업종·지역 특정),I1 R&D 과제 출연(연구개발비),K1 기술개발 과제 수행(연구개발비),S0 업종 공통(산업 무관),S0,0,없음
5570,2025,중소벤처기업부,중소기업상용화기술개발(R&D),네트워크형기술개발사업,1829.0,A. 기술혁신 촉진(개발·실증·사업화),T1 중소·중견기업(일반·업종·지역 특정),I1 R&D 과제 출연(연구개발비),K2 산업 생태계·협력 기반 조성(플랫폼·네트워크),S7 소재·부품·장비·제조혁신,S7,1,없음
5571,2025,중소벤처기업부,창업성장기술개발(R&D),디딤돌,106500.0,A. 기술혁신 촉진(개발·실증·사업화),T1 중소·중견기업(일반·업종·지역 특정),I1 R&D 과제 출연(연구개발비),K2 산업 생태계·협력 기반 조성(플랫폼·네트워크),S0 업종 공통(산업 무관),S0,0,없음
5572,2025,중소벤처기업부,창업성장기술개발(R&D),전략형,11859.0,B. 창업·벤처 육성,T1 중소·중견기업(일반·업종·지역 특정),I1 R&D 과제 출연(연구개발비),K1 기술개발 과제 수행(연구개발비),S0 업종 공통(산업 무관),S0,0,없음
5573,2025,중소벤처기업부,창업성장기술개발(R&D),TIPS,477651.0,B. 창업·벤처 육성,T1 중소·중견기업(일반·업종·지역 특정),I1 R&D 과제 출연(연구개발비),K5 창업 사업화자금·투자연계·보육,S0 업종 공통(산업 무관),S0,0,없음
5574,2025,중소벤처기업부,ICT융합스마트공장보급·확산,제조혁신구축지원,221166.0,D. 자금조달·경영안정 지원(융자·보증·비용보전),T1 중소·중견기업(일반·업종·지역 특정),I4 융자(정책자금 대출),K8 컨설팅·인증·시험·홍보 서비스 제공,S7 소재·부품·장비·제조혁신,S1;S2;S7,3,활용
5575,2025,중소벤처기업부,ICT융합스마트공장보급·확산,제조혁신인프라조성,11910.0,D. 자금조달·경영안정 지원(융자·보증·비용보전),T1 중소·중견기업(일반·업종·지역 특정),I6 혼합(출연+보조+직접 등 복수 형태),K8 컨설팅·인증·시험·홍보 서비스 제공,S7 소재·부품·장비·제조혁신,S1;S2;S7,3,활용
5576,2025,중소벤처기업부,ICT융합스마트공장보급·확산,제조데이터생태계구축,3000.0,D. 자금조달·경영안정 지원(융자·보증·비용보전),T1 중소·중견기업(일반·업종·지역 특정),I6 혼합(출연+보조+직접 등 복수 형태),K7 사업비용 보조(전시·인증·컨설팅·기술도입 비용),S7 소재·부품·장비·제조혁신,S1;S2;S7,3,없음
5577,2025,중소벤처기업부,데이터인프라구축(정보화),데이터거래지원,2650.0,A. 기술혁신 촉진(개발·실증·사업화),T1 중소·중견기업(일반·업종·지역 특정),I2 출연(기관 운영·인프라·위탁 서비스),K1 기술개발 과제 수행(연구개발비),S0 업종 공통(산업 무관),S0,0,언급
5578,2025,중소벤처기업부,중소기업스마트서비스지원,중소기업스마트서비스지원,10888.0,A. 기술혁신 촉진(개발·실증·사업화),T1 중소·중견기업(일반·업종·지역 특정),I2 출연(기관 운영·인프라·위탁 서비스),K7 사업비용 보조(전시·인증·컨설팅·기술도입 비용),S0 업종 공통(산업 무관),S0,0,언급
5579,2025,중소벤처기업부,혁신제품지정사업,혁신제품지정,400.0,A. 기술혁신 촉진(개발·실증·사업화),T1 중소·중견기업(일반·업종·지역 특정),I1 R&D 과제 출연(연구개발비),K2 산업 생태계·협력 기반 조성(플랫폼·네트워크),S0 업종 공통(산업 무관),S0,0,없음
5580,2025,중소벤처기업부,지역특화제조데이터활성화,지역특화제조데이터활성화,6000.0,A. 기술혁신 촉진(개발·실증·사업화),T1 중소·중견기업(일반·업종·지역 특정),I2 출연(기관 운영·인프라·위탁 서비스),K1 기술개발 과제 수행(연구개발비),S7 소재·부품·장비·제조혁신,S1;S7,2,활용
5581,2025,중소벤처기업부,매출채권보험계정출연,매출채권보험계정출연,20000.0,D. 자금조달·경영안정 지원(융자·보증·비용보전),T1 중소·중견기업(일반·업종·지역 특정),I8 보증·보험(신용보강),K4 자금 융자·보증 제공(운전·시설자금),S0 업종 공통(산업 무관),S0,0,없음
5582,2025,중소벤처기업부,중소기업협동조합육성,협동조합활성화,4193.0,H. 경영역량 강화·사업화 지원(컨설팅·마케팅·디자인),T4 소상공인·소공인,I3 보조금(사업비 보조·매칭),K3 지역·사회적경제·창업 활성화 프로그램,S0 업종 공통(산업 무관),S0,0,없음
5583,2025,중소벤처기업부,중소기업협동조합육성,가업승계지원,704.0,H. 경영역량 강화·사업화 지원(컨설팅·마케팅·디자인),T4 소상공인·소공인,I3 보조금(사업비 보조·매칭),K8 컨설팅·인증·시험·홍보 서비스 제공,S0 업종 공통(산업 무관),S0,0,없음
5584,2025,중소벤처기업부,원스톱기업애로종합지원,기업애로전문가상담,3821.0,H. 경영역량 강화·사업화 지원(컨설팅·마케팅·디자인),T1 중소·중견기업(일반·업종·지역 특정),I6 혼합(출연+보조+직접 등 복수 형태),K8 컨설팅·인증·시험·홍보 서비스 제공,S0 업종 공통(산업 무관),S0,0,없음
5585,2025,중소벤처기업부,원스톱기업애로종합지원,현장클리닉,3001.0,H. 경영역량 강화·사업화 지원(컨설팅·마케팅·디자인),T1 중소·중견기업(일반·업종·지역 특정),I6 혼합(출연+보조+직접 등 복수 형태),K8 컨설팅·인증·시험·홍보 서비스 제공,S0 업종 공통(산업 무관),S0,0,없음
5586,2025,중소벤처기업부,공공구매제도운영,공공구매이행력제고,2978.0,A. 기술혁신 촉진(개발·실증·사업화),"T2 중소·벤처기업(특정 요건·단계: 글로벌 진출 희망, 인증, 재직자 등)",I3 보조금(사업비 보조·매칭),K8 컨설팅·인증·시험·홍보 서비스 제공,S0 업종 공통(산업 무관),S0,0,없음
5587,2025,중소벤처기업부,마케팅지원사업,판로진출지원,12561.0,H. 경영역량 강화·사업화 지원(컨설팅·마케팅·디자인),T4 소상공인·소공인,I3 보조금(사업비 보조·매칭),K8 컨설팅·인증·시험·홍보 서비스 제공,S0 업종 공통(산업 무관),S0,0,없음
5588,2025,중소벤처기업부,마케팅지원사업,공동A/S지원,4766.0,H. 경영역량 강화·사업화 지원(컨설팅·마케팅·디자인),T4 소상공인·소공인,I3 보조금(사업비 보조·매칭),K9 교육·훈련 과정 운영,S0 업종 공통(산업 무관),S0,0,없음
5589,2025,중소벤처기업부,중소기업혁신바우처지원사업,중소기업혁신바우처지원사업,61386.0,H. 경영역량 강화·사업화 지원(컨설팅·마케팅·디자인),T1 중소·중견기업(일반·업종·지역 특정),I9 바우처,K7 사업비용 보조(전시·인증·컨설팅·기술도입 비용),S7 소재·부품·장비·제조혁신,S1;S7,2,활용
5590,2025,중소벤처기업부,중소기업연구인력지원(R&D),신진연구인력채용지원,12462.0,A. 기술혁신 촉진(개발·실증·사업화),"T2 중소·벤처기업(특정 요건·단계: 글로벌 진출 희망, 인증, 재직자 등)",I2 출연(기관 운영·인프라·위탁 서비스),K10 고용장려금·인건비·공제 지급,S0 업종 공통(산업 무관),S0,0,없음
5591,2025,중소벤처기업부,중소기업연구인력지원(R&D),고경력연구인력채용지원,10293.0,A. 기술혁신 촉진(개발·실증·사업화),"T2 중소·벤처기업(특정 요건·단계: 글로벌 진출 희망, 인증, 재직자 등)",I2 출연(기관 운영·인프라·위탁 서비스),K10 고용장려금·인건비·공제 지급,S0 업종 공통(산업 무관),S0,0,없음
5592,2025,중소벤처기업부,중소기업연구인력지원(R&D),공공연연구인력파견지원,6480.0,A. 기술혁신 촉진(개발·실증·사업화),"T2 중소·벤처기업(특정 요건·단계: 글로벌 진출 희망, 인증, 재직자 등)",I1 R&D 과제 출연(연구개발비),K10 고용장려금·인건비·공제 지급,S0 업종 공통(산업 무관),S0,0,없음
5593,2025,중소벤처기업부,중소기업연구인력지원(R&D),중소기업연구인력현장맞춤형양성지원,4830.0,A. 기술혁신 촉진(개발·실증·사업화),"T2 중소·벤처기업(특정 요건·단계: 글로벌 진출 희망, 인증, 재직자 등)",I1 R&D 과제 출연(연구개발비),K5 창업 사업화자금·투자연계·보육,S0 업종 공통(산업 무관),S0,0,언급
5594,2025,중소벤처기업부,산학협력인력양성,중소기업특성화고인력양성,27675.0,F. 전문인력 양성·채용 지원,"T2 중소·벤처기업(특정 요건·단계: 글로벌 진출 희망, 인증, 재직자 등)",I3 보조금(사업비 보조·매칭),K5 창업 사업화자금·투자연계·보육,S0 업종 공통(산업 무관),S0,0,언급
5595,2025,중소벤처기업부,산학협력인력양성,중소기업인력양성대학,24672.0,F. 전문인력 양성·채용 지원,"T2 중소·벤처기업(특정 요건·단계: 글로벌 진출 희망, 인증, 재직자 등)",I3 보조금(사업비 보조·매칭),K5 창업 사업화자금·투자연계·보육,S0 업종 공통(산업 무관),S0,0,언급
5596,2025,중소벤처기업부,인력유입인프라조성,중소기업핵심인력성과보상기금,17593.0,F. 전문인력 양성·채용 지원,"T2 중소·벤처기업(특정 요건·단계: 글로벌 진출 희망, 인증, 재직자 등)",I3 보조금(사업비 보조·매칭),K10 고용장려금·인건비·공제 지급,S0 업종 공통(산업 무관),S0,0,없음
5597,2025,중소벤처기업부,인력유입인프라조성,중소기업인식개선및성과공유확산,1754.0,G. 고용 창출·유지 및 노동환경 개선,"T2 중소·벤처기업(특정 요건·단계: 글로벌 진출 희망, 인증, 재직자 등)",I3 보조금(사업비 보조·매칭),K10 고용장려금·인건비·공제 지급,S0 업종 공통(산업 무관),S0,0,없음
5598,2025,중소벤처기업부,벤처기업경쟁력강화,벤처기업일자리지원,1970.0,G. 고용 창출·유지 및 노동환경 개선,T3 예비창업자·창업기업,I3 보조금(사업비 보조·매칭),K8 컨설팅·인증·시험·홍보 서비스 제공,S0 업종 공통(산업 무관),S0,0,없음
5599,2025,중소벤처기업부,벤처기업경쟁력강화,여성벤처활성화지원,1500.0,B. 창업·벤처 육성,T3 예비창업자·창업기업,I3 보조금(사업비 보조·매칭),K3 지역·사회적경제·창업 활성화 프로그램,S0 업종 공통(산업 무관),S0,0,없음
5600,2025,중소벤처기업부,벤처기업경쟁력강화,아기유니콘육성,22000.0,B. 창업·벤처 육성,T3 예비창업자·창업기업,I3 보조금(사업비 보조·매칭),K5 창업 사업화자금·투자연계·보육,S0 업종 공통(산업 무관),S0,0,없음
5601,2025,중소벤처기업부,벤처캐피탈선진화,벤처투자활성화,702.0,B. 창업·벤처 육성,"T2 중소·벤처기업(특정 요건·단계: 글로벌 진출 희망, 인증, 재직자 등)",I3 보조금(사업비 보조·매칭),K8 컨설팅·인증·시험·홍보 서비스 제공,S0 업종 공통(산업 무관),S0,0,없음
5602,2025,중소벤처기업부,벤처캐피탈선진화,M&A활성화지원,617.0,B. 창업·벤처 육성,"T2 중소·벤처기업(특정 요건·단계: 글로벌 진출 희망, 인증, 재직자 등)",I3 보조금(사업비 보조·매칭),K8 컨설팅·인증·시험·홍보 서비스 제공,S0 업종 공통(산업 무관),S0,0,없음
5603,2025,중소벤처기업부,중소기업재기지원,재도전성공패키지,16629.0,B. 창업·벤처 육성,T3 예비창업자·창업기업,I3 보조금(사업비 보조·매칭),K5 창업 사업화자금·투자연계·보육,S0 업종 공통(산업 무관),S0,0,없음
5604,2025,중소벤처기업부,창업생태계활성화지원,창조경제혁신센터지원,40850.0,B. 창업·벤처 육성,T7 일반 국민·산업 종사자·창작자,I6 혼합(출연+보조+직접 등 복수 형태),K5 창업 사업화자금·투자연계·보육,S0 업종 공통(산업 무관),S0,0,없음
5605,2025,중소벤처기업부,민관협력창업자육성,민관공동창업자발굴육성,113281.0,B. 창업·벤처 육성,T1 중소·중견기업(일반·업종·지역 특정),I6 혼합(출연+보조+직접 등 복수 형태),K3 지역·사회적경제·창업 활성화 프로그램,S0 업종 공통(산업 무관),S0,0,없음
5606,2025,중소벤처기업부,민관협력창업자육성,민관협력오픈이노베이션지원,20000.0,B. 창업·벤처 육성,T1 중소·중견기업(일반·업종·지역 특정),I6 혼합(출연+보조+직접 등 복수 형태),K5 창업 사업화자금·투자연계·보육,S0 업종 공통(산업 무관),S0,0,없음
5607,2025,중소벤처기업부,민관협력창업자육성,글로벌기업협업프로그램,53000.0,B. 창업·벤처 육성,T1 중소·중견기업(일반·업종·지역 특정),I6 혼합(출연+보조+직접 등 복수 형태),K5 창업 사업화자금·투자연계·보육,S0 업종 공통(산업 무관),S0,0,없음
5608,2025,중소벤처기업부,창업사업화지원,창업패키지,162255.0,B. 창업·벤처 육성,T3 예비창업자·창업기업,I6 혼합(출연+보조+직접 등 복수 형태),K5 창업 사업화자금·투자연계·보육,S0 업종 공통(산업 무관),S0,0,없음
5609,2025,중소벤처기업부,창업사업화지원,초격차스타트업1000+프로젝트,130996.0,B. 창업·벤처 육성,T3 예비창업자·창업기업,I6 혼합(출연+보조+직접 등 복수 형태),K5 창업 사업화자금·투자연계·보육,S0 업종 공통(산업 무관),S1,1,활용
5610,2025,중소벤처기업부,창업사업화지원,창업중심대학,77475.0,B. 창업·벤처 육성,T3 예비창업자·창업기업,I6 혼합(출연+보조+직접 등 복수 형태),K5 창업 사업화자금·투자연계·보육,S0 업종 공통(산업 무관),S0,0,없음
5611,2025,중소벤처기업부,온라인수출플랫폼(정보화),온라인수출플랫폼(정보화),3447.0,C. 수출·해외진출 촉진,T1 중소·중견기업(일반·업종·지역 특정),I10 직접 수행(직접사업),K6 해외진출·수출 지원(전시·상담·현지화),S0 업종 공통(산업 무관),S0,0,없음
5612,2025,중소벤처기업부,글로벌화지원플랫폼,글로벌비즈니스센터,17693.0,C. 수출·해외진출 촉진,"T2 중소·벤처기업(특정 요건·단계: 글로벌 진출 희망, 인증, 재직자 등)",I10 직접 수행(직접사업),K6 해외진출·수출 지원(전시·상담·현지화),S0 업종 공통(산업 무관),S0,0,없음
5613,2025,중소벤처기업부,글로벌화지원플랫폼,코리아스타트업센터,13896.0,B. 창업·벤처 육성,"T2 중소·벤처기업(특정 요건·단계: 글로벌 진출 희망, 인증, 재직자 등)",I10 직접 수행(직접사업),K6 해외진출·수출 지원(전시·상담·현지화),S0 업종 공통(산업 무관),S0,0,없음
5614,2025,중소벤처기업부,글로벌협력기반구축,글로벌협력기반구축,1840.0,C. 수출·해외진출 촉진,T1 중소·중견기업(일반·업종·지역 특정),I10 직접 수행(직접사업),K6 해외진출·수출 지원(전시·상담·현지화),S0 업종 공통(산업 무관),S0,0,없음
5615,2025,중소벤처기업부,긴급경영안정자금(융자),일시적경영애로및재해중소기업지원,250000.0,D. 자금조달·경영안정 지원(융자·보증·비용보전),T1 중소·중견기업(일반·업종·지역 특정),I4 융자(정책자금 대출),K4 자금 융자·보증 제공(운전·시설자금),S0 업종 공통(산업 무관),S0,0,없음
5616,2025,중소벤처기업부,신성장기반자금(융자),혁신성장지원,690750.0,D. 자금조달·경영안정 지원(융자·보증·비용보전),T1 중소·중견기업(일반·업종·지역 특정),I4 융자(정책자금 대출),K4 자금 융자·보증 제공(운전·시설자금),S0 업종 공통(산업 무관),S0,0,언급
5617,2025,중소벤처기업부,신성장기반자금(융자),제조현장스마트화,466610.0,D. 자금조달·경영안정 지원(융자·보증·비용보전),T1 중소·중견기업(일반·업종·지역 특정),I4 융자(정책자금 대출),K4 자금 융자·보증 제공(운전·시설자금),S7 소재·부품·장비·제조혁신,S7,1,언급
5618,2025,중소벤처기업부,신성장기반자금(융자),Net-Zero유망기업,93750.0,D. 자금조달·경영안정 지원(융자·보증·비용보전),T1 중소·중견기업(일반·업종·지역 특정),I4 융자(정책자금 대출),K4 자금 융자·보증 제공(운전·시설자금),S0 업종 공통(산업 무관),S0,0,없음
5619,2025,중소벤처기업부,신성장기반자금(융자),스케일업금융,60000.0,D. 자금조달·경영안정 지원(융자·보증·비용보전),T1 중소·중견기업(일반·업종·지역 특정),I4 융자(정책자금 대출),K4 자금 융자·보증 제공(운전·시설자금),S0 업종 공통(산업 무관),S0,0,없음
5620,2025,중소벤처기업부,신시장진출지원자금(융자),내수기업수출기업화,200000.0,D. 자금조달·경영안정 지원(융자·보증·비용보전),T1 중소·중견기업(일반·업종·지역 특정),I4 융자(정책자금 대출),K4 자금 융자·보증 제공(운전·시설자금),S0 업종 공통(산업 무관),S0,0,없음
5621,2025,중소벤처기업부,신시장진출지원자금(융자),수출기업글로벌화,182450.0,D. 자금조달·경영안정 지원(융자·보증·비용보전),T1 중소·중견기업(일반·업종·지역 특정),I4 융자(정책자금 대출),K4 자금 융자·보증 제공(운전·시설자금),S0 업종 공통(산업 무관),S0,0,없음
5622,2025,중소벤처기업부,정책자금지원성과향상,시설투자촉진,3401.0,D. 자금조달·경영안정 지원(융자·보증·비용보전),T1 중소·중견기업(일반·업종·지역 특정),I10 직접 수행(직접사업),K4 자금 융자·보증 제공(운전·시설자금),S0 업종 공통(산업 무관),S0,0,없음
5623,2025,중소벤처기업부,기업인력애로센터활용취업지원,기업인력애로센터활용취업지원,5172.0,G. 고용 창출·유지 및 노동환경 개선,"T2 중소·벤처기업(특정 요건·단계: 글로벌 진출 희망, 인증, 재직자 등)",I3 보조금(사업비 보조·매칭),K9 교육·훈련 과정 운영,S0 업종 공통(산업 무관),S0,0,없음
5624,2025,중소벤처기업부,연수사업,연수사업,23785.0,F. 전문인력 양성·채용 지원,T4 소상공인·소공인,I10 직접 수행(직접사업),K9 교육·훈련 과정 운영,S0 업종 공통(산업 무관),S1,1,활용
5625,2025,중소벤처기업부,재도약지원자금(융자),사업전환자금,350000.0,D. 자금조달·경영안정 지원(융자·보증·비용보전),T1 중소·중견기업(일반·업종·지역 특정),I4 융자(정책자금 대출),K4 자금 융자·보증 제공(운전·시설자금),S0 업종 공통(산업 무관),S0,0,언급
5626,2025,중소벤처기업부,재도약지원자금(융자),구조개선전용자금,200100.0,D. 자금조달·경영안정 지원(융자·보증·비용보전),T1 중소·중견기업(일반·업종·지역 특정),I4 융자(정책자금 대출),K4 자금 융자·보증 제공(운전·시설자금),S0 업종 공통(산업 무관),S0,0,없음
5627,2025,중소벤처기업부,재도약지원자금(융자),재창업자금,200000.0,D. 자금조달·경영안정 지원(융자·보증·비용보전),T1 중소·중견기업(일반·업종·지역 특정),I4 융자(정책자금 대출),K4 자금 융자·보증 제공(운전·시설자금),S0 업종 공통(산업 무관),S0,0,없음
5628,2025,중소벤처기업부,재도약촉진,사업전환촉진,37243.0,H. 경영역량 강화·사업화 지원(컨설팅·마케팅·디자인),"T2 중소·벤처기업(특정 요건·단계: 글로벌 진출 희망, 인증, 재직자 등)",I10 직접 수행(직접사업),K8 컨설팅·인증·시험·홍보 서비스 제공,S0 업종 공통(산업 무관),S0,0,없음
5629,2025,중소벤처기업부,창업성공패키지,창업성공패키지,96131.0,B. 창업·벤처 육성,T1 중소·중견기업(일반·업종·지역 특정),I10 직접 수행(직접사업),K5 창업 사업화자금·투자연계·보육,S0 업종 공통(산업 무관),S1,1,활용
5630,2025,중소벤처기업부,창업성공패키지,스타트업AI기술인력양성,3900.0,F. 전문인력 양성·채용 지원,T1 중소·중견기업(일반·업종·지역 특정),I10 직접 수행(직접사업),K9 교육·훈련 과정 운영,S1 인공지능(AI)·데이터,S1,1,핵심
5631,2025,중소벤처기업부,혁신창업사업화자금(융자),창업기반지원,1335800.0,D. 자금조달·경영안정 지원(융자·보증·비용보전),T1 중소·중견기업(일반·업종·지역 특정),I4 융자(정책자금 대출),K4 자금 융자·보증 제공(운전·시설자금),S0 업종 공통(산업 무관),S0,0,언급
5632,2025,중소벤처기업부,혁신창업사업화자금(융자),개발기술사업화,300000.0,D. 자금조달·경영안정 지원(융자·보증·비용보전),T1 중소·중견기업(일반·업종·지역 특정),I4 융자(정책자금 대출),K4 자금 융자·보증 제공(운전·시설자금),S0 업종 공통(산업 무관),S0,0,없음
5633,2025,중소벤처기업부,포스트규제자유특구연계(R&D),포스트규제자유특구연계(R&D),613.0,A. 기술혁신 촉진(개발·실증·사업화),T1 중소·중견기업(일반·업종·지역 특정),I1 R&D 과제 출연(연구개발비),K2 산업 생태계·협력 기반 조성(플랫폼·네트워크),S0 업종 공통(산업 무관),S0,0,없음
5634,2025,중소벤처기업부,상권활성화(자율),상권활성화(자율),22381.0,H. 경영역량 강화·사업화 지원(컨설팅·마케팅·디자인),T4 소상공인·소공인,I3 보조금(사업비 보조·매칭),K3 지역·사회적경제·창업 활성화 프로그램,S10 유통·물류·생활서비스,S10,1,없음
5635,2025,중소벤처기업부,중소벤처기업구조혁신지원R&D(R&D),구조혁신고도화R&D,833.0,A. 기술혁신 촉진(개발·실증·사업화),T1 중소·중견기업(일반·업종·지역 특정),I1 R&D 과제 출연(연구개발비),K2 산업 생태계·협력 기반 조성(플랫폼·네트워크),S0 업종 공통(산업 무관),S0,0,없음
5636,2025,중소벤처기업부,중소벤처기업구조혁신지원R&D(R&D),구조혁신재구축R&D,500.0,A. 기술혁신 촉진(개발·실증·사업화),T1 중소·중견기업(일반·업종·지역 특정),I1 R&D 과제 출연(연구개발비),K2 산업 생태계·협력 기반 조성(플랫폼·네트워크),S0 업종 공통(산업 무관),S0,0,없음
5637,2025,중소벤처기업부,기술보증기금출연,기술보증기금출연,40000.0,D. 자금조달·경영안정 지원(융자·보증·비용보전),T1 중소·중견기업(일반·업종·지역 특정),I8 보증·보험(신용보강),K4 자금 융자·보증 제공(운전·시설자금),S0 업종 공통(산업 무관),S0,0,없음
5638,2025,중소벤처기업부,상권활성화(세종),상권활성화(세종),780.0,H. 경영역량 강화·사업화 지원(컨설팅·마케팅·디자인),T4 소상공인·소공인,I3 보조금(사업비 보조·매칭),K3 지역·사회적경제·창업 활성화 프로그램,S10 유통·물류·생활서비스,S10,1,없음
5639,2025,중소벤처기업부,글로벌창업생태계촉진,글로벌스타트업육성,18525.0,B. 창업·벤처 육성,T3 예비창업자·창업기업,I6 혼합(출연+보조+직접 등 복수 형태),K5 창업 사업화자금·투자연계·보육,S0 업종 공통(산업 무관),S0,0,없음
5640,2025,중소벤처기업부,밸류체인안정화자금,중소기업매출채권팩토링,60000.0,D. 자금조달·경영안정 지원(융자·보증·비용보전),T1 중소·중견기업(일반·업종·지역 특정),I4 융자(정책자금 대출),K4 자금 융자·보증 제공(운전·시설자금),S0 업종 공통(산업 무관),S0,0,없음
5641,2025,중소벤처기업부,밸류체인안정화자금,동반성장네트워크론,140000.0,D. 자금조달·경영안정 지원(융자·보증·비용보전),T1 중소·중견기업(일반·업종·지역 특정),I4 융자(정책자금 대출),K5 창업 사업화자금·투자연계·보육,S0 업종 공통(산업 무관),S0,0,없음
5642,2025,중소벤처기업부,디지털기반중소제조산재예방기술개발(R&D),디지털기반중소제조산재예방기술개발(R&D),1650.0,G. 고용 창출·유지 및 노동환경 개선,T1 중소·중견기업(일반·업종·지역 특정),I1 R&D 과제 출연(연구개발비),K1 기술개발 과제 수행(연구개발비),S0 업종 공통(산업 무관),S0,0,없음
5643,2025,중소벤처기업부,지역혁신선도기업육성(R&D),주력산업생태계구축,13720.0,H. 경영역량 강화·사업화 지원(컨설팅·마케팅·디자인),T5 산학연 연구수행기관(기업·대학·연구소 컨소시엄),I2 출연(기관 운영·인프라·위탁 서비스),K5 창업 사업화자금·투자연계·보육,S0 업종 공통(산업 무관),S1,1,활용
5644,2025,중소벤처기업부,지역혁신선도기업육성(R&D),지역기업역량강화,7840.0,H. 경영역량 강화·사업화 지원(컨설팅·마케팅·디자인),T5 산학연 연구수행기관(기업·대학·연구소 컨소시엄),I2 출연(기관 운영·인프라·위탁 서비스),K5 창업 사업화자금·투자연계·보육,S0 업종 공통(산업 무관),S0,0,없음
5645,2025,중소벤처기업부,상권활성화사업(제주),상권활성화(제주),970.0,H. 경영역량 강화·사업화 지원(컨설팅·마케팅·디자인),T4 소상공인·소공인,I3 보조금(사업비 보조·매칭),K3 지역·사회적경제·창업 활성화 프로그램,S10 유통·물류·생활서비스,S10,1,없음
5646,2025,중소벤처기업부,그린뉴딜유망기업100(R&D),그린뉴딜유망기업육성100,1875.0,A. 기술혁신 촉진(개발·실증·사업화),T5 산학연 연구수행기관(기업·대학·연구소 컨소시엄),I2 출연(기관 운영·인프라·위탁 서비스),K2 산업 생태계·협력 기반 조성(플랫폼·네트워크),S0 업종 공통(산업 무관),S0,0,없음
5647,2025,중소벤처기업부,탄소중립설비투자지원(중기부),탄소중립설비투자지원(중기부),13955.0,E. 생산기반 현대화·친환경 전환(시설·설비),T1 중소·중견기업(일반·업종·지역 특정),I10 직접 수행(직접사업),K11 환경·안전 설비 구축 및 관리,S5 에너지·환경,S5,1,없음
5648,2025,고용노동부,고용유지지원금,고용유지지원금,70205.0,G. 고용 창출·유지 및 노동환경 개선,T6 사업주·근로자(고용·산재보험 가입),I5 장려금·수당 직접지급,K10 고용장려금·인건비·공제 지급,S0 업종 공통(산업 무관),S0,0,없음
5649,2025,고용노동부,고용창출장려금,고용촉진장려금,22997.0,G. 고용 창출·유지 및 노동환경 개선,T6 사업주·근로자(고용·산재보험 가입),I5 장려금·수당 직접지급,K10 고용장려금·인건비·공제 지급,S0 업종 공통(산업 무관),S0,0,없음
5650,2025,고용노동부,고용창출장려금,일자리함께하기,573.0,G. 고용 창출·유지 및 노동환경 개선,T6 사업주·근로자(고용·산재보험 가입),I4 융자(정책자금 대출),K10 고용장려금·인건비·공제 지급,S0 업종 공통(산업 무관),S0,0,없음
5651,2025,고용노동부,고용창출장려금,국내복귀기업지원,1051.0,G. 고용 창출·유지 및 노동환경 개선,T6 사업주·근로자(고용·산재보험 가입),I4 융자(정책자금 대출),K10 고용장려금·인건비·공제 지급,S0 업종 공통(산업 무관),S0,0,없음
5652,2025,고용노동부,고용창출장려금,신중년적합직무지원,651.0,G. 고용 창출·유지 및 노동환경 개선,T6 사업주·근로자(고용·산재보험 가입),I4 융자(정책자금 대출),K10 고용장려금·인건비·공제 지급,S0 업종 공통(산업 무관),S0,0,없음
5653,2025,고용노동부,청년추가고용장려금,청년추가고용장려금,1710.0,G. 고용 창출·유지 및 노동환경 개선,"T2 중소·벤처기업(특정 요건·단계: 글로벌 진출 희망, 인증, 재직자 등)",I5 장려금·수당 직접지급,K10 고용장려금·인건비·공제 지급,S0 업종 공통(산업 무관),S0,0,없음
5654,2025,고용노동부,지역고용촉진지원금,지역고용촉진지원금,5911.0,G. 고용 창출·유지 및 노동환경 개선,T6 사업주·근로자(고용·산재보험 가입),I5 장려금·수당 직접지급,K10 고용장려금·인건비·공제 지급,S0 업종 공통(산업 무관),S0,0,없음
5655,2025,고용노동부,청년내일채움공제(고보),청년내일채움공제(고보),9514.0,G. 고용 창출·유지 및 노동환경 개선,"T2 중소·벤처기업(특정 요건·단계: 글로벌 진출 희망, 인증, 재직자 등)",I5 장려금·수당 직접지급,K10 고용장려금·인건비·공제 지급,S0 업종 공통(산업 무관),S0,0,없음
5656,2025,고용노동부,고용안정장려금,워라밸일자리장려금,35826.0,G. 고용 창출·유지 및 노동환경 개선,T6 사업주·근로자(고용·산재보험 가입),I5 장려금·수당 직접지급,K10 고용장려금·인건비·공제 지급,S0 업종 공통(산업 무관),S0,0,없음
5657,2025,고용노동부,고용안정장려금,정규직전환지원,2500.0,G. 고용 창출·유지 및 노동환경 개선,T6 사업주·근로자(고용·산재보험 가입),I5 장려금·수당 직접지급,K10 고용장려금·인건비·공제 지급,S0 업종 공통(산업 무관),S0,0,없음
5658,2025,고용노동부,고용안정장려금,일·가정양립환경개선지원,15931.0,G. 고용 창출·유지 및 노동환경 개선,T6 사업주·근로자(고용·산재보험 가입),I5 장려금·수당 직접지급,K10 고용장려금·인건비·공제 지급,S0 업종 공통(산업 무관),S0,0,없음
5659,2025,고용노동부,고용안정장려금,출산육아기고용안정장려금,336637.0,G. 고용 창출·유지 및 노동환경 개선,T6 사업주·근로자(고용·산재보험 가입),I5 장려금·수당 직접지급,K10 고용장려금·인건비·공제 지급,S0 업종 공통(산업 무관),S0,0,없음
5660,2025,고용노동부,사업주직업훈련지원금,일반훈련,195424.0,G. 고용 창출·유지 및 노동환경 개선,T6 사업주·근로자(고용·산재보험 가입),I6 혼합(출연+보조+직접 등 복수 형태),K10 고용장려금·인건비·공제 지급,S0 업종 공통(산업 무관),S0,0,없음
5661,2025,고용노동부,사업주직업훈련지원금,현장맞춤형체계적훈련,32706.0,G. 고용 창출·유지 및 노동환경 개선,T6 사업주·근로자(고용·산재보험 가입),I6 혼합(출연+보조+직접 등 복수 형태),K9 교육·훈련 과정 운영,S0 업종 공통(산업 무관),S1,1,활용
5662,2025,고용노동부,사업주직업훈련지원금,혁신형기업훈련,51867.0,G. 고용 창출·유지 및 노동환경 개선,T6 사업주·근로자(고용·산재보험 가입),I6 혼합(출연+보조+직접 등 복수 형태),K9 교육·훈련 과정 운영,S0 업종 공통(산업 무관),S0,0,없음
5663,2025,고용노동부,국가인적자원개발컨소시엄지원,산업맞춤형,71225.0,G. 고용 창출·유지 및 노동환경 개선,T6 사업주·근로자(고용·산재보험 가입),I3 보조금(사업비 보조·매칭),K9 교육·훈련 과정 운영,S0 업종 공통(산업 무관),S1,1,활용
5664,2025,고용노동부,국가인적자원개발컨소시엄지원,하이테크형,34000.0,G. 고용 창출·유지 및 노동환경 개선,T6 사업주·근로자(고용·산재보험 가입),I3 보조금(사업비 보조·매칭),K1 기술개발 과제 수행(연구개발비),S0 업종 공통(산업 무관),S0,0,없음
5665,2025,고용노동부,국가인적자원개발컨소시엄지원,대중소상생아카데미,12200.0,G. 고용 창출·유지 및 노동환경 개선,T6 사업주·근로자(고용·산재보험 가입),I3 보조금(사업비 보조·매칭),K9 교육·훈련 과정 운영,S0 업종 공통(산업 무관),S0,0,없음
5666,2025,고용노동부,산업현장일학습병행지원,일학습병행공동훈련센터,73346.0,G. 고용 창출·유지 및 노동환경 개선,"T8 수요·제도 연계 사업체 및 공공기관(수요기업, 설비 설치자, 지자체 등)",I6 혼합(출연+보조+직접 등 복수 형태),K9 교육·훈련 과정 운영,S0 업종 공통(산업 무관),S0,0,없음
5667,2025,고용노동부,기능인력양성및장비확충(폴리텍),교육훈련과정운영,1488.0,G. 고용 창출·유지 및 노동환경 개선,"T2 중소·벤처기업(특정 요건·단계: 글로벌 진출 희망, 인증, 재직자 등)",I2 출연(기관 운영·인프라·위탁 서비스),K9 교육·훈련 과정 운영,S7 소재·부품·장비·제조혁신,S7,1,없음
5668,2025,고용노동부,지역·산업맞춤형일자리창출지원,자치단체지원,98034.0,G. 고용 창출·유지 및 노동환경 개선,"T2 중소·벤처기업(특정 요건·단계: 글로벌 진출 희망, 인증, 재직자 등)",I3 보조금(사업비 보조·매칭),K3 지역·사회적경제·창업 활성화 프로그램,S0 업종 공통(산업 무관),S0,0,없음
5669,2025,고용노동부,근로자건강보호,업무상질병핵심고위험요인집중관리,3374.0,G. 고용 창출·유지 및 노동환경 개선,T6 사업주·근로자(고용·산재보험 가입),I6 혼합(출연+보조+직접 등 복수 형태),K11 환경·안전 설비 구축 및 관리,S0 업종 공통(산업 무관),S0,0,없음
5670,2025,고용노동부,근로자건강보호,뇌심혈관질환고위험군집중관리,3840.0,G. 고용 창출·유지 및 노동환경 개선,T6 사업주·근로자(고용·산재보험 가입),I6 혼합(출연+보조+직접 등 복수 형태),K9 교육·훈련 과정 운영,S0 업종 공통(산업 무관),S0,0,없음
5671,2025,고용노동부,안전인증및안전검사,위험기계기구안전인증,3175.0,E. 생산기반 현대화·친환경 전환(시설·설비),T6 사업주·근로자(고용·산재보험 가입),I2 출연(기관 운영·인프라·위탁 서비스),K0 내용 미기재,S7 소재·부품·장비·제조혁신,S7,1,없음
5672,2025,고용노동부,안전인증및안전검사,방호장치보호구안전인증,2170.0,E. 생산기반 현대화·친환경 전환(시설·설비),T6 사업주·근로자(고용·산재보험 가입),I2 출연(기관 운영·인프라·위탁 서비스),K0 내용 미기재,S0 업종 공통(산업 무관),S0,0,없음
5673,2025,고용노동부,안전인증및안전검사,산업용기계기구안전인증,239.0,E. 생산기반 현대화·친환경 전환(시설·설비),T6 사업주·근로자(고용·산재보험 가입),I2 출연(기관 운영·인프라·위탁 서비스),K0 내용 미기재,S7 소재·부품·장비·제조혁신,S7,1,없음
5674,2025,고용노동부,안전인증및안전검사,위험기계기구안전검사,740.0,G. 고용 창출·유지 및 노동환경 개선,T6 사업주·근로자(고용·산재보험 가입),I2 출연(기관 운영·인프라·위탁 서비스),K0 내용 미기재,S7 소재·부품·장비·제조혁신,S7,1,없음
5675,2025,고용노동부,업종별재해예방,화학사고재해집중관리,2620.0,G. 고용 창출·유지 및 노동환경 개선,T6 사업주·근로자(고용·산재보험 가입),I6 혼합(출연+보조+직접 등 복수 형태),K11 환경·안전 설비 구축 및 관리,S7 소재·부품·장비·제조혁신,S7,1,없음
5676,2025,고용노동부,유해작업환경개선,취약계층고위험환경개선지원,71629.0,G. 고용 창출·유지 및 노동환경 개선,T6 사업주·근로자(고용·산재보험 가입),I2 출연(기관 운영·인프라·위탁 서비스),K11 환경·안전 설비 구축 및 관리,S0 업종 공통(산업 무관),S0,0,없음
5677,2025,고용노동부,산재예방시설융자,산재예방시설융자(융자),458840.0,D. 자금조달·경영안정 지원(융자·보증·비용보전),T6 사업주·근로자(고용·산재보험 가입),I4 융자(정책자금 대출),K4 자금 융자·보증 제공(운전·시설자금),S0 업종 공통(산업 무관),S0,0,없음
5678,2025,고용노동부,클린사업장조성지원,안전동행지원사업,332000.0,G. 고용 창출·유지 및 노동환경 개선,T6 사업주·근로자(고용·산재보험 가입),I2 출연(기관 운영·인프라·위탁 서비스),K11 환경·안전 설비 구축 및 관리,S0 업종 공통(산업 무관),S0,0,없음
5679,2025,고용노동부,클린사업장조성지원,건강일터조성지원,35825.0,G. 고용 창출·유지 및 노동환경 개선,T6 사업주·근로자(고용·산재보험 가입),I2 출연(기관 운영·인프라·위탁 서비스),K7 사업비용 보조(전시·인증·컨설팅·기술도입 비용),S0 업종 공통(산업 무관),S0,0,없음
5680,2025,고용노동부,클린사업장조성지원,안전일터조성지원,110707.0,G. 고용 창출·유지 및 노동환경 개선,T6 사업주·근로자(고용·산재보험 가입),I2 출연(기관 운영·인프라·위탁 서비스),K11 환경·안전 설비 구축 및 관리,S0 업종 공통(산업 무관),S0,0,없음
5681,2025,고용노동부,산재근로자재활복지지원,산재근로자대체인력지원,3168.0,G. 고용 창출·유지 및 노동환경 개선,T6 사업주·근로자(고용·산재보험 가입),I2 출연(기관 운영·인프라·위탁 서비스),K9 교육·훈련 과정 운영,S0 업종 공통(산업 무관),S0,0,없음
5682,2025,고용노동부,사회적기업지원,사회적기업판로지원,3493.0,H. 경영역량 강화·사업화 지원(컨설팅·마케팅·디자인),"T2 중소·벤처기업(특정 요건·단계: 글로벌 진출 희망, 인증, 재직자 등)",I6 혼합(출연+보조+직접 등 복수 형태),K3 지역·사회적경제·창업 활성화 프로그램,S0 업종 공통(산업 무관),S0,0,없음
5683,2025,고용노동부,사회적기업지원,사회적기업성장지원,9356.0,H. 경영역량 강화·사업화 지원(컨설팅·마케팅·디자인),"T2 중소·벤처기업(특정 요건·단계: 글로벌 진출 희망, 인증, 재직자 등)",I6 혼합(출연+보조+직접 등 복수 형태),K3 지역·사회적경제·창업 활성화 프로그램,S0 업종 공통(산업 무관),S0,0,없음
5684,2025,고용노동부,청년일자리창출지원,청년일자리도약장려금,777181.0,G. 고용 창출·유지 및 노동환경 개선,"T2 중소·벤처기업(특정 요건·단계: 글로벌 진출 희망, 인증, 재직자 등)",I5 장려금·수당 직접지급,K10 고용장려금·인건비·공제 지급,S0 업종 공통(산업 무관),S0,0,언급
5685,2025,고용노동부,청년내일채움공제(일반),청년내일채움공제(일반),19854.0,G. 고용 창출·유지 및 노동환경 개선,"T2 중소·벤처기업(특정 요건·단계: 글로벌 진출 희망, 인증, 재직자 등)",I5 장려금·수당 직접지급,K10 고용장려금·인건비·공제 지급,S0 업종 공통(산업 무관),S0,0,없음
5686,2025,고용노동부,청년취업진로및일경험지원,청년일자리강소기업선정,800.0,G. 고용 창출·유지 및 노동환경 개선,"T2 중소·벤처기업(특정 요건·단계: 글로벌 진출 희망, 인증, 재직자 등)",I6 혼합(출연+보조+직접 등 복수 형태),K5 창업 사업화자금·투자연계·보육,S0 업종 공통(산업 무관),S0,0,없음
5687,2025,고용노동부,청년취업진로및일경험지원,직장적응지원,4600.0,G. 고용 창출·유지 및 노동환경 개선,"T2 중소·벤처기업(특정 요건·단계: 글로벌 진출 희망, 인증, 재직자 등)",I6 혼합(출연+보조+직접 등 복수 형태),K10 고용장려금·인건비·공제 지급,S0 업종 공통(산업 무관),S0,0,없음
5688,2025,고용노동부,중장년층취업지원,중장년내일센터,18343.0,G. 고용 창출·유지 및 노동환경 개선,"T2 중소·벤처기업(특정 요건·단계: 글로벌 진출 희망, 인증, 재직자 등)",I3 보조금(사업비 보조·매칭),K10 고용장려금·인건비·공제 지급,S0 업종 공통(산업 무관),S0,0,없음
5689,2025,고용노동부,근로조건개선지원,근로조건자율개선지원,1375.0,H. 경영역량 강화·사업화 지원(컨설팅·마케팅·디자인),"T2 중소·벤처기업(특정 요건·단계: 글로벌 진출 희망, 인증, 재직자 등)",I10 직접 수행(직접사업),K8 컨설팅·인증·시험·홍보 서비스 제공,S0 업종 공통(산업 무관),S0,0,없음
5690,2025,고용노동부,체불청산지원융자(융자),체불청산지원융자(융자),70352.0,D. 자금조달·경영안정 지원(융자·보증·비용보전),"T2 중소·벤처기업(특정 요건·단계: 글로벌 진출 희망, 인증, 재직자 등)",I4 융자(정책자금 대출),K4 자금 융자·보증 제공(운전·시설자금),S0 업종 공통(산업 무관),S0,0,없음
5691,2025,고용노동부,장애인고용증진융자(융자),장애인고용증진융자(융자),1072.0,D. 자금조달·경영안정 지원(융자·보증·비용보전),T6 사업주·근로자(고용·산재보험 가입),I4 융자(정책자금 대출),K4 자금 융자·보증 제공(운전·시설자금),S0 업종 공통(산업 무관),S0,0,없음
5692,2025,고용노동부,청년미래플러스,청년미래플러스,2000.0,G. 고용 창출·유지 및 노동환경 개선,"T2 중소·벤처기업(특정 요건·단계: 글로벌 진출 희망, 인증, 재직자 등)",I3 보조금(사업비 보조·매칭),K5 창업 사업화자금·투자연계·보육,S0 업종 공통(산업 무관),S0,0,없음
5693,2025,고용노동부,중장년인턴제,중장년인턴제,3640.0,G. 고용 창출·유지 및 노동환경 개선,"T2 중소·벤처기업(특정 요건·단계: 글로벌 진출 희망, 인증, 재직자 등)",I10 직접 수행(직접사업),K3 지역·사회적경제·창업 활성화 프로그램,S0 업종 공통(산업 무관),S0,0,없음
5694,2025,고용노동부,노동약자지원,노동약자상생복지지원,6632.0,G. 고용 창출·유지 및 노동환경 개선,"T2 중소·벤처기업(특정 요건·단계: 글로벌 진출 희망, 인증, 재직자 등)",I3 보조금(사업비 보조·매칭),K5 창업 사업화자금·투자연계·보육,S0 업종 공통(산업 무관),S0,0,없음
5695,2025,고용노동부,일터혁신상생컨설팅,컨설팅,36631.0,H. 경영역량 강화·사업화 지원(컨설팅·마케팅·디자인),T6 사업주·근로자(고용·산재보험 가입),I3 보조금(사업비 보조·매칭),K8 컨설팅·인증·시험·홍보 서비스 제공,S0 업종 공통(산업 무관),S0,0,없음
5696,2025,과학기술정보통신부,산학연협력활성화지원(R&D),공공연구성과BIG선도모델,652.0,A. 기술혁신 촉진(개발·실증·사업화),T5 산학연 연구수행기관(기업·대학·연구소 컨소시엄),I2 출연(기관 운영·인프라·위탁 서비스),K2 산업 생태계·협력 기반 조성(플랫폼·네트워크),S0 업종 공통(산업 무관),S0,0,없음
5697,2025,과학기술정보통신부,산학연협력활성화지원(R&D),산학연협력기술창업법인육성,2118.0,B. 창업·벤처 육성,T5 산학연 연구수행기관(기업·대학·연구소 컨소시엄),I1 R&D 과제 출연(연구개발비),K2 산업 생태계·협력 기반 조성(플랫폼·네트워크),S0 업종 공통(산업 무관),S0,0,없음
5698,2025,과학기술정보통신부,지역디지털인재양성,ICT이노베이션스퀘어조성,28002.0,F. 전문인력 양성·채용 지원,"T2 중소·벤처기업(특정 요건·단계: 글로벌 진출 희망, 인증, 재직자 등)",I2 출연(기관 운영·인프라·위탁 서비스),K8 컨설팅·인증·시험·홍보 서비스 제공,S2 디지털·SW·정보통신,S1;S2,2,활용
5699,2025,과학기술정보통신부,지역디지털인재양성,지역산업SW인재양성기반조성,698.0,F. 전문인력 양성·채용 지원,"T2 중소·벤처기업(특정 요건·단계: 글로벌 진출 희망, 인증, 재직자 등)",I2 출연(기관 운영·인프라·위탁 서비스),K9 교육·훈련 과정 운영,S2 디지털·SW·정보통신,S2,1,언급
5700,2025,과학기술정보통신부,디지털트윈기반스마트시티LAB실증단지조성(R&D),디지털트윈기반스마트시티LAB실증단지조성,560.0,A. 기술혁신 촉진(개발·실증·사업화),T5 산학연 연구수행기관(기업·대학·연구소 컨소시엄),I2 출연(기관 운영·인프라·위탁 서비스),K1 기술개발 과제 수행(연구개발비),S2 디지털·SW·정보통신,S2,1,없음
5701,2025,과학기술정보통신부,정보통신방송해외진출지원,융합서비스글로벌마케팅강화,725.0,C. 수출·해외진출 촉진,"T8 수요·제도 연계 사업체 및 공공기관(수요기업, 설비 설치자, 지자체 등)",I2 출연(기관 운영·인프라·위탁 서비스),K6 해외진출·수출 지원(전시·상담·현지화),S2 디지털·SW·정보통신,S2;S8,2,없음
5702,2025,과학기술정보통신부,전파기반신산업창출및중소기업육성,전파산업중소기업성장기반조성,2170.0,A. 기술혁신 촉진(개발·실증·사업화),T1 중소·중견기업(일반·업종·지역 특정),I3 보조금(사업비 보조·매칭),K7 사업비용 보조(전시·인증·컨설팅·기술도입 비용),S2 디지털·SW·정보통신,S2;S7,2,언급
5703,2025,과학기술정보통신부,전파기반신산업창출및중소기업육성,중소기업전파공동엔지니어링랩운영지원,274.0,A. 기술혁신 촉진(개발·실증·사업화),T1 중소·중견기업(일반·업종·지역 특정),I3 보조금(사업비 보조·매칭),K8 컨설팅·인증·시험·홍보 서비스 제공,S2 디지털·SW·정보통신,S2,1,없음
5704,2025,과학기술정보통신부,전파기반신산업창출및중소기업육성,중소기업우수제품전파인증시험비용지원,377.0,E. 생산기반 현대화·친환경 전환(시설·설비),T1 중소·중견기업(일반·업종·지역 특정),I3 보조금(사업비 보조·매칭),K7 사업비용 보조(전시·인증·컨설팅·기술도입 비용),S2 디지털·SW·정보통신,S2,1,없음
5705,2025,과학기술정보통신부,전파기반신산업창출및중소기업육성,고출력전자파침해대응산업활성화,216.0,E. 생산기반 현대화·친환경 전환(시설·설비),T1 중소·중견기업(일반·업종·지역 특정),I3 보조금(사업비 보조·매칭),K11 환경·안전 설비 구축 및 관리,S2 디지털·SW·정보통신,S2,1,없음
5706,2025,과학기술정보통신부,전파기반중소기업전자파대책기술지원,안전한전자파제품개발지원,499.0,A. 기술혁신 촉진(개발·실증·사업화),T1 중소·중견기업(일반·업종·지역 특정),I3 보조금(사업비 보조·매칭),K11 환경·안전 설비 구축 및 관리,S2 디지털·SW·정보통신,S2,1,없음
5707,2025,과학기술정보통신부,전파기반중소기업전자파대책기술지원,고품질전자파부품·소재개발지원,163.0,A. 기술혁신 촉진(개발·실증·사업화),T1 중소·중견기업(일반·업종·지역 특정),I3 보조금(사업비 보조·매칭),K11 환경·안전 설비 구축 및 관리,S7 소재·부품·장비·제조혁신,S2;S7,2,없음
5708,2025,과학기술정보통신부,ICT창의기업육성,글로벌창업활성화기반조성,3286.0,B. 창업·벤처 육성,"T2 중소·벤처기업(특정 요건·단계: 글로벌 진출 희망, 인증, 재직자 등)",I2 출연(기관 운영·인프라·위탁 서비스),K8 컨설팅·인증·시험·홍보 서비스 제공,S2 디지털·SW·정보통신,S2,1,없음
5709,2025,과학기술정보통신부,ICT창의기업육성,혁신기술기반벤처성장지원,5079.0,B. 창업·벤처 육성,"T2 중소·벤처기업(특정 요건·단계: 글로벌 진출 희망, 인증, 재직자 등)",I2 출연(기관 운영·인프라·위탁 서비스),K8 컨설팅·인증·시험·홍보 서비스 제공,S2 디지털·SW·정보통신,S2,1,없음
5710,2025,과학기술정보통신부,ICT창의기업육성,ICT벤처･투자사협력네트워크구축･운영,739.0,B. 창업·벤처 육성,"T2 중소·벤처기업(특정 요건·단계: 글로벌 진출 희망, 인증, 재직자 등)",I2 출연(기관 운영·인프라·위탁 서비스),K3 지역·사회적경제·창업 활성화 프로그램,S2 디지털·SW·정보통신,S2,1,없음
5711,2025,과학기술정보통신부,VR·AR콘텐츠산업육성,VR·AR콘텐츠개발지원,19000.0,A. 기술혁신 촉진(개발·실증·사업화),T7 일반 국민·산업 종사자·창작자,I2 출연(기관 운영·인프라·위탁 서비스),K3 지역·사회적경제·창업 활성화 프로그램,S8 콘텐츠·문화·관광·스포츠,S2;S8,2,없음
5712,2025,과학기술정보통신부,디지털콘텐츠기업경쟁력강화,디지털콘텐츠글로벌역량강화,5565.0,C. 수출·해외진출 촉진,T7 일반 국민·산업 종사자·창작자,I2 출연(기관 운영·인프라·위탁 서비스),K6 해외진출·수출 지원(전시·상담·현지화),S2 디지털·SW·정보통신,S2;S8,2,없음
5713,2025,과학기술정보통신부,클라우드컴퓨팅산업육성(정보화),클라우드서비스활성화및기업경쟁력강화,27026.0,A. 기술혁신 촉진(개발·실증·사업화),"T8 수요·제도 연계 사업체 및 공공기관(수요기업, 설비 설치자, 지자체 등)",I9 바우처,K7 사업비용 보조(전시·인증·컨설팅·기술도입 비용),S2 디지털·SW·정보통신,S1;S2,2,활용
5714,2025,과학기술정보통신부,데이터기반산업경쟁력강화,데이터유통·활용생태계조성,38467.0,A. 기술혁신 촉진(개발·실증·사업화),"T2 중소·벤처기업(특정 요건·단계: 글로벌 진출 희망, 인증, 재직자 등)",I9 바우처,K7 사업비용 보조(전시·인증·컨설팅·기술도입 비용),S1 인공지능(AI)·데이터,S1,1,활용
5715,2025,과학기술정보통신부,사물인터넷신산업육성선도(정보화),IoT융합선도,3200.0,A. 기술혁신 촉진(개발·실증·사업화),"T2 중소·벤처기업(특정 요건·단계: 글로벌 진출 희망, 인증, 재직자 등)",I2 출연(기관 운영·인프라·위탁 서비스),K1 기술개발 과제 수행(연구개발비),S2 디지털·SW·정보통신,S2,1,없음
5716,2025,과학기술정보통신부,사물인터넷신산업육성선도(정보화),IoT인프라조성·보급,5091.0,A. 기술혁신 촉진(개발·실증·사업화),"T2 중소·벤처기업(특정 요건·단계: 글로벌 진출 희망, 인증, 재직자 등)",I2 출연(기관 운영·인프라·위탁 서비스),K2 산업 생태계·협력 기반 조성(플랫폼·네트워크),S2 디지털·SW·정보통신,S2,1,없음
5717,2025,과학기술정보통신부,사물인터넷신산업육성선도(정보화),IoT시장진출지원,505.0,C. 수출·해외진출 촉진,"T2 중소·벤처기업(특정 요건·단계: 글로벌 진출 희망, 인증, 재직자 등)",I2 출연(기관 운영·인프라·위탁 서비스),K6 해외진출·수출 지원(전시·상담·현지화),S2 디지털·SW·정보통신,S2,1,없음
5718,2025,과학기술정보통신부,방송통신산업기술개발(R&D),차세대무선통신,29812.0,A. 기술혁신 촉진(개발·실증·사업화),T5 산학연 연구수행기관(기업·대학·연구소 컨소시엄),I1 R&D 과제 출연(연구개발비),K1 기술개발 과제 수행(연구개발비),S2 디지털·SW·정보통신,S1;S2;S8,3,활용
5719,2025,과학기술정보통신부,방송통신산업기술개발(R&D),차세대유선통신,18646.0,A. 기술혁신 촉진(개발·실증·사업화),T5 산학연 연구수행기관(기업·대학·연구소 컨소시엄),I2 출연(기관 운영·인프라·위탁 서비스),K1 기술개발 과제 수행(연구개발비),S2 디지털·SW·정보통신,S2;S8,2,언급
5720,2025,과학기술정보통신부,방송통신산업기술개발(R&D),전파·위성,24128.0,A. 기술혁신 촉진(개발·실증·사업화),T5 산학연 연구수행기관(기업·대학·연구소 컨소시엄),I2 출연(기관 운영·인프라·위탁 서비스),K7 사업비용 보조(전시·인증·컨설팅·기술도입 비용),S2 디지털·SW·정보통신,S2;S8,2,없음
5721,2025,과학기술정보통신부,방송통신산업기술개발(R&D),방송·스마트미디어,4224.0,A. 기술혁신 촉진(개발·실증·사업화),T5 산학연 연구수행기관(기업·대학·연구소 컨소시엄),I2 출연(기관 운영·인프라·위탁 서비스),K1 기술개발 과제 수행(연구개발비),S8 콘텐츠·문화·관광·스포츠,S2;S8,2,없음
5722,2025,과학기술정보통신부,나노·소재기술개발(R&D),기술개발,102291.0,A. 기술혁신 촉진(개발·실증·사업화),T5 산학연 연구수행기관(기업·대학·연구소 컨소시엄),I1 R&D 과제 출연(연구개발비),K2 산업 생태계·협력 기반 조성(플랫폼·네트워크),S7 소재·부품·장비·제조혁신,S7,1,없음
5723,2025,과학기술정보통신부,나노·소재기술개발(R&D),기반구축,69104.0,A. 기술혁신 촉진(개발·실증·사업화),T5 산학연 연구수행기관(기업·대학·연구소 컨소시엄),I1 R&D 과제 출연(연구개발비),K1 기술개발 과제 수행(연구개발비),S7 소재·부품·장비·제조혁신,S7,1,없음
5724,2025,과학기술정보통신부,한국과학기술원부설나노종합기술원지원(R&D),일반사업비,22969.0,A. 기술혁신 촉진(개발·실증·사업화),"T8 수요·제도 연계 사업체 및 공공기관(수요기업, 설비 설치자, 지자체 등)",I1 R&D 과제 출연(연구개발비),K1 기술개발 과제 수행(연구개발비),S7 소재·부품·장비·제조혁신,S7,1,없음
5725,2025,과학기술정보통신부,지능정보네트워크용광통신부품상용화실증확산,지능정보네트워크용광통신부품상용화실증확산,1541.0,A. 기술혁신 촉진(개발·실증·사업화),T1 중소·중견기업(일반·업종·지역 특정),I2 출연(기관 운영·인프라·위탁 서비스),K1 기술개발 과제 수행(연구개발비),S7 소재·부품·장비·제조혁신,S2;S7,2,언급
5726,2025,과학기술정보통신부,스마트팜다부처패키지혁신기술개발(R&D),스마트팜실증·고도화연구,4184.0,A. 기술혁신 촉진(개발·실증·사업화),T9 농어업인·농식품·수산업체,I2 출연(기관 운영·인프라·위탁 서비스),K1 기술개발 과제 수행(연구개발비),S9 농림축산식품·해양수산,S9,1,언급
5727,2025,과학기술정보통신부,전통문화혁신성장융합연구(R&D),전통문화원천기술개발,633.0,A. 기술혁신 촉진(개발·실증·사업화),T5 산학연 연구수행기관(기업·대학·연구소 컨소시엄),I1 R&D 과제 출연(연구개발비),K1 기술개발 과제 수행(연구개발비),S8 콘텐츠·문화·관광·스포츠,S8,1,없음
5728,2025,과학기술정보통신부,원자력국제협력기반조성사업(R&D),원자력기술유망기업육성및수출지원,381.0,C. 수출·해외진출 촉진,T5 산학연 연구수행기관(기업·대학·연구소 컨소시엄),I6 혼합(출연+보조+직접 등 복수 형태),K1 기술개발 과제 수행(연구개발비),S0 업종 공통(산업 무관),S0,0,없음
5729,2025,과학기술정보통신부,과학치안공공연구성과실용화촉진시범사업(R&D),단기치안R&D기술실용화,630.0,A. 기술혁신 촉진(개발·실증·사업화),T5 산학연 연구수행기관(기업·대학·연구소 컨소시엄),I1 R&D 과제 출연(연구개발비),K2 산업 생태계·협력 기반 조성(플랫폼·네트워크),S0 업종 공통(산업 무관),S0,0,없음
5730,2025,과학기술정보통신부,기업부설연구소및원스톱서비스운영·지원,수요발굴지원단운영,750.0,A. 기술혁신 촉진(개발·실증·사업화),"T8 수요·제도 연계 사업체 및 공공기관(수요기업, 설비 설치자, 지자체 등)",I2 출연(기관 운영·인프라·위탁 서비스),K2 산업 생태계·협력 기반 조성(플랫폼·네트워크),S0 업종 공통(산업 무관),S0,0,없음
5731,2025,과학기술정보통신부,대구경북과학기술원연구운영비지원(R&D),창업및사업화협력,2000.0,A. 기술혁신 촉진(개발·실증·사업화),T5 산학연 연구수행기관(기업·대학·연구소 컨소시엄),I2 출연(기관 운영·인프라·위탁 서비스),K1 기술개발 과제 수행(연구개발비),S0 업종 공통(산업 무관),S0,0,없음
5732,2025,과학기술정보통신부,한국과학기술원연구운영비지원(R&D),창업및사업화협력,3558.0,A. 기술혁신 촉진(개발·실증·사업화),T5 산학연 연구수행기관(기업·대학·연구소 컨소시엄),I1 R&D 과제 출연(연구개발비),K1 기술개발 과제 수행(연구개발비),S0 업종 공통(산업 무관),S0,0,없음
5733,2025,과학기술정보통신부,인재활용확산지원(R&D),산학연협력연구기반인력양성,4400.0,A. 기술혁신 촉진(개발·실증·사업화),"T2 중소·벤처기업(특정 요건·단계: 글로벌 진출 희망, 인증, 재직자 등)",I1 R&D 과제 출연(연구개발비),K10 고용장려금·인건비·공제 지급,S5 에너지·환경,S5,1,없음
5734,2025,과학기술정보통신부,울산과학기술원연구운영비지원(R&D),창업및사업화협력,1000.0,A. 기술혁신 촉진(개발·실증·사업화),T5 산학연 연구수행기관(기업·대학·연구소 컨소시엄),I2 출연(기관 운영·인프라·위탁 서비스),K8 컨설팅·인증·시험·홍보 서비스 제공,S0 업종 공통(산업 무관),S0,0,언급
5735,2025,과학기술정보통신부,DB산업육성(정보화),데이터활용및사업화지원,1580.0,A. 기술혁신 촉진(개발·실증·사업화),"T2 중소·벤처기업(특정 요건·단계: 글로벌 진출 희망, 인증, 재직자 등)",I3 보조금(사업비 보조·매칭),K6 해외진출·수출 지원(전시·상담·현지화),S1 인공지능(AI)·데이터,S1,1,없음
5736,2025,과학기술정보통신부,국제IT협력프로젝트운영,국제IT협력프로젝트운영,911.0,A. 기술혁신 촉진(개발·실증·사업화),"T8 수요·제도 연계 사업체 및 공공기관(수요기업, 설비 설치자, 지자체 등)",I1 R&D 과제 출연(연구개발비),K1 기술개발 과제 수행(연구개발비),S2 디지털·SW·정보통신,S1;S2,2,활용
5737,2025,과학기술정보통신부,국제기구를통한정보화분야해외진출지원(정보화),국제기구를통한정보화분야해외진출지원,194.0,C. 수출·해외진출 촉진,"T2 중소·벤처기업(특정 요건·단계: 글로벌 진출 희망, 인증, 재직자 등)",I2 출연(기관 운영·인프라·위탁 서비스),K6 해외진출·수출 지원(전시·상담·현지화),S2 디지털·SW·정보통신,S2,1,없음
5738,2025,과학기술정보통신부,정보통신기반보호강화(정보화),ICT중소기업정보보호안전망확충,5716.0,D. 자금조달·경영안정 지원(융자·보증·비용보전),"T2 중소·벤처기업(특정 요건·단계: 글로벌 진출 희망, 인증, 재직자 등)",I8 보증·보험(신용보강),K8 컨설팅·인증·시험·홍보 서비스 제공,S2 디지털·SW·정보통신,S1;S2,2,활용
5739,2025,과학기술정보통신부,정보통신기반보호강화(정보화),AI기반보안기술보유유망기업집중육성,4311.0,A. 기술혁신 촉진(개발·실증·사업화),"T2 중소·벤처기업(특정 요건·단계: 글로벌 진출 희망, 인증, 재직자 등)",I4 융자(정책자금 대출),K1 기술개발 과제 수행(연구개발비),S1 인공지능(AI)·데이터,S1;S2,2,핵심
5740,2025,과학기술정보통신부,SW산업해외진출역량강화,SW국제협력지원,1195.0,C. 수출·해외진출 촉진,T1 중소·중견기업(일반·업종·지역 특정),I2 출연(기관 운영·인프라·위탁 서비스),K6 해외진출·수출 지원(전시·상담·현지화),S2 디지털·SW·정보통신,S2,1,없음
5741,2025,과학기술정보통신부,SW산업해외진출역량강화,SW글로벌역량강화,2626.0,C. 수출·해외진출 촉진,T1 중소·중견기업(일반·업종·지역 특정),I2 출연(기관 운영·인프라·위탁 서비스),K6 해외진출·수출 지원(전시·상담·현지화),S2 디지털·SW·정보통신,S2,1,없음
5742,2025,과학기술정보통신부,디지털전문·융합인재양성,산업재직자AI역량강화,6780.0,F. 전문인력 양성·채용 지원,"T2 중소·벤처기업(특정 요건·단계: 글로벌 진출 희망, 인증, 재직자 등)",I2 출연(기관 운영·인프라·위탁 서비스),K1 기술개발 과제 수행(연구개발비),S1 인공지능(AI)·데이터,S1;S2,2,핵심
5743,2025,과학기술정보통신부,한국어대형언어모델기술개발(R&D),한국어대형언어모델기술개발,480.0,A. 기술혁신 촉진(개발·실증·사업화),T5 산학연 연구수행기관(기업·대학·연구소 컨소시엄),I1 R&D 과제 출연(연구개발비),K1 기술개발 과제 수행(연구개발비),S0 업종 공통(산업 무관),S0,0,없음
5744,2025,과학기술정보통신부,AI반도체실증지원,AI반도체응용실증지원,9370.0,A. 기술혁신 촉진(개발·실증·사업화),T5 산학연 연구수행기관(기업·대학·연구소 컨소시엄),I2 출연(기관 운영·인프라·위탁 서비스),K1 기술개발 과제 수행(연구개발비),S1 인공지능(AI)·데이터,S1;S3,2,핵심
5745,2025,과학기술정보통신부,AI반도체실증지원,온디바이스AI서비스실증.확산,9000.0,A. 기술혁신 촉진(개발·실증·사업화),T5 산학연 연구수행기관(기업·대학·연구소 컨소시엄),I2 출연(기관 운영·인프라·위탁 서비스),K1 기술개발 과제 수행(연구개발비),S1 인공지능(AI)·데이터,S1;S3,2,핵심
5746,2025,과학기술정보통신부,자율주행용인공지능반도체핵심기술개발(R&D),자율주행용인공지능반도체핵심기술개발,7500.0,A. 기술혁신 촉진(개발·실증·사업화),T5 산학연 연구수행기관(기업·대학·연구소 컨소시엄),I1 R&D 과제 출연(연구개발비),K1 기술개발 과제 수행(연구개발비),S1 인공지능(AI)·데이터,S1;S3;S6,3,핵심
5747,2025,과학기술정보통신부,ICT규제샌드박스,ICT규제샌드박스제도운영,1065.0,A. 기술혁신 촉진(개발·실증·사업화),"T8 수요·제도 연계 사업체 및 공공기관(수요기업, 설비 설치자, 지자체 등)",I2 출연(기관 운영·인프라·위탁 서비스),K8 컨설팅·인증·시험·홍보 서비스 제공,S2 디지털·SW·정보통신,S2,1,없음
5748,2025,과학기술정보통신부,ICT규제샌드박스,ICT규제샌드박스지정과제운영,2800.0,A. 기술혁신 촉진(개발·실증·사업화),"T8 수요·제도 연계 사업체 및 공공기관(수요기업, 설비 설치자, 지자체 등)",I2 출연(기관 운영·인프라·위탁 서비스),K8 컨설팅·인증·시험·홍보 서비스 제공,S2 디지털·SW·정보통신,S2,1,없음
5749,2025,과학기술정보통신부,스마트제조혁신기술개발(R&D),스마트제조혁신기술개발,16932.0,A. 기술혁신 촉진(개발·실증·사업화),T5 산학연 연구수행기관(기업·대학·연구소 컨소시엄),I1 R&D 과제 출연(연구개발비),K1 기술개발 과제 수행(연구개발비),S7 소재·부품·장비·제조혁신,S7,1,없음
5750,2025,과학기술정보통신부,스마트서비스창출기반확충,국내우수중소기업혁신기술전시지원,400.0,C. 수출·해외진출 촉진,T1 중소·중견기업(일반·업종·지역 특정),I2 출연(기관 운영·인프라·위탁 서비스),K6 해외진출·수출 지원(전시·상담·현지화),S0 업종 공통(산업 무관),S0,0,없음
5751,2025,과학기술정보통신부,스마트서비스창출기반확충,해외바이어상담회개최,100.0,C. 수출·해외진출 촉진,T1 중소·중견기업(일반·업종·지역 특정),I2 출연(기관 운영·인프라·위탁 서비스),K6 해외진출·수출 지원(전시·상담·현지화),S0 업종 공통(산업 무관),S0,0,없음
5752,2025,과학기술정보통신부,융합서비스글로벌시장진출지원,DNA대·중소파트너십동반친출,3178.0,C. 수출·해외진출 촉진,"T2 중소·벤처기업(특정 요건·단계: 글로벌 진출 희망, 인증, 재직자 등)",I2 출연(기관 운영·인프라·위탁 서비스),K6 해외진출·수출 지원(전시·상담·현지화),S2 디지털·SW·정보통신,S1;S2,2,활용
5753,2025,과학기술정보통신부,융합서비스글로벌시장진출지원,DNA융합제품서비스해외진출지원,1085.0,C. 수출·해외진출 촉진,"T2 중소·벤처기업(특정 요건·단계: 글로벌 진출 희망, 인증, 재직자 등)",I2 출연(기관 운영·인프라·위탁 서비스),K6 해외진출·수출 지원(전시·상담·현지화),S0 업종 공통(산업 무관),S0,0,언급
5754,2025,과학기술정보통신부,융합서비스글로벌시장진출지원,디지털혁신기업글로벌성장바우처지원,3000.0,C. 수출·해외진출 촉진,"T2 중소·벤처기업(특정 요건·단계: 글로벌 진출 희망, 인증, 재직자 등)",I9 바우처,K5 창업 사업화자금·투자연계·보육,S0 업종 공통(산업 무관),S0,0,없음
5755,2025,과학기술정보통신부,융합서비스글로벌시장진출지원,AI-반도체해외실증지원(신규),5400.0,C. 수출·해외진출 촉진,"T2 중소·벤처기업(특정 요건·단계: 글로벌 진출 희망, 인증, 재직자 등)",I2 출연(기관 운영·인프라·위탁 서비스),K6 해외진출·수출 지원(전시·상담·현지화),S1 인공지능(AI)·데이터,S1;S3,2,핵심
5756,2025,과학기술정보통신부,융합서비스글로벌시장진출지원,AI·디지털전환혁신기업해외실증지원(신규),1600.0,C. 수출·해외진출 촉진,"T2 중소·벤처기업(특정 요건·단계: 글로벌 진출 희망, 인증, 재직자 등)",I2 출연(기관 운영·인프라·위탁 서비스),K7 사업비용 보조(전시·인증·컨설팅·기술도입 비용),S1 인공지능(AI)·데이터,S1,1,핵심
5757,2025,과학기술정보통신부,융합서비스글로벌시장진출지원,AI·디지털비즈니스파트너십구축(신규),3000.0,B. 창업·벤처 육성,"T2 중소·벤처기업(특정 요건·단계: 글로벌 진출 희망, 인증, 재직자 등)",I2 출연(기관 운영·인프라·위탁 서비스),K8 컨설팅·인증·시험·홍보 서비스 제공,S1 인공지능(AI)·데이터,S1,1,핵심
5758,2025,과학기술정보통신부,6G핵심기술개발(R&D),Tbps급무선통신기술,3875.0,A. 기술혁신 촉진(개발·실증·사업화),T5 산학연 연구수행기관(기업·대학·연구소 컨소시엄),I2 출연(기관 운영·인프라·위탁 서비스),K1 기술개발 과제 수행(연구개발비),S2 디지털·SW·정보통신,S2,1,언급
5759,2025,과학기술정보통신부,6G핵심기술개발(R&D),Tbps급광통신인프라기술,2582.0,A. 기술혁신 촉진(개발·실증·사업화),T5 산학연 연구수행기관(기업·대학·연구소 컨소시엄),I2 출연(기관 운영·인프라·위탁 서비스),K1 기술개발 과제 수행(연구개발비),S2 디지털·SW·정보통신,S2,1,없음
5760,2025,과학기술정보통신부,6G핵심기술개발(R&D),THz대역주파수개척및안전성평가기술,1239.0,A. 기술혁신 촉진(개발·실증·사업화),T5 산학연 연구수행기관(기업·대학·연구소 컨소시엄),I2 출연(기관 운영·인프라·위탁 서비스),K1 기술개발 과제 수행(연구개발비),S2 디지털·SW·정보통신,S2,1,없음
5761,2025,과학기술정보통신부,6G핵심기술개발(R&D),3차원공간이동통신기술,2499.0,A. 기술혁신 촉진(개발·실증·사업화),T5 산학연 연구수행기관(기업·대학·연구소 컨소시엄),I2 출연(기관 운영·인프라·위탁 서비스),K1 기술개발 과제 수행(연구개발비),S2 디지털·SW·정보통신,S2,1,없음
5762,2025,과학기술정보통신부,6G핵심기술개발(R&D),3차원공간위성통신기술,4409.0,A. 기술혁신 촉진(개발·실증·사업화),T5 산학연 연구수행기관(기업·대학·연구소 컨소시엄),I2 출연(기관 운영·인프라·위탁 서비스),K1 기술개발 과제 수행(연구개발비),S2 디지털·SW·정보통신,S2,1,없음
5763,2025,과학기술정보통신부,6G핵심기술개발(R&D),종단간초정밀네트워크핵심기술,2403.0,A. 기술혁신 촉진(개발·실증·사업화),T5 산학연 연구수행기관(기업·대학·연구소 컨소시엄),I2 출연(기관 운영·인프라·위탁 서비스),K1 기술개발 과제 수행(연구개발비),S2 디지털·SW·정보통신,S2,1,없음
5764,2025,과학기술정보통신부,6G핵심기술개발(R&D),지능형무선액세스기술,3234.0,A. 기술혁신 촉진(개발·실증·사업화),T5 산학연 연구수행기관(기업·대학·연구소 컨소시엄),I2 출연(기관 운영·인프라·위탁 서비스),K1 기술개발 과제 수행(연구개발비),S2 디지털·SW·정보통신,S2,1,언급
5765,2025,과학기술정보통신부,6G핵심기술개발(R&D),지능형6G모바일코어네트워크기술,3349.0,A. 기술혁신 촉진(개발·실증·사업화),T5 산학연 연구수행기관(기업·대학·연구소 컨소시엄),I2 출연(기관 운영·인프라·위탁 서비스),K1 기술개발 과제 수행(연구개발비),S2 디지털·SW·정보통신,S1;S2,2,활용
5766,2025,과학기술정보통신부,실감콘텐츠핵심기술개발(R&D),미디어팔레트시장가치창출형기술개발,400.0,A. 기술혁신 촉진(개발·실증·사업화),T5 산학연 연구수행기관(기업·대학·연구소 컨소시엄),I1 R&D 과제 출연(연구개발비),K1 기술개발 과제 수행(연구개발비),S8 콘텐츠·문화·관광·스포츠,S8,1,없음
5767,2025,과학기술정보통신부,스마트엣지디바이스기술개발(R&D),SW플랫폼,380.0,A. 기술혁신 촉진(개발·실증·사업화),T5 산학연 연구수행기관(기업·대학·연구소 컨소시엄),I1 R&D 과제 출연(연구개발비),K1 기술개발 과제 수행(연구개발비),S2 디지털·SW·정보통신,S1;S2,2,활용
5768,2025,과학기술정보통신부,스마트엣지디바이스기술개발(R&D),응용디바이스,720.0,A. 기술혁신 촉진(개발·실증·사업화),T5 산학연 연구수행기관(기업·대학·연구소 컨소시엄),I1 R&D 과제 출연(연구개발비),K1 기술개발 과제 수행(연구개발비),S0 업종 공통(산업 무관),S0,0,언급
5769,2025,과학기술정보통신부,인터넷동영상서비스글로벌경쟁력강화기술개발(R&D),인터넷동영상서비스글로벌경쟁력강화기술개발,1280.0,C. 수출·해외진출 촉진,T5 산학연 연구수행기관(기업·대학·연구소 컨소시엄),I1 R&D 과제 출연(연구개발비),K6 해외진출·수출 지원(전시·상담·현지화),S8 콘텐츠·문화·관광·스포츠,S8,1,없음
5770,2025,과학기술정보통신부,테라헤르츠대역전파자원기반구축(R&D),100㎓대역광센서기반전자파인체노출량측정기술개발,244.0,A. 기술혁신 촉진(개발·실증·사업화),T1 중소·중견기업(일반·업종·지역 특정),I6 혼합(출연+보조+직접 등 복수 형태),K1 기술개발 과제 수행(연구개발비),S2 디지털·SW·정보통신,S2,1,없음
5771,2025,과학기술정보통신부,전파산업핵심기술개발(R&D),미래전파핵심원천기술개발,445.0,A. 기술혁신 촉진(개발·실증·사업화),T5 산학연 연구수행기관(기업·대학·연구소 컨소시엄),I1 R&D 과제 출연(연구개발비),K1 기술개발 과제 수행(연구개발비),S2 디지털·SW·정보통신,S2,1,없음
5772,2025,과학기술정보통신부,전파의료응용핵심기술개발(R&D),전파의료응용핵심기술개발,1444.0,A. 기술혁신 촉진(개발·실증·사업화),T5 산학연 연구수행기관(기업·대학·연구소 컨소시엄),I1 R&D 과제 출연(연구개발비),K1 기술개발 과제 수행(연구개발비),S4 바이오·헬스,S2;S4,2,없음
5773,2025,과학기술정보통신부,SW컴퓨팅산업원천기술개발(R&D),응용기반SW핵심기술,16446.0,A. 기술혁신 촉진(개발·실증·사업화),T5 산학연 연구수행기관(기업·대학·연구소 컨소시엄),I2 출연(기관 운영·인프라·위탁 서비스),K1 기술개발 과제 수행(연구개발비),S2 디지털·SW·정보통신,S2,1,언급
5774,2025,과학기술정보통신부,SW컴퓨팅산업원천기술개발(R&D),빅데이터핵심기술,10093.0,A. 기술혁신 촉진(개발·실증·사업화),T5 산학연 연구수행기관(기업·대학·연구소 컨소시엄),I2 출연(기관 운영·인프라·위탁 서비스),K1 기술개발 과제 수행(연구개발비),S1 인공지능(AI)·데이터,S1;S2,2,언급
5775,2025,과학기술정보통신부,SW컴퓨팅산업원천기술개발(R&D),컴퓨팅핵심기술,55256.0,A. 기술혁신 촉진(개발·실증·사업화),T5 산학연 연구수행기관(기업·대학·연구소 컨소시엄),I2 출연(기관 운영·인프라·위탁 서비스),K1 기술개발 과제 수행(연구개발비),S2 디지털·SW·정보통신,S2,1,없음
5776,2025,과학기술정보통신부,SW산업기반확충,SW산업기술확산역량강화,6300.0,A. 기술혁신 촉진(개발·실증·사업화),"T8 수요·제도 연계 사업체 및 공공기관(수요기업, 설비 설치자, 지자체 등)",I2 출연(기관 운영·인프라·위탁 서비스),K8 컨설팅·인증·시험·홍보 서비스 제공,S2 디지털·SW·정보통신,S2,1,언급
5777,2025,과학기술정보통신부,SW산업기반확충,SW고성장클럽,13933.0,B. 창업·벤처 육성,"T8 수요·제도 연계 사업체 및 공공기관(수요기업, 설비 설치자, 지자체 등)",I1 R&D 과제 출연(연구개발비),K5 창업 사업화자금·투자연계·보육,S2 디지털·SW·정보통신,S2,1,없음
5778,2025,과학기술정보통신부,SW산업기반확충,SW기업성장촉진지원,950.0,A. 기술혁신 촉진(개발·실증·사업화),"T8 수요·제도 연계 사업체 및 공공기관(수요기업, 설비 설치자, 지자체 등)",I2 출연(기관 운영·인프라·위탁 서비스),K2 산업 생태계·협력 기반 조성(플랫폼·네트워크),S2 디지털·SW·정보통신,S2,1,없음
5779,2025,과학기술정보통신부,ICT융합산업혁신기술개발(R&D),휴먼사물공간융합,1221.0,A. 기술혁신 촉진(개발·실증·사업화),T5 산학연 연구수행기관(기업·대학·연구소 컨소시엄),I1 R&D 과제 출연(연구개발비),K1 기술개발 과제 수행(연구개발비),S2 디지털·SW·정보통신,S2,1,언급
5780,2025,과학기술정보통신부,ICT융합산업혁신기술개발(R&D),다부처융합(식품안전생산),600.0,A. 기술혁신 촉진(개발·실증·사업화),T5 산학연 연구수행기관(기업·대학·연구소 컨소시엄),I2 출연(기관 운영·인프라·위탁 서비스),K1 기술개발 과제 수행(연구개발비),S9 농림축산식품·해양수산,S2;S9,2,없음
5781,2025,과학기술정보통신부,블록체인활용기반조성,해외진출기반지원,1440.0,C. 수출·해외진출 촉진,"T8 수요·제도 연계 사업체 및 공공기관(수요기업, 설비 설치자, 지자체 등)",I2 출연(기관 운영·인프라·위탁 서비스),K6 해외진출·수출 지원(전시·상담·현지화),S2 디지털·SW·정보통신,S2,1,언급
5782,2025,과학기술정보통신부,지능정보서비스확산,디지털트윈활용기반조성,1856.0,A. 기술혁신 촉진(개발·실증·사업화),T5 산학연 연구수행기관(기업·대학·연구소 컨소시엄),I2 출연(기관 운영·인프라·위탁 서비스),K1 기술개발 과제 수행(연구개발비),S2 디지털·SW·정보통신,S2,1,없음
5783,2025,과학기술정보통신부,디지털융합보안기반확충,양자기술상용화기반조성,2646.0,A. 기술혁신 촉진(개발·실증·사업화),T5 산학연 연구수행기관(기업·대학·연구소 컨소시엄),I2 출연(기관 운영·인프라·위탁 서비스),K1 기술개발 과제 수행(연구개발비),S2 디지털·SW·정보통신,S2,1,없음
5784,2025,과학기술정보통신부,디지털융합보안기반확충,디지털안전선도모델개발,2486.0,A. 기술혁신 촉진(개발·실증·사업화),T7 일반 국민·산업 종사자·창작자,I2 출연(기관 운영·인프라·위탁 서비스),K1 기술개발 과제 수행(연구개발비),S0 업종 공통(산업 무관),S0,0,언급
5785,2025,과학기술정보통신부,글로벌ICT혁신클러스터조성,AI반도체클러스터,1099.0,A. 기술혁신 촉진(개발·실증·사업화),T1 중소·중견기업(일반·업종·지역 특정),I2 출연(기관 운영·인프라·위탁 서비스),K1 기술개발 과제 수행(연구개발비),S1 인공지능(AI)·데이터,S1;S2;S3,3,핵심
5786,2025,과학기술정보통신부,ICT미래시장최적화협업기술개발(R&D),ICT미래시장최적화협업기술개발,620.0,A. 기술혁신 촉진(개발·실증·사업화),T1 중소·중견기업(일반·업종·지역 특정),I1 R&D 과제 출연(연구개발비),K2 산업 생태계·협력 기반 조성(플랫폼·네트워크),S2 디지털·SW·정보통신,S2,1,없음
5787,2025,과학기술정보통신부,양자센서핵심원천기술개발(R&D),첨단산업견인형양자센서개발,2400.0,A. 기술혁신 촉진(개발·실증·사업화),T5 산학연 연구수행기관(기업·대학·연구소 컨소시엄),I2 출연(기관 운영·인프라·위탁 서비스),K1 기술개발 과제 수행(연구개발비),S2 디지털·SW·정보통신,S2,1,없음
5788,2025,과학기술정보통신부,양자센서핵심원천기술개발(R&D),양자기반센서신뢰성플랫폼개발,1200.0,A. 기술혁신 촉진(개발·실증·사업화),T5 산학연 연구수행기관(기업·대학·연구소 컨소시엄),I2 출연(기관 운영·인프라·위탁 서비스),K1 기술개발 과제 수행(연구개발비),S2 디지털·SW·정보통신,S2,1,없음
5789,2025,과학기술정보통신부,60㎓이하대역5G전파응용서비스활용기반조성(R&D),3차원인빌딩전파특성측정및분석자동화기술개발,530.0,A. 기술혁신 촉진(개발·실증·사업화),T1 중소·중견기업(일반·업종·지역 특정),I6 혼합(출연+보조+직접 등 복수 형태),K1 기술개발 과제 수행(연구개발비),S2 디지털·SW·정보통신,S2,1,없음
5790,2025,과학기술정보통신부,우편물류지능화기술연구개발(R&D),보관등기우편물비대면교부시스템개발,435.0,A. 기술혁신 촉진(개발·실증·사업화),T5 산학연 연구수행기관(기업·대학·연구소 컨소시엄),I2 출연(기관 운영·인프라·위탁 서비스),K4 자금 융자·보증 제공(운전·시설자금),S10 유통·물류·생활서비스,S10,1,없음
5791,2025,과학기술정보통신부,기술변화선도형방송·미디어장비기술개발(R&D),방송·미디어장비기술개발,600.0,A. 기술혁신 촉진(개발·실증·사업화),T5 산학연 연구수행기관(기업·대학·연구소 컨소시엄),I1 R&D 과제 출연(연구개발비),K1 기술개발 과제 수행(연구개발비),S7 소재·부품·장비·제조혁신,S6;S7;S8,3,없음
5792,2025,과학기술정보통신부,인공지능반도체SW통합플랫폼기술개발(R&D),인공지능반도체SW통합플랫폼기술개발,7733.0,A. 기술혁신 촉진(개발·실증·사업화),T5 산학연 연구수행기관(기업·대학·연구소 컨소시엄),I1 R&D 과제 출연(연구개발비),K1 기술개발 과제 수행(연구개발비),S1 인공지능(AI)·데이터,S1;S2;S3,3,핵심
5793,2025,과학기술정보통신부,5G개방형네트워크핵심기술개발(R&D),5G개방형네트워크기술개발,4000.0,A. 기술혁신 촉진(개발·실증·사업화),T5 산학연 연구수행기관(기업·대학·연구소 컨소시엄),I1 R&D 과제 출연(연구개발비),K1 기술개발 과제 수행(연구개발비),S2 디지털·SW·정보통신,S2,1,없음
5794,2025,과학기술정보통신부,양자센서상용화기술개발(R&D),양자센서산업응용기술개발,6912.0,A. 기술혁신 촉진(개발·실증·사업화),T5 산학연 연구수행기관(기업·대학·연구소 컨소시엄),I1 R&D 과제 출연(연구개발비),K1 기술개발 과제 수행(연구개발비),S2 디지털·SW·정보통신,S2,1,없음
5795,2025,과학기술정보통신부,데이터활용의료·건강생태계조성,인공지능기반의료솔루션사업화,2200.0,A. 기술혁신 촉진(개발·실증·사업화),"T8 수요·제도 연계 사업체 및 공공기관(수요기업, 설비 설치자, 지자체 등)",I2 출연(기관 운영·인프라·위탁 서비스),K1 기술개발 과제 수행(연구개발비),S1 인공지능(AI)·데이터,S1;S4,2,핵심
5796,2025,과학기술정보통신부,데이터활용의료·건강생태계조성,인공지능기반의료기기사업화,2300.0,A. 기술혁신 촉진(개발·실증·사업화),"T8 수요·제도 연계 사업체 및 공공기관(수요기업, 설비 설치자, 지자체 등)",I1 R&D 과제 출연(연구개발비),K1 기술개발 과제 수행(연구개발비),S1 인공지능(AI)·데이터,S1;S4,2,핵심
5797,2025,과학기술정보통신부,광주과학기술원연구운영비지원(R&D),창업및사업화협력,2278.0,A. 기술혁신 촉진(개발·실증·사업화),T5 산학연 연구수행기관(기업·대학·연구소 컨소시엄),I1 R&D 과제 출연(연구개발비),K1 기술개발 과제 수행(연구개발비),S0 업종 공통(산업 무관),S0,0,없음
5798,2025,과학기술정보통신부,딥사이언스창업활성화지원(R&D),딥사이언스창업활성화지원,8850.0,B. 창업·벤처 육성,T5 산학연 연구수행기관(기업·대학·연구소 컨소시엄),I1 R&D 과제 출연(연구개발비),K2 산업 생태계·협력 기반 조성(플랫폼·네트워크),S0 업종 공통(산업 무관),S0,0,없음
5799,2025,과학기술정보통신부,국산연구장비기술경쟁력강화(R&D),연구장비산업지속성장지원,6510.0,A. 기술혁신 촉진(개발·실증·사업화),T5 산학연 연구수행기관(기업·대학·연구소 컨소시엄),I1 R&D 과제 출연(연구개발비),K1 기술개발 과제 수행(연구개발비),S7 소재·부품·장비·제조혁신,S7,1,없음
5800,2025,과학기술정보통신부,생성AI선도인재양성,생성AI핵심고급인재,5200.0,A. 기술혁신 촉진(개발·실증·사업화),T5 산학연 연구수행기관(기업·대학·연구소 컨소시엄),I2 출연(기관 운영·인프라·위탁 서비스),K1 기술개발 과제 수행(연구개발비),S1 인공지능(AI)·데이터,S1,1,핵심
5801,2025,과학기술정보통신부,차세대생성AI기술개발,차세대생성AI기술개발(R&D),4000.0,A. 기술혁신 촉진(개발·실증·사업화),T5 산학연 연구수행기관(기업·대학·연구소 컨소시엄),I1 R&D 과제 출연(연구개발비),K1 기술개발 과제 수행(연구개발비),S1 인공지능(AI)·데이터,S1,1,핵심
5802,2025,과학기술정보통신부,AI일상화확산,AI미디어·문화향유확산,8100.0,A. 기술혁신 촉진(개발·실증·사업화),"T8 수요·제도 연계 사업체 및 공공기관(수요기업, 설비 설치자, 지자체 등)",I2 출연(기관 운영·인프라·위탁 서비스),K1 기술개발 과제 수행(연구개발비),S1 인공지능(AI)·데이터,S1;S8,2,핵심
5803,2025,과학기술정보통신부,AI일상화확산,AI법률보조서비스확산,6750.0,A. 기술혁신 촉진(개발·실증·사업화),"T8 수요·제도 연계 사업체 및 공공기관(수요기업, 설비 설치자, 지자체 등)",I2 출연(기관 운영·인프라·위탁 서비스),K1 기술개발 과제 수행(연구개발비),S1 인공지능(AI)·데이터,S1,1,핵심
5804,2025,과학기술정보통신부,AI일상화확산,AI학술및개발역량강화지원,7020.0,A. 기술혁신 촉진(개발·실증·사업화),"T8 수요·제도 연계 사업체 및 공공기관(수요기업, 설비 설치자, 지자체 등)",I2 출연(기관 운영·인프라·위탁 서비스),K1 기술개발 과제 수행(연구개발비),S1 인공지능(AI)·데이터,S1,1,핵심
5805,2025,과학기술정보통신부,3GPP기반위성통신단말핵심기술개발(R&D),3GPP기반위성통신단말핵심기술개발,4281.0,A. 기술혁신 촉진(개발·실증·사업화),T5 산학연 연구수행기관(기업·대학·연구소 컨소시엄),I1 R&D 과제 출연(연구개발비),K1 기술개발 과제 수행(연구개발비),S2 디지털·SW·정보통신,S2,1,없음
5806,2025,과학기술정보통신부,차세대네트워크(6G)산업기술개발(R&D),차세대네트워크(6G)산업기술개발,84860.0,A. 기술혁신 촉진(개발·실증·사업화),T5 산학연 연구수행기관(기업·대학·연구소 컨소시엄),I1 R&D 과제 출연(연구개발비),K1 기술개발 과제 수행(연구개발비),S2 디지털·SW·정보통신,S1;S2,2,활용
5807,2025,과학기술정보통신부,딥테크스케일업밸리육성,딥테크스케일업밸리육성,7600.0,A. 기술혁신 촉진(개발·실증·사업화),"T8 수요·제도 연계 사업체 및 공공기관(수요기업, 설비 설치자, 지자체 등)",I2 출연(기관 운영·인프라·위탁 서비스),K5 창업 사업화자금·투자연계·보육,S0 업종 공통(산업 무관),S0,0,없음
5808,2025,과학기술정보통신부,XaaS선도프로젝트,XaaS선도프로젝트기획지원,600.0,A. 기술혁신 촉진(개발·실증·사업화),"T8 수요·제도 연계 사업체 및 공공기관(수요기업, 설비 설치자, 지자체 등)",I2 출연(기관 운영·인프라·위탁 서비스),K8 컨설팅·인증·시험·홍보 서비스 제공,S0 업종 공통(산업 무관),S0,0,없음
5809,2025,과학기술정보통신부,XaaS선도프로젝트,XaaS선도프로젝트개발지원,4880.0,A. 기술혁신 촉진(개발·실증·사업화),"T8 수요·제도 연계 사업체 및 공공기관(수요기업, 설비 설치자, 지자체 등)",I2 출연(기관 운영·인프라·위탁 서비스),K1 기술개발 과제 수행(연구개발비),S2 디지털·SW·정보통신,S2,1,없음
5810,2025,과학기술정보통신부,XaaS선도프로젝트,XaaS선도프로젝트실증·확산지원,1200.0,A. 기술혁신 촉진(개발·실증·사업화),"T8 수요·제도 연계 사업체 및 공공기관(수요기업, 설비 설치자, 지자체 등)",I2 출연(기관 운영·인프라·위탁 서비스),K1 기술개발 과제 수행(연구개발비),S0 업종 공통(산업 무관),S0,0,없음
5811,2025,과학기술정보통신부,제로트러스트신보안체계실증확산,제로트러스트확산지원,5637.0,A. 기술혁신 촉진(개발·실증·사업화),T7 일반 국민·산업 종사자·창작자,I2 출연(기관 운영·인프라·위탁 서비스),K1 기술개발 과제 수행(연구개발비),S0 업종 공통(산업 무관),S0,0,없음
5812,2025,과학기술정보통신부,AI반도체첨단이종집적기술개발(R&D),AI반도체첨단이종집적기술개발,8250.0,A. 기술혁신 촉진(개발·실증·사업화),T5 산학연 연구수행기관(기업·대학·연구소 컨소시엄),I1 R&D 과제 출연(연구개발비),K1 기술개발 과제 수행(연구개발비),S1 인공지능(AI)·데이터,S1;S3,2,핵심
5813,2025,과학기술정보통신부,차세대원자력혁신생태계기반조성사업,차세대원자력한계기술개발,600.0,A. 기술혁신 촉진(개발·실증·사업화),T5 산학연 연구수행기관(기업·대학·연구소 컨소시엄),I1 R&D 과제 출연(연구개발비),K1 기술개발 과제 수행(연구개발비),S0 업종 공통(산업 무관),S0,0,없음
5814,2025,과학기술정보통신부,지속가능한데이터센터산업발전지원,지속가능한데이터센터산업발전지원,9500.0,A. 기술혁신 촉진(개발·실증·사업화),"T8 수요·제도 연계 사업체 및 공공기관(수요기업, 설비 설치자, 지자체 등)",I2 출연(기관 운영·인프라·위탁 서비스),K1 기술개발 과제 수행(연구개발비),S1 인공지능(AI)·데이터,S1;S2,2,활용
5815,2025,과학기술정보통신부,양자산업수요연계형실증,양자산업수요연계형실증,5000.0,A. 기술혁신 촉진(개발·실증·사업화),T5 산학연 연구수행기관(기업·대학·연구소 컨소시엄),I2 출연(기관 운영·인프라·위탁 서비스),K1 기술개발 과제 수행(연구개발비),S2 디지털·SW·정보통신,S2;S7,2,없음
5816,2025,과학기술정보통신부,SW공급망보안관리체계적용·확산,SW개발기업SW공급망보안점검지원,2000.0,A. 기술혁신 촉진(개발·실증·사업화),"T8 수요·제도 연계 사업체 및 공공기관(수요기업, 설비 설치자, 지자체 등)",I2 출연(기관 운영·인프라·위탁 서비스),K1 기술개발 과제 수행(연구개발비),S2 디지털·SW·정보통신,S2,1,없음
5817,2025,과학기술정보통신부,차세대방송미디어산업선도기반조성,미디어선도기업육성,1000.0,C. 수출·해외진출 촉진,"T8 수요·제도 연계 사업체 및 공공기관(수요기업, 설비 설치자, 지자체 등)",I3 보조금(사업비 보조·매칭),K6 해외진출·수출 지원(전시·상담·현지화),S8 콘텐츠·문화·관광·스포츠,S8,1,언급
5818,2025,과학기술정보통신부,차세대방송미디어산업선도기반조성,미디어기업실증인프라지원,540.0,C. 수출·해외진출 촉진,"T8 수요·제도 연계 사업체 및 공공기관(수요기업, 설비 설치자, 지자체 등)",I3 보조금(사업비 보조·매칭),K6 해외진출·수출 지원(전시·상담·현지화),S8 콘텐츠·문화·관광·스포츠,S8,1,없음
5819,2025,과학기술정보통신부,AI반도체지원플랫폼,AI반도체기술인재공급플랫폼,3500.0,F. 전문인력 양성·채용 지원,"T8 수요·제도 연계 사업체 및 공공기관(수요기업, 설비 설치자, 지자체 등)",I2 출연(기관 운영·인프라·위탁 서비스),K1 기술개발 과제 수행(연구개발비),S1 인공지능(AI)·데이터,S1;S3,2,핵심
5820,2025,과학기술정보통신부,K-HERO육성·지원,글로벌선도연구소육성,1800.0,A. 기술혁신 촉진(개발·실증·사업화),"T8 수요·제도 연계 사업체 및 공공기관(수요기업, 설비 설치자, 지자체 등)",I1 R&D 과제 출연(연구개발비),K2 산업 생태계·협력 기반 조성(플랫폼·네트워크),S0 업종 공통(산업 무관),S0,0,없음
5821,2025,과학기술정보통신부,K-HERO육성·지원,기업R&D역량강화지원2.0,970.0,A. 기술혁신 촉진(개발·실증·사업화),"T8 수요·제도 연계 사업체 및 공공기관(수요기업, 설비 설치자, 지자체 등)",I1 R&D 과제 출연(연구개발비),K2 산업 생태계·협력 기반 조성(플랫폼·네트워크),S0 업종 공통(산업 무관),S0,0,없음
5822,2025,과학기술정보통신부,국가간상호인정협정(MRA)이행및글로벌진출지원,ICT시험·인증산업및중소기업글로벌진출지원,250.0,C. 수출·해외진출 촉진,"T8 수요·제도 연계 사업체 및 공공기관(수요기업, 설비 설치자, 지자체 등)",I3 보조금(사업비 보조·매칭),K7 사업비용 보조(전시·인증·컨설팅·기술도입 비용),S2 디지털·SW·정보통신,S2,1,없음
5823,2025,과학기술정보통신부,대학연구소·스타트업공동혁신R&D지원(R&D),대학연구소·스타트업공동혁신R&D지원(R&D),7500.0,D. 자금조달·경영안정 지원(융자·보증·비용보전),T5 산학연 연구수행기관(기업·대학·연구소 컨소시엄),I4 융자(정책자금 대출),K2 산업 생태계·협력 기반 조성(플랫폼·네트워크),S0 업종 공통(산업 무관),S0,0,없음
5824,2025,과학기술정보통신부,실험실창업지원,첨단과학기술기업글로벌협력스케일업R&D지원,1000.0,A. 기술혁신 촉진(개발·실증·사업화),T5 산학연 연구수행기관(기업·대학·연구소 컨소시엄),I1 R&D 과제 출연(연구개발비),K6 해외진출·수출 지원(전시·상담·현지화),S0 업종 공통(산업 무관),S0,0,없음
5825,2025,국토교통부,지능형휴대수하물보안검색기술개발(R&D),지능형휴대수하물보안검색기술개발,2912.0,A. 기술혁신 촉진(개발·실증·사업화),T5 산학연 연구수행기관(기업·대학·연구소 컨소시엄),I1 R&D 과제 출연(연구개발비),K1 기술개발 과제 수행(연구개발비),S0 업종 공통(산업 무관),S0,0,언급
5826,2025,국토교통부,드론안전및활성화지원,드론상용화지원,4800.0,A. 기술혁신 촉진(개발·실증·사업화),T7 일반 국민·산업 종사자·창작자,I10 직접 수행(직접사업),K1 기술개발 과제 수행(연구개발비),S6 모빌리티·항공우주·조선,S6,1,없음
5827,2025,국토교통부,드론안전및활성화지원,드론실증도시구축,13000.0,A. 기술혁신 촉진(개발·실증·사업화),T7 일반 국민·산업 종사자·창작자,I10 직접 수행(직접사업),K1 기술개발 과제 수행(연구개발비),S6 모빌리티·항공우주·조선,S6,1,없음
5828,2025,국토교통부,드론안전및활성화지원,드론해외진출지원,1200.0,C. 수출·해외진출 촉진,T7 일반 국민·산업 종사자·창작자,I10 직접 수행(직접사업),K6 해외진출·수출 지원(전시·상담·현지화),S6 모빌리티·항공우주·조선,S6,1,없음
5829,2025,국토교통부,스마트건설지원센터운영,스마트건설지원센터운영,6715.0,B. 창업·벤처 육성,T3 예비창업자·창업기업,I2 출연(기관 운영·인프라·위탁 서비스),K3 지역·사회적경제·창업 활성화 프로그램,S0 업종 공통(산업 무관),S0,0,없음
5830,2025,국토교통부,국토교통기술사업화를위한이어달리기사업(R&D),국토교통기술사업화를위한이어달리기,5707.0,A. 기술혁신 촉진(개발·실증·사업화),T5 산학연 연구수행기관(기업·대학·연구소 컨소시엄),I1 R&D 과제 출연(연구개발비),K1 기술개발 과제 수행(연구개발비),S0 업종 공통(산업 무관),S0,0,없음
5831,2025,국토교통부,물류산업지원,제3자·스마트·공동물류컨설팅지원,458.0,C. 수출·해외진출 촉진,T7 일반 국민·산업 종사자·창작자,I3 보조금(사업비 보조·매칭),K6 해외진출·수출 지원(전시·상담·현지화),S10 유통·물류·생활서비스,S10,1,없음
5832,2025,국토교통부,물류산업지원,물류기업해외진출지원,110.0,F. 전문인력 양성·채용 지원,T7 일반 국민·산업 종사자·창작자,I3 보조금(사업비 보조·매칭),K6 해외진출·수출 지원(전시·상담·현지화),S10 유통·물류·생활서비스,S10,1,없음
5833,2025,국토교통부,철도산업발전지원,해외철도수주지원,2288.0,C. 수출·해외진출 촉진,T7 일반 국민·산업 종사자·창작자,I10 직접 수행(직접사업),K6 해외진출·수출 지원(전시·상담·현지화),S6 모빌리티·항공우주·조선,S6,1,없음
5834,2025,국토교통부,스마트시티확산사업,혁신생태계조성지원,1150.0,A. 기술혁신 촉진(개발·실증·사업화),T7 일반 국민·산업 종사자·창작자,I3 보조금(사업비 보조·매칭),K2 산업 생태계·협력 기반 조성(플랫폼·네트워크),S2 디지털·SW·정보통신,S2,1,없음
5835,2025,국토교통부,노후산단재생지원(융자),노후산단재생지원(융자),41400.0,D. 자금조달·경영안정 지원(융자·보증·비용보전),T6 사업주·근로자(고용·산재보험 가입),I4 융자(정책자금 대출),K4 자금 융자·보증 제공(운전·시설자금),S0 업종 공통(산업 무관),S0,0,없음
5836,2025,국토교통부,그린해상교량기술개발(R&D),그린해상교량기술개발,1100.0,A. 기술혁신 촉진(개발·실증·사업화),T5 산학연 연구수행기관(기업·대학·연구소 컨소시엄),I1 R&D 과제 출연(연구개발비),K1 기술개발 과제 수행(연구개발비),S0 업종 공통(산업 무관),S0,0,없음
5837,2025,국토교통부,초장대K-지하고속도로인프라안전및효율향상기술개발(R&D),초장대K-지하고속도로인프라안전및효율향상기술개발,2935.0,A. 기술혁신 촉진(개발·실증·사업화),T5 산학연 연구수행기관(기업·대학·연구소 컨소시엄),I1 R&D 과제 출연(연구개발비),K1 기술개발 과제 수행(연구개발비),S0 업종 공통(산업 무관),S0,0,없음
5838,2025,국토교통부,한국형도심항공교통(K-UAM)핵심기술개발사업(R&D),K-UAM안전운용체계핵심기술(국토부),21155.0,A. 기술혁신 촉진(개발·실증·사업화),T5 산학연 연구수행기관(기업·대학·연구소 컨소시엄),I4 융자(정책자금 대출),K1 기술개발 과제 수행(연구개발비),S6 모빌리티·항공우주·조선,S6,1,없음
5839,2025,국토교통부,국토교통창업및기업지원,국토교통창업및기업지원,750.0,B. 창업·벤처 육성,T3 예비창업자·창업기업,I2 출연(기관 운영·인프라·위탁 서비스),K2 산업 생태계·협력 기반 조성(플랫폼·네트워크),S0 업종 공통(산업 무관),S0,0,없음
5840,2025,금융위원회,소상공인위탁보증대위변제,소상공인위탁보증대위변제,347946.0,D. 자금조달·경영안정 지원(융자·보증·비용보전),T10 보증·보험 이용기업 및 금융기관,I8 보증·보험(신용보강),K4 자금 융자·보증 제공(운전·시설자금),S0 업종 공통(산업 무관),S0,0,없음
5841,2025,금융위원회,유동화회사보증대위변제,유동화회사보증대위변제,546887.0,D. 자금조달·경영안정 지원(융자·보증·비용보전),T10 보증·보험 이용기업 및 금융기관,I8 보증·보험(신용보강),K4 자금 융자·보증 제공(운전·시설자금),S0 업종 공통(산업 무관),S0,0,없음
5842,2025,금융위원회,일반보증대위변제,일반보증대위변제,2645225.0,D. 자금조달·경영안정 지원(융자·보증·비용보전),T10 보증·보험 이용기업 및 금융기관,I8 보증·보험(신용보강),K4 자금 융자·보증 제공(운전·시설자금),S0 업종 공통(산업 무관),S0,0,없음
5843,2025,금융위원회,팩토링금융(금융위),팩토링금융,200160.0,D. 자금조달·경영안정 지원(융자·보증·비용보전),T10 보증·보험 이용기업 및 금융기관,I8 보증·보험(신용보강),K4 자금 융자·보증 제공(운전·시설자금),S0 업종 공통(산업 무관),S0,0,없음
5844,2025,금융위원회,핀테크지원사업,디지털금융혁신지원,6950.0,A. 기술혁신 촉진(개발·실증·사업화),T7 일반 국민·산업 종사자·창작자,I3 보조금(사업비 보조·매칭),K3 지역·사회적경제·창업 활성화 프로그램,S2 디지털·SW·정보통신,S2,1,없음
5845,2025,금융위원회,핀테크지원사업,핀테크기업육성지원,3019.0,A. 기술혁신 촉진(개발·실증·사업화),T7 일반 국민·산업 종사자·창작자,I3 보조금(사업비 보조·매칭),K8 컨설팅·인증·시험·홍보 서비스 제공,S2 디지털·SW·정보통신,S2,1,없음
5846,2025,금융위원회,대환보증대위변제,대환보증대위변제,326100.0,D. 자금조달·경영안정 지원(융자·보증·비용보전),T10 보증·보험 이용기업 및 금융기관,I8 보증·보험(신용보강),K4 자금 융자·보증 제공(운전·시설자금),S0 업종 공통(산업 무관),S0,0,없음
5847,2025,농림축산식품부,도매유통활성화(융자),도매시장출하촉진,36500.0,D. 자금조달·경영안정 지원(융자·보증·비용보전),T0 수혜대상 미기재,I4 융자(정책자금 대출),K0 내용 미기재,S9 농림축산식품·해양수산,S9;S10,2,없음
5848,2025,농림축산식품부,도매유통활성화(융자),공판장출하촉진,9900.0,D. 자금조달·경영안정 지원(융자·보증·비용보전),T0 수혜대상 미기재,I4 융자(정책자금 대출),K0 내용 미기재,S9 농림축산식품·해양수산,S9;S10,2,없음
5849,2025,농림축산식품부,도매유통활성화(융자),화훼유통개선지원,9000.0,D. 자금조달·경영안정 지원(융자·보증·비용보전),T0 수혜대상 미기재,I4 융자(정책자금 대출),K0 내용 미기재,S9 농림축산식품·해양수산,S9;S10,2,없음
5850,2025,농림축산식품부,도매유통활성화(융자),농산물온라인거래출하촉진,38000.0,D. 자금조달·경영안정 지원(융자·보증·비용보전),T0 수혜대상 미기재,I4 융자(정책자금 대출),K0 내용 미기재,S9 농림축산식품·해양수산,S9;S10,2,없음
5851,2025,농림축산식품부,농식품글로벌육성지원자금(융자),운영,453646.0,C. 수출·해외진출 촉진,T0 수혜대상 미기재,I4 융자(정책자금 대출),K0 내용 미기재,S9 농림축산식품·해양수산,S9,1,없음
5852,2025,농림축산식품부,농식품글로벌육성지원자금(융자),시설,4600.0,E. 생산기반 현대화·친환경 전환(시설·설비),T0 수혜대상 미기재,I4 융자(정책자금 대출),K0 내용 미기재,S9 농림축산식품·해양수산,S9,1,없음
5853,2025,농림축산식품부,식품외식종합자금(융자),식품가공원료매입,105568.0,D. 자금조달·경영안정 지원(융자·보증·비용보전),T9 농어업인·농식품·수산업체,I4 융자(정책자금 대출),K4 자금 융자·보증 제공(운전·시설자금),S9 농림축산식품·해양수산,S9,1,없음
5854,2025,농림축산식품부,식품외식종합자금(융자),농식품시설현대화,4000.0,E. 생산기반 현대화·친환경 전환(시설·설비),T9 농어업인·농식품·수산업체,I4 융자(정책자금 대출),K4 자금 융자·보증 제공(운전·시설자금),S9 농림축산식품·해양수산,S9,1,없음
5855,2025,농림축산식품부,식품외식종합자금(융자),외식업체육성,30000.0,E. 생산기반 현대화·친환경 전환(시설·설비),T9 농어업인·농식품·수산업체,I4 융자(정책자금 대출),K6 해외진출·수출 지원(전시·상담·현지화),S9 농림축산식품·해양수산,S8;S9,2,없음
5856,2025,농림축산식품부,식품외식종합자금(융자),농공상융합형중소기업육성,23800.0,D. 자금조달·경영안정 지원(융자·보증·비용보전),T0 수혜대상 미기재,I4 융자(정책자금 대출),K0 내용 미기재,S9 농림축산식품·해양수산,S9,1,없음
5857,2025,농림축산식품부,농산업수출활성화,농기자재수출기업육성,1470.0,C. 수출·해외진출 촉진,T0 수혜대상 미기재,I3 보조금(사업비 보조·매칭),K7 사업비용 보조(전시·인증·컨설팅·기술도입 비용),S9 농림축산식품·해양수산,S9,1,없음
5858,2025,농림축산식품부,농산업수출활성화,농산업판로개척및정보지원,3066.0,B. 창업·벤처 육성,T0 수혜대상 미기재,I0 지원형태 미기재,K0 내용 미기재,S9 농림축산식품·해양수산,S9,1,없음
5859,2025,농림축산식품부,스마트팜ICT기자재국가표준확산지원,국가표준적용설계및컨설팅지원,245.0,H. 경영역량 강화·사업화 지원(컨설팅·마케팅·디자인),T0 수혜대상 미기재,I3 보조금(사업비 보조·매칭),K0 내용 미기재,S9 농림축산식품·해양수산,S2;S9,2,없음
5860,2025,농림축산식품부,스마트팜ICT기자재국가표준확산지원,제품개선및시제품제작,1890.0,H. 경영역량 강화·사업화 지원(컨설팅·마케팅·디자인),T0 수혜대상 미기재,I3 보조금(사업비 보조·매칭),K0 내용 미기재,S9 농림축산식품·해양수산,S2;S9,2,없음
5861,2025,농림축산식품부,스마트팜ICT기자재국가표준확산지원,검정바우처지원,189.0,A. 기술혁신 촉진(개발·실증·사업화),T0 수혜대상 미기재,I9 바우처,K0 내용 미기재,S9 농림축산식품·해양수산,S2;S9,2,없음
5862,2025,농림축산식품부,스마트팜ICT기자재국가표준확산지원,스마트팜표준화지원센터운영,250.0,A. 기술혁신 촉진(개발·실증·사업화),T0 수혜대상 미기재,I9 바우처,K0 내용 미기재,S9 농림축산식품·해양수산,S2;S9,2,없음
5863,2025,농림축산식품부,스마트팜ICT기자재국가표준확산지원,홍보및성과관리,100.0,A. 기술혁신 촉진(개발·실증·사업화),T0 수혜대상 미기재,I3 보조금(사업비 보조·매칭),K0 내용 미기재,S9 농림축산식품·해양수산,S2;S9,2,없음
5864,2025,농림축산식품부,스마트팜ICT기자재국가표준확산지원,스마트팜기업재직자전문교육운영,603.0,H. 경영역량 강화·사업화 지원(컨설팅·마케팅·디자인),T0 수혜대상 미기재,I3 보조금(사업비 보조·매칭),K0 내용 미기재,S9 농림축산식품·해양수산,S2;S9,2,없음
5865,2025,농림축산식품부,농식품벤처창업활성화지원,농식품벤처육성지원,14000.0,B. 창업·벤처 육성,T9 농어업인·농식품·수산업체,I3 보조금(사업비 보조·매칭),K8 컨설팅·인증·시험·홍보 서비스 제공,S9 농림축산식품·해양수산,S9,1,없음
5866,2025,농림축산식품부,농식품벤처창업활성화지원,농식품액셀러레이터육성지원,2900.0,B. 창업·벤처 육성,T9 농어업인·농식품·수산업체,I3 보조금(사업비 보조·매칭),K5 창업 사업화자금·투자연계·보육,S9 농림축산식품·해양수산,S9,1,없음
5867,2025,농림축산식품부,농식품벤처창업활성화지원,농산업체판로지원,805.0,B. 창업·벤처 육성,T9 농어업인·농식품·수산업체,I3 보조금(사업비 보조·매칭),K8 컨설팅·인증·시험·홍보 서비스 제공,S9 농림축산식품·해양수산,S9,1,없음
5868,2025,농림축산식품부,농식품벤처창업활성화지원,농식품크라우드펀딩활성화,600.0,B. 창업·벤처 육성,T9 농어업인·농식품·수산업체,I3 보조금(사업비 보조·매칭),K8 컨설팅·인증·시험·홍보 서비스 제공,S9 농림축산식품·해양수산,S9,1,없음
5869,2025,농림축산식품부,농식품벤처창업활성화지원,민간투자기반스케일업지원,7500.0,B. 창업·벤처 육성,T0 수혜대상 미기재,I3 보조금(사업비 보조·매칭),K5 창업 사업화자금·투자연계·보육,S9 농림축산식품·해양수산,S9,1,없음
5870,2025,농림축산식품부,고품질쌀유통활성화,가공시설현대화,6360.0,E. 생산기반 현대화·친환경 전환(시설·설비),T0 수혜대상 미기재,I3 보조금(사업비 보조·매칭),K0 내용 미기재,S10 유통·물류·생활서비스,S9;S10,2,없음
5871,2025,농림축산식품부,고품질쌀유통활성화,벼건조저장시설지원,15320.0,E. 생산기반 현대화·친환경 전환(시설·설비),T9 농어업인·농식품·수산업체,I3 보조금(사업비 보조·매칭),K4 자금 융자·보증 제공(운전·시설자금),S9 농림축산식품·해양수산,S9;S10,2,없음
5872,2025,농림축산식품부,종자산업활성화지원,종자산업,7899.0,C. 수출·해외진출 촉진,T9 농어업인·농식품·수산업체,I3 보조금(사업비 보조·매칭),K6 해외진출·수출 지원(전시·상담·현지화),S9 농림축산식품·해양수산,S9,1,없음
5873,2025,농림축산식품부,종자산업활성화지원,민간육종가지원,879.0,C. 수출·해외진출 촉진,T0 수혜대상 미기재,I3 보조금(사업비 보조·매칭),K0 내용 미기재,S9 농림축산식품·해양수산,S9,1,없음
5874,2025,농림축산식품부,농식품글로벌비대면마케팅지원,온라인플랫폼운영,1287.0,C. 수출·해외진출 촉진,T9 농어업인·농식품·수산업체,I3 보조금(사업비 보조·매칭),K0 내용 미기재,S9 농림축산식품·해양수산,S9,1,없음
5875,2025,농림축산식품부,농식품글로벌비대면마케팅지원,온라인·모바일마케팅,2733.0,C. 수출·해외진출 촉진,T9 농어업인·농식품·수산업체,I3 보조금(사업비 보조·매칭),K7 사업비용 보조(전시·인증·컨설팅·기술도입 비용),S9 농림축산식품·해양수산,S9,1,없음
5876,2025,농림축산식품부,농식품시장개척,수출전략형제품인큐베이팅,919.0,C. 수출·해외진출 촉진,T9 농어업인·농식품·수산업체,I3 보조금(사업비 보조·매칭),K0 내용 미기재,S9 농림축산식품·해양수산,S9,1,없음
5877,2025,농림축산식품부,농식품시장개척,해외식품인증지원센터,1309.0,C. 수출·해외진출 촉진,T9 농어업인·농식품·수산업체,I3 보조금(사업비 보조·매칭),K6 해외진출·수출 지원(전시·상담·현지화),S9 농림축산식품·해양수산,S9,1,없음
5878,2025,농림축산식품부,농식품해외시장진출,우수농식품판로개척,36996.0,C. 수출·해외진출 촉진,T9 농어업인·농식품·수산업체,I9 바우처,K11 환경·안전 설비 구축 및 관리,S9 농림축산식품·해양수산,S9,1,없음
5879,2025,농림축산식품부,농식품해외시장진출,해외新유통채널연계현지시장진출,445.0,C. 수출·해외진출 촉진,T9 농어업인·농식품·수산업체,I3 보조금(사업비 보조·매칭),K0 내용 미기재,S9 농림축산식품·해양수산,S9;S10,2,없음
5880,2025,농림축산식품부,농식품글로벌경쟁력강화,농식품우수기업육성,56223.0,C. 수출·해외진출 촉진,T9 농어업인·농식품·수산업체,I3 보조금(사업비 보조·매칭),K6 해외진출·수출 지원(전시·상담·현지화),S9 농림축산식품·해양수산,S9,1,없음
5881,2025,농림축산식품부,국가식품산업클러스터,비즈니스지원활성화,1790.0,B. 창업·벤처 육성,T0 수혜대상 미기재,I3 보조금(사업비 보조·매칭),K0 내용 미기재,S9 농림축산식품·해양수산,S9,1,없음
5882,2025,농림축산식품부,국가식품산업클러스터,기업기술지원,1952.0,C. 수출·해외진출 촉진,T0 수혜대상 미기재,I3 보조금(사업비 보조·매칭),K7 사업비용 보조(전시·인증·컨설팅·기술도입 비용),S9 농림축산식품·해양수산,S9,1,없음
5883,2025,농림축산식품부,국가식품산업클러스터,산학연네트워크구축,288.0,A. 기술혁신 촉진(개발·실증·사업화),T0 수혜대상 미기재,I3 보조금(사업비 보조·매칭),K0 내용 미기재,S9 농림축산식품·해양수산,S9,1,없음
5884,2025,농림축산식품부,기능성식품산업육성,식품기능성평가지원,3119.0,H. 경영역량 강화·사업화 지원(컨설팅·마케팅·디자인),T9 농어업인·농식품·수산업체,I3 보조금(사업비 보조·매칭),K8 컨설팅·인증·시험·홍보 서비스 제공,S9 농림축산식품·해양수산,S9,1,없음
5885,2025,농림축산식품부,전통발효식품육성,전통식품산업육성,1850.0,H. 경영역량 강화·사업화 지원(컨설팅·마케팅·디자인),T0 수혜대상 미기재,I3 보조금(사업비 보조·매칭),K7 사업비용 보조(전시·인증·컨설팅·기술도입 비용),S9 농림축산식품·해양수산,S9,1,없음
5886,2025,농림축산식품부,전통발효식품육성,발효식품산업경쟁력강화,2334.0,A. 기술혁신 촉진(개발·실증·사업화),T0 수혜대상 미기재,I3 보조금(사업비 보조·매칭),K0 내용 미기재,S9 농림축산식품·해양수산,S9,1,없음
5887,2025,농림축산식품부,전통발효식품육성,김치산업육성,8325.0,C. 수출·해외진출 촉진,T0 수혜대상 미기재,I3 보조금(사업비 보조·매칭),K0 내용 미기재,S9 농림축산식품·해양수산,S9,1,없음
5888,2025,농림축산식품부,전통발효식품육성,한국술산업육성,3101.0,E. 생산기반 현대화·친환경 전환(시설·설비),T0 수혜대상 미기재,I3 보조금(사업비 보조·매칭),K0 내용 미기재,S9 농림축산식품·해양수산,S9,1,없음
5889,2025,농림축산식품부,2025축산현안대응산업화기술개발(R&D),가축생산효율성증진,432.0,A. 기술혁신 촉진(개발·실증·사업화),T9 농어업인·농식품·수산업체,I1 R&D 과제 출연(연구개발비),K0 내용 미기재,S9 농림축산식품·해양수산,S9,1,없음
5890,2025,농림축산식품부,2025축산현안대응산업화기술개발(R&D),축산시설·환경개선,3330.0,E. 생산기반 현대화·친환경 전환(시설·설비),T9 농어업인·농식품·수산업체,I1 R&D 과제 출연(연구개발비),K0 내용 미기재,S9 농림축산식품·해양수산,S9,1,없음
5891,2025,농림축산식품부,기술사업화지원(R&D),기술사업화지원,25573.0,A. 기술혁신 촉진(개발·실증·사업화),T9 농어업인·농식품·수산업체,I1 R&D 과제 출연(연구개발비),K5 창업 사업화자금·투자연계·보육,S9 농림축산식품·해양수산,S9,1,없음
5892,2025,농림축산식품부,고부가가치식품기술개발(R&D),스마트유통관리,936.0,A. 기술혁신 촉진(개발·실증·사업화),T9 농어업인·농식품·수산업체,I1 R&D 과제 출연(연구개발비),K0 내용 미기재,S9 농림축산식품·해양수산,S9;S10,2,없음
5893,2025,농림축산식품부,고부가가치식품기술개발(R&D),물류유통자동화,4119.0,A. 기술혁신 촉진(개발·실증·사업화),T9 농어업인·농식품·수산업체,I2 출연(기관 운영·인프라·위탁 서비스),K0 내용 미기재,S9 농림축산식품·해양수산,S9;S10,2,없음
5894,2025,농림축산식품부,고부가가치식품기술개발(R&D),미래대응식품,16904.0,A. 기술혁신 촉진(개발·실증·사업화),T9 농어업인·농식품·수산업체,I1 R&D 과제 출연(연구개발비),K1 기술개발 과제 수행(연구개발비),S9 농림축산식품·해양수산,S9,1,없음
5895,2025,농림축산식품부,고부가가치식품기술개발(R&D),식품품질안전,4357.0,A. 기술혁신 촉진(개발·실증·사업화),T9 농어업인·농식품·수산업체,I2 출연(기관 운영·인프라·위탁 서비스),K0 내용 미기재,S9 농림축산식품·해양수산,S9,1,없음
5896,2025,농림축산식품부,고부가가치식품기술개발(R&D),차세대식품가공,7393.0,E. 생산기반 현대화·친환경 전환(시설·설비),T9 농어업인·농식품·수산업체,I1 R&D 과제 출연(연구개발비),K5 창업 사업화자금·투자연계·보육,S9 농림축산식품·해양수산,S7;S9,2,없음
5897,2025,농림축산식품부,고부가가치식품기술개발(R&D),5G기반식품안전생산기술개발,4904.0,A. 기술혁신 촉진(개발·실증·사업화),T9 농어업인·농식품·수산업체,I1 R&D 과제 출연(연구개발비),K0 내용 미기재,S9 농림축산식품·해양수산,S2;S9,2,없음
5898,2025,농림축산식품부,고부가가치식품기술개발(R&D),글로벌푸드테크공동연구,2267.0,A. 기술혁신 촉진(개발·실증·사업화),T9 농어업인·농식품·수산업체,I2 출연(기관 운영·인프라·위탁 서비스),K0 내용 미기재,S9 농림축산식품·해양수산,S9,1,없음
5899,2025,농림축산식품부,농식품산업해외진출지원,농식품산업해외진출지원,2835.0,C. 수출·해외진출 촉진,T9 농어업인·농식품·수산업체,I3 보조금(사업비 보조·매칭),K7 사업비용 보조(전시·인증·컨설팅·기술도입 비용),S9 농림축산식품·해양수산,S9,1,없음
5900,2025,농림축산식품부,농식품산업해외진출지원(융자),농식품산업해외진출지원(융자),6000.0,D. 자금조달·경영안정 지원(융자·보증·비용보전),T9 농어업인·농식품·수산업체,I4 융자(정책자금 대출),K4 자금 융자·보증 제공(운전·시설자금),S9 농림축산식품·해양수산,S9,1,없음
5901,2025,농림축산식품부,종자산업기반구축,디지털육종전환지원,2000.0,A. 기술혁신 촉진(개발·실증·사업화),"T2 중소·벤처기업(특정 요건·단계: 글로벌 진출 희망, 인증, 재직자 등)",I3 보조금(사업비 보조·매칭),K1 기술개발 과제 수행(연구개발비),S9 농림축산식품·해양수산,S9,1,없음
5902,2025,농림축산식품부,사료산업종합지원,사료원료구매자금,100000.0,D. 자금조달·경영안정 지원(융자·보증·비용보전),T0 수혜대상 미기재,I0 지원형태 미기재,K0 내용 미기재,S9 농림축산식품·해양수산,S9,1,없음
5903,2025,농림축산식품부,사료산업종합지원,제조시설개보수자금,500.0,E. 생산기반 현대화·친환경 전환(시설·설비),T0 수혜대상 미기재,I0 지원형태 미기재,K0 내용 미기재,S9 농림축산식품·해양수산,S9,1,없음
5904,2025,농림축산식품부,국제협력기반수출농업경쟁력강화기술개발(R&D),전략품목수출활성화,6330.0,C. 수출·해외진출 촉진,T9 농어업인·농식품·수산업체,I2 출연(기관 운영·인프라·위탁 서비스),K6 해외진출·수출 지원(전시·상담·현지화),S9 농림축산식품·해양수산,S9,1,없음
5905,2025,농림축산식품부,국제협력기반수출농업경쟁력강화기술개발(R&D),농식품자원세계화,608.0,A. 기술혁신 촉진(개발·실증·사업화),T9 농어업인·농식품·수산업체,I2 출연(기관 운영·인프라·위탁 서비스),K0 내용 미기재,S9 농림축산식품·해양수산,S9,1,없음
5906,2025,농림축산식품부,밭농업기계화촉진기술개발(R&D),현장맞춤형농기계성능고도화,2400.0,A. 기술혁신 촉진(개발·실증·사업화),T9 농어업인·농식품·수산업체,I2 출연(기관 운영·인프라·위탁 서비스),K0 내용 미기재,S9 농림축산식품·해양수산,S7;S9,2,없음
5907,2025,농림축산식품부,반려동물연관산업해외수출산업화,시장조사및전파,1100.0,C. 수출·해외진출 촉진,"T8 수요·제도 연계 사업체 및 공공기관(수요기업, 설비 설치자, 지자체 등)",I3 보조금(사업비 보조·매칭),K0 내용 미기재,S2 디지털·SW·정보통신,S2,1,없음
5908,2025,농림축산식품부,반려동물연관산업해외수출산업화,수출시장개척,440.0,C. 수출·해외진출 촉진,"T8 수요·제도 연계 사업체 및 공공기관(수요기업, 설비 설치자, 지자체 등)",I3 보조금(사업비 보조·매칭),K7 사업비용 보조(전시·인증·컨설팅·기술도입 비용),S0 업종 공통(산업 무관),S0,0,없음
5909,2025,농림축산식품부,고위험동물감염병대응기술개발(R&D),차세대핵심기술확보,6125.0,A. 기술혁신 촉진(개발·실증·사업화),T9 농어업인·농식품·수산업체,I2 출연(기관 운영·인프라·위탁 서비스),K0 내용 미기재,S0 업종 공통(산업 무관),S0,0,없음
5910,2025,농림축산식품부,고위험동물감염병대응기술개발(R&D),가축질병협력체계고도화,1440.0,A. 기술혁신 촉진(개발·실증·사업화),T9 농어업인·농식품·수산업체,I2 출연(기관 운영·인프라·위탁 서비스),K0 내용 미기재,S0 업종 공통(산업 무관),S0,0,없음
5911,2025,농림축산식품부,고위험동물감염병대응기술개발(R&D),범부처감염병방역체계고도화,533.0,A. 기술혁신 촉진(개발·실증·사업화),T9 농어업인·농식품·수산업체,I2 출연(기관 운영·인프라·위탁 서비스),K0 내용 미기재,S0 업종 공통(산업 무관),S0,0,없음
5912,2025,농림축산식품부,곤충미생물산업육성지원,식물백신품질고도화지원,350.0,E. 생산기반 현대화·친환경 전환(시설·설비),T0 수혜대상 미기재,I0 지원형태 미기재,K7 사업비용 보조(전시·인증·컨설팅·기술도입 비용),S4 바이오·헬스,S4;S5,2,없음
5913,2025,기후에너지환경부,온실가스관리인프라구축,배출권거래제할당대상업체지원사업,1909.0,E. 생산기반 현대화·친환경 전환(시설·설비),T9 농어업인·농식품·수산업체,I3 보조금(사업비 보조·매칭),K11 환경·안전 설비 구축 및 관리,S5 에너지·환경,S5,1,없음
5914,2025,기후에너지환경부,온실가스관리인프라구축,농식품기업온실가스목표관리제,1233.0,E. 생산기반 현대화·친환경 전환(시설·설비),T9 농어업인·농식품·수산업체,I3 보조금(사업비 보조·매칭),K11 환경·안전 설비 구축 및 관리,S5 에너지·환경,S5;S9,2,없음
5915,2025,문화체육관광부,관광사업창업지원및벤처육성,관광사업발굴및지원,11414.0,B. 창업·벤처 육성,T3 예비창업자·창업기업,I3 보조금(사업비 보조·매칭),K3 지역·사회적경제·창업 활성화 프로그램,S8 콘텐츠·문화·관광·스포츠,S8,1,없음
5916,2025,문화체육관광부,관광사업창업지원및벤처육성,관광사업도약및성장지원,16980.0,B. 창업·벤처 육성,T3 예비창업자·창업기업,I3 보조금(사업비 보조·매칭),K5 창업 사업화자금·투자연계·보육,S8 콘텐츠·문화·관광·스포츠,S8,1,없음
5917,2025,문화체육관광부,관광사업창업지원및벤처육성,관광사업지원기반구축,2300.0,B. 창업·벤처 육성,T3 예비창업자·창업기업,I3 보조금(사업비 보조·매칭),K3 지역·사회적경제·창업 활성화 프로그램,S8 콘텐츠·문화·관광·스포츠,S8,1,없음
5918,2025,문화체육관광부,관광산업융자지원(융자),관광사업체융자지원,586500.0,D. 자금조달·경영안정 지원(융자·보증·비용보전),"T2 중소·벤처기업(특정 요건·단계: 글로벌 진출 희망, 인증, 재직자 등)",I4 융자(정책자금 대출),K4 자금 융자·보증 제공(운전·시설자금),S8 콘텐츠·문화·관광·스포츠,S8,1,없음
5919,2025,문화체육관광부,관광산업융자지원(융자),이차보전운영지원,5000.0,D. 자금조달·경영안정 지원(융자·보증·비용보전),"T2 중소·벤처기업(특정 요건·단계: 글로벌 진출 희망, 인증, 재직자 등)",I4 융자(정책자금 대출),K4 자금 융자·보증 제공(운전·시설자금),S8 콘텐츠·문화·관광·스포츠,S8,1,없음
5920,2025,문화체육관광부,관광서비스혁신성장연구개발(R&D),관광기업혁신형기술개발,360.0,A. 기술혁신 촉진(개발·실증·사업화),T5 산학연 연구수행기관(기업·대학·연구소 컨소시엄),I1 R&D 과제 출연(연구개발비),K2 산업 생태계·협력 기반 조성(플랫폼·네트워크),S8 콘텐츠·문화·관광·스포츠,S8,1,없음
5921,2025,문화체육관광부,관광서비스혁신성장연구개발(R&D),관광서비스확산형기술개발,800.0,A. 기술혁신 촉진(개발·실증·사업화),T5 산학연 연구수행기관(기업·대학·연구소 컨소시엄),I1 R&D 과제 출연(연구개발비),K1 기술개발 과제 수행(연구개발비),S8 콘텐츠·문화·관광·스포츠,S8,1,없음
5922,2025,문화체육관광부,지역콘텐츠산업균형발전지원,콘텐츠창작·창업지역확산,12150.0,B. 창업·벤처 육성,T7 일반 국민·산업 종사자·창작자,I3 보조금(사업비 보조·매칭),K3 지역·사회적경제·창업 활성화 프로그램,S8 콘텐츠·문화·관광·스포츠,S8,1,없음
5923,2025,문화체육관광부,지역콘텐츠산업균형발전지원,지역특화콘텐츠개발지원,20130.0,G. 고용 창출·유지 및 노동환경 개선,T7 일반 국민·산업 종사자·창작자,I3 보조금(사업비 보조·매칭),K3 지역·사회적경제·창업 활성화 프로그램,S8 콘텐츠·문화·관광·스포츠,S8,1,없음
5924,2025,문화체육관광부,지역콘텐츠산업균형발전지원,지역기반게임산업육성,15776.0,G. 고용 창출·유지 및 노동환경 개선,T7 일반 국민·산업 종사자·창작자,I3 보조금(사업비 보조·매칭),K3 지역·사회적경제·창업 활성화 프로그램,S8 콘텐츠·문화·관광·스포츠,S8;S9,2,없음
5925,2025,문화체육관광부,스포츠산업금융지원(융자),스포츠산업융자,248057.0,D. 자금조달·경영안정 지원(융자·보증·비용보전),"T8 수요·제도 연계 사업체 및 공공기관(수요기업, 설비 설치자, 지자체 등)",I4 융자(정책자금 대출),K4 자금 융자·보증 제공(운전·시설자금),S8 콘텐츠·문화·관광·스포츠,S8,1,없음
5926,2025,문화체육관광부,스포츠산업활성화지원,기업경영지원,24770.0,B. 창업·벤처 육성,T7 일반 국민·산업 종사자·창작자,I3 보조금(사업비 보조·매칭),K5 창업 사업화자금·투자연계·보육,S8 콘텐츠·문화·관광·스포츠,S8,1,없음
5927,2025,문화체육관광부,스포츠산업활성화지원,일자리·창업지원,15542.0,B. 창업·벤처 육성,T7 일반 국민·산업 종사자·창작자,I9 바우처,K5 창업 사업화자금·투자연계·보육,S8 콘텐츠·문화·관광·스포츠,S8,1,없음
5928,2025,문화체육관광부,문화중심도시육성(지자체),국제문화창의산업전,880.0,H. 경영역량 강화·사업화 지원(컨설팅·마케팅·디자인),T7 일반 국민·산업 종사자·창작자,I3 보조금(사업비 보조·매칭),K3 지역·사회적경제·창업 활성화 프로그램,S8 콘텐츠·문화·관광·스포츠,S8,1,없음
5929,2025,문화체육관광부,문화중심도시육성(지자체),문화콘텐츠제작및마케팅지원,2600.0,H. 경영역량 강화·사업화 지원(컨설팅·마케팅·디자인),T7 일반 국민·산업 종사자·창작자,I3 보조금(사업비 보조·매칭),K1 기술개발 과제 수행(연구개발비),S8 콘텐츠·문화·관광·스포츠,S8,1,없음
5930,2025,문화체육관광부,영화유통지원,영화유통지원,7673.0,C. 수출·해외진출 촉진,T7 일반 국민·산업 종사자·창작자,I3 보조금(사업비 보조·매칭),K3 지역·사회적경제·창업 활성화 프로그램,S8 콘텐츠·문화·관광·스포츠,S8;S10,2,없음
5931,2025,문화체육관광부,영화창제작지원,영화제작지원,17000.0,F. 전문인력 양성·채용 지원,T7 일반 국민·산업 종사자·창작자,I3 보조금(사업비 보조·매칭),K5 창업 사업화자금·투자연계·보육,S8 콘텐츠·문화·관광·스포츠,S8,1,없음
5932,2025,문화체육관광부,저작권보호및이용활성화기술개발(R&D),저작권서비스혁신연구개발,1000.0,A. 기술혁신 촉진(개발·실증·사업화),T5 산학연 연구수행기관(기업·대학·연구소 컨소시엄),I6 혼합(출연+보조+직접 등 복수 형태),K1 기술개발 과제 수행(연구개발비),S0 업종 공통(산업 무관),S0,0,없음
5933,2025,문화체육관광부,방송영상콘텐츠산업육성,방송영상콘텐츠제작지원,66349.0,F. 전문인력 양성·채용 지원,T7 일반 국민·산업 종사자·창작자,I3 보조금(사업비 보조·매칭),K5 창업 사업화자금·투자연계·보육,S8 콘텐츠·문화·관광·스포츠,S8,1,없음
5934,2025,문화체육관광부,방송영상콘텐츠산업육성,방송영상콘텐츠유통지원,10686.0,F. 전문인력 양성·채용 지원,T7 일반 국민·산업 종사자·창작자,I3 보조금(사업비 보조·매칭),K6 해외진출·수출 지원(전시·상담·현지화),S8 콘텐츠·문화·관광·스포츠,S8;S10,2,없음
5935,2025,문화체육관광부,전통문화창업및융합활성화,전통문화창업활성화,4273.0,B. 창업·벤처 육성,T7 일반 국민·산업 종사자·창작자,I3 보조금(사업비 보조·매칭),K3 지역·사회적경제·창업 활성화 프로그램,S8 콘텐츠·문화·관광·스포츠,S8,1,없음
5936,2025,문화체육관광부,전통문화창업및융합활성화,전통문화융합활성화,2210.0,B. 창업·벤처 육성,T7 일반 국민·산업 종사자·창작자,I3 보조금(사업비 보조·매칭),K3 지역·사회적경제·창업 활성화 프로그램,S8 콘텐츠·문화·관광·스포츠,S8,1,없음
5937,2025,문화체육관광부,문화기술연구개발(R&D),K-콘텐츠제작기술개발,24908.0,A. 기술혁신 촉진(개발·실증·사업화),T5 산학연 연구수행기관(기업·대학·연구소 컨소시엄),I1 R&D 과제 출연(연구개발비),K1 기술개발 과제 수행(연구개발비),S8 콘텐츠·문화·관광·스포츠,S8,1,없음
5938,2025,문화체육관광부,게임산업육성,글로벌게임허브센터운영,3794.0,B. 창업·벤처 육성,T7 일반 국민·산업 종사자·창작자,I3 보조금(사업비 보조·매칭),K6 해외진출·수출 지원(전시·상담·현지화),S8 콘텐츠·문화·관광·스포츠,S8;S9,2,없음
5939,2025,문화체육관광부,게임산업육성,게임기업육성,46218.0,C. 수출·해외진출 촉진,T7 일반 국민·산업 종사자·창작자,I3 보조금(사업비 보조·매칭),K6 해외진출·수출 지원(전시·상담·현지화),S8 콘텐츠·문화·관광·스포츠,S8;S9,2,없음
5940,2025,문화체육관광부,영상콘텐츠산업육성,애니메이션산업육성,29869.0,F. 전문인력 양성·채용 지원,T7 일반 국민·산업 종사자·창작자,I3 보조금(사업비 보조·매칭),K5 창업 사업화자금·투자연계·보육,S8 콘텐츠·문화·관광·스포츠,S8,1,없음
5941,2025,문화체육관광부,영상콘텐츠산업육성,캐릭터산업육성,8323.0,B. 창업·벤처 육성,T7 일반 국민·산업 종사자·창작자,I3 보조금(사업비 보조·매칭),K3 지역·사회적경제·창업 활성화 프로그램,S8 콘텐츠·문화·관광·스포츠,S8,1,없음
5942,2025,문화체육관광부,음악산업및대중문화산업육성,음악산업육성,30237.0,H. 경영역량 강화·사업화 지원(컨설팅·마케팅·디자인),T7 일반 국민·산업 종사자·창작자,I3 보조금(사업비 보조·매칭),K7 사업비용 보조(전시·인증·컨설팅·기술도입 비용),S8 콘텐츠·문화·관광·스포츠,S8,1,없음
5943,2025,문화체육관광부,문화콘텐츠투자활성화,문화산업보증계정출연,25000.0,D. 자금조달·경영안정 지원(융자·보증·비용보전),T7 일반 국민·산업 종사자·창작자,I8 보증·보험(신용보강),K4 자금 융자·보증 제공(운전·시설자금),S8 콘텐츠·문화·관광·스포츠,S8,1,없음
5944,2025,문화체육관광부,콘텐츠산업생태계조성,콘텐츠기업육성지원,9580.0,F. 전문인력 양성·채용 지원,T7 일반 국민·산업 종사자·창작자,I3 보조금(사업비 보조·매칭),K5 창업 사업화자금·투자연계·보육,S8 콘텐츠·문화·관광·스포츠,S8,1,없음
5945,2025,문화체육관광부,콘텐츠산업생태계조성,인프라운영,12821.0,F. 전문인력 양성·채용 지원,T7 일반 국민·산업 종사자·창작자,I3 보조금(사업비 보조·매칭),K3 지역·사회적경제·창업 활성화 프로그램,S8 콘텐츠·문화·관광·스포츠,S8,1,없음
5946,2025,문화체육관광부,지역신문발전지원,지역신문역량지원,4249.0,D. 자금조달·경영안정 지원(융자·보증·비용보전),"T2 중소·벤처기업(특정 요건·단계: 글로벌 진출 희망, 인증, 재직자 등)",I4 융자(정책자금 대출),K3 지역·사회적경제·창업 활성화 프로그램,S0 업종 공통(산업 무관),S0,0,없음
5947,2025,문화체육관광부,종목별경기력향상지원(R&D),종목별경기력향상기술개발,400.0,A. 기술혁신 촉진(개발·실증·사업화),T5 산학연 연구수행기관(기업·대학·연구소 컨소시엄),I1 R&D 과제 출연(연구개발비),K1 기술개발 과제 수행(연구개발비),S0 업종 공통(산업 무관),S0,0,없음
5948,2025,문화체육관광부,종목별경기력향상지원(R&D),장애인스포츠경기력고도화기술개발,400.0,A. 기술혁신 촉진(개발·실증·사업화),T5 산학연 연구수행기관(기업·대학·연구소 컨소시엄),I1 R&D 과제 출연(연구개발비),K1 기술개발 과제 수행(연구개발비),S8 콘텐츠·문화·관광·스포츠,S8,1,없음
5949,2025,문화체육관광부,글로벌가상공연핵심기술개발(R&D),메타버스캐릭터IP확보기술개발,440.0,A. 기술혁신 촉진(개발·실증·사업화),T5 산학연 연구수행기관(기업·대학·연구소 컨소시엄),I1 R&D 과제 출연(연구개발비),K1 기술개발 과제 수행(연구개발비),S8 콘텐츠·문화·관광·스포츠,S2;S8,2,없음
5950,2025,문화체육관광부,글로벌가상공연핵심기술개발(R&D),메타버스콘텐츠IP제작표준기술개발,240.0,A. 기술혁신 촉진(개발·실증·사업화),T5 산학연 연구수행기관(기업·대학·연구소 컨소시엄),I1 R&D 과제 출연(연구개발비),K1 기술개발 과제 수행(연구개발비),S8 콘텐츠·문화·관광·스포츠,S2;S8,2,없음
5951,2025,문화체육관광부,K-Culture글로벌스타트업육성기술개발(R&D),글로벌K-Culture스타트업혁신성장기술개발,1967.0,A. 기술혁신 촉진(개발·실증·사업화),T5 산학연 연구수행기관(기업·대학·연구소 컨소시엄),I1 R&D 과제 출연(연구개발비),K2 산업 생태계·협력 기반 조성(플랫폼·네트워크),S8 콘텐츠·문화·관광·스포츠,S8,1,없음
5952,2025,문화체육관광부,선도형저작권핵심기술개발(R&D),신기술융합저작권기술개발,4724.0,A. 기술혁신 촉진(개발·실증·사업화),T5 산학연 연구수행기관(기업·대학·연구소 컨소시엄),I1 R&D 과제 출연(연구개발비),K1 기술개발 과제 수행(연구개발비),S0 업종 공통(산업 무관),S0,0,언급
5953,2025,문화체육관광부,선도형저작권핵심기술개발(R&D),저작권기술검증및상용화지원,1200.0,A. 기술혁신 촉진(개발·실증·사업화),T5 산학연 연구수행기관(기업·대학·연구소 컨소시엄),I1 R&D 과제 출연(연구개발비),K1 기술개발 과제 수행(연구개발비),S0 업종 공통(산업 무관),S0,0,언급
5954,2025,문화체육관광부,문화기술전문인력양성사업(R&D),장르별문화기술(CT)전문인력양성,4644.0,F. 전문인력 양성·채용 지원,T5 산학연 연구수행기관(기업·대학·연구소 컨소시엄),I1 R&D 과제 출연(연구개발비),K1 기술개발 과제 수행(연구개발비),S8 콘텐츠·문화·관광·스포츠,S8,1,없음
5955,2025,문화체육관광부,문화기술전문인력양성사업(R&D),글로벌문화기술(CT)전문인력양성,2400.0,F. 전문인력 양성·채용 지원,T5 산학연 연구수행기관(기업·대학·연구소 컨소시엄),I1 R&D 과제 출연(연구개발비),K1 기술개발 과제 수행(연구개발비),S8 콘텐츠·문화·관광·스포츠,S8,1,없음
5956,2025,방송미디어통신위원회,혁신형중소기업방송광고활성화지원,혁신형중소기업방송광고활성화지원,1883.0,H. 경영역량 강화·사업화 지원(컨설팅·마케팅·디자인),T1 중소·중견기업(일반·업종·지역 특정),I3 보조금(사업비 보조·매칭),K7 사업비용 보조(전시·인증·컨설팅·기술도입 비용),S8 콘텐츠·문화·관광·스포츠,S8,1,없음
5957,2025,방송미디어통신위원회,지역밀착형방송광고활성화기반구축,방송광고제작및송출지원,1737.0,H. 경영역량 강화·사업화 지원(컨설팅·마케팅·디자인),T4 소상공인·소공인,I3 보조금(사업비 보조·매칭),K3 지역·사회적경제·창업 활성화 프로그램,S8 콘텐츠·문화·관광·스포츠,S8,1,없음
5958,2025,방송미디어통신위원회,지역밀착형방송광고활성화기반구축,방송광고마케팅컨설팅지원,266.0,H. 경영역량 강화·사업화 지원(컨설팅·마케팅·디자인),T4 소상공인·소공인,I3 보조금(사업비 보조·매칭),K3 지역·사회적경제·창업 활성화 프로그램,S8 콘텐츠·문화·관광·스포츠,S8,1,없음
5959,2025,산림청,임산물수출촉진,글로벌판로개척,2665.0,C. 수출·해외진출 촉진,T9 농어업인·농식품·수산업체,I3 보조금(사업비 보조·매칭),K6 해외진출·수출 지원(전시·상담·현지화),S9 농림축산식품·해양수산,S9,1,없음
5960,2025,산림청,임산물수출촉진,글로벌경쟁력강화,737.0,C. 수출·해외진출 촉진,T9 농어업인·농식품·수산업체,I3 보조금(사업비 보조·매칭),K6 해외진출·수출 지원(전시·상담·현지화),S9 농림축산식품·해양수산,S9,1,없음
5961,2025,산림청,목재자원의고부가가치첨단화기술개발(R&D),목재자원의고부가가치소재개발,2475.0,A. 기술혁신 촉진(개발·실증·사업화),T5 산학연 연구수행기관(기업·대학·연구소 컨소시엄),I1 R&D 과제 출연(연구개발비),K1 기술개발 과제 수행(연구개발비),S7 소재·부품·장비·제조혁신,S7,1,없음
5962,2025,산림청,목재자원의고부가가치첨단화기술개발(R&D),목재자원의고부가가치이용기술개발,1878.0,A. 기술혁신 촉진(개발·실증·사업화),T5 산학연 연구수행기관(기업·대학·연구소 컨소시엄),I1 R&D 과제 출연(연구개발비),K1 기술개발 과제 수행(연구개발비),S0 업종 공통(산업 무관),S0,0,없음
5963,2025,산림청,고성능목재수확기계장비개발(R&D),대형목재수확용지능형하베스터개발,2667.0,A. 기술혁신 촉진(개발·실증·사업화),T5 산학연 연구수행기관(기업·대학·연구소 컨소시엄),I2 출연(기관 운영·인프라·위탁 서비스),K11 환경·안전 설비 구축 및 관리,S7 소재·부품·장비·제조혁신,S7,1,없음
5964,2025,산업통상부,신기술제품인증,인증제품판로지원및확산,231.0,E. 생산기반 현대화·친환경 전환(시설·설비),"T8 수요·제도 연계 사업체 및 공공기관(수요기업, 설비 설치자, 지자체 등)",I10 직접 수행(직접사업),K8 컨설팅·인증·시험·홍보 서비스 제공,S0 업종 공통(산업 무관),S0,0,없음
5965,2025,산업통상부,전자부품산업기술개발(R&D),디스플레이혁신공정플랫폼구축,32230.0,A. 기술혁신 촉진(개발·실증·사업화),T5 산학연 연구수행기관(기업·대학·연구소 컨소시엄),I1 R&D 과제 출연(연구개발비),K1 기술개발 과제 수행(연구개발비),S3 반도체·디스플레이,S3;S7,2,없음
5966,2025,산업통상부,전자부품산업기술개발(R&D),초대형마이크로LED모듈러디스플레이,1120.0,A. 기술혁신 촉진(개발·실증·사업화),T5 산학연 연구수행기관(기업·대학·연구소 컨소시엄),I2 출연(기관 운영·인프라·위탁 서비스),K1 기술개발 과제 수행(연구개발비),S3 반도체·디스플레이,S3;S7,2,없음
5967,2025,산업통상부,전자부품산업기술개발(R&D),주력산업IT융합,37365.0,A. 기술혁신 촉진(개발·실증·사업화),T5 산학연 연구수행기관(기업·대학·연구소 컨소시엄),I1 R&D 과제 출연(연구개발비),K1 기술개발 과제 수행(연구개발비),S7 소재·부품·장비·제조혁신,S1;S7,2,활용
5968,2025,산업통상부,전자부품산업기술개발(R&D),신시장창출형디스플레이기술개발및실증,10218.0,A. 기술혁신 촉진(개발·실증·사업화),T5 산학연 연구수행기관(기업·대학·연구소 컨소시엄),I1 R&D 과제 출연(연구개발비),K1 기술개발 과제 수행(연구개발비),S3 반도체·디스플레이,S3;S7,2,없음
5969,2025,산업통상부,전자부품산업기술개발(R&D),메타버스를위한마이크로디스플레이기술개발,5950.0,A. 기술혁신 촉진(개발·실증·사업화),T5 산학연 연구수행기관(기업·대학·연구소 컨소시엄),I1 R&D 과제 출연(연구개발비),K1 기술개발 과제 수행(연구개발비),S2 디지털·SW·정보통신,S2;S3;S7,3,없음
5970,2025,산업통상부,전자부품산업기술개발(R&D),OLED한계돌파형상용화제품을위한기술개발,9207.0,A. 기술혁신 촉진(개발·실증·사업화),T5 산학연 연구수행기관(기업·대학·연구소 컨소시엄),I1 R&D 과제 출연(연구개발비),K1 기술개발 과제 수행(연구개발비),S7 소재·부품·장비·제조혁신,S7,1,없음
5971,2025,산업통상부,전자부품산업기술개발(R&D),해외시장진출을위한수출연계형시스템반도체기술개발,6500.0,C. 수출·해외진출 촉진,T5 산학연 연구수행기관(기업·대학·연구소 컨소시엄),I1 R&D 과제 출연(연구개발비),K6 해외진출·수출 지원(전시·상담·현지화),S3 반도체·디스플레이,S3;S7,2,없음
5972,2025,산업통상부,전자부품산업기술개발(R&D),첨단전략산업초격차기술개발(반도체),9800.0,A. 기술혁신 촉진(개발·실증·사업화),T5 산학연 연구수행기관(기업·대학·연구소 컨소시엄),I1 R&D 과제 출연(연구개발비),K1 기술개발 과제 수행(연구개발비),S3 반도체·디스플레이,S3;S7,2,없음
5973,2025,산업통상부,전자부품산업기술개발(R&D),첨단전략산업초격차기술개발(디스플레이),7500.0,A. 기술혁신 촉진(개발·실증·사업화),T5 산학연 연구수행기관(기업·대학·연구소 컨소시엄),I1 R&D 과제 출연(연구개발비),K1 기술개발 과제 수행(연구개발비),S3 반도체·디스플레이,S3;S7,2,없음
5974,2025,산업통상부,전자부품산업기술개발(R&D),첨단나노소재적용미래전략산업수요연계기술개발,8488.0,A. 기술혁신 촉진(개발·실증·사업화),T5 산학연 연구수행기관(기업·대학·연구소 컨소시엄),I1 R&D 과제 출연(연구개발비),K1 기술개발 과제 수행(연구개발비),S7 소재·부품·장비·제조혁신,S7,1,없음
5975,2025,산업통상부,전자부품산업기술개발(R&D),차세대우주항공용고신뢰성통신네트워크반도체기술개발,6500.0,A. 기술혁신 촉진(개발·실증·사업화),T5 산학연 연구수행기관(기업·대학·연구소 컨소시엄),I1 R&D 과제 출연(연구개발비),K1 기술개발 과제 수행(연구개발비),S6 모빌리티·항공우주·조선,S2;S3;S6;S7,4,없음
5976,2025,산업통상부,나노제품성능안전평가기술개발및기업지원,나노제품성능안전평가기술개발및기업지원,1160.0,C. 수출·해외진출 촉진,T5 산학연 연구수행기관(기업·대학·연구소 컨소시엄),I1 R&D 과제 출연(연구개발비),K6 해외진출·수출 지원(전시·상담·현지화),S7 소재·부품·장비·제조혁신,S7,1,없음
5977,2025,산업통상부,나노융합현장수요기반실증지원,나노융합현장수요기반실증지원,1200.0,A. 기술혁신 촉진(개발·실증·사업화),T1 중소·중견기업(일반·업종·지역 특정),I2 출연(기관 운영·인프라·위탁 서비스),K1 기술개발 과제 수행(연구개발비),S7 소재·부품·장비·제조혁신,S7,1,없음
5978,2025,산업통상부,PIM인공지능반도체핵심기술개발(R&D),PIM인공지능반도체핵심기술개발(R&D),17900.0,A. 기술혁신 촉진(개발·실증·사업화),T5 산학연 연구수행기관(기업·대학·연구소 컨소시엄),I1 R&D 과제 출연(연구개발비),K1 기술개발 과제 수행(연구개발비),S1 인공지능(AI)·데이터,S1;S3;S7,3,핵심
5979,2025,산업통상부,시장선도를위한한국주도형K-sensor기술개발(R&D),시장주도형K-센서기술개발,27080.0,A. 기술혁신 촉진(개발·실증·사업화),T5 산학연 연구수행기관(기업·대학·연구소 컨소시엄),I1 R&D 과제 출연(연구개발비),K1 기술개발 과제 수행(연구개발비),S0 업종 공통(산업 무관),S0,0,없음
5980,2025,산업통상부,"차세대지능형반도체기술개발(설계,제조)(R&D)","시스템반도체상
용화설계",17663.0,A. 기술혁신 촉진(개발·실증·사업화),T5 산학연 연구수행기관(기업·대학·연구소 컨소시엄),I2 출연(기관 운영·인프라·위탁 서비스),K1 기술개발 과제 수행(연구개발비),S3 반도체·디스플레이,S3,1,없음
5981,2025,산업통상부,"차세대지능형반도체기술개발(설계,제조)(R&D)","반도체제조공정
장비",27777.0,A. 기술혁신 촉진(개발·실증·사업화),T5 산학연 연구수행기관(기업·대학·연구소 컨소시엄),I1 R&D 과제 출연(연구개발비),K1 기술개발 과제 수행(연구개발비),S7 소재·부품·장비·제조혁신,S3;S7,2,없음
5982,2025,산업통상부,"차세대지능형반도체기술개발(설계,제조)(R&D)",사업단운영비,870.0,A. 기술혁신 촉진(개발·실증·사업화),T5 산학연 연구수행기관(기업·대학·연구소 컨소시엄),I1 R&D 과제 출연(연구개발비),K2 산업 생태계·협력 기반 조성(플랫폼·네트워크),S3 반도체·디스플레이,S3,1,없음
5983,2025,산업통상부,전략제품창출글로벌K-팹리스육성기술개발,글로벌스타팹리스30기술개발지원,3631.0,A. 기술혁신 촉진(개발·실증·사업화),T5 산학연 연구수행기관(기업·대학·연구소 컨소시엄),I1 R&D 과제 출연(연구개발비),K2 산업 생태계·협력 기반 조성(플랫폼·네트워크),S3 반도체·디스플레이,S3,1,없음
5984,2025,산업통상부,화합물소재기반차세대전력반도체기술개발,화합물소재기반차세대전력반도체기술개발,6654.0,A. 기술혁신 촉진(개발·실증·사업화),T5 산학연 연구수행기관(기업·대학·연구소 컨소시엄),I1 R&D 과제 출연(연구개발비),K1 기술개발 과제 수행(연구개발비),S5 에너지·환경,S3;S5;S7,3,없음
5985,2025,산업통상부,중소조선스마트생산혁신지원,중소조선스마트생산혁신지원,4000.0,H. 경영역량 강화·사업화 지원(컨설팅·마케팅·디자인),T7 일반 국민·산업 종사자·창작자,I2 출연(기관 운영·인프라·위탁 서비스),K9 교육·훈련 과정 운영,S6 모빌리티·항공우주·조선,S6,1,없음
5986,2025,산업통상부,자동차산업기술개발(R&D),그린카,169886.0,A. 기술혁신 촉진(개발·실증·사업화),T5 산학연 연구수행기관(기업·대학·연구소 컨소시엄),I1 R&D 과제 출연(연구개발비),K1 기술개발 과제 수행(연구개발비),S6 모빌리티·항공우주·조선,S2;S5;S6;S7,4,언급
5987,2025,산업통상부,자동차산업기술개발(R&D),초소형전기차산업및서비스육성실증사업,2049.0,A. 기술혁신 촉진(개발·실증·사업화),T5 산학연 연구수행기관(기업·대학·연구소 컨소시엄),I1 R&D 과제 출연(연구개발비),K1 기술개발 과제 수행(연구개발비),S6 모빌리티·항공우주·조선,S2;S5;S6;S7,4,언급
5988,2025,산업통상부,자동차산업기술개발(R&D),수요맞춤형전기다목적자동차개발,3114.0,A. 기술혁신 촉진(개발·실증·사업화),T5 산학연 연구수행기관(기업·대학·연구소 컨소시엄),I1 R&D 과제 출연(연구개발비),K1 기술개발 과제 수행(연구개발비),S6 모빌리티·항공우주·조선,S6;S7,2,언급
5989,2025,산업통상부,조선해양산업기술개발,액체수소운반선상용화기반기술개발,3375.0,A. 기술혁신 촉진(개발·실증·사업화),T5 산학연 연구수행기관(기업·대학·연구소 컨소시엄),I1 R&D 과제 출연(연구개발비),K1 기술개발 과제 수행(연구개발비),S5 에너지·환경,S5;S6;S9,3,없음
5990,2025,산업통상부,조선해양산업기술개발,해양모빌리티스마트페인팅시스템기술개발,6480.0,A. 기술혁신 촉진(개발·실증·사업화),T5 산학연 연구수행기관(기업·대학·연구소 컨소시엄),I1 R&D 과제 출연(연구개발비),K1 기술개발 과제 수행(연구개발비),S6 모빌리티·항공우주·조선,S6;S9,2,없음
5991,2025,산업통상부,조선해양산업기술개발,조선산업생산협업디지털전환기술개발,3290.0,A. 기술혁신 촉진(개발·실증·사업화),T5 산학연 연구수행기관(기업·대학·연구소 컨소시엄),I1 R&D 과제 출연(연구개발비),K1 기술개발 과제 수행(연구개발비),S6 모빌리티·항공우주·조선,S6;S9,2,없음
5992,2025,산업통상부,"친환경차보급촉진을
위한이차보전사업","자동차부품기업
대출이차보전",5406.0,D. 자금조달·경영안정 지원(융자·보증·비용보전),"T8 수요·제도 연계 사업체 및 공공기관(수요기업, 설비 설치자, 지자체 등)",I3 보조금(사업비 보조·매칭),K4 자금 융자·보증 제공(운전·시설자금),S5 에너지·환경,S5;S6;S7,3,없음
5993,2025,산업통상부,수평적EV(전기차)산업생태계조성,수평적EV(전기차)산업생태계조성,1315.0,A. 기술혁신 촉진(개발·실증·사업화),T5 산학연 연구수행기관(기업·대학·연구소 컨소시엄),I2 출연(기관 운영·인프라·위탁 서비스),K8 컨설팅·인증·시험·홍보 서비스 제공,S6 모빌리티·항공우주·조선,S6;S7,2,없음
5994,2025,산업통상부,디지털융합자동차부품혁신지원센터구축,디지털융합자동차부품혁신지원센터구축,776.0,A. 기술혁신 촉진(개발·실증·사업화),"T8 수요·제도 연계 사업체 및 공공기관(수요기업, 설비 설치자, 지자체 등)",I2 출연(기관 운영·인프라·위탁 서비스),K1 기술개발 과제 수행(연구개발비),S6 모빌리티·항공우주·조선,S6;S7,2,없음
5995,2025,산업통상부,수요기반협력사밸류체인고도화및자립화패키지지원,수요기반협력사밸류체인고도화및자립화패키지지원,1776.0,A. 기술혁신 촉진(개발·실증·사업화),T1 중소·중견기업(일반·업종·지역 특정),I1 R&D 과제 출연(연구개발비),K1 기술개발 과제 수행(연구개발비),S6 모빌리티·항공우주·조선,S6;S7,2,없음
5996,2025,산업통상부,바이오나노산업개방형생태계조성촉진,바이오사업화지원,21056.0,C. 수출·해외진출 촉진,T5 산학연 연구수행기관(기업·대학·연구소 컨소시엄),I6 혼합(출연+보조+직접 등 복수 형태),K7 사업비용 보조(전시·인증·컨설팅·기술도입 비용),S4 바이오·헬스,S4;S7,2,언급
5997,2025,산업통상부,바이오산업기술개발(R&D),맞춤형진단·치료제품,34382.0,A. 기술혁신 촉진(개발·실증·사업화),T5 산학연 연구수행기관(기업·대학·연구소 컨소시엄),I1 R&D 과제 출연(연구개발비),K1 기술개발 과제 수행(연구개발비),S4 바이오·헬스,S4,1,언급
5998,2025,산업통상부,바이오산업기술개발(R&D),디지털헬스케어,51282.0,A. 기술혁신 촉진(개발·실증·사업화),T5 산학연 연구수행기관(기업·대학·연구소 컨소시엄),I1 R&D 과제 출연(연구개발비),K7 사업비용 보조(전시·인증·컨설팅·기술도입 비용),S4 바이오·헬스,S2;S4,2,언급
5999,2025,산업통상부,바이오산업기술개발(R&D),첨단바이오신소재,34522.0,A. 기술혁신 촉진(개발·실증·사업화),T5 산학연 연구수행기관(기업·대학·연구소 컨소시엄),I2 출연(기관 운영·인프라·위탁 서비스),K1 기술개발 과제 수행(연구개발비),S4 바이오·헬스,S4;S7,2,언급
6000,2025,산업통상부,지능형로봇보급및확산,서비스로봇실증,10214.0,A. 기술혁신 촉진(개발·실증·사업화),"T2 중소·벤처기업(특정 요건·단계: 글로벌 진출 희망, 인증, 재직자 등)",I2 출연(기관 운영·인프라·위탁 서비스),K7 사업비용 보조(전시·인증·컨설팅·기술도입 비용),S7 소재·부품·장비·제조혁신,S7,1,없음
6001,2025,산업통상부,지능형로봇보급및확산,기업성장성강화,9788.0,C. 수출·해외진출 촉진,"T2 중소·벤처기업(특정 요건·단계: 글로벌 진출 희망, 인증, 재직자 등)",I2 출연(기관 운영·인프라·위탁 서비스),K7 사업비용 보조(전시·인증·컨설팅·기술도입 비용),S7 소재·부품·장비·제조혁신,S7,1,없음
6002,2025,산업통상부,미래형자동차튜닝부품기술개발(R&D),기술개발,300.0,A. 기술혁신 촉진(개발·실증·사업화),T5 산학연 연구수행기관(기업·대학·연구소 컨소시엄),I1 R&D 과제 출연(연구개발비),K1 기술개발 과제 수행(연구개발비),S7 소재·부품·장비·제조혁신,S6;S7,2,없음
6003,2025,산업통상부,뿌리산업경쟁력강화지원,특화단지지원,6600.0,H. 경영역량 강화·사업화 지원(컨설팅·마케팅·디자인),T1 중소·중견기업(일반·업종·지역 특정),I2 출연(기관 운영·인프라·위탁 서비스),K6 해외진출·수출 지원(전시·상담·현지화),S7 소재·부품·장비·제조혁신,S5;S7,2,없음
6004,2025,산업통상부,뿌리산업경쟁력강화지원,"지능형뿌리공정
시스템구축",3000.0,H. 경영역량 강화·사업화 지원(컨설팅·마케팅·디자인),T1 중소·중견기업(일반·업종·지역 특정),I2 출연(기관 운영·인프라·위탁 서비스),K2 산업 생태계·협력 기반 조성(플랫폼·네트워크),S7 소재·부품·장비·제조혁신,S5;S7,2,없음
6005,2025,산업통상부,소재부품기술개발,소재부품패키지형,827200.0,A. 기술혁신 촉진(개발·실증·사업화),T5 산학연 연구수행기관(기업·대학·연구소 컨소시엄),I1 R&D 과제 출연(연구개발비),K1 기술개발 과제 수행(연구개발비),S7 소재·부품·장비·제조혁신,S7,1,없음
6006,2025,산업통상부,소재부품기술개발,소재부품이종기술융합형,324040.0,A. 기술혁신 촉진(개발·실증·사업화),T5 산학연 연구수행기관(기업·대학·연구소 컨소시엄),I1 R&D 과제 출연(연구개발비),K1 기술개발 과제 수행(연구개발비),S7 소재·부품·장비·제조혁신,S7,1,없음
6007,2025,산업통상부,소재부품기술개발,"첨단전략산업
초격차(이차전지)",17850.0,A. 기술혁신 촉진(개발·실증·사업화),T5 산학연 연구수행기관(기업·대학·연구소 컨소시엄),I1 R&D 과제 출연(연구개발비),K1 기술개발 과제 수행(연구개발비),S5 에너지·환경,S5;S6;S7,3,없음
6008,2025,산업통상부,소재부품산업기술개발기반구축(R&D),소재부품기술기반혁신,213161.0,A. 기술혁신 촉진(개발·실증·사업화),T5 산학연 연구수행기관(기업·대학·연구소 컨소시엄),I1 R&D 과제 출연(연구개발비),K1 기술개발 과제 수행(연구개발비),S7 소재·부품·장비·제조혁신,S7,1,언급
6009,2025,산업통상부,산업맞춤형전문기술인력양성,재직자맞춤형기술교육,2030.0,H. 경영역량 강화·사업화 지원(컨설팅·마케팅·디자인),"T2 중소·벤처기업(특정 요건·단계: 글로벌 진출 희망, 인증, 재직자 등)",I2 출연(기관 운영·인프라·위탁 서비스),K9 교육·훈련 과정 운영,S7 소재·부품·장비·제조혁신,S7,1,없음
6010,2025,산업통상부,산업맞춤형전문기술인력양성,특화단지재직자교육,2700.0,H. 경영역량 강화·사업화 지원(컨설팅·마케팅·디자인),"T2 중소·벤처기업(특정 요건·단계: 글로벌 진출 희망, 인증, 재직자 등)",I2 출연(기관 운영·인프라·위탁 서비스),K9 교육·훈련 과정 운영,S7 소재·부품·장비·제조혁신,S7,1,없음
6011,2025,산업통상부,몬트리올의정서대응,특정물질기술지원및관리체계구축,644.0,A. 기술혁신 촉진(개발·실증·사업화),"T2 중소·벤처기업(특정 요건·단계: 글로벌 진출 희망, 인증, 재직자 등)",I3 보조금(사업비 보조·매칭),K2 산업 생태계·협력 기반 조성(플랫폼·네트워크),S0 업종 공통(산업 무관),S0,0,없음
6012,2025,산업통상부,산업기술국제협력(R&D),국제공동기술개발,94224.0,A. 기술혁신 촉진(개발·실증·사업화),"T8 수요·제도 연계 사업체 및 공공기관(수요기업, 설비 설치자, 지자체 등)",I1 R&D 과제 출연(연구개발비),K1 기술개발 과제 수행(연구개발비),S0 업종 공통(산업 무관),S0,0,없음
6013,2025,산업통상부,우수기업연구소육성사업(ATC+),우수기업연구소육성사업(ATC+),46888.0,A. 기술혁신 촉진(개발·실증·사업화),T5 산학연 연구수행기관(기업·대학·연구소 컨소시엄),I1 R&D 과제 출연(연구개발비),K2 산업 생태계·협력 기반 조성(플랫폼·네트워크),S0 업종 공통(산업 무관),S0,0,없음
6014,2025,산업통상부,디자인산업기술개발,디자인혁신역량강화,29102.0,H. 경영역량 강화·사업화 지원(컨설팅·마케팅·디자인),T5 산학연 연구수행기관(기업·대학·연구소 컨소시엄),I1 R&D 과제 출연(연구개발비),K1 기술개발 과제 수행(연구개발비),S0 업종 공통(산업 무관),S0,0,언급
6015,2025,산업통상부,디자인산업진흥,디자인수요기반확충,9347.0,H. 경영역량 강화·사업화 지원(컨설팅·마케팅·디자인),"T2 중소·벤처기업(특정 요건·단계: 글로벌 진출 희망, 인증, 재직자 등)",I2 출연(기관 운영·인프라·위탁 서비스),K3 지역·사회적경제·창업 활성화 프로그램,S0 업종 공통(산업 무관),S0,0,없음
6016,2025,산업통상부,디자인산업진흥,지속가능디자인지원,831.0,H. 경영역량 강화·사업화 지원(컨설팅·마케팅·디자인),"T2 중소·벤처기업(특정 요건·단계: 글로벌 진출 희망, 인증, 재직자 등)",I2 출연(기관 운영·인프라·위탁 서비스),K7 사업비용 보조(전시·인증·컨설팅·기술도입 비용),S0 업종 공통(산업 무관),S0,0,없음
6017,2025,산업통상부,디자인산업진흥,디자인-기술협업활성화,6056.0,H. 경영역량 강화·사업화 지원(컨설팅·마케팅·디자인),"T2 중소·벤처기업(특정 요건·단계: 글로벌 진출 희망, 인증, 재직자 등)",I2 출연(기관 운영·인프라·위탁 서비스),K5 창업 사업화자금·투자연계·보육,S0 업종 공통(산업 무관),S0,0,없음
6018,2025,산업통상부,디자인산업진흥,디자인제조기업혁신,7396.0,H. 경영역량 강화·사업화 지원(컨설팅·마케팅·디자인),"T2 중소·벤처기업(특정 요건·단계: 글로벌 진출 희망, 인증, 재직자 등)",I2 출연(기관 운영·인프라·위탁 서비스),K2 산업 생태계·협력 기반 조성(플랫폼·네트워크),S7 소재·부품·장비·제조혁신,S7,1,없음
6019,2025,산업통상부,지식서비스기반구축,이러닝산업활성화,616.0,C. 수출·해외진출 촉진,"T2 중소·벤처기업(특정 요건·단계: 글로벌 진출 희망, 인증, 재직자 등)",I2 출연(기관 운영·인프라·위탁 서비스),K6 해외진출·수출 지원(전시·상담·현지화),S0 업종 공통(산업 무관),S0,0,없음
6020,2025,산업통상부,생활산업경쟁력강화,한국안경산업고도화육성,1000.0,C. 수출·해외진출 촉진,"T8 수요·제도 연계 사업체 및 공공기관(수요기업, 설비 설치자, 지자체 등)",I6 혼합(출연+보조+직접 등 복수 형태),K2 산업 생태계·협력 기반 조성(플랫폼·네트워크),S0 업종 공통(산업 무관),S0,0,없음
6021,2025,산업통상부,생활산업경쟁력강화,3D융합안경테제조기반구축,180.0,A. 기술혁신 촉진(개발·실증·사업화),"T8 수요·제도 연계 사업체 및 공공기관(수요기업, 설비 설치자, 지자체 등)",I6 혼합(출연+보조+직접 등 복수 형태),K1 기술개발 과제 수행(연구개발비),S7 소재·부품·장비·제조혁신,S7,1,없음
6022,2025,산업통상부,생활산업경쟁력강화,퍼스널케어융합얼라이언스육성,250.0,A. 기술혁신 촉진(개발·실증·사업화),"T8 수요·제도 연계 사업체 및 공공기관(수요기업, 설비 설치자, 지자체 등)",I6 혼합(출연+보조+직접 등 복수 형태),K8 컨설팅·인증·시험·홍보 서비스 제공,S0 업종 공통(산업 무관),S0,0,언급
6023,2025,산업통상부,기술성과활용촉진,기술이전사업화기반구축,4435.0,A. 기술혁신 촉진(개발·실증·사업화),T5 산학연 연구수행기관(기업·대학·연구소 컨소시엄),I1 R&D 과제 출연(연구개발비),K2 산업 생태계·협력 기반 조성(플랫폼·네트워크),S0 업종 공통(산업 무관),S0,0,없음
6024,2025,산업통상부,지역혁신클러스터육성(R&D)(세종),지역혁신클러스터고도화(세종),2200.0,A. 기술혁신 촉진(개발·실증·사업화),T5 산학연 연구수행기관(기업·대학·연구소 컨소시엄),I2 출연(기관 운영·인프라·위탁 서비스),K2 산업 생태계·협력 기반 조성(플랫폼·네트워크),S0 업종 공통(산업 무관),S0,0,없음
6025,2025,산업통상부,지역혁신클러스터육성(R&D)(세종),거점기관개방형혁신(세종),900.0,A. 기술혁신 촉진(개발·실증·사업화),T5 산학연 연구수행기관(기업·대학·연구소 컨소시엄),I2 출연(기관 운영·인프라·위탁 서비스),K2 산업 생태계·협력 기반 조성(플랫폼·네트워크),S0 업종 공통(산업 무관),S0,0,없음
6026,2025,산업통상부,지역혁신클러스터육성(R&D),거점기관개방형혁신,9735.0,A. 기술혁신 촉진(개발·실증·사업화),T5 산학연 연구수행기관(기업·대학·연구소 컨소시엄),I2 출연(기관 운영·인프라·위탁 서비스),K2 산업 생태계·협력 기반 조성(플랫폼·네트워크),S0 업종 공통(산업 무관),S0,0,없음
6027,2025,산업통상부,지역혁신클러스터육성(R&D),지역혁신클러스터고도화,27200.0,A. 기술혁신 촉진(개발·실증·사업화),T5 산학연 연구수행기관(기업·대학·연구소 컨소시엄),I1 R&D 과제 출연(연구개발비),K2 산업 생태계·협력 기반 조성(플랫폼·네트워크),S0 업종 공통(산업 무관),S0,0,없음
6028,2025,산업통상부,"산학융합지구조성
사업",산학융합촉진지원,3286.0,H. 경영역량 강화·사업화 지원(컨설팅·마케팅·디자인),"T2 중소·벤처기업(특정 요건·단계: 글로벌 진출 희망, 인증, 재직자 등)",I1 R&D 과제 출연(연구개발비),K9 교육·훈련 과정 운영,S0 업종 공통(산업 무관),S0,0,없음
6029,2025,산업통상부,산업집적지경쟁력강화(R&D),R&BD네트워크구축운영,14505.0,A. 기술혁신 촉진(개발·실증·사업화),T5 산학연 연구수행기관(기업·대학·연구소 컨소시엄),I1 R&D 과제 출연(연구개발비),K2 산업 생태계·협력 기반 조성(플랫폼·네트워크),S0 업종 공통(산업 무관),S0,0,없음
6030,2025,산업통상부,산업집적지경쟁력강화(R&D),산단내공급-수요기업연계국제규범대응기술개발,1752.0,A. 기술혁신 촉진(개발·실증·사업화),T5 산학연 연구수행기관(기업·대학·연구소 컨소시엄),I1 R&D 과제 출연(연구개발비),K2 산업 생태계·협력 기반 조성(플랫폼·네트워크),S0 업종 공통(산업 무관),S0,0,없음
6031,2025,산업통상부,산업집적지경쟁력강화(R&D),지역앵커기업-지역대학전략기술공동개발,1000.0,A. 기술혁신 촉진(개발·실증·사업화),T5 산학연 연구수행기관(기업·대학·연구소 컨소시엄),I1 R&D 과제 출연(연구개발비),K2 산업 생태계·협력 기반 조성(플랫폼·네트워크),S0 업종 공통(산업 무관),S0,0,없음
6032,2025,산업통상부,지역혁신클러스터육성,지역혁신클러스터육성,8020.0,H. 경영역량 강화·사업화 지원(컨설팅·마케팅·디자인),T5 산학연 연구수행기관(기업·대학·연구소 컨소시엄),I1 R&D 과제 출연(연구개발비),K5 창업 사업화자금·투자연계·보육,S0 업종 공통(산업 무관),S0,0,없음
6033,2025,산업통상부,중견기업재도약지원,중견기업재도약지원,1700.0,A. 기술혁신 촉진(개발·실증·사업화),T1 중소·중견기업(일반·업종·지역 특정),I1 R&D 과제 출연(연구개발비),K1 기술개발 과제 수행(연구개발비),S0 업종 공통(산업 무관),S0,0,없음
6034,2025,산업통상부,가스안전관리(융자),가스안전관리(융자),3970.0,D. 자금조달·경영안정 지원(융자·보증·비용보전),"T2 중소·벤처기업(특정 요건·단계: 글로벌 진출 희망, 인증, 재직자 등)",I4 융자(정책자금 대출),K4 자금 융자·보증 제공(운전·시설자금),S0 업종 공통(산업 무관),S0,0,없음
6035,2025,산업통상부,장기사용석유저장시설안전관리융자,장기사용석유저장시설안전관리융자,1861.0,E. 생산기반 현대화·친환경 전환(시설·설비),"T8 수요·제도 연계 사업체 및 공공기관(수요기업, 설비 설치자, 지자체 등)",I4 융자(정책자금 대출),K4 자금 융자·보증 제공(운전·시설자금),S0 업종 공통(산업 무관),S0,0,없음
6036,2025,산업통상부,에너지수요관리핵심기술개발(R&D),에너지효율향상,5000.0,E. 생산기반 현대화·친환경 전환(시설·설비),T5 산학연 연구수행기관(기업·대학·연구소 컨소시엄),I1 R&D 과제 출연(연구개발비),K7 사업비용 보조(전시·인증·컨설팅·기술도입 비용),S5 에너지·환경,S5,1,없음
6037,2025,산업통상부,에너지수요관리핵심기술개발(R&D),에너지효율혁신기술개발,121862.0,A. 기술혁신 촉진(개발·실증·사업화),T5 산학연 연구수행기관(기업·대학·연구소 컨소시엄),I1 R&D 과제 출연(연구개발비),K1 기술개발 과제 수행(연구개발비),S5 에너지·환경,S5,1,없음
6038,2025,산업통상부,에너지수요관리핵심기술개발(R&D),수요관리기반기술개발,56263.0,A. 기술혁신 촉진(개발·실증·사업화),T5 산학연 연구수행기관(기업·대학·연구소 컨소시엄),I1 R&D 과제 출연(연구개발비),K1 기술개발 과제 수행(연구개발비),S5 에너지·환경,S5,1,없음
6039,2025,산업통상부,해외자원개발특별융자,해외자원개발융자,39000.0,D. 자금조달·경영안정 지원(융자·보증·비용보전),"T8 수요·제도 연계 사업체 및 공공기관(수요기업, 설비 설치자, 지자체 등)",I4 융자(정책자금 대출),K4 자금 융자·보증 제공(운전·시설자금),S0 업종 공통(산업 무관),S0,0,없음
6040,2025,산업통상부,에너지국제공동연구(R&D),글로벌시장개척국제공동연구,15045.0,C. 수출·해외진출 촉진,T5 산학연 연구수행기관(기업·대학·연구소 컨소시엄),I0 지원형태 미기재,K0 내용 미기재,S5 에너지·환경,S5,1,없음
6041,2025,산업통상부,에너지국제공동연구(R&D),에너지기술선도국제공동연구,23283.0,A. 기술혁신 촉진(개발·실증·사업화),T5 산학연 연구수행기관(기업·대학·연구소 컨소시엄),I0 지원형태 미기재,K0 내용 미기재,S5 에너지·환경,S5,1,없음
6042,2025,산업통상부,에너지국제공동연구(R&D),글로벌기술협력플랫폼,1990.0,A. 기술혁신 촉진(개발·실증·사업화),T5 산학연 연구수행기관(기업·대학·연구소 컨소시엄),I0 지원형태 미기재,K0 내용 미기재,S5 에너지·환경,S5,1,없음
6043,2025,산업통상부,에너지절약시설설치(융자),에너지절약시설설치,286038.0,E. 생산기반 현대화·친환경 전환(시설·설비),"T8 수요·제도 연계 사업체 및 공공기관(수요기업, 설비 설치자, 지자체 등)",I4 융자(정책자금 대출),K0 내용 미기재,S5 에너지·환경,S5,1,없음
6044,2025,산업통상부,대한상사중재원지원,중재사업지원비,613.0,C. 수출·해외진출 촉진,"T2 중소·벤처기업(특정 요건·단계: 글로벌 진출 희망, 인증, 재직자 등)",I3 보조금(사업비 보조·매칭),K6 해외진출·수출 지원(전시·상담·현지화),S0 업종 공통(산업 무관),S0,0,없음
6045,2025,산업통상부,대한상사중재원지원,알선‧상담사업지원비,130.0,G. 고용 창출·유지 및 노동환경 개선,"T2 중소·벤처기업(특정 요건·단계: 글로벌 진출 희망, 인증, 재직자 등)",I3 보조금(사업비 보조·매칭),K8 컨설팅·인증·시험·홍보 서비스 제공,S0 업종 공통(산업 무관),S0,0,없음
6046,2025,산업통상부,해외플랜트진출확대,플랜트기자재수출지원,200.0,C. 수출·해외진출 촉진,"T8 수요·제도 연계 사업체 및 공공기관(수요기업, 설비 설치자, 지자체 등)",I3 보조금(사업비 보조·매칭),K6 해외진출·수출 지원(전시·상담·현지화),S0 업종 공통(산업 무관),S0,0,없음
6047,2025,산업통상부,무역보험기금출연,출연금,80000.0,C. 수출·해외진출 촉진,T10 보증·보험 이용기업 및 금융기관,I2 출연(기관 운영·인프라·위탁 서비스),K4 자금 융자·보증 제공(운전·시설자금),S6 모빌리티·항공우주·조선,S6,1,없음
6048,2025,산업통상부,전시산업경쟁력강화지원,국내전시회개최지원,4816.0,C. 수출·해외진출 촉진,"T2 중소·벤처기업(특정 요건·단계: 글로벌 진출 희망, 인증, 재직자 등)",I3 보조금(사업비 보조·매칭),K7 사업비용 보조(전시·인증·컨설팅·기술도입 비용),S0 업종 공통(산업 무관),S0,0,없음
6049,2025,산업통상부,전시산업경쟁력강화지원,전시산업기반구축,1815.0,C. 수출·해외진출 촉진,"T2 중소·벤처기업(특정 요건·단계: 글로벌 진출 희망, 인증, 재직자 등)",I3 보조금(사업비 보조·매칭),K6 해외진출·수출 지원(전시·상담·현지화),S0 업종 공통(산업 무관),S0,0,없음
6050,2025,산업통상부,수출경쟁력강화지원,해외전시회(단체),31733.0,C. 수출·해외진출 촉진,T1 중소·중견기업(일반·업종·지역 특정),I3 보조금(사업비 보조·매칭),K7 사업비용 보조(전시·인증·컨설팅·기술도입 비용),S0 업종 공통(산업 무관),S0,0,없음
6051,2025,산업통상부,수출경쟁력강화지원,해외전시회(개별),9185.0,C. 수출·해외진출 촉진,T1 중소·중견기업(일반·업종·지역 특정),I3 보조금(사업비 보조·매칭),K7 사업비용 보조(전시·인증·컨설팅·기술도입 비용),S0 업종 공통(산업 무관),S0,0,없음
6052,2025,산업통상부,수출경쟁력강화지원,경제사절단파견및상시비즈니스지원,2993.0,C. 수출·해외진출 촉진,T1 중소·중견기업(일반·업종·지역 특정),I3 보조금(사업비 보조·매칭),K6 해외진출·수출 지원(전시·상담·현지화),S0 업종 공통(산업 무관),S0,0,없음
6053,2025,산업통상부,수출지원기반활용(산업부),통합지원사업,61628.0,C. 수출·해외진출 촉진,T1 중소·중견기업(일반·업종·지역 특정),I9 바우처,K7 사업비용 보조(전시·인증·컨설팅·기술도입 비용),S0 업종 공통(산업 무관),S0,0,언급
6054,2025,산업통상부,수출지원기반활용(산업부),개별지원사업,29736.0,C. 수출·해외진출 촉진,T1 중소·중견기업(일반·업종·지역 특정),I3 보조금(사업비 보조·매칭),K6 해외진출·수출 지원(전시·상담·현지화),S0 업종 공통(산업 무관),S0,0,없음
6055,2025,산업통상부,통상협정국내대책추진지원,중소기업FTA활용지원,9722.0,D. 자금조달·경영안정 지원(융자·보증·비용보전),T1 중소·중견기업(일반·업종·지역 특정),I4 융자(정책자금 대출),K8 컨설팅·인증·시험·홍보 서비스 제공,S0 업종 공통(산업 무관),S0,0,없음
6056,2025,산업통상부,통상협정국내대책추진지원,FTA전문인력양성,714.0,D. 자금조달·경영안정 지원(융자·보증·비용보전),T1 중소·중견기업(일반·업종·지역 특정),I4 융자(정책자금 대출),K9 교육·훈련 과정 운영,S0 업종 공통(산업 무관),S0,0,없음
6057,2025,산업통상부,중소기업수출지원기반강화,중소기업수출지원기반강화,14536.0,C. 수출·해외진출 촉진,T1 중소·중견기업(일반·업종·지역 특정),I8 보증·보험(신용보강),K4 자금 융자·보증 제공(운전·시설자금),S2 디지털·SW·정보통신,S2,1,없음
6058,2025,산업통상부,해외진출기반구축,해외진출기업지원,600.0,C. 수출·해외진출 촉진,"T8 수요·제도 연계 사업체 및 공공기관(수요기업, 설비 설치자, 지자체 등)",I3 보조금(사업비 보조·매칭),K8 컨설팅·인증·시험·홍보 서비스 제공,S0 업종 공통(산업 무관),S1,1,활용
6059,2025,산업통상부,해외진출기반구축,중소중견기업해외M&A지원,229.0,C. 수출·해외진출 촉진,"T8 수요·제도 연계 사업체 및 공공기관(수요기업, 설비 설치자, 지자체 등)",I3 보조금(사업비 보조·매칭),K6 해외진출·수출 지원(전시·상담·현지화),S0 업종 공통(산업 무관),S0,0,없음
6060,2025,산업통상부,신재생에너지핵심기술개발(R&D),태양광,47188.0,A. 기술혁신 촉진(개발·실증·사업화),T5 산학연 연구수행기관(기업·대학·연구소 컨소시엄),I1 R&D 과제 출연(연구개발비),K1 기술개발 과제 수행(연구개발비),S5 에너지·환경,S2;S5,2,없음
6061,2025,산업통상부,신재생에너지핵심기술개발(R&D),풍력,51742.0,A. 기술혁신 촉진(개발·실증·사업화),T5 산학연 연구수행기관(기업·대학·연구소 컨소시엄),I1 R&D 과제 출연(연구개발비),K1 기술개발 과제 수행(연구개발비),S5 에너지·환경,S2;S5,2,없음
6062,2025,산업통상부,신재생에너지핵심기술개발(R&D),수소,60858.0,A. 기술혁신 촉진(개발·실증·사업화),T5 산학연 연구수행기관(기업·대학·연구소 컨소시엄),I1 R&D 과제 출연(연구개발비),K1 기술개발 과제 수행(연구개발비),S5 에너지·환경,S2;S5,2,없음
6063,2025,산업통상부,신재생에너지핵심기술개발(R&D),연료전지,42127.0,A. 기술혁신 촉진(개발·실증·사업화),T5 산학연 연구수행기관(기업·대학·연구소 컨소시엄),I1 R&D 과제 출연(연구개발비),K7 사업비용 보조(전시·인증·컨설팅·기술도입 비용),S5 에너지·환경,S2;S5;S7,3,없음
6064,2025,산업통상부,신재생에너지핵심기술개발(R&D),USC급보일러암모니아혼소발전기술개발및실증,7391.0,A. 기술혁신 촉진(개발·실증·사업화),T5 산학연 연구수행기관(기업·대학·연구소 컨소시엄),I1 R&D 과제 출연(연구개발비),K1 기술개발 과제 수행(연구개발비),S5 에너지·환경,S2;S5,2,없음
6065,2025,산업통상부,신재생에너지핵심기술개발(R&D),발전용가스터빈의수소혼소전환기술개발및실증,7802.0,A. 기술혁신 촉진(개발·실증·사업화),T5 산학연 연구수행기관(기업·대학·연구소 컨소시엄),I1 R&D 과제 출연(연구개발비),K1 기술개발 과제 수행(연구개발비),S5 에너지·환경,S2;S5,2,없음
6066,2025,산업통상부,신재생에너지핵심기술개발(R&D),중소형급무탄소가스터빈발전기술개발및실증,4000.0,A. 기술혁신 촉진(개발·실증·사업화),T5 산학연 연구수행기관(기업·대학·연구소 컨소시엄),I1 R&D 과제 출연(연구개발비),K1 기술개발 과제 수행(연구개발비),S5 에너지·환경,S2;S5,2,없음
6067,2025,산업통상부,신재생에너지핵심기술개발(R&D),재생에너지잉여전력부문간연계(섹터커플링)기술개발,3942.0,A. 기술혁신 촉진(개발·실증·사업화),T5 산학연 연구수행기관(기업·대학·연구소 컨소시엄),I1 R&D 과제 출연(연구개발비),K1 기술개발 과제 수행(연구개발비),S5 에너지·환경,S2;S5,2,없음
6068,2025,산업통상부,신재생에너지핵심기술개발(R&D),계통유연자원서비스화기술개발,6747.0,A. 기술혁신 촉진(개발·실증·사업화),T5 산학연 연구수행기관(기업·대학·연구소 컨소시엄),I1 R&D 과제 출연(연구개발비),K1 기술개발 과제 수행(연구개발비),S5 에너지·환경,S2;S5,2,없음
6069,2025,산업통상부,신재생에너지핵심기술개발(R&D),분산에너지계통접속확대를위한그리드포밍기술개발및실증,7468.0,A. 기술혁신 촉진(개발·실증·사업화),T5 산학연 연구수행기관(기업·대학·연구소 컨소시엄),I1 R&D 과제 출연(연구개발비),K1 기술개발 과제 수행(연구개발비),S5 에너지·환경,S2;S5,2,없음
6070,2025,산업통상부,신재생에너지핵심기술개발(R&D),재생에너지확대대응전력계통관성자원기술개발,747.0,A. 기술혁신 촉진(개발·실증·사업화),T5 산학연 연구수행기관(기업·대학·연구소 컨소시엄),I1 R&D 과제 출연(연구개발비),K1 기술개발 과제 수행(연구개발비),S5 에너지·환경,S2;S5,2,없음
6071,2025,산업통상부,신재생에너지핵심기술개발(R&D),ACDCHybrid배전망요소기기,12925.0,A. 기술혁신 촉진(개발·실증·사업화),T5 산학연 연구수행기관(기업·대학·연구소 컨소시엄),I1 R&D 과제 출연(연구개발비),K1 기술개발 과제 수행(연구개발비),S5 에너지·환경,S2;S5,2,없음
6072,2025,산업통상부,신재생에너지핵심기술개발(R&D),ACDCHybrid배전망운영기술,12765.0,A. 기술혁신 촉진(개발·실증·사업화),T5 산학연 연구수행기관(기업·대학·연구소 컨소시엄),I1 R&D 과제 출연(연구개발비),K1 기술개발 과제 수행(연구개발비),S5 에너지·환경,S2;S5,2,없음
6073,2025,산업통상부,신재생에너지핵심기술개발(R&D),ACDCHybrid배전망테스트베드,10174.0,A. 기술혁신 촉진(개발·실증·사업화),T5 산학연 연구수행기관(기업·대학·연구소 컨소시엄),I1 R&D 과제 출연(연구개발비),K1 기술개발 과제 수행(연구개발비),S5 에너지·환경,S2;S5,2,없음
6074,2025,산업통상부,신재생에너지금융지원(융자),생산및시설자금,324300.0,E. 생산기반 현대화·친환경 전환(시설·설비),"T8 수요·제도 연계 사업체 및 공공기관(수요기업, 설비 설치자, 지자체 등)",I4 융자(정책자금 대출),K4 자금 융자·보증 제공(운전·시설자금),S5 에너지·환경,S5,1,없음
6075,2025,산업통상부,신재생에너지금융지원(융자),운전자금,2000.0,D. 자금조달·경영안정 지원(융자·보증·비용보전),"T8 수요·제도 연계 사업체 및 공공기관(수요기업, 설비 설치자, 지자체 등)",I4 융자(정책자금 대출),K4 자금 융자·보증 제공(운전·시설자금),S5 에너지·환경,S5,1,없음
6076,2025,산업통상부,원자력생태계지원사업,원전기업인력양성,4308.0,F. 전문인력 양성·채용 지원,"T2 중소·벤처기업(특정 요건·단계: 글로벌 진출 희망, 인증, 재직자 등)",I3 보조금(사업비 보조·매칭),K9 교육·훈련 과정 운영,S5 에너지·환경,S5,1,없음
6077,2025,산업통상부,원자력생태계지원사업,원전기업역량강화,5400.0,H. 경영역량 강화·사업화 지원(컨설팅·마케팅·디자인),"T2 중소·벤처기업(특정 요건·단계: 글로벌 진출 희망, 인증, 재직자 등)",I3 보조금(사업비 보조·매칭),K10 고용장려금·인건비·공제 지급,S5 에너지·환경,S5,1,없음
6078,2025,산업통상부,원자력생태계지원사업,SMR산업생태계지원,1500.0,H. 경영역량 강화·사업화 지원(컨설팅·마케팅·디자인),"T2 중소·벤처기업(특정 요건·단계: 글로벌 진출 희망, 인증, 재직자 등)",I3 보조금(사업비 보조·매칭),K10 고용장려금·인건비·공제 지급,S5 에너지·환경,S5,1,없음
6079,2025,산업통상부,무역보험금지급,무역보험금지급,477000.0,D. 자금조달·경영안정 지원(융자·보증·비용보전),T10 보증·보험 이용기업 및 금융기관,I8 보증·보험(신용보강),K4 자금 융자·보증 제공(운전·시설자금),S0 업종 공통(산업 무관),S0,0,없음
6080,2025,산업통상부,전사적DX촉진기술개발(R&D),전사적DX촉진기술개발,7524.0,A. 기술혁신 촉진(개발·실증·사업화),T1 중소·중견기업(일반·업종·지역 특정),I1 R&D 과제 출연(연구개발비),K2 산업 생태계·협력 기반 조성(플랫폼·네트워크),S0 업종 공통(산업 무관),S0,0,없음
6081,2025,산업통상부,디지털전환기반의약품지능형공정혁신기술개발사업,의약품공정혁신지능형플랫폼개발,2440.0,A. 기술혁신 촉진(개발·실증·사업화),T5 산학연 연구수행기관(기업·대학·연구소 컨소시엄),I2 출연(기관 운영·인프라·위탁 서비스),K0 내용 미기재,S4 바이오·헬스,S4,1,없음
6082,2025,산업통상부,디지털전환기반의약품지능형공정혁신기술개발사업,공정혁신기반의약품고품질설계기술개발,2360.0,A. 기술혁신 촉진(개발·실증·사업화),T5 산학연 연구수행기관(기업·대학·연구소 컨소시엄),I1 R&D 과제 출연(연구개발비),K0 내용 미기재,S4 바이오·헬스,S4,1,없음
6083,2025,산업통상부,첨단제조기술기반중재의료기기기술개발사업(R&D),첨단제조기술기반중재의료기기기술개발사업(R&D),1700.0,A. 기술혁신 촉진(개발·실증·사업화),T5 산학연 연구수행기관(기업·대학·연구소 컨소시엄),I1 R&D 과제 출연(연구개발비),K7 사업비용 보조(전시·인증·컨설팅·기술도입 비용),S4 바이오·헬스,S4;S7,2,없음
6084,2025,산업통상부,나노인프라공정서비스역량고도화,나노인프라공정서비스역량고도화,1800.0,A. 기술혁신 촉진(개발·실증·사업화),"T8 수요·제도 연계 사업체 및 공공기관(수요기업, 설비 설치자, 지자체 등)",I1 R&D 과제 출연(연구개발비),K1 기술개발 과제 수행(연구개발비),S7 소재·부품·장비·제조혁신,S7,1,없음
6085,2025,산업통상부,소부장공급망안정종합지원,수입선다변화지원,3811.0,H. 경영역량 강화·사업화 지원(컨설팅·마케팅·디자인),T7 일반 국민·산업 종사자·창작자,I3 보조금(사업비 보조·매칭),K1 기술개발 과제 수행(연구개발비),S7 소재·부품·장비·제조혁신,S7,1,없음
6086,2025,산업통상부,소부장공급망안정종합지원,공급망컨설팅지원,300.0,H. 경영역량 강화·사업화 지원(컨설팅·마케팅·디자인),T7 일반 국민·산업 종사자·창작자,I3 보조금(사업비 보조·매칭),K8 컨설팅·인증·시험·홍보 서비스 제공,S7 소재·부품·장비·제조혁신,S7,1,없음
6087,2025,산업통상부,xEV보호차체얼라이언스기업지원플랫폼구축,xEV보호차체얼라이언스기업지원플랫폼구축,3492.0,A. 기술혁신 촉진(개발·실증·사업화),T1 중소·중견기업(일반·업종·지역 특정),I2 출연(기관 운영·인프라·위탁 서비스),K1 기술개발 과제 수행(연구개발비),S0 업종 공통(산업 무관),S0,0,없음
6088,2025,산업통상부,해외수출형고출력전기기관차구동변환플랫폼핵심기술개발및실증(R&D),해외수출형고출력전기기관차구동변환플랫폼핵심기술개발및실증,2774.0,A. 기술혁신 촉진(개발·실증·사업화),T5 산학연 연구수행기관(기업·대학·연구소 컨소시엄),I1 R&D 과제 출연(연구개발비),K1 기술개발 과제 수행(연구개발비),S0 업종 공통(산업 무관),S0,0,없음
6089,2025,산업통상부,고성능탄소나노복합섬유제조기술개발,고성능탄소나노복합섬유제조기술개발,2740.0,A. 기술혁신 촉진(개발·실증·사업화),"T8 수요·제도 연계 사업체 및 공공기관(수요기업, 설비 설치자, 지자체 등)",I1 R&D 과제 출연(연구개발비),K1 기술개발 과제 수행(연구개발비),S7 소재·부품·장비·제조혁신,S7,1,없음
6090,2025,산업통상부,국가필수전략기술고도화를위한고부가정밀화학소재개발,국가필수전략기술고도화를위한고부가정밀화학소재개발,4045.0,A. 기술혁신 촉진(개발·실증·사업화),T5 산학연 연구수행기관(기업·대학·연구소 컨소시엄),I2 출연(기관 운영·인프라·위탁 서비스),K1 기술개발 과제 수행(연구개발비),S7 소재·부품·장비·제조혁신,S3;S5;S7,3,없음
6091,2025,산업통상부,중견기업공공연기술혁신챌린지(R&D),중견기업공공연기술혁신챌린지(R&D),2000.0,A. 기술혁신 촉진(개발·실증·사업화),T1 중소·중견기업(일반·업종·지역 특정),I1 R&D 과제 출연(연구개발비),K2 산업 생태계·협력 기반 조성(플랫폼·네트워크),S0 업종 공통(산업 무관),S0,0,없음
6092,2025,산업통상부,중견중소기업상생형혁신도약사업,중견중소기업상생형혁신도약사업,15587.0,A. 기술혁신 촉진(개발·실증·사업화),T5 산학연 연구수행기관(기업·대학·연구소 컨소시엄),I1 R&D 과제 출연(연구개발비),K1 기술개발 과제 수행(연구개발비),S0 업종 공통(산업 무관),S0,0,없음
6093,2025,산업통상부,국가첨단전략산업특화단지연대협력지원사업(R&D),국가첨단전략산업특화단지기술개발지원,2750.0,A. 기술혁신 촉진(개발·실증·사업화),"T8 수요·제도 연계 사업체 및 공공기관(수요기업, 설비 설치자, 지자체 등)",I1 R&D 과제 출연(연구개발비),K2 산업 생태계·협력 기반 조성(플랫폼·네트워크),S7 소재·부품·장비·제조혁신,S7,1,없음
6094,2025,산업통상부,국가첨단전략산업특화단지연대협력지원사업(R&D),국가첨단전략산업특화단지인력양성지원,400.0,F. 전문인력 양성·채용 지원,"T8 수요·제도 연계 사업체 및 공공기관(수요기업, 설비 설치자, 지자체 등)",I2 출연(기관 운영·인프라·위탁 서비스),K9 교육·훈련 과정 운영,S0 업종 공통(산업 무관),S0,0,없음
6095,2025,산업통상부,국가로봇테스트필드,로봇실증평가기술개발,9981.0,A. 기술혁신 촉진(개발·실증·사업화),T5 산학연 연구수행기관(기업·대학·연구소 컨소시엄),I1 R&D 과제 출연(연구개발비),K1 기술개발 과제 수행(연구개발비),S7 소재·부품·장비·제조혁신,S7,1,없음
6096,2025,산업통상부,핵심전략산업대응탄성소재재도약,핵심전략산업대응탄성소재재도약,4000.0,A. 기술혁신 촉진(개발·실증·사업화),"T8 수요·제도 연계 사업체 및 공공기관(수요기업, 설비 설치자, 지자체 등)",I1 R&D 과제 출연(연구개발비),K1 기술개발 과제 수행(연구개발비),S7 소재·부품·장비·제조혁신,S5;S6;S7,3,없음
6097,2025,산업통상부,저가격장수명나트륨이차전지핵심소재및셀제조기술개발,저가격장수명나트륨이차전지핵심소재및셀제조기술개발,5850.0,A. 기술혁신 촉진(개발·실증·사업화),T5 산학연 연구수행기관(기업·대학·연구소 컨소시엄),I1 R&D 과제 출연(연구개발비),K1 기술개발 과제 수행(연구개발비),S5 에너지·환경,S5;S7,2,없음
6098,2025,산업통상부,실리콘고함량음극극판및셀적용기술개발,실리콘고함량음극극판및셀적용기술개발,5850.0,A. 기술혁신 촉진(개발·실증·사업화),T5 산학연 연구수행기관(기업·대학·연구소 컨소시엄),I1 R&D 과제 출연(연구개발비),K1 기술개발 과제 수행(연구개발비),S5 에너지·환경,S5,1,없음
6099,2025,산업통상부,수출주도미래차산업혁신성장기술지원,수출주도미래차산업혁신성장기술지원,5820.0,A. 기술혁신 촉진(개발·실증·사업화),T5 산학연 연구수행기관(기업·대학·연구소 컨소시엄),I1 R&D 과제 출연(연구개발비),K1 기술개발 과제 수행(연구개발비),S6 모빌리티·항공우주·조선,S6;S7,2,없음
6100,2025,산업통상부,화합물전력반도체고도화기술개발,상용화소자및전력변환장치(모듈),8100.0,A. 기술혁신 촉진(개발·실증·사업화),T5 산학연 연구수행기관(기업·대학·연구소 컨소시엄),I1 R&D 과제 출연(연구개발비),K1 기술개발 과제 수행(연구개발비),S5 에너지·환경,S3;S5,2,없음
6101,2025,산업통상부,화합물전력반도체고도화기술개발,파워IC(구동회로),7750.0,A. 기술혁신 촉진(개발·실증·사업화),T5 산학연 연구수행기관(기업·대학·연구소 컨소시엄),I1 R&D 과제 출연(연구개발비),K2 산업 생태계·협력 기반 조성(플랫폼·네트워크),S3 반도체·디스플레이,S3;S5,2,없음
6102,2025,산업통상부,화합물전력반도체고도화기술개발,소재,4670.0,A. 기술혁신 촉진(개발·실증·사업화),T5 산학연 연구수행기관(기업·대학·연구소 컨소시엄),I1 R&D 과제 출연(연구개발비),K1 기술개발 과제 수행(연구개발비),S7 소재·부품·장비·제조혁신,S3;S5;S7,3,없음
6103,2025,산업통상부,K-Carbon플래그십기술개발,K-Carbon플래그십기술개발,17300.0,A. 기술혁신 촉진(개발·실증·사업화),"T8 수요·제도 연계 사업체 및 공공기관(수요기업, 설비 설치자, 지자체 등)",I1 R&D 과제 출연(연구개발비),K1 기술개발 과제 수행(연구개발비),S6 모빌리티·항공우주·조선,S6,1,없음
6104,2025,산업통상부,멀티오믹스기반난치암맞춤형진단치료상용화기술개발(R&D),"멀티오믹스빅데이터기반난치암“Undruggable""타겟연구및표적치료제설계기술개발",2612.0,A. 기술혁신 촉진(개발·실증·사업화),T5 산학연 연구수행기관(기업·대학·연구소 컨소시엄),I1 R&D 과제 출연(연구개발비),K1 기술개발 과제 수행(연구개발비),S1 인공지능(AI)·데이터,S1,1,없음
6105,2025,산업통상부,멀티오믹스기반난치암맞춤형진단치료상용화기술개발(R&D),멀티오믹스/디지털통합분석기반“전단계암”정밀예측·진단플랫폼개발및제품화,2788.0,A. 기술혁신 촉진(개발·실증·사업화),T5 산학연 연구수행기관(기업·대학·연구소 컨소시엄),I2 출연(기관 운영·인프라·위탁 서비스),K1 기술개발 과제 수행(연구개발비),S0 업종 공통(산업 무관),S0,0,언급
6106,2025,산업통상부,수요맞춤형바이오원부자재제조경쟁력강화,수요맞춤형핵심원부자재자립화,3179.0,A. 기술혁신 촉진(개발·실증·사업화),T5 산학연 연구수행기관(기업·대학·연구소 컨소시엄),I1 R&D 과제 출연(연구개발비),K1 기술개발 과제 수행(연구개발비),S4 바이오·헬스,S4,1,없음
6107,2025,산업통상부,수요맞춤형바이오원부자재제조경쟁력강화,글로벌진출형원부자재제조및검증,3415.0,A. 기술혁신 촉진(개발·실증·사업화),T5 산학연 연구수행기관(기업·대학·연구소 컨소시엄),I1 R&D 과제 출연(연구개발비),K6 해외진출·수출 지원(전시·상담·현지화),S4 바이오·헬스,S4,1,없음
6108,2025,산업통상부,혁신형융복합바이오의료제품기술개발및실증,글로벌진출형융복합바이오의료제품제조기술고도화,2750.0,C. 수출·해외진출 촉진,T5 산학연 연구수행기관(기업·대학·연구소 컨소시엄),I2 출연(기관 운영·인프라·위탁 서비스),K1 기술개발 과제 수행(연구개발비),S4 바이오·헬스,S4,1,없음
6109,2025,산업통상부,폐갱도를활용한이산화탄소육상저장시범사업,폐갱도를활용한이산화탄소육상저장시범사업,1468.0,A. 기술혁신 촉진(개발·실증·사업화),T5 산학연 연구수행기관(기업·대학·연구소 컨소시엄),I2 출연(기관 운영·인프라·위탁 서비스),K1 기술개발 과제 수행(연구개발비),S0 업종 공통(산업 무관),S0,0,없음
6110,2025,산업통상부,에너지산업융복합단지활성화지원,에너지특화기업사업화지원,900.0,H. 경영역량 강화·사업화 지원(컨설팅·마케팅·디자인),"T8 수요·제도 연계 사업체 및 공공기관(수요기업, 설비 설치자, 지자체 등)",I3 보조금(사업비 보조·매칭),K7 사업비용 보조(전시·인증·컨설팅·기술도입 비용),S5 에너지·환경,S5,1,없음
6111,2025,산업통상부,국가첨단전략산업기술혁신융자,국가첨단전략산업기술혁신융자,120000.0,D. 자금조달·경영안정 지원(융자·보증·비용보전),T1 중소·중견기업(일반·업종·지역 특정),I4 융자(정책자금 대출),K4 자금 융자·보증 제공(운전·시설자금),S0 업종 공통(산업 무관),S0,0,없음
6112,2025,산업통상부,바이오매스기반비건레더개발및실증클러스터구축(R&D),바이오매스기반비건레더개발및실증클러스터구축,4920.0,A. 기술혁신 촉진(개발·실증·사업화),"T8 수요·제도 연계 사업체 및 공공기관(수요기업, 설비 설치자, 지자체 등)",I2 출연(기관 운영·인프라·위탁 서비스),K1 기술개발 과제 수행(연구개발비),S4 바이오·헬스,S4;S7,2,없음
6113,2025,산업통상부,이차전지첨단전략산업글로벌협력지원(R&D),이차전지첨단전략산업글로벌협력지원,2000.0,A. 기술혁신 촉진(개발·실증·사업화),T5 산학연 연구수행기관(기업·대학·연구소 컨소시엄),I1 R&D 과제 출연(연구개발비),K1 기술개발 과제 수행(연구개발비),S5 에너지·환경,S5,1,없음
6114,2025,산업통상부,현장수요대응원전첨단제조기술및부품‧장비개발(R&D),현장수요대응원전첨단제조기술및부품‧장비개발,8000.0,A. 기술혁신 촉진(개발·실증·사업화),T5 산학연 연구수행기관(기업·대학·연구소 컨소시엄),I1 R&D 과제 출연(연구개발비),K1 기술개발 과제 수행(연구개발비),S7 소재·부품·장비·제조혁신,S5;S7,2,없음
6115,2025,산업통상부,자동차보안취약점기반위협분석시스템(R&D),자동차보안취약점기반위협분석시스템개발(R&D),5350.0,A. 기술혁신 촉진(개발·실증·사업화),T5 산학연 연구수행기관(기업·대학·연구소 컨소시엄),I1 R&D 과제 출연(연구개발비),K1 기술개발 과제 수행(연구개발비),S6 모빌리티·항공우주·조선,S2;S6,2,없음
6116,2025,산업통상부,산업AI용데이터전처리자동화기술개발(R&D),산업AI용데이터전처리자동화기술개발,3200.0,A. 기술혁신 촉진(개발·실증·사업화),T5 산학연 연구수행기관(기업·대학·연구소 컨소시엄),I1 R&D 과제 출연(연구개발비),K1 기술개발 과제 수행(연구개발비),S1 인공지능(AI)·데이터,S1,1,핵심
6117,2025,산업통상부,신산업대응차세대공통·핵심뿌리기술개발사업,신산업대응차세대공통·핵심뿌리기술개발사업,7714.0,A. 기술혁신 촉진(개발·실증·사업화),T5 산학연 연구수행기관(기업·대학·연구소 컨소시엄),I1 R&D 과제 출연(연구개발비),K1 기술개발 과제 수행(연구개발비),S7 소재·부품·장비·제조혁신,S7,1,없음
6118,2025,산업통상부,미래차첨단ECU생태계활성화,미래차첨단ECU생태계활성화,1940.0,A. 기술혁신 촉진(개발·실증·사업화),T1 중소·중견기업(일반·업종·지역 특정),I2 출연(기관 운영·인프라·위탁 서비스),K1 기술개발 과제 수행(연구개발비),S6 모빌리티·항공우주·조선,S6;S7,2,없음
6119,2025,산업통상부,저탄소미래차부품시제작/생산기반구축,저탄소미래차부품시제작/생산기반구축,2775.0,A. 기술혁신 촉진(개발·실증·사업화),T5 산학연 연구수행기관(기업·대학·연구소 컨소시엄),I2 출연(기관 운영·인프라·위탁 서비스),K1 기술개발 과제 수행(연구개발비),S7 소재·부품·장비·제조혁신,S6;S7,2,없음
6120,2025,산업통상부,실도로인프라연계자율주행오픈이노베이션생태계구축,실도로인프라연계자율주행오픈이노베이션생태계구축,1610.0,A. 기술혁신 촉진(개발·실증·사업화),T5 산학연 연구수행기관(기업·대학·연구소 컨소시엄),I2 출연(기관 운영·인프라·위탁 서비스),K1 기술개발 과제 수행(연구개발비),S6 모빌리티·항공우주·조선,S6;S7,2,없음
6121,2025,산업통상부,모빌리티인증부품산업육성기반조성,모빌리티인증부품산업육성기반조성,1940.0,A. 기술혁신 촉진(개발·실증·사업화),T1 중소·중견기업(일반·업종·지역 특정),I2 출연(기관 운영·인프라·위탁 서비스),K1 기술개발 과제 수행(연구개발비),S7 소재·부품·장비·제조혁신,S6;S7,2,없음
6122,2025,산업통상부,CVC투자연계대중견중소기업협력(R&D),CVC투자연계R&D,1875.0,A. 기술혁신 촉진(개발·실증·사업화),T1 중소·중견기업(일반·업종·지역 특정),I1 R&D 과제 출연(연구개발비),K2 산업 생태계·협력 기반 조성(플랫폼·네트워크),S0 업종 공통(산업 무관),S0,0,없음
6123,2025,산업통상부,규제특례신산업창출(R&D),규제특례신산업창출(R&D),2000.0,A. 기술혁신 촉진(개발·실증·사업화),"T8 수요·제도 연계 사업체 및 공공기관(수요기업, 설비 설치자, 지자체 등)",I1 R&D 과제 출연(연구개발비),K1 기술개발 과제 수행(연구개발비),S0 업종 공통(산업 무관),S0,0,없음
6124,2025,산업통상부,R&D혁신스케일업융자(이차보전),R&D혁신스케일업융자(이차보전),11000.0,D. 자금조달·경영안정 지원(융자·보증·비용보전),T1 중소·중견기업(일반·업종·지역 특정),I4 융자(정책자금 대출),K4 자금 융자·보증 제공(운전·시설자금),S0 업종 공통(산업 무관),S0,0,없음
6125,2025,산업통상부,나노융합산업생태계조성촉진,나노융합산업생태계조성촉진,1618.0,F. 전문인력 양성·채용 지원,"T2 중소·벤처기업(특정 요건·단계: 글로벌 진출 희망, 인증, 재직자 등)",I6 혼합(출연+보조+직접 등 복수 형태),K1 기술개발 과제 수행(연구개발비),S7 소재·부품·장비·제조혁신,S7,1,없음
6126,2025,산업통상부,수소산업진흥기반구축,수소전문기업지원사업,4020.0,H. 경영역량 강화·사업화 지원(컨설팅·마케팅·디자인),T7 일반 국민·산업 종사자·창작자,I3 보조금(사업비 보조·매칭),K3 지역·사회적경제·창업 활성화 프로그램,S5 에너지·환경,S5,1,없음
6127,2025,산업통상부,원전생태계금융지원사업,융자금,149700.0,D. 자금조달·경영안정 지원(융자·보증·비용보전),T1 중소·중견기업(일반·업종·지역 특정),I4 융자(정책자금 대출),K4 자금 융자·보증 제공(운전·시설자금),S5 에너지·환경,S5,1,없음
6128,2025,산업통상부,전력효율향상,에너지효율시장조성사업,70943.0,E. 생산기반 현대화·친환경 전환(시설·설비),"T2 중소·벤처기업(특정 요건·단계: 글로벌 진출 희망, 인증, 재직자 등)",I3 보조금(사업비 보조·매칭),K1 기술개발 과제 수행(연구개발비),S5 에너지·환경,S5,1,없음
6129,2025,산업통상부,한국탄소산업진흥원운영(R&D),탄소산업생태계조성및확산,22337.0,C. 수출·해외진출 촉진,"T8 수요·제도 연계 사업체 및 공공기관(수요기업, 설비 설치자, 지자체 등)",I2 출연(기관 운영·인프라·위탁 서비스),K6 해외진출·수출 지원(전시·상담·현지화),S0 업종 공통(산업 무관),S0,0,없음
6130,2025,산업통상부,반도체디스플레이온실가스감축공정기술개발(R&D),반도체디스플레이온실가스감축공정기술개발(R&D),2864.0,A. 기술혁신 촉진(개발·실증·사업화),T5 산학연 연구수행기관(기업·대학·연구소 컨소시엄),I1 R&D 과제 출연(연구개발비),K11 환경·안전 설비 구축 및 관리,S5 에너지·환경,S3;S5,2,없음
6131,2025,기후에너지환경부,청정제조기반구축(R&D),중소기업청정공정보급・확산,1561.0,A. 기술혁신 촉진(개발·실증·사업화),T1 중소·중견기업(일반·업종·지역 특정),I2 출연(기관 운영·인프라·위탁 서비스),K2 산업 생태계·협력 기반 조성(플랫폼·네트워크),S0 업종 공통(산업 무관),S0,0,없음
6132,2025,기후에너지환경부,청정제조기반구축(R&D),친환경설계적용제품개발및사업화,421.0,A. 기술혁신 촉진(개발·실증·사업화),T1 중소·중견기업(일반·업종·지역 특정),I2 출연(기관 운영·인프라·위탁 서비스),K1 기술개발 과제 수행(연구개발비),S5 에너지·환경,S5,1,없음
6133,2025,산업통상부,탄소혁신스타즈프로젝트(R&D),탄소혁신스타즈프로젝트,2500.0,A. 기술혁신 촉진(개발·실증·사업화),T5 산학연 연구수행기관(기업·대학·연구소 컨소시엄),I1 R&D 과제 출연(연구개발비),K2 산업 생태계·협력 기반 조성(플랫폼·네트워크),S0 업종 공통(산업 무관),S0,0,없음
6134,2025,산업통상부,탄소중립설비투자지원(산업부),대규모혁신기술설비도입지원,21757.0,A. 기술혁신 촉진(개발·실증·사업화),T1 중소·중견기업(일반·업종·지역 특정),I6 혼합(출연+보조+직접 등 복수 형태),K11 환경·안전 설비 구축 및 관리,S5 에너지·환경,S5;S7,2,없음
6135,2025,산업통상부,탄소중립설비투자지원(산업부),산업계감축인프라구축지원,8720.0,A. 기술혁신 촉진(개발·실증·사업화),T1 중소·중견기업(일반·업종·지역 특정),I6 혼합(출연+보조+직접 등 복수 형태),K11 환경·안전 설비 구축 및 관리,S5 에너지·환경,S5;S7,2,없음
6136,2025,중소벤처기업부,레저장비산업개발지원(중기부),레저장비기술개발,561.0,A. 기술혁신 촉진(개발·실증·사업화),T1 중소·중견기업(일반·업종·지역 특정),I0 지원형태 미기재,K1 기술개발 과제 수행(연구개발비),S7 소재·부품·장비·제조혁신,S7,1,없음
6137,2025,식품의약품안전처,HACCP제도활성화,HACCP인증지원,4225.0,E. 생산기반 현대화·친환경 전환(시설·설비),"T2 중소·벤처기업(특정 요건·단계: 글로벌 진출 희망, 인증, 재직자 등)",I3 보조금(사업비 보조·매칭),K8 컨설팅·인증·시험·홍보 서비스 제공,S0 업종 공통(산업 무관),S0,0,없음
6138,2025,식품의약품안전처,HACCP제도활성화,소규모식품업체맞춤형현장지도,417.0,E. 생산기반 현대화·친환경 전환(시설·설비),"T2 중소·벤처기업(특정 요건·단계: 글로벌 진출 희망, 인증, 재직자 등)",I3 보조금(사업비 보조·매칭),K8 컨설팅·인증·시험·홍보 서비스 제공,S9 농림축산식품·해양수산,S9,1,없음
6139,2025,식품의약품안전처,한국의료기기안전정보원지원,의료기기품질관리및신속제품화기술지원,1042.0,F. 전문인력 양성·채용 지원,T7 일반 국민·산업 종사자·창작자,I10 직접 수행(직접사업),K8 컨설팅·인증·시험·홍보 서비스 제공,S4 바이오·헬스,S4,1,없음
6140,2025,식품의약품안전처,의약품품질고도화,의약품허가특허연계제도운영,530.0,D. 자금조달·경영안정 지원(융자·보증·비용보전),T7 일반 국민·산업 종사자·창작자,I10 직접 수행(직접사업),K8 컨설팅·인증·시험·홍보 서비스 제공,S4 바이오·헬스,S4,1,없음
6141,2025,식품의약품안전처,신기술적용식품(푸드테크)안전기술지원(R&D),대체식품의소재생산안전기술개발,1619.0,A. 기술혁신 촉진(개발·실증·사업화),T7 일반 국민·산업 종사자·창작자,I1 R&D 과제 출연(연구개발비),K1 기술개발 과제 수행(연구개발비),S7 소재·부품·장비·제조혁신,S7;S9,2,없음
6142,2025,식품의약품안전처,신기술적용식품(푸드테크)안전기술지원(R&D),빅데이터·AI기반푸드테크유통소비안전기술개발,533.0,A. 기술혁신 촉진(개발·실증·사업화),T7 일반 국민·산업 종사자·창작자,I1 R&D 과제 출연(연구개발비),K1 기술개발 과제 수행(연구개발비),S1 인공지능(AI)·데이터,S1;S9;S10,3,핵심
6143,2025,식품의약품안전처,신기술적용식품(푸드테크)안전기술지원(R&D),신기술적용식품안전기술확산및적용연구,300.0,A. 기술혁신 촉진(개발·실증·사업화),T7 일반 국민·산업 종사자·창작자,I1 R&D 과제 출연(연구개발비),K1 기술개발 과제 수행(연구개발비),S9 농림축산식품·해양수산,S9,1,없음
6144,2025,우주항공청,(혁신도전형)상시재난감시용성층권드론기술개발(R&D),(혁신도전형)상시재난감시용성층권드론기술개발,6250.0,A. 기술혁신 촉진(개발·실증·사업화),T0 수혜대상 미기재,I0 지원형태 미기재,K0 내용 미기재,S6 모빌리티·항공우주·조선,S6,1,없음
6145,2025,우주항공청,항공우주부품공정고도화기술개발(R&D),항공우주부품공정고도화기술개발,2475.0,A. 기술혁신 촉진(개발·실증·사업화),T5 산학연 연구수행기관(기업·대학·연구소 컨소시엄),I0 지원형태 미기재,K0 내용 미기재,S7 소재·부품·장비·제조혁신,S6;S7,2,없음
6146,2025,조달청,정부조달국제협력체제구축,우리기업의해외시장진출지원,2409.0,C. 수출·해외진출 촉진,"T8 수요·제도 연계 사업체 및 공공기관(수요기업, 설비 설치자, 지자체 등)",I10 직접 수행(직접사업),K6 해외진출·수출 지원(전시·상담·현지화),S0 업종 공통(산업 무관),S0,0,없음
6147,2025,조달청,정부조달국제협력체제구축,수출연계혁신제품해외실증애로해소,1200.0,C. 수출·해외진출 촉진,"T8 수요·제도 연계 사업체 및 공공기관(수요기업, 설비 설치자, 지자체 등)",I10 직접 수행(직접사업),K6 해외진출·수출 지원(전시·상담·현지화),S0 업종 공통(산업 무관),S0,0,없음
6148,2025,조달청,조달물자구매및관리지원(자본),공공혁신조달사업(국내실증),35400.0,A. 기술혁신 촉진(개발·실증·사업화),"T8 수요·제도 연계 사업체 및 공공기관(수요기업, 설비 설치자, 지자체 등)",I10 직접 수행(직접사업),K8 컨설팅·인증·시험·홍보 서비스 제공,S0 업종 공통(산업 무관),S0,0,없음
6149,2025,조달청,조달물자구매및관리지원(자본),공공혁신조달사업(해외실증),14000.0,A. 기술혁신 촉진(개발·실증·사업화),"T8 수요·제도 연계 사업체 및 공공기관(수요기업, 설비 설치자, 지자체 등)",I10 직접 수행(직접사업),K8 컨설팅·인증·시험·홍보 서비스 제공,S0 업종 공통(산업 무관),S0,0,없음
6150,2025,조달청,공공혁신수요기반혁신제품기술개발(R&D),공공혁신수요기반혁신제품기술개발,2968.0,A. 기술혁신 촉진(개발·실증·사업화),"T8 수요·제도 연계 사업체 및 공공기관(수요기업, 설비 설치자, 지자체 등)",I1 R&D 과제 출연(연구개발비),K1 기술개발 과제 수행(연구개발비),S0 업종 공통(산업 무관),S0,0,없음
6151,2025,지식재산처,IP-R&D전략지원(R&D),지재권연계연구개발전략지원,38707.0,A. 기술혁신 촉진(개발·실증·사업화),T0 수혜대상 미기재,I10 직접 수행(직접사업),K8 컨설팅·인증·시험·홍보 서비스 제공,S0 업종 공통(산업 무관),S0,0,없음
6152,2025,지식재산처,IP-R&D전략지원(R&D),지재권활용인프라구축,2970.0,C. 수출·해외진출 촉진,T0 수혜대상 미기재,I10 직접 수행(직접사업),K7 사업비용 보조(전시·인증·컨설팅·기술도입 비용),S0 업종 공통(산업 무관),S0,0,없음
6153,2025,지식재산처,발명장려문화조성,직무발명활성화,654.0,D. 자금조달·경영안정 지원(융자·보증·비용보전),T0 수혜대상 미기재,I8 보증·보험(신용보강),K8 컨설팅·인증·시험·홍보 서비스 제공,S8 콘텐츠·문화·관광·스포츠,S8,1,없음
6154,2025,지식재산처,지식재산창출지원,중소기업IP창출지원,16368.0,A. 기술혁신 촉진(개발·실증·사업화),T0 수혜대상 미기재,I3 보조금(사업비 보조·매칭),K3 지역·사회적경제·창업 활성화 프로그램,S0 업종 공통(산업 무관),S0,0,없음
6155,2025,지식재산처,지식재산창출지원,소상공인IP창출지원,4292.0,D. 자금조달·경영안정 지원(융자·보증·비용보전),T0 수혜대상 미기재,I3 보조금(사업비 보조·매칭),K3 지역·사회적경제·창업 활성화 프로그램,S0 업종 공통(산업 무관),S0,0,없음
6156,2025,지식재산처,IP활용창업·성장지원,IP나래프로그램,8500.0,B. 창업·벤처 육성,T0 수혜대상 미기재,I3 보조금(사업비 보조·매칭),K8 컨설팅·인증·시험·홍보 서비스 제공,S0 업종 공통(산업 무관),S0,0,없음
6157,2025,해양수산부,스마트항만-자율운항선박연계기술개발(R&D),스마트항만-자율운항선박연계기술개발,5113.0,A. 기술혁신 촉진(개발·실증·사업화),T5 산학연 연구수행기관(기업·대학·연구소 컨소시엄),I1 R&D 과제 출연(연구개발비),K1 기술개발 과제 수행(연구개발비),S6 모빌리티·항공우주·조선,S2;S6,2,없음
6158,2025,해양수산부,선체부착생물처리기술개발(R&D),선체부착생물처리(제거·수거·처리)기술개발,4127.0,A. 기술혁신 촉진(개발·실증·사업화),T5 산학연 연구수행기관(기업·대학·연구소 컨소시엄),I1 R&D 과제 출연(연구개발비),K1 기술개발 과제 수행(연구개발비),S0 업종 공통(산업 무관),S0,0,없음
6159,2025,해양수산부,해상디지털통합활용연계기술개발(R&D),해상디지털통신연계기술개발,600.0,A. 기술혁신 촉진(개발·실증·사업화),T5 산학연 연구수행기관(기업·대학·연구소 컨소시엄),I1 R&D 과제 출연(연구개발비),K1 기술개발 과제 수행(연구개발비),S2 디지털·SW·정보통신,S2,1,없음
6160,2025,해양수산부,수산물신선유통스마트기술개발(R&D),수산식품스마트가공기술개발,2000.0,A. 기술혁신 촉진(개발·실증·사업화),T5 산학연 연구수행기관(기업·대학·연구소 컨소시엄),I1 R&D 과제 출연(연구개발비),K1 기술개발 과제 수행(연구개발비),S9 농림축산식품·해양수산,S9;S10,2,없음
6161,2025,해양수산부,수산식품산업맞춤형기술개발(R&D),수산식품시장맞춤형기술개발,1950.0,A. 기술혁신 촉진(개발·실증·사업화),T5 산학연 연구수행기관(기업·대학·연구소 컨소시엄),I1 R&D 과제 출연(연구개발비),K1 기술개발 과제 수행(연구개발비),S9 농림축산식품·해양수산,S9,1,없음
6162,2025,해양수산부,수산물수매지원(융자),수산물수매지원,138293.0,E. 생산기반 현대화·친환경 전환(시설·설비),T9 농어업인·농식품·수산업체,I4 융자(정책자금 대출),K4 자금 융자·보증 제공(운전·시설자금),S9 농림축산식품·해양수산,S9,1,없음
6163,2025,해양수산부,수산물수매지원(융자),가공시설및운영,14450.0,E. 생산기반 현대화·친환경 전환(시설·설비),T9 농어업인·농식품·수산업체,I4 융자(정책자금 대출),K4 자금 융자·보증 제공(운전·시설자금),S9 농림축산식품·해양수산,S9,1,없음
6164,2025,해양수산부,우수수산물지원(융자),우수수산물지원,148946.0,C. 수출·해외진출 촉진,T9 농어업인·농식품·수산업체,I4 융자(정책자금 대출),K4 자금 융자·보증 제공(운전·시설자금),S9 농림축산식품·해양수산,S9,1,없음
6165,2025,해양수산부,해양수산신산업육성및기업투자유치지원,타깃기업투자확대및일자리창출지원등,2020.0,G. 고용 창출·유지 및 노동환경 개선,T1 중소·중견기업(일반·업종·지역 특정),I6 혼합(출연+보조+직접 등 복수 형태),K3 지역·사회적경제·창업 활성화 프로그램,S9 농림축산식품·해양수산,S9,1,없음
6166,2025,해양수산부,해양수산신산업육성및기업투자유치지원,해양신산업인큐베이팅지원,3160.0,B. 창업·벤처 육성,T1 중소·중견기업(일반·업종·지역 특정),I6 혼합(출연+보조+직접 등 복수 형태),K7 사업비용 보조(전시·인증·컨설팅·기술도입 비용),S9 농림축산식품·해양수산,S9,1,없음
6167,2025,해양수산부,해양수산신산업육성및기업투자유치지원,민간투자기반유망기업사업화지원,3000.0,C. 수출·해외진출 촉진,T1 중소·중견기업(일반·업종·지역 특정),I6 혼합(출연+보조+직접 등 복수 형태),K5 창업 사업화자금·투자연계·보육,S9 농림축산식품·해양수산,S9,1,없음
6168,2025,해양수산부,스마트해양조사및정보활용기술개발(R&D),"해양재난대응을위한3차원해수유동(조류,해류)관측기술개발",2789.0,A. 기술혁신 촉진(개발·실증·사업화),T5 산학연 연구수행기관(기업·대학·연구소 컨소시엄),I1 R&D 과제 출연(연구개발비),K1 기술개발 과제 수행(연구개발비),S9 농림축산식품·해양수산,S9,1,없음
6169,2025,해양수산부,스마트해양조사및정보활용기술개발(R&D),S-100기반국가해양GIS핵심기술의국산화개발연구,2311.0,A. 기술혁신 촉진(개발·실증·사업화),T5 산학연 연구수행기관(기업·대학·연구소 컨소시엄),I1 R&D 과제 출연(연구개발비),K1 기술개발 과제 수행(연구개발비),S9 농림축산식품·해양수산,S9,1,없음
6170,2025,해양수산부,해양기후변화진단및장기전망연구(R&D),월파정량관측기술개발,2216.0,A. 기술혁신 촉진(개발·실증·사업화),T5 산학연 연구수행기관(기업·대학·연구소 컨소시엄),I1 R&D 과제 출연(연구개발비),K1 기술개발 과제 수행(연구개발비),S5 에너지·환경,S5;S9,2,없음
6171,2025,해양수산부,해양레저장비및안전기술개발(R&D),해양레저장비및안전기술개발,5580.0,A. 기술혁신 촉진(개발·실증·사업화),T5 산학연 연구수행기관(기업·대학·연구소 컨소시엄),I1 R&D 과제 출연(연구개발비),K1 기술개발 과제 수행(연구개발비),S7 소재·부품·장비·제조혁신,S6;S7;S9,3,언급
6172,2025,해양수산부,해양수산산업핵심기자재국산화및표준화기술개발(R&D),해양수산산업기자재국산화기술개발,2591.0,A. 기술혁신 촉진(개발·실증·사업화),T5 산학연 연구수행기관(기업·대학·연구소 컨소시엄),I1 R&D 과제 출연(연구개발비),K1 기술개발 과제 수행(연구개발비),S9 농림축산식품·해양수산,S9,1,없음
6173,2025,해양수산부,해양수산부산물바이오소재화기술개발(R&D),해양수산부산물바이오소재화기술개발,3000.0,A. 기술혁신 촉진(개발·실증·사업화),T5 산학연 연구수행기관(기업·대학·연구소 컨소시엄),I1 R&D 과제 출연(연구개발비),K3 지역·사회적경제·창업 활성화 프로그램,S4 바이오·헬스,S4;S7;S9,3,없음
6174,2025,해양수산부,자율운항선박기술개발사업(R&D),자율운항선박기술개발,5697.0,A. 기술혁신 촉진(개발·실증·사업화),T5 산학연 연구수행기관(기업·대학·연구소 컨소시엄),I1 R&D 과제 출연(연구개발비),K1 기술개발 과제 수행(연구개발비),S6 모빌리티·항공우주·조선,S6,1,없음
6175,2025,해양수산부,블루카본증대를위한세라믹계융합소재활용해양인공구조물개발,블루카본증대를위한세라믹계융합소재활용해양인공구조물개발,1600.0,A. 기술혁신 촉진(개발·실증·사업화),T9 농어업인·농식품·수산업체,I2 출연(기관 운영·인프라·위탁 서비스),K1 기술개발 과제 수행(연구개발비),S9 농림축산식품·해양수산,S5;S7;S9,3,없음
6176,2025,해양수산부,친환경선박보급촉진,친환경선박보급및운영지원,10050.0,E. 생산기반 현대화·친환경 전환(시설·설비),T9 농어업인·농식품·수산업체,I3 보조금(사업비 보조·매칭),K11 환경·안전 설비 구축 및 관리,S6 모빌리티·항공우주·조선,S5;S6,2,없음
6177,2025,해양수산부,해운물류전문인력양성,실무형해상물류일자리지원,1100.0,F. 전문인력 양성·채용 지원,"T2 중소·벤처기업(특정 요건·단계: 글로벌 진출 희망, 인증, 재직자 등)",I3 보조금(사업비 보조·매칭),K9 교육·훈련 과정 운영,S10 유통·물류·생활서비스,S10,1,없음
6178,2025,해양수산부,수산산업창업투자지원,지역별창업투자지원센터,5250.0,B. 창업·벤처 육성,T9 농어업인·농식품·수산업체,I3 보조금(사업비 보조·매칭),K3 지역·사회적경제·창업 활성화 프로그램,S9 농림축산식품·해양수산,S9,1,없음
6179,2025,해양수산부,수산산업창업투자지원,수산연관우수기술사업화자금지원,88.0,A. 기술혁신 촉진(개발·실증·사업화),T9 농어업인·농식품·수산업체,I3 보조금(사업비 보조·매칭),K2 산업 생태계·협력 기반 조성(플랫폼·네트워크),S9 농림축산식품·해양수산,S9,1,없음
6180,2025,해양수산부,쿠로시오해류로인한한반도해양위기대응기술개발,쿠로시오해류로인한한반도해양위기대응기술개발,2500.0,A. 기술혁신 촉진(개발·실증·사업화),T5 산학연 연구수행기관(기업·대학·연구소 컨소시엄),I1 R&D 과제 출연(연구개발비),K1 기술개발 과제 수행(연구개발비),S9 농림축산식품·해양수산,S9,1,없음
6181,2025,해양수산부,스마트선박용수로정보표준개발,스마트선박용수로정보표준개발,2400.0,A. 기술혁신 촉진(개발·실증·사업화),T5 산학연 연구수행기관(기업·대학·연구소 컨소시엄),I2 출연(기관 운영·인프라·위탁 서비스),K1 기술개발 과제 수행(연구개발비),S6 모빌리티·항공우주·조선,S6,1,언급
6182,2025,해양수산부,대체해조육및수산배양육기술개발(R&D),대체해조육상용화기술개발,1690.0,A. 기술혁신 촉진(개발·실증·사업화),T5 산학연 연구수행기관(기업·대학·연구소 컨소시엄),I1 R&D 과제 출연(연구개발비),K1 기술개발 과제 수행(연구개발비),S9 농림축산식품·해양수산,S9,1,없음
6183,2025,해양수산부,대체해조육및수산배양육기술개발(R&D),수산배양육생산기술개발,2430.0,A. 기술혁신 촉진(개발·실증·사업화),T5 산학연 연구수행기관(기업·대학·연구소 컨소시엄),I1 R&D 과제 출연(연구개발비),K1 기술개발 과제 수행(연구개발비),S9 농림축산식품·해양수산,S9,1,없음
6184,2025,해양수산부,어선원안전·보건관리체계구축,중대재해대응지원,1844.0,G. 고용 창출·유지 및 노동환경 개선,"T2 중소·벤처기업(특정 요건·단계: 글로벌 진출 희망, 인증, 재직자 등)",I3 보조금(사업비 보조·매칭),K11 환경·안전 설비 구축 및 관리,S0 업종 공통(산업 무관),S0,0,없음
6185,2025,해양수산부,해양수산딥테크육성기술개발사업(R&D),해양수산딥테크전환기술개발,2625.0,A. 기술혁신 촉진(개발·실증·사업화),T1 중소·중견기업(일반·업종·지역 특정),I1 R&D 과제 출연(연구개발비),K1 기술개발 과제 수행(연구개발비),S9 농림축산식품·해양수산,S9,1,언급
6186,2025,해양수산부,해양수산딥테크육성기술개발사업(R&D),해양수산글로벌딥테크발굴기술개발,1500.0,C. 수출·해외진출 촉진,T1 중소·중견기업(일반·업종·지역 특정),I1 R&D 과제 출연(연구개발비),K1 기술개발 과제 수행(연구개발비),S9 농림축산식품·해양수산,S9,1,없음
6187,2025,행정안전부,마을기업육성사업,마을기업육성사업,1475.0,G. 고용 창출·유지 및 노동환경 개선,"T2 중소·벤처기업(특정 요건·단계: 글로벌 진출 희망, 인증, 재직자 등)",I3 보조금(사업비 보조·매칭),K3 지역·사회적경제·창업 활성화 프로그램,S0 업종 공통(산업 무관),S0,0,없음
6188,2025,행정안전부,지역주도형청년일자리사업,지역주도형청년일자리,19545.0,G. 고용 창출·유지 및 노동환경 개선,"T2 중소·벤처기업(특정 요건·단계: 글로벌 진출 희망, 인증, 재직자 등)",I3 보조금(사업비 보조·매칭),K10 고용장려금·인건비·공제 지급,S0 업종 공통(산업 무관),S0,0,없음
6189,2025,행정안전부,재난안전산업활성화,재난안전기업사업화역량강화컨설팅및선도재난안전기업해외수출역량강화지원,500.0,C. 수출·해외진출 촉진,T7 일반 국민·산업 종사자·창작자,I3 보조금(사업비 보조·매칭),K8 컨설팅·인증·시험·홍보 서비스 제공,S0 업종 공통(산업 무관),S0,0,없음
6190,2025,행정안전부,재난안전산업활성화,온·오프라인K-Safety홍보마케팅,100.0,H. 경영역량 강화·사업화 지원(컨설팅·마케팅·디자인),T7 일반 국민·산업 종사자·창작자,I3 보조금(사업비 보조·매칭),K8 컨설팅·인증·시험·홍보 서비스 제공,S0 업종 공통(산업 무관),S0,0,없음
6191,2025,행정안전부,재난안전산업기술사업화지원(R&D),재난안전융합기술고도화지원,6600.0,A. 기술혁신 촉진(개발·실증·사업화),T7 일반 국민·산업 종사자·창작자,I2 출연(기관 운영·인프라·위탁 서비스),K2 산업 생태계·협력 기반 조성(플랫폼·네트워크),S0 업종 공통(산업 무관),S0,0,없음
6192,2025,행정안전부,재난안전산업기술사업화지원(R&D),재난안전맞춤형사업화지원,2970.0,A. 기술혁신 촉진(개발·실증·사업화),T7 일반 국민·산업 종사자·창작자,I2 출연(기관 운영·인프라·위탁 서비스),K2 산업 생태계·협력 기반 조성(플랫폼·네트워크),S0 업종 공통(산업 무관),S0,0,없음
6193,2025,행정안전부,도시침수방어능력강화를위한피해저감실용화기술개발(R&D),도시침수저감기능강화형중점기술개발,2650.0,A. 기술혁신 촉진(개발·실증·사업화),T7 일반 국민·산업 종사자·창작자,I1 R&D 과제 출연(연구개발비),K1 기술개발 과제 수행(연구개발비),S0 업종 공통(산업 무관),S0,0,없음
6194,2025,행정안전부,AI기반안전신고정보의과학적분석서비스기술개발(R&D),AI기반차세대안전신고및위험징후분석서비스기술개발,1080.0,A. 기술혁신 촉진(개발·실증·사업화),T7 일반 국민·산업 종사자·창작자,I1 R&D 과제 출연(연구개발비),K1 기술개발 과제 수행(연구개발비),S1 인공지능(AI)·데이터,S1,1,핵심
6195,2025,기후에너지환경부,녹색환경지원센터활성화지원,기업환경기술지원,2256.0,H. 경영역량 강화·사업화 지원(컨설팅·마케팅·디자인),"T2 중소·벤처기업(특정 요건·단계: 글로벌 진출 희망, 인증, 재직자 등)",I3 보조금(사업비 보조·매칭),K8 컨설팅·인증·시험·홍보 서비스 제공,S5 에너지·환경,S5,1,없음
6196,2025,기후에너지환경부,사업장미세먼지관리사업,굴뚝자동측정기기설치운영관리비지원사업,2100.0,E. 생산기반 현대화·친환경 전환(시설·설비),"T2 중소·벤처기업(특정 요건·단계: 글로벌 진출 희망, 인증, 재직자 등)",I3 보조금(사업비 보조·매칭),K11 환경·안전 설비 구축 및 관리,S5 에너지·환경,S5,1,없음
6197,2025,기후에너지환경부,사업장미세먼지관리사업,소규모사업장방지시설설치지원사업,31536.0,E. 생산기반 현대화·친환경 전환(시설·설비),"T2 중소·벤처기업(특정 요건·단계: 글로벌 진출 희망, 인증, 재직자 등)",I3 보조금(사업비 보조·매칭),K11 환경·안전 설비 구축 및 관리,S5 에너지·환경,S5,1,없음
6198,2025,기후에너지환경부,사업장미세먼지지능형최적저감·관리기술개발(R&D),사업장미세먼지지능형최적저감·관리기술개발,7959.0,A. 기술혁신 촉진(개발·실증·사업화),T7 일반 국민·산업 종사자·창작자,I1 R&D 과제 출연(연구개발비),K1 기술개발 과제 수행(연구개발비),S5 에너지·환경,S5,1,언급
6199,2025,기후에너지환경부,생활주변미세먼지관리사업,영세사업장악취기술지원,765.0,E. 생산기반 현대화·친환경 전환(시설·설비),T7 일반 국민·산업 종사자·창작자,I3 보조금(사업비 보조·매칭),K11 환경·안전 설비 구축 및 관리,S5 에너지·환경,S5,1,없음
6200,2025,기후에너지환경부,생활주변미세먼지관리사업,유증기회수설비형식인증및사후관리,5231.0,E. 생산기반 현대화·친환경 전환(시설·설비),T7 일반 국민·산업 종사자·창작자,I3 보조금(사업비 보조·매칭),K11 환경·안전 설비 구축 및 관리,S0 업종 공통(산업 무관),S0,0,없음
6201,2025,기후에너지환경부,생활주변미세먼지관리사업,HAPs비산배출시설설치운영사업장관리,687.0,E. 생산기반 현대화·친환경 전환(시설·설비),T7 일반 국민·산업 종사자·창작자,I3 보조금(사업비 보조·매칭),K11 환경·안전 설비 구축 및 관리,S5 에너지·환경,S5,1,없음
6202,2025,기후에너지환경부,생활주변미세먼지관리사업,사업장유해대기오염물질측정분석,400.0,E. 생산기반 현대화·친환경 전환(시설·설비),T7 일반 국민·산업 종사자·창작자,I3 보조금(사업비 보조·매칭),K11 환경·안전 설비 구축 및 관리,S5 에너지·환경,S5,1,없음
6203,2025,기후에너지환경부,생활주변미세먼지관리사업,가스히트펌프냉난방기개조지원사업,16781.0,E. 생산기반 현대화·친환경 전환(시설·설비),T7 일반 국민·산업 종사자·창작자,I3 보조금(사업비 보조·매칭),K11 환경·안전 설비 구축 및 관리,S5 에너지·환경,S5,1,없음
6204,2025,기후에너지환경부,"화학물질취급안전관리,지원",중소규모사업장안전진단지원,4032.0,G. 고용 창출·유지 및 노동환경 개선,T7 일반 국민·산업 종사자·창작자,I10 직접 수행(직접사업),K11 환경·안전 설비 구축 및 관리,S7 소재·부품·장비·제조혁신,S7,1,없음
6205,2025,기후에너지환경부,"화학물질취급안전관리,지원",화학안전사업장조성지원,6377.0,H. 경영역량 강화·사업화 지원(컨설팅·마케팅·디자인),T7 일반 국민·산업 종사자·창작자,I10 직접 수행(직접사업),K7 사업비용 보조(전시·인증·컨설팅·기술도입 비용),S7 소재·부품·장비·제조혁신,S7,1,없음
6206,2025,기후에너지환경부,화학사고예측‧예방고도화기술개발사업,화학사고예측‧예방고도화기술개발사업(R&D),5041.0,A. 기술혁신 촉진(개발·실증·사업화),T7 일반 국민·산업 종사자·창작자,I1 R&D 과제 출연(연구개발비),K1 기술개발 과제 수행(연구개발비),S7 소재·부품·장비·제조혁신,S5;S7,2,없음
6207,2025,기후에너지환경부,고순도공업용수생산국산화기술개발사업(R&D),핵심공정운영기술국산화및공정설계‧시공자립화기술개발,2930.0,A. 기술혁신 촉진(개발·실증·사업화),T5 산학연 연구수행기관(기업·대학·연구소 컨소시엄),I1 R&D 과제 출연(연구개발비),K1 기술개발 과제 수행(연구개발비),S5 에너지·환경,S5;S7,2,없음
6208,2025,기후에너지환경부,물산업진흥및물기업육성,물산업우수제품지정제도,200.0,E. 생산기반 현대화·친환경 전환(시설·설비),T7 일반 국민·산업 종사자·창작자,I3 보조금(사업비 보조·매칭),K3 지역·사회적경제·창업 활성화 프로그램,S5 에너지·환경,S5,1,없음
6209,2025,기후에너지환경부,물산업진흥및물기업육성,혁신형물기업지정·지원,5000.0,C. 수출·해외진출 촉진,T7 일반 국민·산업 종사자·창작자,I3 보조금(사업비 보조·매칭),K5 창업 사업화자금·투자연계·보육,S5 에너지·환경,S5,1,없음
6210,2025,기후에너지환경부,물산업클러스터운영,국가물산업클러스터기업지원,9597.0,H. 경영역량 강화·사업화 지원(컨설팅·마케팅·디자인),"T8 수요·제도 연계 사업체 및 공공기관(수요기업, 설비 설치자, 지자체 등)",I3 보조금(사업비 보조·매칭),K7 사업비용 보조(전시·인증·컨설팅·기술도입 비용),S5 에너지·환경,S5,1,없음
6211,2025,기후에너지환경부,자원순환촉진지원,순환경제성과관리제도운영,2899.0,A. 기술혁신 촉진(개발·실증·사업화),T9 농어업인·농식품·수산업체,I3 보조금(사업비 보조·매칭),K11 환경·안전 설비 구축 및 관리,S5 에너지·환경,S5,1,없음
6212,2025,기후에너지환경부,미래환경산업육성융자,미래환경산업육성융자,333328.0,D. 자금조달·경영안정 지원(융자·보증·비용보전),T1 중소·중견기업(일반·업종·지역 특정),I4 융자(정책자금 대출),K11 환경·안전 설비 구축 및 관리,S5 에너지·환경,S5,1,없음
6213,2025,기후에너지환경부,중소환경기업사업화지원사업,사업화지원,37100.0,H. 경영역량 강화·사업화 지원(컨설팅·마케팅·디자인),T1 중소·중견기업(일반·업종·지역 특정),I3 보조금(사업비 보조·매칭),K7 사업비용 보조(전시·인증·컨설팅·기술도입 비용),S5 에너지·환경,S5,1,없음
6214,2025,기후에너지환경부,중소환경기업사업화지원사업,에코스타트업지원,22999.0,B. 창업·벤처 육성,T1 중소·중견기업(일반·업종·지역 특정),I3 보조금(사업비 보조·매칭),K5 창업 사업화자금·투자연계·보육,S5 에너지·환경,S5,1,없음
6215,2025,기후에너지환경부,중소환경기업사업화지원사업,새활용산업육성지원,6000.0,H. 경영역량 강화·사업화 지원(컨설팅·마케팅·디자인),T1 중소·중견기업(일반·업종·지역 특정),I3 보조금(사업비 보조·매칭),K8 컨설팅·인증·시험·홍보 서비스 제공,S5 에너지·환경,S5,1,없음
6216,2025,기후에너지환경부,중소환경기업사업화지원사업,녹색융합클러스터육성지원,1400.0,A. 기술혁신 촉진(개발·실증·사업화),T1 중소·중견기업(일반·업종·지역 특정),I3 보조금(사업비 보조·매칭),K2 산업 생태계·협력 기반 조성(플랫폼·네트워크),S5 에너지·환경,S5,1,없음
6217,2025,기후에너지환경부,환경산업수출기반육성지원,환경기업수출지원,23800.0,C. 수출·해외진출 촉진,"T8 수요·제도 연계 사업체 및 공공기관(수요기업, 설비 설치자, 지자체 등)",I3 보조금(사업비 보조·매칭),K7 사업비용 보조(전시·인증·컨설팅·기술도입 비용),S5 에너지·환경,S5,1,없음
6218,2025,기후에너지환경부,환경산업수출기반육성지원,해외프로젝트발굴및네트워크구축,5000.0,C. 수출·해외진출 촉진,"T8 수요·제도 연계 사업체 및 공공기관(수요기업, 설비 설치자, 지자체 등)",I3 보조금(사업비 보조·매칭),K7 사업비용 보조(전시·인증·컨설팅·기술도입 비용),S5 에너지·환경,S5,1,없음
6219,2025,기후에너지환경부,물‧대기산업경쟁력강화를위한주요기자재국산화기술개발사업(R&D),물환경산업경쟁력강화국산화기술개발,2825.0,A. 기술혁신 촉진(개발·실증·사업화),"T8 수요·제도 연계 사업체 및 공공기관(수요기업, 설비 설치자, 지자체 등)",I1 R&D 과제 출연(연구개발비),K1 기술개발 과제 수행(연구개발비),S5 에너지·환경,S5,1,없음
6220,2025,기후에너지환경부,물‧대기산업경쟁력강화를위한주요기자재국산화기술개발사업(R&D),대기환경산업경쟁력강화국산화기술개발,3442.0,A. 기술혁신 촉진(개발·실증·사업화),"T8 수요·제도 연계 사업체 및 공공기관(수요기업, 설비 설치자, 지자체 등)",I1 R&D 과제 출연(연구개발비),K1 기술개발 과제 수행(연구개발비),S5 에너지·환경,S5,1,없음
6221,2025,기후에너지환경부,친환경경제사회기반구축,녹색소비활성화,2078.0,A. 기술혁신 촉진(개발·실증·사업화),T7 일반 국민·산업 종사자·창작자,I6 혼합(출연+보조+직접 등 복수 형태),K11 환경·안전 설비 구축 및 관리,S5 에너지·환경,S5,1,없음
6222,2025,기후에너지환경부,친환경경제사회기반구축,녹색기반구축,5630.0,E. 생산기반 현대화·친환경 전환(시설·설비),T7 일반 국민·산업 종사자·창작자,I6 혼합(출연+보조+직접 등 복수 형태),K11 환경·안전 설비 구축 및 관리,S5 에너지·환경,S5,1,없음
6223,2025,기후에너지환경부,대기환경무인기One-stop플랫폼기술개발사업,대기환경무인기One-Stop플랫폼기술개발,4000.0,A. 기술혁신 촉진(개발·실증·사업화),"T8 수요·제도 연계 사업체 및 공공기관(수요기업, 설비 설치자, 지자체 등)",I1 R&D 과제 출연(연구개발비),K1 기술개발 과제 수행(연구개발비),S5 에너지·환경,S5,1,없음
6224,2025,기후에너지환경부,탄소중립설비투자지원(환경부),온실가스감축기반구축,131934.0,E. 생산기반 현대화·친환경 전환(시설·설비),"T2 중소·벤처기업(특정 요건·단계: 글로벌 진출 희망, 인증, 재직자 등)",I3 보조금(사업비 보조·매칭),K11 환경·안전 설비 구축 및 관리,S5 에너지·환경,S5,1,없음
6225,2025,기후에너지환경부,탄소중립설비투자지원(환경부),스마트생태공장구축,81270.0,A. 기술혁신 촉진(개발·실증·사업화),"T2 중소·벤처기업(특정 요건·단계: 글로벌 진출 희망, 인증, 재직자 등)",I3 보조금(사업비 보조·매칭),K11 환경·안전 설비 구축 및 관리,S5 에너지·환경,S5,1,없음
6226,2025,기후에너지환경부,온실가스관리인프라구축(환경부),온실가스목표관리제운영,16423.0,E. 생산기반 현대화·친환경 전환(시설·설비),T7 일반 국민·산업 종사자·창작자,I6 혼합(출연+보조+직접 등 복수 형태),K11 환경·안전 설비 구축 및 관리,S5 에너지·환경,S5,1,없음
6227,2025,기후에너지환경부,탄소중립사업화지원(환경부),탄소중립사업화지원,3000.0,A. 기술혁신 촉진(개발·실증·사업화),T1 중소·중견기업(일반·업종·지역 특정),I3 보조금(사업비 보조·매칭),K5 창업 사업화자금·투자연계·보육,S5 에너지·환경,S5,1,없음
8233,2026,중소벤처기업부,지역특화산업육성(세종),지역주력산업육성(세종),1697.0,H. 경영역량 강화·사업화 지원(컨설팅·마케팅·디자인),T1 중소·중견기업(일반·업종·지역 특정),I1 R&D 과제 출연(연구개발비),K5 창업 사업화자금·투자연계·보육,S0 업종 공통(산업 무관),S0,0,없음
8234,2026,중소벤처기업부,지역특화산업육성(세종),시군구연고산업육성(세종),500.0,H. 경영역량 강화·사업화 지원(컨설팅·마케팅·디자인),T1 중소·중견기업(일반·업종·지역 특정),I2 출연(기관 운영·인프라·위탁 서비스),K8 컨설팅·인증·시험·홍보 서비스 제공,S0 업종 공통(산업 무관),S0,0,없음
8235,2026,중소벤처기업부,지역특화산업육성(제주),지역주력산업육성(제주),3383.0,H. 경영역량 강화·사업화 지원(컨설팅·마케팅·디자인),T1 중소·중견기업(일반·업종·지역 특정),I1 R&D 과제 출연(연구개발비),K3 지역·사회적경제·창업 활성화 프로그램,S0 업종 공통(산업 무관),S0,0,없음
8236,2026,중소벤처기업부,지역특화산업육성(제주),시군구연고산업육성(제주),795.0,H. 경영역량 강화·사업화 지원(컨설팅·마케팅·디자인),T1 중소·중견기업(일반·업종·지역 특정),I2 출연(기관 운영·인프라·위탁 서비스),K8 컨설팅·인증·시험·홍보 서비스 제공,S0 업종 공통(산업 무관),S0,0,없음
8237,2026,중소벤처기업부,산학연CollaboR&D(R&D),산학협력기술개발,27613.0,A. 기술혁신 촉진(개발·실증·사업화),T5 산학연 연구수행기관(기업·대학·연구소 컨소시엄),I1 R&D 과제 출연(연구개발비),K2 산업 생태계·협력 기반 조성(플랫폼·네트워크),S0 업종 공통(산업 무관),S0,0,없음
8238,2026,중소벤처기업부,산학연CollaboR&D(R&D),산연협력기술개발,11807.0,A. 기술혁신 촉진(개발·실증·사업화),T5 산학연 연구수행기관(기업·대학·연구소 컨소시엄),I1 R&D 과제 출연(연구개발비),K2 산업 생태계·협력 기반 조성(플랫폼·네트워크),S0 업종 공통(산업 무관),S0,0,없음
8239,2026,중소벤처기업부,규제자유특구혁신사업육성,특구활성화 및 육성기반 조성(통합),5972.0,A. 기술혁신 촉진(개발·실증·사업화),T5 산학연 연구수행기관(기업·대학·연구소 컨소시엄),I3 보조금(사업비 보조·매칭),K7 사업비용 보조(전시·인증·컨설팅·기술도입 비용),S0 업종 공통(산업 무관),S0,0,없음
8240,2026,중소벤처기업부,규제자유특구혁신사업육성(R&D),규제자유특구혁신사업육성(R&D),16840.0,A. 기술혁신 촉진(개발·실증·사업화),T5 산학연 연구수행기관(기업·대학·연구소 컨소시엄),I1 R&D 과제 출연(연구개발비),K2 산업 생태계·협력 기반 조성(플랫폼·네트워크),S0 업종 공통(산업 무관),S0,0,없음
8241,2026,중소벤처기업부,규제자유특구혁신사업육성(R&D),글로벌혁신특구혁신사업육성(R&D),8261.0,C. 수출·해외진출 촉진,T5 산학연 연구수행기관(기업·대학·연구소 컨소시엄),I1 R&D 과제 출연(연구개발비),K2 산업 생태계·협력 기반 조성(플랫폼·네트워크),S0 업종 공통(산업 무관),S0,0,없음
8242,2026,중소벤처기업부,지역특화산업육성,지역주력산업육성,40594.0,H. 경영역량 강화·사업화 지원(컨설팅·마케팅·디자인),T1 중소·중견기업(일반·업종·지역 특정),I1 R&D 과제 출연(연구개발비),K5 창업 사업화자금·투자연계·보육,S0 업종 공통(산업 무관),S0,0,없음
8243,2026,중소벤처기업부,지역특화산업육성,시군구연고산업육성,33600.0,H. 경영역량 강화·사업화 지원(컨설팅·마케팅·디자인),T1 중소·중견기업(일반·업종·지역 특정),I2 출연(기관 운영·인프라·위탁 서비스),K8 컨설팅·인증·시험·홍보 서비스 제공,S0 업종 공통(산업 무관),S0,0,언급
8244,2026,중소벤처기업부,기술·경영지도,기술·경영지도지원,550.0,B. 창업·벤처 육성,T1 중소·중견기업(일반·업종·지역 특정),I10 직접 수행(직접사업),K3 지역·사회적경제·창업 활성화 프로그램,S0 업종 공통(산업 무관),S0,0,없음
8245,2026,중소벤처기업부,기술·경영지도,기보벤처캠프,857.0,B. 창업·벤처 육성,T1 중소·중견기업(일반·업종·지역 특정),I8 보증·보험(신용보강),K8 컨설팅·인증·시험·홍보 서비스 제공,S0 업종 공통(산업 무관),S0,0,없음
8246,2026,중소벤처기업부,팩토링금융,팩토링금융,99405.0,D. 자금조달·경영안정 지원(융자·보증·비용보전),"T2 중소·벤처기업(특정 요건·단계: 글로벌 진출 희망, 인증, 재직자 등)",I8 보증·보험(신용보강),K4 자금 융자·보증 제공(운전·시설자금),S0 업종 공통(산업 무관),S0,0,없음
8247,2026,중소벤처기업부,혁신선도형중소기업투자,혁신선도형중소기업투자,50259.0,B. 창업·벤처 육성,T1 중소·중견기업(일반·업종·지역 특정),I8 보증·보험(신용보강),K4 자금 융자·보증 제공(운전·시설자금),S0 업종 공통(산업 무관),S0,0,없음
8248,2026,중소벤처기업부,소공인특화지원,판로개척지원,6694.0,H. 경영역량 강화·사업화 지원(컨설팅·마케팅·디자인),T4 소상공인·소공인,I9 바우처,K8 컨설팅·인증·시험·홍보 서비스 제공,S0 업종 공통(산업 무관),S1,1,활용
8249,2026,중소벤처기업부,소공인특화지원,클린제조환경조성,12600.0,G. 고용 창출·유지 및 노동환경 개선,T4 소상공인·소공인,I3 보조금(사업비 보조·매칭),K11 환경·안전 설비 구축 및 관리,S0 업종 공통(산업 무관),S0,0,없음
8250,2026,중소벤처기업부,소공인특화지원,스마트제조지원,98000.0,H. 경영역량 강화·사업화 지원(컨설팅·마케팅·디자인),T4 소상공인·소공인,I3 보조금(사업비 보조·매칭),K5 창업 사업화자금·투자연계·보육,S7 소재·부품·장비·제조혁신,S7,1,없음
8251,2026,중소벤처기업부,소상공인성장지원,소상공인역량강화,21603.0,H. 경영역량 강화·사업화 지원(컨설팅·마케팅·디자인),T4 소상공인·소공인,I3 보조금(사업비 보조·매칭),K7 사업비용 보조(전시·인증·컨설팅·기술도입 비용),S0 업종 공통(산업 무관),S0,0,없음
8252,2026,중소벤처기업부,소상공인성장지원,소상공인협업물류지원,9225.0,H. 경영역량 강화·사업화 지원(컨설팅·마케팅·디자인),T4 소상공인·소공인,I3 보조금(사업비 보조·매칭),K3 지역·사회적경제·창업 활성화 프로그램,S10 유통·물류·생활서비스,S10,1,없음
8253,2026,중소벤처기업부,소상공인성장지원,소상공인경영안정바우처,579005.0,D. 자금조달·경영안정 지원(융자·보증·비용보전),T4 소상공인·소공인,I9 바우처,K7 사업비용 보조(전시·인증·컨설팅·기술도입 비용),S0 업종 공통(산업 무관),S0,0,없음
8254,2026,중소벤처기업부,소상공인스마트화지원,스마트상점기술보급,34882.0,A. 기술혁신 촉진(개발·실증·사업화),T4 소상공인·소공인,I3 보조금(사업비 보조·매칭),K7 사업비용 보조(전시·인증·컨설팅·기술도입 비용),S0 업종 공통(산업 무관),S0,0,언급
8255,2026,중소벤처기업부,소상공인스마트화지원,소상공인온라인판로지원,78719.0,H. 경영역량 강화·사업화 지원(컨설팅·마케팅·디자인),T4 소상공인·소공인,I3 보조금(사업비 보조·매칭),K7 사업비용 보조(전시·인증·컨설팅·기술도입 비용),S10 유통·물류·생활서비스,S8;S10,2,언급
8256,2026,중소벤처기업부,소상공인재기지원,희망리턴패키지,305550.0,H. 경영역량 강화·사업화 지원(컨설팅·마케팅·디자인),T4 소상공인·소공인,I3 보조금(사업비 보조·매칭),K5 창업 사업화자금·투자연계·보육,S0 업종 공통(산업 무관),S0,0,없음
8257,2026,중소벤처기업부,소상공인재기지원,소상공인사회보험료지원,15312.0,G. 고용 창출·유지 및 노동환경 개선,T4 소상공인·소공인,I3 보조금(사업비 보조·매칭),K10 고용장려금·인건비·공제 지급,S0 업종 공통(산업 무관),S0,0,없음
8258,2026,중소벤처기업부,소상공인재기지원,손실보상한시지원,8800.0,D. 자금조달·경영안정 지원(융자·보증·비용보전),T4 소상공인·소공인,I3 보조금(사업비 보조·매칭),K10 고용장려금·인건비·공제 지급,S0 업종 공통(산업 무관),S0,0,없음
8259,2026,중소벤처기업부,소상공인재기지원,코로나피해소상공인분할상환지원,12418.0,D. 자금조달·경영안정 지원(융자·보증·비용보전),T4 소상공인·소공인,I3 보조금(사업비 보조·매칭),K10 고용장려금·인건비·공제 지급,S0 업종 공통(산업 무관),S0,0,없음
8260,2026,중소벤처기업부,기업가형소상공인육성,혁신소상공인창업지원,22550.0,B. 창업·벤처 육성,T3 예비창업자·창업기업,I3 보조금(사업비 보조·매칭),K5 창업 사업화자금·투자연계·보육,S0 업종 공통(산업 무관),S1,1,활용
8261,2026,중소벤처기업부,기업가형소상공인육성,혁신소상공인도약지원,34167.0,H. 경영역량 강화·사업화 지원(컨설팅·마케팅·디자인),T3 예비창업자·창업기업,I3 보조금(사업비 보조·매칭),K3 지역·사회적경제·창업 활성화 프로그램,S0 업종 공통(산업 무관),S0,0,언급
8262,2026,중소벤처기업부,기업가형소상공인육성,혁신소상공인투자연계지원,34000.0,B. 창업·벤처 육성,T3 예비창업자·창업기업,I3 보조금(사업비 보조·매칭),K5 창업 사업화자금·투자연계·보육,S0 업종 공통(산업 무관),S0,0,없음
8263,2026,중소벤처기업부,기업가형소상공인육성,글로벌소상공인(K-소상공인)육성,9520.0,C. 수출·해외진출 촉진,T3 예비창업자·창업기업,I3 보조금(사업비 보조·매칭),K3 지역·사회적경제·창업 활성화 프로그램,S0 업종 공통(산업 무관),S0,0,없음
8264,2026,중소벤처기업부,기업가형소상공인육성,혁신소상공인AI활용지원,14360.0,H. 경영역량 강화·사업화 지원(컨설팅·마케팅·디자인),T3 예비창업자·창업기업,I3 보조금(사업비 보조·매칭),K8 컨설팅·인증·시험·홍보 서비스 제공,S1 인공지능(AI)·데이터,S1,1,핵심
8265,2026,중소벤처기업부,기업가형소상공인육성,소상공인온오프라인교육,15000.0,H. 경영역량 강화·사업화 지원(컨설팅·마케팅·디자인),T3 예비창업자·창업기업,I3 보조금(사업비 보조·매칭),K7 사업비용 보조(전시·인증·컨설팅·기술도입 비용),S0 업종 공통(산업 무관),S0,0,언급
8266,2026,중소벤처기업부,기업가형소상공인육성,백년소상공인육성,1472.0,H. 경영역량 강화·사업화 지원(컨설팅·마케팅·디자인),T3 예비창업자·창업기업,I3 보조금(사업비 보조·매칭),K3 지역·사회적경제·창업 활성화 프로그램,S0 업종 공통(산업 무관),S0,0,없음
8267,2026,중소벤처기업부,소상공인지원(융자),성장기반자금,792000.0,D. 자금조달·경영안정 지원(융자·보증·비용보전),T4 소상공인·소공인,I4 융자(정책자금 대출),K4 자금 융자·보증 제공(운전·시설자금),S0 업종 공통(산업 무관),S0,0,없음
8268,2026,중소벤처기업부,소상공인지원(융자),일반경영안정자금,1220000.0,D. 자금조달·경영안정 지원(융자·보증·비용보전),T4 소상공인·소공인,I4 융자(정책자금 대출),K4 자금 융자·보증 제공(운전·시설자금),S0 업종 공통(산업 무관),S0,0,없음
8269,2026,중소벤처기업부,소상공인지원(융자),특별경영안정자금,1350000.0,D. 자금조달·경영안정 지원(융자·보증·비용보전),T4 소상공인·소공인,I4 융자(정책자금 대출),K4 자금 융자·보증 제공(운전·시설자금),S0 업종 공통(산업 무관),S0,0,없음
8270,2026,중소벤처기업부,지역신용보증재단재보증,지역신용보증재단재보증,168128.0,D. 자금조달·경영안정 지원(융자·보증·비용보전),T4 소상공인·소공인,I8 보증·보험(신용보강),K4 자금 융자·보증 제공(운전·시설자금),S0 업종 공통(산업 무관),S0,0,없음
8271,2026,중소벤처기업부,중소기업기술혁신개발(R&D)(소특),강소기업100,7275.0,A. 기술혁신 촉진(개발·실증·사업화),T5 산학연 연구수행기관(기업·대학·연구소 컨소시엄),I1 R&D 과제 출연(연구개발비),K2 산업 생태계·협력 기반 조성(플랫폼·네트워크),S0 업종 공통(산업 무관),S0,0,없음
8272,2026,중소벤처기업부,수출지원기반활용사업,수출바우처,150203.0,C. 수출·해외진출 촉진,T1 중소·중견기업(일반·업종·지역 특정),I9 바우처,K7 사업비용 보조(전시·인증·컨설팅·기술도입 비용),S0 업종 공통(산업 무관),S0,0,없음
8273,2026,중소벤처기업부,중소기업해외시장진출,수출컨소시엄,19839.0,C. 수출·해외진출 촉진,T1 중소·중견기업(일반·업종·지역 특정),I6 혼합(출연+보조+직접 등 복수 형태),K7 사업비용 보조(전시·인증·컨설팅·기술도입 비용),S0 업종 공통(산업 무관),S0,0,없음
8274,2026,중소벤처기업부,중소기업해외시장진출,대중소기업동반진출,16851.0,C. 수출·해외진출 촉진,T1 중소·중견기업(일반·업종·지역 특정),I6 혼합(출연+보조+직접 등 복수 형태),K7 사업비용 보조(전시·인증·컨설팅·기술도입 비용),S0 업종 공통(산업 무관),S0,0,없음
8275,2026,중소벤처기업부,중소기업해외시장진출,전자상거래수출시장진출,35609.0,C. 수출·해외진출 촉진,T1 중소·중견기업(일반·업종·지역 특정),I6 혼합(출연+보조+직접 등 복수 형태),K7 사업비용 보조(전시·인증·컨설팅·기술도입 비용),S10 유통·물류·생활서비스,S10,1,없음
8276,2026,중소벤처기업부,중소기업해외시장진출,해외수출규제대응지원,17519.0,C. 수출·해외진출 촉진,T1 중소·중견기업(일반·업종·지역 특정),I6 혼합(출연+보조+직접 등 복수 형태),K7 사업비용 보조(전시·인증·컨설팅·기술도입 비용),S0 업종 공통(산업 무관),S0,0,없음
8277,2026,중소벤처기업부,대·중소기업동반성장생태계구축,동반성장문화조성,10425.0,A. 기술혁신 촉진(개발·실증·사업화),T4 소상공인·소공인,I3 보조금(사업비 보조·매칭),K5 창업 사업화자금·투자연계·보육,S8 콘텐츠·문화·관광·스포츠,S8,1,없음
8278,2026,중소벤처기업부,여성기업육성,여성창업지원,4286.0,B. 창업·벤처 육성,T3 예비창업자·창업기업,I3 보조금(사업비 보조·매칭),K5 창업 사업화자금·투자연계·보육,S0 업종 공통(산업 무관),S0,0,없음
8279,2026,중소벤처기업부,여성기업육성,여성기업판로지원,2572.0,H. 경영역량 강화·사업화 지원(컨설팅·마케팅·디자인),T3 예비창업자·창업기업,I3 보조금(사업비 보조·매칭),K8 컨설팅·인증·시험·홍보 서비스 제공,S0 업종 공통(산업 무관),S0,0,없음
8280,2026,중소벤처기업부,여성기업육성,여성기업인력지원,2355.0,B. 창업·벤처 육성,T3 예비창업자·창업기업,I3 보조금(사업비 보조·매칭),K3 지역·사회적경제·창업 활성화 프로그램,S0 업종 공통(산업 무관),S0,0,없음
8281,2026,중소벤처기업부,여성기업육성,펨테크산업육성사업,1780.0,B. 창업·벤처 육성,T3 예비창업자·창업기업,I3 보조금(사업비 보조·매칭),K8 컨설팅·인증·시험·홍보 서비스 제공,S0 업종 공통(산업 무관),S0,0,없음
8282,2026,중소벤처기업부,장애인기업육성,장애인기업성장기반구축,6225.0,B. 창업·벤처 육성,T3 예비창업자·창업기업,I3 보조금(사업비 보조·매칭),K5 창업 사업화자금·투자연계·보육,S0 업종 공통(산업 무관),S0,0,없음
8283,2026,중소벤처기업부,장애인기업육성,장애인창업육성,3019.0,B. 창업·벤처 육성,T3 예비창업자·창업기업,I3 보조금(사업비 보조·매칭),K5 창업 사업화자금·투자연계·보육,S0 업종 공통(산업 무관),S1,1,활용
8284,2026,중소벤처기업부,기술혁신기반조성,ASEIC운영,1575.0,A. 기술혁신 촉진(개발·실증·사업화),T1 중소·중견기업(일반·업종·지역 특정),I6 혼합(출연+보조+직접 등 복수 형태),K2 산업 생태계·협력 기반 조성(플랫폼·네트워크),S0 업종 공통(산업 무관),S0,0,없음
8285,2026,중소벤처기업부,기술혁신기반조성,중소기업기술탈취근절,7838.0,D. 자금조달·경영안정 지원(융자·보증·비용보전),T1 중소·중견기업(일반·업종·지역 특정),I6 혼합(출연+보조+직접 등 복수 형태),K2 산업 생태계·협력 기반 조성(플랫폼·네트워크),S0 업종 공통(산업 무관),S0,0,없음
8286,2026,중소벤처기업부,기술혁신기반조성,기술보호선도기업육성및피해회복지원,5610.0,A. 기술혁신 촉진(개발·실증·사업화),T1 중소·중견기업(일반·업종·지역 특정),I9 바우처,K7 사업비용 보조(전시·인증·컨설팅·기술도입 비용),S0 업종 공통(산업 무관),S0,0,없음
8287,2026,중소벤처기업부,기술혁신기반조성,기술사업화패키지,24000.0,A. 기술혁신 촉진(개발·실증·사업화),T1 중소·중견기업(일반·업종·지역 특정),I6 혼합(출연+보조+직접 등 복수 형태),K5 창업 사업화자금·투자연계·보육,S0 업종 공통(산업 무관),S0,0,없음
8288,2026,중소벤처기업부,스마트제조혁신기술개발사업(R&D),스마트제조혁신기술개발사업,23326.0,A. 기술혁신 촉진(개발·실증·사업화),T1 중소·중견기업(일반·업종·지역 특정),I1 R&D 과제 출연(연구개발비),K1 기술개발 과제 수행(연구개발비),S7 소재·부품·장비·제조혁신,S1;S7,2,활용
8289,2026,중소벤처기업부,중소기업기술혁신개발(R&D),글로벌선도기술개발,273993.0,C. 수출·해외진출 촉진,T5 산학연 연구수행기관(기업·대학·연구소 컨소시엄),I1 R&D 과제 출연(연구개발비),K1 기술개발 과제 수행(연구개발비),S0 업종 공통(산업 무관),S0,0,없음
8290,2026,중소벤처기업부,중소기업기술혁신개발(R&D),중소기업유망기술개발,220249.0,A. 기술혁신 촉진(개발·실증·사업화),T5 산학연 연구수행기관(기업·대학·연구소 컨소시엄),I1 R&D 과제 출연(연구개발비),K2 산업 생태계·협력 기반 조성(플랫폼·네트워크),S0 업종 공통(산업 무관),S0,0,언급
8291,2026,중소벤처기업부,창업성장기술개발(R&D),디딤돌,118028.0,A. 기술혁신 촉진(개발·실증·사업화),T1 중소·중견기업(일반·업종·지역 특정),I1 R&D 과제 출연(연구개발비),K2 산업 생태계·협력 기반 조성(플랫폼·네트워크),S0 업종 공통(산업 무관),S0,0,없음
8292,2026,중소벤처기업부,창업성장기술개발(R&D),TIPS,668391.0,B. 창업·벤처 육성,T1 중소·중견기업(일반·업종·지역 특정),I1 R&D 과제 출연(연구개발비),K5 창업 사업화자금·투자연계·보육,S0 업종 공통(산업 무관),S0,0,없음
8293,2026,중소벤처기업부,ICT융합스마트공장보급·확산,제조혁신구축지원,317290.0,A. 기술혁신 촉진(개발·실증·사업화),T1 중소·중견기업(일반·업종·지역 특정),I4 융자(정책자금 대출),K8 컨설팅·인증·시험·홍보 서비스 제공,S7 소재·부품·장비·제조혁신,S1;S2;S7,3,활용
8294,2026,중소벤처기업부,ICT융합스마트공장보급·확산,제조혁신인프라조성,12126.0,A. 기술혁신 촉진(개발·실증·사업화),T1 중소·중견기업(일반·업종·지역 특정),I6 혼합(출연+보조+직접 등 복수 형태),K8 컨설팅·인증·시험·홍보 서비스 제공,S7 소재·부품·장비·제조혁신,S1;S2;S7,3,활용
8295,2026,중소벤처기업부,ICT융합스마트공장보급·확산,제조데이터생태계구축,8140.0,A. 기술혁신 촉진(개발·실증·사업화),T1 중소·중견기업(일반·업종·지역 특정),I6 혼합(출연+보조+직접 등 복수 형태),K7 사업비용 보조(전시·인증·컨설팅·기술도입 비용),S7 소재·부품·장비·제조혁신,S1;S2;S7,3,없음
8296,2026,중소벤처기업부,ICT융합스마트공장보급·확산,AI 응용제품 신속 상용화,64500.0,A. 기술혁신 촉진(개발·실증·사업화),T1 중소·중견기업(일반·업종·지역 특정),I6 혼합(출연+보조+직접 등 복수 형태),K1 기술개발 과제 수행(연구개발비),S1 인공지능(AI)·데이터,S1;S2;S7,3,핵심
8297,2026,중소벤처기업부,데이터인프라구축(정보화),데이터거래지원,2650.0,A. 기술혁신 촉진(개발·실증·사업화),T1 중소·중견기업(일반·업종·지역 특정),I2 출연(기관 운영·인프라·위탁 서비스),K1 기술개발 과제 수행(연구개발비),S0 업종 공통(산업 무관),S0,0,언급
8298,2026,중소벤처기업부,중소기업스마트서비스지원,중소기업스마트서비스지원,10888.0,A. 기술혁신 촉진(개발·실증·사업화),T1 중소·중견기업(일반·업종·지역 특정),I2 출연(기관 운영·인프라·위탁 서비스),K7 사업비용 보조(전시·인증·컨설팅·기술도입 비용),S0 업종 공통(산업 무관),S0,0,언급
8299,2026,중소벤처기업부,지역특화제조데이터활성화,지역특화제조데이터활성화,6000.0,A. 기술혁신 촉진(개발·실증·사업화),T1 중소·중견기업(일반·업종·지역 특정),I2 출연(기관 운영·인프라·위탁 서비스),K1 기술개발 과제 수행(연구개발비),S7 소재·부품·장비·제조혁신,S1;S7,2,활용
8300,2026,중소벤처기업부,매출채권보험계정출연,매출채권보험계정출연,27000.0,D. 자금조달·경영안정 지원(융자·보증·비용보전),T1 중소·중견기업(일반·업종·지역 특정),I8 보증·보험(신용보강),K4 자금 융자·보증 제공(운전·시설자금),S0 업종 공통(산업 무관),S0,0,없음
8301,2026,중소벤처기업부,중소기업협동조합육성,협동조합활성화,4833.0,H. 경영역량 강화·사업화 지원(컨설팅·마케팅·디자인),T4 소상공인·소공인,I3 보조금(사업비 보조·매칭),K3 지역·사회적경제·창업 활성화 프로그램,S0 업종 공통(산업 무관),S0,0,없음
8302,2026,중소벤처기업부,중소기업협동조합육성,가업승계지원,704.0,H. 경영역량 강화·사업화 지원(컨설팅·마케팅·디자인),T4 소상공인·소공인,I3 보조금(사업비 보조·매칭),K8 컨설팅·인증·시험·홍보 서비스 제공,S0 업종 공통(산업 무관),S0,0,없음
8303,2026,중소벤처기업부,원스톱기업애로종합지원,기업애로전문가상담,3821.0,H. 경영역량 강화·사업화 지원(컨설팅·마케팅·디자인),T1 중소·중견기업(일반·업종·지역 특정),I6 혼합(출연+보조+직접 등 복수 형태),K8 컨설팅·인증·시험·홍보 서비스 제공,S0 업종 공통(산업 무관),S0,0,없음
8304,2026,중소벤처기업부,원스톱기업애로종합지원,현장클리닉,3001.0,H. 경영역량 강화·사업화 지원(컨설팅·마케팅·디자인),T1 중소·중견기업(일반·업종·지역 특정),I6 혼합(출연+보조+직접 등 복수 형태),K8 컨설팅·인증·시험·홍보 서비스 제공,S0 업종 공통(산업 무관),S0,0,없음
8305,2026,중소벤처기업부,공공구매제도운영,공공구매이행력제고,3820.0,A. 기술혁신 촉진(개발·실증·사업화),"T2 중소·벤처기업(특정 요건·단계: 글로벌 진출 희망, 인증, 재직자 등)",I3 보조금(사업비 보조·매칭),K8 컨설팅·인증·시험·홍보 서비스 제공,S0 업종 공통(산업 무관),S0,0,없음
8306,2026,중소벤처기업부,마케팅지원사업,판로진출지원,14301.0,H. 경영역량 강화·사업화 지원(컨설팅·마케팅·디자인),T4 소상공인·소공인,I3 보조금(사업비 보조·매칭),K8 컨설팅·인증·시험·홍보 서비스 제공,S0 업종 공통(산업 무관),S0,0,없음
8307,2026,중소벤처기업부,마케팅지원사업,K-뷰티클러스터,3000.0,C. 수출·해외진출 촉진,T4 소상공인·소공인,I3 보조금(사업비 보조·매칭),K8 컨설팅·인증·시험·홍보 서비스 제공,S4 바이오·헬스,S4;S10,2,없음
8308,2026,중소벤처기업부,중소기업혁신바우처지원사업,중소기업혁신바우처지원사업,65234.0,H. 경영역량 강화·사업화 지원(컨설팅·마케팅·디자인),T1 중소·중견기업(일반·업종·지역 특정),I9 바우처,K7 사업비용 보조(전시·인증·컨설팅·기술도입 비용),S7 소재·부품·장비·제조혁신,S1;S7,2,활용
8309,2026,중소벤처기업부,중소기업연구인력지원(R&D),신진연구인력채용지원,12462.0,A. 기술혁신 촉진(개발·실증·사업화),"T2 중소·벤처기업(특정 요건·단계: 글로벌 진출 희망, 인증, 재직자 등)",I2 출연(기관 운영·인프라·위탁 서비스),K10 고용장려금·인건비·공제 지급,S0 업종 공통(산업 무관),S0,0,없음
8310,2026,중소벤처기업부,중소기업연구인력지원(R&D),고경력연구인력채용지원,10293.0,A. 기술혁신 촉진(개발·실증·사업화),"T2 중소·벤처기업(특정 요건·단계: 글로벌 진출 희망, 인증, 재직자 등)",I2 출연(기관 운영·인프라·위탁 서비스),K10 고용장려금·인건비·공제 지급,S0 업종 공통(산업 무관),S0,0,없음
8311,2026,중소벤처기업부,중소기업연구인력지원(R&D),공공연연구인력파견지원,6480.0,A. 기술혁신 촉진(개발·실증·사업화),"T2 중소·벤처기업(특정 요건·단계: 글로벌 진출 희망, 인증, 재직자 등)",I1 R&D 과제 출연(연구개발비),K10 고용장려금·인건비·공제 지급,S0 업종 공통(산업 무관),S0,0,없음
8312,2026,중소벤처기업부,중소기업연구인력지원(R&D),중소기업연구인력현장맞춤형양성지원,4830.0,A. 기술혁신 촉진(개발·실증·사업화),"T2 중소·벤처기업(특정 요건·단계: 글로벌 진출 희망, 인증, 재직자 등)",I1 R&D 과제 출연(연구개발비),K5 창업 사업화자금·투자연계·보육,S0 업종 공통(산업 무관),S0,0,언급
8313,2026,중소벤처기업부,산학협력인력양성,중소기업특성화고인력양성,27637.0,F. 전문인력 양성·채용 지원,"T2 중소·벤처기업(특정 요건·단계: 글로벌 진출 희망, 인증, 재직자 등)",I3 보조금(사업비 보조·매칭),K5 창업 사업화자금·투자연계·보육,S0 업종 공통(산업 무관),S0,0,언급
8314,2026,중소벤처기업부,산학협력인력양성,중소기업인력양성대학,25239.0,F. 전문인력 양성·채용 지원,"T2 중소·벤처기업(특정 요건·단계: 글로벌 진출 희망, 인증, 재직자 등)",I3 보조금(사업비 보조·매칭),K5 창업 사업화자금·투자연계·보육,S0 업종 공통(산업 무관),S0,0,언급
8315,2026,중소벤처기업부,인력유입인프라조성,중소기업핵심인력성과보상기금,8686.0,F. 전문인력 양성·채용 지원,"T2 중소·벤처기업(특정 요건·단계: 글로벌 진출 희망, 인증, 재직자 등)",I3 보조금(사업비 보조·매칭),K10 고용장려금·인건비·공제 지급,S0 업종 공통(산업 무관),S0,0,없음
8316,2026,중소벤처기업부,인력유입인프라조성,중소기업인식개선및성과공유확산,1754.0,G. 고용 창출·유지 및 노동환경 개선,"T2 중소·벤처기업(특정 요건·단계: 글로벌 진출 희망, 인증, 재직자 등)",I3 보조금(사업비 보조·매칭),K10 고용장려금·인건비·공제 지급,S0 업종 공통(산업 무관),S0,0,없음
8317,2026,중소벤처기업부,벤처기업경쟁력강화,벤처기업일자리지원,1970.0,G. 고용 창출·유지 및 노동환경 개선,T3 예비창업자·창업기업,I3 보조금(사업비 보조·매칭),K8 컨설팅·인증·시험·홍보 서비스 제공,S0 업종 공통(산업 무관),S0,0,없음
8318,2026,중소벤처기업부,벤처기업경쟁력강화,여성벤처활성화지원,1350.0,B. 창업·벤처 육성,T3 예비창업자·창업기업,I3 보조금(사업비 보조·매칭),K3 지역·사회적경제·창업 활성화 프로그램,S0 업종 공통(산업 무관),S0,0,없음
8319,2026,중소벤처기업부,벤처캐피탈선진화,벤처투자활성화,875.0,B. 창업·벤처 육성,"T2 중소·벤처기업(특정 요건·단계: 글로벌 진출 희망, 인증, 재직자 등)",I3 보조금(사업비 보조·매칭),K8 컨설팅·인증·시험·홍보 서비스 제공,S0 업종 공통(산업 무관),S0,0,없음
8320,2026,중소벤처기업부,벤처캐피탈선진화,M&A활성화지원,917.0,B. 창업·벤처 육성,"T2 중소·벤처기업(특정 요건·단계: 글로벌 진출 희망, 인증, 재직자 등)",I3 보조금(사업비 보조·매칭),K8 컨설팅·인증·시험·홍보 서비스 제공,S0 업종 공통(산업 무관),S0,0,없음
8321,2026,중소벤처기업부,벤처캐피탈선진화,기업승계M&A지원,850.0,B. 창업·벤처 육성,"T2 중소·벤처기업(특정 요건·단계: 글로벌 진출 희망, 인증, 재직자 등)",I6 혼합(출연+보조+직접 등 복수 형태),K8 컨설팅·인증·시험·홍보 서비스 제공,S0 업종 공통(산업 무관),S0,0,없음
8322,2026,중소벤처기업부,중소기업재기지원,재도전성공패키지,14966.0,B. 창업·벤처 육성,T3 예비창업자·창업기업,I3 보조금(사업비 보조·매칭),K5 창업 사업화자금·투자연계·보육,S0 업종 공통(산업 무관),S0,0,없음
8323,2026,중소벤처기업부,창업생태계활성화지원,AX창업허브,33362.0,B. 창업·벤처 육성,T7 일반 국민·산업 종사자·창작자,I9 바우처,K5 창업 사업화자금·투자연계·보육,S1 인공지능(AI)·데이터,S1,1,핵심
8324,2026,중소벤처기업부,민관협력창업자육성,민관공동창업자발굴육성,123656.0,B. 창업·벤처 육성,T1 중소·중견기업(일반·업종·지역 특정),I6 혼합(출연+보조+직접 등 복수 형태),K3 지역·사회적경제·창업 활성화 프로그램,S0 업종 공통(산업 무관),S0,0,없음
8325,2026,중소벤처기업부,민관협력창업자육성,민관협력오픈이노베이션지원,24200.0,B. 창업·벤처 육성,T1 중소·중견기업(일반·업종·지역 특정),I6 혼합(출연+보조+직접 등 복수 형태),K5 창업 사업화자금·투자연계·보육,S0 업종 공통(산업 무관),S0,0,없음
8326,2026,중소벤처기업부,민관협력창업자육성,글로벌기업협업프로그램,60000.0,B. 창업·벤처 육성,T1 중소·중견기업(일반·업종·지역 특정),I6 혼합(출연+보조+직접 등 복수 형태),K5 창업 사업화자금·투자연계·보육,S0 업종 공통(산업 무관),S0,0,없음
8327,2026,중소벤처기업부,민관협력창업자육성,유니콘브릿지,32000.0,B. 창업·벤처 육성,T1 중소·중견기업(일반·업종·지역 특정),I6 혼합(출연+보조+직접 등 복수 형태),K5 창업 사업화자금·투자연계·보육,S0 업종 공통(산업 무관),S0,0,없음
8328,2026,중소벤처기업부,창업사업화지원,창업패키지,195187.0,B. 창업·벤처 육성,T3 예비창업자·창업기업,I6 혼합(출연+보조+직접 등 복수 형태),K5 창업 사업화자금·투자연계·보육,S0 업종 공통(산업 무관),S0,0,없음
8329,2026,중소벤처기업부,창업사업화지원,초격차스타트업프로젝트,145622.0,A. 기술혁신 촉진(개발·실증·사업화),T3 예비창업자·창업기업,I8 보증·보험(신용보강),K5 창업 사업화자금·투자연계·보육,S0 업종 공통(산업 무관),S1,1,활용
8330,2026,중소벤처기업부,창업사업화지원,창업중심대학,88250.0,B. 창업·벤처 육성,T3 예비창업자·창업기업,I6 혼합(출연+보조+직접 등 복수 형태),K5 창업 사업화자금·투자연계·보육,S0 업종 공통(산업 무관),S0,0,없음
8331,2026,중소벤처기업부,창업저변확대,공공구매및규제해소지원,1444.0,H. 경영역량 강화·사업화 지원(컨설팅·마케팅·디자인),T3 예비창업자·창업기업,I6 혼합(출연+보조+직접 등 복수 형태),K7 사업비용 보조(전시·인증·컨설팅·기술도입 비용),S0 업종 공통(산업 무관),S0,0,없음
8332,2026,중소벤처기업부,온라인수출플랫폼(정보화),온라인수출플랫폼(정보화),3382.0,C. 수출·해외진출 촉진,T1 중소·중견기업(일반·업종·지역 특정),I10 직접 수행(직접사업),K6 해외진출·수출 지원(전시·상담·현지화),S0 업종 공통(산업 무관),S0,0,없음
8333,2026,중소벤처기업부,글로벌화지원플랫폼,글로벌비즈니스센터,17693.0,C. 수출·해외진출 촉진,"T2 중소·벤처기업(특정 요건·단계: 글로벌 진출 희망, 인증, 재직자 등)",I10 직접 수행(직접사업),K6 해외진출·수출 지원(전시·상담·현지화),S0 업종 공통(산업 무관),S0,0,없음
8334,2026,중소벤처기업부,글로벌화지원플랫폼,코리아스타트업센터,13896.0,B. 창업·벤처 육성,"T2 중소·벤처기업(특정 요건·단계: 글로벌 진출 희망, 인증, 재직자 등)",I10 직접 수행(직접사업),K6 해외진출·수출 지원(전시·상담·현지화),S0 업종 공통(산업 무관),S0,0,없음
8335,2026,중소벤처기업부,글로벌협력기반구축,글로벌협력기반구축,1890.0,C. 수출·해외진출 촉진,T1 중소·중견기업(일반·업종·지역 특정),I10 직접 수행(직접사업),K6 해외진출·수출 지원(전시·상담·현지화),S0 업종 공통(산업 무관),S0,0,없음
8336,2026,중소벤처기업부,긴급경영안정자금(융자),일시적경영애로및재해중소기업지원,250000.0,D. 자금조달·경영안정 지원(융자·보증·비용보전),T1 중소·중견기업(일반·업종·지역 특정),I4 융자(정책자금 대출),K4 자금 융자·보증 제공(운전·시설자금),S0 업종 공통(산업 무관),S0,0,없음
8337,2026,중소벤처기업부,신성장기반자금(융자),혁신성장지원,510750.0,D. 자금조달·경영안정 지원(융자·보증·비용보전),T1 중소·중견기업(일반·업종·지역 특정),I4 융자(정책자금 대출),K4 자금 융자·보증 제공(운전·시설자금),S0 업종 공통(산업 무관),S0,0,언급
8338,2026,중소벤처기업부,신성장기반자금(융자),제조현장스마트화,416610.0,D. 자금조달·경영안정 지원(융자·보증·비용보전),T1 중소·중견기업(일반·업종·지역 특정),I4 융자(정책자금 대출),K4 자금 융자·보증 제공(운전·시설자금),S7 소재·부품·장비·제조혁신,S7,1,언급
8339,2026,중소벤처기업부,신성장기반자금(융자),Net-Zero유망기업,93750.0,D. 자금조달·경영안정 지원(융자·보증·비용보전),T1 중소·중견기업(일반·업종·지역 특정),I4 융자(정책자금 대출),K4 자금 융자·보증 제공(운전·시설자금),S0 업종 공통(산업 무관),S0,0,없음
8340,2026,중소벤처기업부,신성장기반자금(융자),스케일업금융,60000.0,D. 자금조달·경영안정 지원(융자·보증·비용보전),T1 중소·중견기업(일반·업종·지역 특정),I4 융자(정책자금 대출),K4 자금 융자·보증 제공(운전·시설자금),S0 업종 공통(산업 무관),S0,0,없음
8341,2026,중소벤처기업부,신시장진출지원자금(융자),내수기업수출기업화,100000.0,D. 자금조달·경영안정 지원(융자·보증·비용보전),T1 중소·중견기업(일반·업종·지역 특정),I4 융자(정책자금 대출),K4 자금 융자·보증 제공(운전·시설자금),S0 업종 공통(산업 무관),S0,0,없음
8342,2026,중소벤처기업부,신시장진출지원자금(융자),수출기업글로벌화,216378.0,D. 자금조달·경영안정 지원(융자·보증·비용보전),T1 중소·중견기업(일반·업종·지역 특정),I4 융자(정책자금 대출),K4 자금 융자·보증 제공(운전·시설자금),S0 업종 공통(산업 무관),S0,0,없음
8343,2026,중소벤처기업부,정책자금지원성과향상,시설투자촉진,3401.0,D. 자금조달·경영안정 지원(융자·보증·비용보전),T1 중소·중견기업(일반·업종·지역 특정),I10 직접 수행(직접사업),K4 자금 융자·보증 제공(운전·시설자금),S0 업종 공통(산업 무관),S0,0,없음
8344,2026,중소벤처기업부,기업인력애로센터활용취업지원,기업인력애로센터활용취업지원,5164.0,G. 고용 창출·유지 및 노동환경 개선,"T2 중소·벤처기업(특정 요건·단계: 글로벌 진출 희망, 인증, 재직자 등)",I3 보조금(사업비 보조·매칭),K9 교육·훈련 과정 운영,S0 업종 공통(산업 무관),S0,0,없음
8345,2026,중소벤처기업부,연수사업,연수사업,25931.0,F. 전문인력 양성·채용 지원,T4 소상공인·소공인,I10 직접 수행(직접사업),K9 교육·훈련 과정 운영,S0 업종 공통(산업 무관),S1,1,활용
8346,2026,중소벤처기업부,재도약지원자금(융자),사업전환자금,312500.0,D. 자금조달·경영안정 지원(융자·보증·비용보전),T1 중소·중견기업(일반·업종·지역 특정),I4 융자(정책자금 대출),K4 자금 융자·보증 제공(운전·시설자금),S0 업종 공통(산업 무관),S0,0,언급
8347,2026,중소벤처기업부,재도약지원자금(융자),구조개선전용자금,200000.0,D. 자금조달·경영안정 지원(융자·보증·비용보전),T1 중소·중견기업(일반·업종·지역 특정),I4 융자(정책자금 대출),K4 자금 융자·보증 제공(운전·시설자금),S0 업종 공통(산업 무관),S0,0,없음
8348,2026,중소벤처기업부,재도약지원자금(융자),재창업자금,100000.0,D. 자금조달·경영안정 지원(융자·보증·비용보전),T1 중소·중견기업(일반·업종·지역 특정),I4 융자(정책자금 대출),K4 자금 융자·보증 제공(운전·시설자금),S0 업종 공통(산업 무관),S0,0,없음
8349,2026,중소벤처기업부,재도약촉진,사업전환촉진,66845.0,H. 경영역량 강화·사업화 지원(컨설팅·마케팅·디자인),"T2 중소·벤처기업(특정 요건·단계: 글로벌 진출 희망, 인증, 재직자 등)",I10 직접 수행(직접사업),K8 컨설팅·인증·시험·홍보 서비스 제공,S0 업종 공통(산업 무관),S0,0,없음
8350,2026,중소벤처기업부,창업성공패키지,창업성공패키지,102531.0,B. 창업·벤처 육성,T1 중소·중견기업(일반·업종·지역 특정),I10 직접 수행(직접사업),K5 창업 사업화자금·투자연계·보육,S0 업종 공통(산업 무관),S1,1,활용
8351,2026,중소벤처기업부,창업성공패키지,스타트업AI기술인력양성,3900.0,F. 전문인력 양성·채용 지원,T1 중소·중견기업(일반·업종·지역 특정),I10 직접 수행(직접사업),K9 교육·훈련 과정 운영,S1 인공지능(AI)·데이터,S1,1,핵심
8352,2026,중소벤처기업부,혁신창업사업화자금(융자),창업기반지원,1305800.0,D. 자금조달·경영안정 지원(융자·보증·비용보전),T1 중소·중견기업(일반·업종·지역 특정),I4 융자(정책자금 대출),K4 자금 융자·보증 제공(운전·시설자금),S0 업종 공통(산업 무관),S0,0,언급
8353,2026,중소벤처기업부,혁신창업사업화자금(융자),개발기술사업화,300000.0,D. 자금조달·경영안정 지원(융자·보증·비용보전),T1 중소·중견기업(일반·업종·지역 특정),I4 융자(정책자금 대출),K4 자금 융자·보증 제공(운전·시설자금),S0 업종 공통(산업 무관),S0,0,없음
8354,2026,중소벤처기업부,신용보증기금출연,신용보증기금출연,80000.0,D. 자금조달·경영안정 지원(융자·보증·비용보전),"T8 수요·제도 연계 사업체 및 공공기관(수요기업, 설비 설치자, 지자체 등)",I8 보증·보험(신용보강),K4 자금 융자·보증 제공(운전·시설자금),S0 업종 공통(산업 무관),S0,0,언급
8355,2026,중소벤처기업부,기술보증기금출연,기술보증기금출연,60000.0,D. 자금조달·경영안정 지원(융자·보증·비용보전),T1 중소·중견기업(일반·업종·지역 특정),I8 보증·보험(신용보강),K4 자금 융자·보증 제공(운전·시설자금),S0 업종 공통(산업 무관),S0,0,없음
8356,2026,중소벤처기업부,글로벌창업생태계촉진,글로벌스타트업육성,23325.0,B. 창업·벤처 육성,T3 예비창업자·창업기업,I6 혼합(출연+보조+직접 등 복수 형태),K5 창업 사업화자금·투자연계·보육,S0 업종 공통(산업 무관),S0,0,없음
8357,2026,중소벤처기업부,밸류체인안정화자금(융자),중소기업매출채권팩토링,60000.0,D. 자금조달·경영안정 지원(융자·보증·비용보전),T1 중소·중견기업(일반·업종·지역 특정),I4 융자(정책자금 대출),K4 자금 융자·보증 제공(운전·시설자금),S0 업종 공통(산업 무관),S0,0,없음
8358,2026,중소벤처기업부,밸류체인안정화자금(융자),동반성장네트워크론,140000.0,D. 자금조달·경영안정 지원(융자·보증·비용보전),T1 중소·중견기업(일반·업종·지역 특정),I4 융자(정책자금 대출),K4 자금 융자·보증 제공(운전·시설자금),S0 업종 공통(산업 무관),S0,0,없음
8359,2026,중소벤처기업부,디지털기반중소제조산재예방기술개발(R&D),디지털기반중소제조산재예방기술개발(R&D),7700.0,G. 고용 창출·유지 및 노동환경 개선,T1 중소·중견기업(일반·업종·지역 특정),I1 R&D 과제 출연(연구개발비),K1 기술개발 과제 수행(연구개발비),S0 업종 공통(산업 무관),S0,0,없음
8360,2026,중소벤처기업부,지역혁신선도기업육성(R&D),주력산업생태계구축,72847.0,H. 경영역량 강화·사업화 지원(컨설팅·마케팅·디자인),T5 산학연 연구수행기관(기업·대학·연구소 컨소시엄),I2 출연(기관 운영·인프라·위탁 서비스),K5 창업 사업화자금·투자연계·보육,S0 업종 공통(산업 무관),S1,1,활용
8361,2026,중소벤처기업부,지역혁신선도기업육성(R&D),지역기업역량강화,24092.0,H. 경영역량 강화·사업화 지원(컨설팅·마케팅·디자인),T5 산학연 연구수행기관(기업·대학·연구소 컨소시엄),I2 출연(기관 운영·인프라·위탁 서비스),K5 창업 사업화자금·투자연계·보육,S0 업종 공통(산업 무관),S0,0,없음
8362,2026,중소벤처기업부,R&D사업화계정출연,IP·R&D유동화보증,17800.0,D. 자금조달·경영안정 지원(융자·보증·비용보전),T1 중소·중견기업(일반·업종·지역 특정),I8 보증·보험(신용보강),K7 사업비용 보조(전시·인증·컨설팅·기술도입 비용),S0 업종 공통(산업 무관),S0,0,없음
8363,2026,중소벤처기업부,R&D사업화계정출연,프로젝트방식R&D보증,30610.0,D. 자금조달·경영안정 지원(융자·보증·비용보전),T1 중소·중견기업(일반·업종·지역 특정),I8 보증·보험(신용보강),K2 산업 생태계·협력 기반 조성(플랫폼·네트워크),S0 업종 공통(산업 무관),S0,0,없음
8364,2026,중소벤처기업부,중소기업수출핵심품목탄소감축기술개발(R&D),중소기업수출핵심품목탄소감축기술개발(R&D),5000.0,A. 기술혁신 촉진(개발·실증·사업화),T1 중소·중견기업(일반·업종·지역 특정),I1 R&D 과제 출연(연구개발비),K2 산업 생태계·협력 기반 조성(플랫폼·네트워크),S0 업종 공통(산업 무관),S0,0,없음
8365,2026,중소벤처기업부,민관공동기술사업화(R&D),기술이전사업화,28667.0,A. 기술혁신 촉진(개발·실증·사업화),T1 중소·중견기업(일반·업종·지역 특정),I1 R&D 과제 출연(연구개발비),K1 기술개발 과제 수행(연구개발비),S0 업종 공통(산업 무관),S0,0,없음
8366,2026,중소벤처기업부,민관공동기술사업화(R&D),TRL점프업,10000.0,A. 기술혁신 촉진(개발·실증·사업화),T1 중소·중견기업(일반·업종·지역 특정),I1 R&D 과제 출연(연구개발비),K2 산업 생태계·협력 기반 조성(플랫폼·네트워크),S0 업종 공통(산업 무관),S0,0,없음
8367,2026,중소벤처기업부,민관공동기술사업화(R&D),구매연계ㆍ상생협력,91245.0,A. 기술혁신 촉진(개발·실증·사업화),T1 중소·중견기업(일반·업종·지역 특정),I1 R&D 과제 출연(연구개발비),K1 기술개발 과제 수행(연구개발비),S0 업종 공통(산업 무관),S0,0,없음
8368,2026,중소벤처기업부,투·융자연계기술개발(R&D),스케일업팁스,292425.0,A. 기술혁신 촉진(개발·실증·사업화),T5 산학연 연구수행기관(기업·대학·연구소 컨소시엄),I1 R&D 과제 출연(연구개발비),K5 창업 사업화자금·투자연계·보육,S0 업종 공통(산업 무관),S0,0,없음
8369,2026,중소벤처기업부,투·융자연계기술개발(R&D),글로벌팁스,74706.0,C. 수출·해외진출 촉진,T5 산학연 연구수행기관(기업·대학·연구소 컨소시엄),I1 R&D 과제 출연(연구개발비),K6 해외진출·수출 지원(전시·상담·현지화),S0 업종 공통(산업 무관),S0,0,없음
8370,2026,중소벤처기업부,투·융자연계기술개발(R&D),딥테크챌린지프로젝트(DCP),70873.0,A. 기술혁신 촉진(개발·실증·사업화),T5 산학연 연구수행기관(기업·대학·연구소 컨소시엄),I1 R&D 과제 출연(연구개발비),K2 산업 생태계·협력 기반 조성(플랫폼·네트워크),S0 업종 공통(산업 무관),S0,0,없음
8371,2026,중소벤처기업부,투·융자연계기술개발(R&D),융자연계형,19037.0,A. 기술혁신 촉진(개발·실증·사업화),T5 산학연 연구수행기관(기업·대학·연구소 컨소시엄),I1 R&D 과제 출연(연구개발비),K1 기술개발 과제 수행(연구개발비),S0 업종 공통(산업 무관),S0,0,없음
8372,2026,중소벤처기업부,표준공정기반공정최적화기술개발(R&D),공정최적화R&D,1250.0,A. 기술혁신 촉진(개발·실증·사업화),T1 중소·중견기업(일반·업종·지역 특정),I1 R&D 과제 출연(연구개발비),K2 산업 생태계·협력 기반 조성(플랫폼·네트워크),S7 소재·부품·장비·제조혁신,S7,1,언급
8373,2026,중소벤처기업부,중소제조특화MultiAIAgent개발(R&D),PoC시범연구,3600.0,A. 기술혁신 촉진(개발·실증·사업화),T1 중소·중견기업(일반·업종·지역 특정),I1 R&D 과제 출연(연구개발비),K1 기술개발 과제 수행(연구개발비),S0 업종 공통(산업 무관),S1,1,활용
8374,2026,고용노동부,고용유지지원금,고용유지지원금,70205.0,G. 고용 창출·유지 및 노동환경 개선,T6 사업주·근로자(고용·산재보험 가입),I5 장려금·수당 직접지급,K10 고용장려금·인건비·공제 지급,S0 업종 공통(산업 무관),S0,0,없음
8375,2026,고용노동부,고용창출장려금,고용촉진장려금,20654.0,G. 고용 창출·유지 및 노동환경 개선,T6 사업주·근로자(고용·산재보험 가입),I5 장려금·수당 직접지급,K10 고용장려금·인건비·공제 지급,S0 업종 공통(산업 무관),S0,0,없음
8376,2026,고용노동부,고용창출장려금,고용창출장려금(잔여사업비),135.0,G. 고용 창출·유지 및 노동환경 개선,T6 사업주·근로자(고용·산재보험 가입),I5 장려금·수당 직접지급,K10 고용장려금·인건비·공제 지급,S0 업종 공통(산업 무관),S0,0,없음
8377,2026,고용노동부,청년추가고용장려금,청년추가고용장려금,300.0,G. 고용 창출·유지 및 노동환경 개선,"T2 중소·벤처기업(특정 요건·단계: 글로벌 진출 희망, 인증, 재직자 등)",I5 장려금·수당 직접지급,K10 고용장려금·인건비·공제 지급,S0 업종 공통(산업 무관),S0,0,없음
8378,2026,고용노동부,지역고용촉진지원금,지역고용촉진지원금,610.0,G. 고용 창출·유지 및 노동환경 개선,T6 사업주·근로자(고용·산재보험 가입),I5 장려금·수당 직접지급,K10 고용장려금·인건비·공제 지급,S0 업종 공통(산업 무관),S0,0,없음
8379,2026,고용노동부,청년내일채움공제(고보),청년내일채움공제(고보),872.0,G. 고용 창출·유지 및 노동환경 개선,"T2 중소·벤처기업(특정 요건·단계: 글로벌 진출 희망, 인증, 재직자 등)",I5 장려금·수당 직접지급,K10 고용장려금·인건비·공제 지급,S0 업종 공통(산업 무관),S0,0,없음
8380,2026,고용노동부,고용안정장려금,워라밸일자리 장려금,58362.0,G. 고용 창출·유지 및 노동환경 개선,T6 사업주·근로자(고용·산재보험 가입),I5 장려금·수당 직접지급,K10 고용장려금·인건비·공제 지급,S0 업종 공통(산업 무관),S0,0,없음
8381,2026,고용노동부,고용안정장려금,정규직전환 지원,6900.0,G. 고용 창출·유지 및 노동환경 개선,T6 사업주·근로자(고용·산재보험 가입),I10 직접 수행(직접사업),K10 고용장려금·인건비·공제 지급,S0 업종 공통(산업 무관),S0,0,없음
8382,2026,고용노동부,고용안정장려금,일·가정 양립 환경개선 지원,14644.0,G. 고용 창출·유지 및 노동환경 개선,T6 사업주·근로자(고용·산재보험 가입),I10 직접 수행(직접사업),K10 고용장려금·인건비·공제 지급,S0 업종 공통(산업 무관),S0,0,없음
8383,2026,고용노동부,고용안정장려금,출산육아기 고용안정장려금,359488.0,G. 고용 창출·유지 및 노동환경 개선,T6 사업주·근로자(고용·산재보험 가입),I5 장려금·수당 직접지급,K10 고용장려금·인건비·공제 지급,S0 업종 공통(산업 무관),S0,0,없음
8384,2026,고용노동부,사업주직업훈련지원금,일반훈련,210237.0,G. 고용 창출·유지 및 노동환경 개선,T6 사업주·근로자(고용·산재보험 가입),I6 혼합(출연+보조+직접 등 복수 형태),K10 고용장려금·인건비·공제 지급,S0 업종 공통(산업 무관),S0,0,없음
8385,2026,고용노동부,사업주직업훈련지원금,현장맞춤형체계적훈련,35899.0,G. 고용 창출·유지 및 노동환경 개선,T6 사업주·근로자(고용·산재보험 가입),I6 혼합(출연+보조+직접 등 복수 형태),K9 교육·훈련 과정 운영,S0 업종 공통(산업 무관),S1,1,활용
8386,2026,고용노동부,국가인적자원개발컨소시엄지원,산업맞춤형,154840.0,G. 고용 창출·유지 및 노동환경 개선,T6 사업주·근로자(고용·산재보험 가입),I3 보조금(사업비 보조·매칭),K9 교육·훈련 과정 운영,S0 업종 공통(산업 무관),S1,1,활용
8387,2026,고용노동부,국가인적자원개발컨소시엄지원,하이테크형,35600.0,G. 고용 창출·유지 및 노동환경 개선,T6 사업주·근로자(고용·산재보험 가입),I3 보조금(사업비 보조·매칭),K1 기술개발 과제 수행(연구개발비),S0 업종 공통(산업 무관),S0,0,없음
8388,2026,고용노동부,산업현장일학습병행지원,일학습병행공동훈련센터,68516.0,G. 고용 창출·유지 및 노동환경 개선,"T8 수요·제도 연계 사업체 및 공공기관(수요기업, 설비 설치자, 지자체 등)",I6 혼합(출연+보조+직접 등 복수 형태),K9 교육·훈련 과정 운영,S0 업종 공통(산업 무관),S0,0,없음
8389,2026,고용노동부,산업현장일학습병행지원,일학습병행훈련비,129277.0,G. 고용 창출·유지 및 노동환경 개선,"T8 수요·제도 연계 사업체 및 공공기관(수요기업, 설비 설치자, 지자체 등)",I6 혼합(출연+보조+직접 등 복수 형태),K9 교육·훈련 과정 운영,S0 업종 공통(산업 무관),S0,0,없음
8390,2026,고용노동부,기능인력양성및장비확충(폴리텍),교육훈련과정,1488.0,G. 고용 창출·유지 및 노동환경 개선,"T2 중소·벤처기업(특정 요건·단계: 글로벌 진출 희망, 인증, 재직자 등)",I2 출연(기관 운영·인프라·위탁 서비스),K9 교육·훈련 과정 운영,S7 소재·부품·장비·제조혁신,S7,1,없음
8391,2026,고용노동부,기능인력양성및장비확충(폴리텍),AX과정,1500.0,G. 고용 창출·유지 및 노동환경 개선,"T2 중소·벤처기업(특정 요건·단계: 글로벌 진출 희망, 인증, 재직자 등)",I2 출연(기관 운영·인프라·위탁 서비스),K7 사업비용 보조(전시·인증·컨설팅·기술도입 비용),S1 인공지능(AI)·데이터,S1;S7,2,핵심
8392,2026,고용노동부,사회적기업육성(지특),일자리창출사업,32100.0,G. 고용 창출·유지 및 노동환경 개선,T3 예비창업자·창업기업,I3 보조금(사업비 보조·매칭),K5 창업 사업화자금·투자연계·보육,S0 업종 공통(산업 무관),S0,0,없음
8393,2026,고용노동부,근로자건강보호,업무상질병 핵심 고위험요인 집중관리,4921.0,G. 고용 창출·유지 및 노동환경 개선,T6 사업주·근로자(고용·산재보험 가입),I6 혼합(출연+보조+직접 등 복수 형태),K11 환경·안전 설비 구축 및 관리,S0 업종 공통(산업 무관),S0,0,없음
8394,2026,고용노동부,업종별 재해예방,화학사고재해집중관리,2620.0,G. 고용 창출·유지 및 노동환경 개선,T6 사업주·근로자(고용·산재보험 가입),I6 혼합(출연+보조+직접 등 복수 형태),K11 환경·안전 설비 구축 및 관리,S7 소재·부품·장비·제조혁신,S7,1,없음
8395,2026,고용노동부,유해작업환경개선,취약계층 고위험 환경 개선지원,71635.0,G. 고용 창출·유지 및 노동환경 개선,T6 사업주·근로자(고용·산재보험 가입),I2 출연(기관 운영·인프라·위탁 서비스),K11 환경·안전 설비 구축 및 관리,S0 업종 공통(산업 무관),S0,0,없음
8396,2026,고용노동부,산재예방시설융자(융자),산재예방시설융자(융자),538840.0,D. 자금조달·경영안정 지원(융자·보증·비용보전),T6 사업주·근로자(고용·산재보험 가입),I4 융자(정책자금 대출),K4 자금 융자·보증 제공(운전·시설자금),S0 업종 공통(산업 무관),S0,0,없음
8397,2026,고용노동부,클린사업장조성지원,안전동행지원사업,332000.0,G. 고용 창출·유지 및 노동환경 개선,T6 사업주·근로자(고용·산재보험 가입),I2 출연(기관 운영·인프라·위탁 서비스),K11 환경·안전 설비 구축 및 관리,S0 업종 공통(산업 무관),S0,0,없음
8398,2026,고용노동부,클린사업장조성지원,건강일터조성지원,40825.0,G. 고용 창출·유지 및 노동환경 개선,T6 사업주·근로자(고용·산재보험 가입),I2 출연(기관 운영·인프라·위탁 서비스),K7 사업비용 보조(전시·인증·컨설팅·기술도입 비용),S0 업종 공통(산업 무관),S0,0,없음
8399,2026,고용노동부,클린사업장조성지원,안전일터조성지원,160607.0,G. 고용 창출·유지 및 노동환경 개선,T6 사업주·근로자(고용·산재보험 가입),I2 출연(기관 운영·인프라·위탁 서비스),K11 환경·안전 설비 구축 및 관리,S0 업종 공통(산업 무관),S0,0,없음
8400,2026,고용노동부,산재근로자 재활복지지원,산재근로자대체인력지원,3168.0,G. 고용 창출·유지 및 노동환경 개선,T6 사업주·근로자(고용·산재보험 가입),I2 출연(기관 운영·인프라·위탁 서비스),K10 고용장려금·인건비·공제 지급,S0 업종 공통(산업 무관),S0,0,없음
8401,2026,고용노동부,사회적기업지원,사회적기업 창업지원,30000.0,B. 창업·벤처 육성,"T2 중소·벤처기업(특정 요건·단계: 글로벌 진출 희망, 인증, 재직자 등)",I6 혼합(출연+보조+직접 등 복수 형태),K8 컨설팅·인증·시험·홍보 서비스 제공,S0 업종 공통(산업 무관),S0,0,없음
8402,2026,고용노동부,사회적기업지원,사회적기업 판로지원,4963.0,H. 경영역량 강화·사업화 지원(컨설팅·마케팅·디자인),"T2 중소·벤처기업(특정 요건·단계: 글로벌 진출 희망, 인증, 재직자 등)",I6 혼합(출연+보조+직접 등 복수 형태),K3 지역·사회적경제·창업 활성화 프로그램,S0 업종 공통(산업 무관),S0,0,없음
8403,2026,고용노동부,사회적기업지원,사회적기업 성장지원,14171.0,D. 자금조달·경영안정 지원(융자·보증·비용보전),"T2 중소·벤처기업(특정 요건·단계: 글로벌 진출 희망, 인증, 재직자 등)",I6 혼합(출연+보조+직접 등 복수 형태),K4 자금 융자·보증 제공(운전·시설자금),S0 업종 공통(산업 무관),S0,0,없음
8404,2026,고용노동부,사회적기업지원,사회적기업 자금지원,800.0,D. 자금조달·경영안정 지원(융자·보증·비용보전),"T2 중소·벤처기업(특정 요건·단계: 글로벌 진출 희망, 인증, 재직자 등)",I6 혼합(출연+보조+직접 등 복수 형태),K3 지역·사회적경제·창업 활성화 프로그램,S0 업종 공통(산업 무관),S0,0,없음
8405,2026,고용노동부,사회적기업지원,사회적경제 생태계 활성화,18697.0,G. 고용 창출·유지 및 노동환경 개선,"T2 중소·벤처기업(특정 요건·단계: 글로벌 진출 희망, 인증, 재직자 등)",I6 혼합(출연+보조+직접 등 복수 형태),K3 지역·사회적경제·창업 활성화 프로그램,S0 업종 공통(산업 무관),S0,0,없음
8406,2026,고용노동부,청년일자리창출지원,청년일자리도약장려금,907959.0,G. 고용 창출·유지 및 노동환경 개선,"T2 중소·벤처기업(특정 요건·단계: 글로벌 진출 희망, 인증, 재직자 등)",I5 장려금·수당 직접지급,K10 고용장려금·인건비·공제 지급,S0 업종 공통(산업 무관),S0,0,언급
8407,2026,고용노동부,청년내일채움공제,청년내일채움공제(일반),1665.0,G. 고용 창출·유지 및 노동환경 개선,"T2 중소·벤처기업(특정 요건·단계: 글로벌 진출 희망, 인증, 재직자 등)",I5 장려금·수당 직접지급,K10 고용장려금·인건비·공제 지급,S0 업종 공통(산업 무관),S0,0,없음
8408,2026,고용노동부,청년취업진로 및 일경험 지원,청년일자리 강소기업 선정,800.0,G. 고용 창출·유지 및 노동환경 개선,"T2 중소·벤처기업(특정 요건·단계: 글로벌 진출 희망, 인증, 재직자 등)",I6 혼합(출연+보조+직접 등 복수 형태),K8 컨설팅·인증·시험·홍보 서비스 제공,S0 업종 공통(산업 무관),S0,0,없음
8409,2026,고용노동부,중장년층취업지원,일손부족일자리동행 인센티브,1800.0,G. 고용 창출·유지 및 노동환경 개선,"T2 중소·벤처기업(특정 요건·단계: 글로벌 진출 희망, 인증, 재직자 등)",I6 혼합(출연+보조+직접 등 복수 형태),K10 고용장려금·인건비·공제 지급,S0 업종 공통(산업 무관),S0,0,없음
8410,2026,고용노동부,근로조건개선지원,근로조건 자율개선 지원,1122.0,H. 경영역량 강화·사업화 지원(컨설팅·마케팅·디자인),"T2 중소·벤처기업(특정 요건·단계: 글로벌 진출 희망, 인증, 재직자 등)",I10 직접 수행(직접사업),K8 컨설팅·인증·시험·홍보 서비스 제공,S0 업종 공통(산업 무관),S0,0,없음
8411,2026,고용노동부,장애인고용증진융자(융자),장애인고용증진융자(융자),1232.0,D. 자금조달·경영안정 지원(융자·보증·비용보전),T6 사업주·근로자(고용·산재보험 가입),I4 융자(정책자금 대출),K4 자금 융자·보증 제공(운전·시설자금),S0 업종 공통(산업 무관),S0,0,없음
8412,2026,고용노동부,청년 미래플러스,청년 미래플러스,4060.0,G. 고용 창출·유지 및 노동환경 개선,"T2 중소·벤처기업(특정 요건·단계: 글로벌 진출 희망, 인증, 재직자 등)",I2 출연(기관 운영·인프라·위탁 서비스),K5 창업 사업화자금·투자연계·보육,S0 업종 공통(산업 무관),S0,0,없음
8413,2026,고용노동부,일터혁신 상생컨설팅,컨설팅,38331.0,H. 경영역량 강화·사업화 지원(컨설팅·마케팅·디자인),T6 사업주·근로자(고용·산재보험 가입),I3 보조금(사업비 보조·매칭),K8 컨설팅·인증·시험·홍보 서비스 제공,S0 업종 공통(산업 무관),S0,0,없음
8414,2026,고용노동부,고령자고용안정지원금,고령자통합장려금,10684.0,G. 고용 창출·유지 및 노동환경 개선,"T2 중소·벤처기업(특정 요건·단계: 글로벌 진출 희망, 인증, 재직자 등)",I5 장려금·수당 직접지급,K10 고용장려금·인건비·공제 지급,S0 업종 공통(산업 무관),S0,0,없음
8415,2026,고용노동부,장애인고용장려금,장애인고용개선장려금,1850.0,G. 고용 창출·유지 및 노동환경 개선,"T2 중소·벤처기업(특정 요건·단계: 글로벌 진출 희망, 인증, 재직자 등)",I5 장려금·수당 직접지급,K10 고용장려금·인건비·공제 지급,S0 업종 공통(산업 무관),S0,0,없음
8416,2026,교육부,에듀테크 소프트랩 구축 및 운영,에듀테크 성장기반 조성,1660.0,H. 경영역량 강화·사업화 지원(컨설팅·마케팅·디자인),"T2 중소·벤처기업(특정 요건·단계: 글로벌 진출 희망, 인증, 재직자 등)",I6 혼합(출연+보조+직접 등 복수 형태),K1 기술개발 과제 수행(연구개발비),S0 업종 공통(산업 무관),S0,0,없음
8417,2026,국가유산청,국가유산 사회적 기업 육성,국가유산 사회적 기업 사업 개발 지원,360.0,B. 창업·벤처 육성,"T8 수요·제도 연계 사업체 및 공공기관(수요기업, 설비 설치자, 지자체 등)",I3 보조금(사업비 보조·매칭),K3 지역·사회적경제·창업 활성화 프로그램,S0 업종 공통(산업 무관),S0,0,없음
8418,2026,국토교통부,드론 안전 및 활성화 지원,드론 상용화 지원,12200.0,A. 기술혁신 촉진(개발·실증·사업화),T7 일반 국민·산업 종사자·창작자,I10 직접 수행(직접사업),K1 기술개발 과제 수행(연구개발비),S6 모빌리티·항공우주·조선,S6,1,언급
8419,2026,국토교통부,드론 안전 및 활성화 지원,드론실증도시 구축,8100.0,A. 기술혁신 촉진(개발·실증·사업화),T7 일반 국민·산업 종사자·창작자,I10 직접 수행(직접사업),K3 지역·사회적경제·창업 활성화 프로그램,S6 모빌리티·항공우주·조선,S6,1,없음
8420,2026,국토교통부,드론 안전 및 활성화 지원,드론해외진출지원,1500.0,C. 수출·해외진출 촉진,T7 일반 국민·산업 종사자·창작자,I10 직접 수행(직접사업),K6 해외진출·수출 지원(전시·상담·현지화),S6 모빌리티·항공우주·조선,S6,1,없음
8421,2026,국토교통부,스마트건설지원센터운영,스마트건설지원센터운영,6122.0,B. 창업·벤처 육성,T3 예비창업자·창업기업,I2 출연(기관 운영·인프라·위탁 서비스),K3 지역·사회적경제·창업 활성화 프로그램,S0 업종 공통(산업 무관),S0,0,없음
8422,2026,국토교통부,국토교통기술사업화를위한이어달리기사업(R&D),국토교통 기술사업화를 위한 이어달리기,6830.0,A. 기술혁신 촉진(개발·실증·사업화),T5 산학연 연구수행기관(기업·대학·연구소 컨소시엄),I1 R&D 과제 출연(연구개발비),K2 산업 생태계·협력 기반 조성(플랫폼·네트워크),S0 업종 공통(산업 무관),S0,0,없음
8423,2026,국토교통부,철도산업발전지원,해외철도수주지원,2288.0,C. 수출·해외진출 촉진,T7 일반 국민·산업 종사자·창작자,I10 직접 수행(직접사업),K6 해외진출·수출 지원(전시·상담·현지화),S6 모빌리티·항공우주·조선,S6,1,없음
8424,2026,국토교통부,스마트시티확산사업,혁신생태계 조성지원,1150.0,A. 기술혁신 촉진(개발·실증·사업화),"T8 수요·제도 연계 사업체 및 공공기관(수요기업, 설비 설치자, 지자체 등)",I3 보조금(사업비 보조·매칭),K1 기술개발 과제 수행(연구개발비),S2 디지털·SW·정보통신,S2;S5;S6,3,언급
8425,2026,국토교통부,노후산단재생지원(융자),노후산단재생지원(융자),36000.0,D. 자금조달·경영안정 지원(융자·보증·비용보전),T6 사업주·근로자(고용·산재보험 가입),I4 융자(정책자금 대출),K4 자금 융자·보증 제공(운전·시설자금),S0 업종 공통(산업 무관),S0,0,없음
8426,2026,국토교통부,건설전주기 안전혁신기술 개발사업(R&D),효율적시설물안전관리,1100.0,A. 기술혁신 촉진(개발·실증·사업화),T5 산학연 연구수행기관(기업·대학·연구소 컨소시엄),I2 출연(기관 운영·인프라·위탁 서비스),K1 기술개발 과제 수행(연구개발비),S0 업종 공통(산업 무관),S0,0,없음
8427,2026,국토교통부,초장대 K-지하고속도로 인프라 안전 및 효율 향상 기술 개발(R&D),초장대 K-지하고속도로 인프라 안전 및 효율 향상 기술 개발,6495.0,A. 기술혁신 촉진(개발·실증·사업화),T5 산학연 연구수행기관(기업·대학·연구소 컨소시엄),I2 출연(기관 운영·인프라·위탁 서비스),K1 기술개발 과제 수행(연구개발비),S0 업종 공통(산업 무관),S0,0,없음
8428,2026,국토교통부,한국형 도심항공교통(K-UAM) 안전운용체계 핵심기술개발(R&D),K-UAM 안전운용체계 핵심기술(국토부),30684.0,A. 기술혁신 촉진(개발·실증·사업화),T5 산학연 연구수행기관(기업·대학·연구소 컨소시엄),I1 R&D 과제 출연(연구개발비),K1 기술개발 과제 수행(연구개발비),S6 모빌리티·항공우주·조선,S6,1,없음
8429,2026,국토교통부,국토교통 창업 및 기업지원,국토교통 창업 및 기업지원,700.0,B. 창업·벤처 육성,T3 예비창업자·창업기업,I2 출연(기관 운영·인프라·위탁 서비스),K3 지역·사회적경제·창업 활성화 프로그램,S0 업종 공통(산업 무관),S0,0,언급
8430,2026,국토교통부,조경산업활성화지원,조경박람회개최,100.0,C. 수출·해외진출 촉진,T9 농어업인·농식품·수산업체,I10 직접 수행(직접사업),K6 해외진출·수출 지원(전시·상담·현지화),S0 업종 공통(산업 무관),S0,0,없음
8431,2026,국토교통부,스마트물류센터 조성지원,물류AI기술 도입지원,700.0,A. 기술혁신 촉진(개발·실증·사업화),"T8 수요·제도 연계 사업체 및 공공기관(수요기업, 설비 설치자, 지자체 등)",I3 보조금(사업비 보조·매칭),K1 기술개발 과제 수행(연구개발비),S1 인공지능(AI)·데이터,S1;S10,2,핵심
8432,2026,금융위원회,소상공인위탁보증대위변제,소상공인위탁보증대위변제,109590.0,D. 자금조달·경영안정 지원(융자·보증·비용보전),T10 보증·보험 이용기업 및 금융기관,I8 보증·보험(신용보강),K4 자금 융자·보증 제공(운전·시설자금),S0 업종 공통(산업 무관),S0,0,없음
8433,2026,금융위원회,유동화회사보증 대위변제,유동화회사보증대위변제,438446.0,D. 자금조달·경영안정 지원(융자·보증·비용보전),T10 보증·보험 이용기업 및 금융기관,I8 보증·보험(신용보강),K4 자금 융자·보증 제공(운전·시설자금),S0 업종 공통(산업 무관),S0,0,없음
8434,2026,금융위원회,일반보증 대위변제,일반보증대위변제,2693940.0,D. 자금조달·경영안정 지원(융자·보증·비용보전),T10 보증·보험 이용기업 및 금융기관,I8 보증·보험(신용보강),K4 자금 융자·보증 제공(운전·시설자금),S0 업종 공통(산업 무관),S0,0,없음
8435,2026,금융위원회,팩토링금융,팩토링금융,250200.0,D. 자금조달·경영안정 지원(융자·보증·비용보전),T10 보증·보험 이용기업 및 금융기관,I8 보증·보험(신용보강),K4 자금 융자·보증 제공(운전·시설자금),S0 업종 공통(산업 무관),S0,0,없음
8436,2026,금융위원회,핀테크 지원 사업,디지털 금융혁신 지원,6326.0,H. 경영역량 강화·사업화 지원(컨설팅·마케팅·디자인),T7 일반 국민·산업 종사자·창작자,I3 보조금(사업비 보조·매칭),K8 컨설팅·인증·시험·홍보 서비스 제공,S2 디지털·SW·정보통신,S2,1,없음
8437,2026,금융위원회,핀테크 지원 사업,핀테크기업 육성 지원,2909.0,H. 경영역량 강화·사업화 지원(컨설팅·마케팅·디자인),T7 일반 국민·산업 종사자·창작자,I3 보조금(사업비 보조·매칭),K8 컨설팅·인증·시험·홍보 서비스 제공,S2 디지털·SW·정보통신,S2,1,없음
8438,2026,금융위원회,대환보증 대위변제,대환보증대위변제,158425.0,D. 자금조달·경영안정 지원(융자·보증·비용보전),T10 보증·보험 이용기업 및 금융기관,I8 보증·보험(신용보강),K4 자금 융자·보증 제공(운전·시설자금),S0 업종 공통(산업 무관),S0,0,없음
8439,2026,기후에너지환경부,녹색환경지원센터 활성화 지원,기업환경기술지원,2476.0,H. 경영역량 강화·사업화 지원(컨설팅·마케팅·디자인),"T2 중소·벤처기업(특정 요건·단계: 글로벌 진출 희망, 인증, 재직자 등)",I3 보조금(사업비 보조·매칭),K11 환경·안전 설비 구축 및 관리,S5 에너지·환경,S5,1,없음
8440,2026,기후에너지환경부,사업장 미세먼지 관리사업,굴뚝자동측정 기기 설치 운영 관리비 지원사업,1900.0,E. 생산기반 현대화·친환경 전환(시설·설비),"T2 중소·벤처기업(특정 요건·단계: 글로벌 진출 희망, 인증, 재직자 등)",I3 보조금(사업비 보조·매칭),K11 환경·안전 설비 구축 및 관리,S5 에너지·환경,S5,1,없음
8441,2026,기후에너지환경부,사업장 미세먼지 관리사업,소규모사업장 방지시설 설치 지원 사업,44849.0,E. 생산기반 현대화·친환경 전환(시설·설비),"T2 중소·벤처기업(특정 요건·단계: 글로벌 진출 희망, 인증, 재직자 등)",I3 보조금(사업비 보조·매칭),K11 환경·안전 설비 구축 및 관리,S5 에너지·환경,S2;S5,2,없음
8442,2026,기후에너지환경부,생활주변 미세먼지 관리사업,영세사업장 악취 기술지원,727.0,E. 생산기반 현대화·친환경 전환(시설·설비),T7 일반 국민·산업 종사자·창작자,I3 보조금(사업비 보조·매칭),K11 환경·안전 설비 구축 및 관리,S5 에너지·환경,S5,1,없음
8443,2026,기후에너지환경부,생활주변 미세먼지 관리사업,유증기 회수설비 형식 인증 및 사후관리,5231.0,E. 생산기반 현대화·친환경 전환(시설·설비),T7 일반 국민·산업 종사자·창작자,I3 보조금(사업비 보조·매칭),K11 환경·안전 설비 구축 및 관리,S0 업종 공통(산업 무관),S0,0,없음
8444,2026,기후에너지환경부,생활주변 미세먼지 관리사업,HAPs 비산배출시설 설치운영 사업장 관리,710.0,E. 생산기반 현대화·친환경 전환(시설·설비),T7 일반 국민·산업 종사자·창작자,I3 보조금(사업비 보조·매칭),K11 환경·안전 설비 구축 및 관리,S5 에너지·환경,S5,1,없음
8445,2026,기후에너지환경부,생활주변 미세먼지 관리사업,사업장 유해대기 오염물질 측정분석,400.0,E. 생산기반 현대화·친환경 전환(시설·설비),T7 일반 국민·산업 종사자·창작자,I3 보조금(사업비 보조·매칭),K11 환경·안전 설비 구축 및 관리,S5 에너지·환경,S5,1,없음
8446,2026,기후에너지환경부,생활주변 미세먼지 관리사업,가스히트펌프 냉 난방기 개조지원사업,1146.0,E. 생산기반 현대화·친환경 전환(시설·설비),T7 일반 국민·산업 종사자·창작자,I3 보조금(사업비 보조·매칭),K11 환경·안전 설비 구축 및 관리,S5 에너지·환경,S5,1,없음
8447,2026,기후에너지환경부,"화학물질 취급 안전관리, 지원",중소규모 사업장 안전진단 지원,3326.0,G. 고용 창출·유지 및 노동환경 개선,T7 일반 국민·산업 종사자·창작자,I10 직접 수행(직접사업),K11 환경·안전 설비 구축 및 관리,S7 소재·부품·장비·제조혁신,S7,1,없음
8448,2026,기후에너지환경부,"화학물질 취급 안전관리, 지원",화학안전 사업장 조성지원,5102.0,H. 경영역량 강화·사업화 지원(컨설팅·마케팅·디자인),T7 일반 국민·산업 종사자·창작자,I10 직접 수행(직접사업),K8 컨설팅·인증·시험·홍보 서비스 제공,S7 소재·부품·장비·제조혁신,S7,1,없음
8449,2026,기후에너지환경부,화학사고 예측‧예방 고도화 기술개발사업(R&D),화학사고 예측‧예방 고도화 기술개발사업(R&D),4537.0,A. 기술혁신 촉진(개발·실증·사업화),T7 일반 국민·산업 종사자·창작자,I1 R&D 과제 출연(연구개발비),K1 기술개발 과제 수행(연구개발비),S5 에너지·환경,S5;S7,2,없음
8450,2026,기후에너지환경부,물산업 진흥 및 물기업 육성,물산업 우수제품 지정제도,200.0,E. 생산기반 현대화·친환경 전환(시설·설비),T7 일반 국민·산업 종사자·창작자,I3 보조금(사업비 보조·매칭),K3 지역·사회적경제·창업 활성화 프로그램,S5 에너지·환경,S5,1,없음
8451,2026,기후에너지환경부,물산업 진흥 및 물기업 육성,혁신형 물기업 지정·지원,4500.0,C. 수출·해외진출 촉진,T7 일반 국민·산업 종사자·창작자,I3 보조금(사업비 보조·매칭),K1 기술개발 과제 수행(연구개발비),S5 에너지·환경,S5,1,없음
8452,2026,기후에너지환경부,물산업클러스터 운영,국가물산업클러스터 기업지원,12770.0,B. 창업·벤처 육성,"T8 수요·제도 연계 사업체 및 공공기관(수요기업, 설비 설치자, 지자체 등)",I3 보조금(사업비 보조·매칭),K7 사업비용 보조(전시·인증·컨설팅·기술도입 비용),S5 에너지·환경,S5,1,없음
8453,2026,기후에너지환경부,자원순환촉진지원(지역지원),순환경제 성과관리 제도 운영,2397.0,E. 생산기반 현대화·친환경 전환(시설·설비),T9 농어업인·농식품·수산업체,I9 바우처,K8 컨설팅·인증·시험·홍보 서비스 제공,S5 에너지·환경,S5,1,없음
8454,2026,기후에너지환경부,자원순환촉진지원(지역지원),CE100 프로젝트 추진,2200.0,A. 기술혁신 촉진(개발·실증·사업화),T9 농어업인·농식품·수산업체,I3 보조금(사업비 보조·매칭),K11 환경·안전 설비 구축 및 관리,S5 에너지·환경,S5,1,없음
8455,2026,기후에너지환경부,자원순환촉진지원(지역지원),제품의 친환경 설계기준 도입,475.0,H. 경영역량 강화·사업화 지원(컨설팅·마케팅·디자인),T9 농어업인·농식품·수산업체,I3 보조금(사업비 보조·매칭),K8 컨설팅·인증·시험·홍보 서비스 제공,S5 에너지·환경,S5,1,없음
8456,2026,기후에너지환경부,미래환경산업육성융자,미래환경산업육성융자,297170.0,D. 자금조달·경영안정 지원(융자·보증·비용보전),T1 중소·중견기업(일반·업종·지역 특정),I4 융자(정책자금 대출),K11 환경·안전 설비 구축 및 관리,S5 에너지·환경,S5,1,없음
8457,2026,기후에너지환경부,중소환경기업 사업화 지원사업,사업화 지원,33920.0,H. 경영역량 강화·사업화 지원(컨설팅·마케팅·디자인),T1 중소·중견기업(일반·업종·지역 특정),I3 보조금(사업비 보조·매칭),K5 창업 사업화자금·투자연계·보육,S5 에너지·환경,S5,1,언급
8458,2026,기후에너지환경부,중소환경기업 사업화 지원사업,에코스타트업 지원,21873.0,B. 창업·벤처 육성,T1 중소·중견기업(일반·업종·지역 특정),I3 보조금(사업비 보조·매칭),K8 컨설팅·인증·시험·홍보 서비스 제공,S5 에너지·환경,S5,1,없음
8459,2026,기후에너지환경부,중소환경기업 사업화 지원사업,새활용 산업 육성 지원,6000.0,H. 경영역량 강화·사업화 지원(컨설팅·마케팅·디자인),T1 중소·중견기업(일반·업종·지역 특정),I3 보조금(사업비 보조·매칭),K3 지역·사회적경제·창업 활성화 프로그램,S5 에너지·환경,S5,1,없음
8460,2026,기후에너지환경부,중소환경기업 사업화 지원사업,녹색융합클러스터육성지원,1400.0,E. 생산기반 현대화·친환경 전환(시설·설비),T1 중소·중견기업(일반·업종·지역 특정),I3 보조금(사업비 보조·매칭),K10 고용장려금·인건비·공제 지급,S5 에너지·환경,S5,1,없음
8461,2026,기후에너지환경부,환경산업수출기반 육성지원,환경기업 수출지원,23800.0,C. 수출·해외진출 촉진,"T8 수요·제도 연계 사업체 및 공공기관(수요기업, 설비 설치자, 지자체 등)",I3 보조금(사업비 보조·매칭),K7 사업비용 보조(전시·인증·컨설팅·기술도입 비용),S5 에너지·환경,S5,1,없음
8462,2026,기후에너지환경부,환경산업수출기반 육성지원,해외프로젝트 발굴 및 네트워크 구축,2428.0,C. 수출·해외진출 촉진,"T8 수요·제도 연계 사업체 및 공공기관(수요기업, 설비 설치자, 지자체 등)",I3 보조금(사업비 보조·매칭),K7 사업비용 보조(전시·인증·컨설팅·기술도입 비용),S5 에너지·환경,S5,1,없음
8463,2026,기후에너지환경부,환경산업수출기반 육성지원,플라스틱 순환경제해외진출 지원,1500.0,C. 수출·해외진출 촉진,"T8 수요·제도 연계 사업체 및 공공기관(수요기업, 설비 설치자, 지자체 등)",I3 보조금(사업비 보조·매칭),K7 사업비용 보조(전시·인증·컨설팅·기술도입 비용),S5 에너지·환경,S5,1,없음
8464,2026,기후에너지환경부,물‧대기산업경쟁력강화를위한주요기자재국산화기술개발사업(R&D),물 환경산업 경쟁력 강화 국산화 기술개발,1020.0,A. 기술혁신 촉진(개발·실증·사업화),"T8 수요·제도 연계 사업체 및 공공기관(수요기업, 설비 설치자, 지자체 등)",I1 R&D 과제 출연(연구개발비),K1 기술개발 과제 수행(연구개발비),S5 에너지·환경,S5,1,없음
8465,2026,기후에너지환경부,물‧대기산업경쟁력강화를위한주요기자재국산화기술개발사업(R&D),대기 환경산업 경쟁력 강화 국산화 기술개발,1094.0,A. 기술혁신 촉진(개발·실증·사업화),"T8 수요·제도 연계 사업체 및 공공기관(수요기업, 설비 설치자, 지자체 등)",I1 R&D 과제 출연(연구개발비),K1 기술개발 과제 수행(연구개발비),S5 에너지·환경,S5,1,없음
8466,2026,기후에너지환경부,대기환경무인기 One-stop 플랫폼 기술개발사업(R&D),대기환경무인기 One-Stop 플랫폼 기술 개발,4000.0,A. 기술혁신 촉진(개발·실증·사업화),"T8 수요·제도 연계 사업체 및 공공기관(수요기업, 설비 설치자, 지자체 등)",I2 출연(기관 운영·인프라·위탁 서비스),K1 기술개발 과제 수행(연구개발비),S5 에너지·환경,S5,1,없음
8467,2026,기후에너지환경부,에너지수요관리핵심기술개발(R&D),에너지효율혁신기술개발,115623.0,A. 기술혁신 촉진(개발·실증·사업화),T5 산학연 연구수행기관(기업·대학·연구소 컨소시엄),I1 R&D 과제 출연(연구개발비),K8 컨설팅·인증·시험·홍보 서비스 제공,S5 에너지·환경,S5,1,없음
8468,2026,기후에너지환경부,에너지수요관리핵심기술개발(R&D),수요관리기반기술개발,77026.0,A. 기술혁신 촉진(개발·실증·사업화),T5 산학연 연구수행기관(기업·대학·연구소 컨소시엄),I1 R&D 과제 출연(연구개발비),K1 기술개발 과제 수행(연구개발비),S5 에너지·환경,S5,1,없음
8469,2026,기후에너지환경부,에너지국제공동연구(R&D),글로벌시장개척국제공동연구,18227.0,C. 수출·해외진출 촉진,T5 산학연 연구수행기관(기업·대학·연구소 컨소시엄),I1 R&D 과제 출연(연구개발비),K6 해외진출·수출 지원(전시·상담·현지화),S5 에너지·환경,S5,1,없음
8470,2026,기후에너지환경부,에너지국제공동연구(R&D),에너지기술선도국제공동연구,25416.0,A. 기술혁신 촉진(개발·실증·사업화),T5 산학연 연구수행기관(기업·대학·연구소 컨소시엄),I1 R&D 과제 출연(연구개발비),K1 기술개발 과제 수행(연구개발비),S5 에너지·환경,S5,1,없음
8471,2026,기후에너지환경부,에너지국제공동연구(R&D),글로벌기술협력플랫폼,1990.0,C. 수출·해외진출 촉진,T5 산학연 연구수행기관(기업·대학·연구소 컨소시엄),I2 출연(기관 운영·인프라·위탁 서비스),K6 해외진출·수출 지원(전시·상담·현지화),S5 에너지·환경,S5,1,없음
8472,2026,기후에너지환경부,에너지절약시설설치(융자),에너지절약시설설치,271510.0,E. 생산기반 현대화·친환경 전환(시설·설비),"T8 수요·제도 연계 사업체 및 공공기관(수요기업, 설비 설치자, 지자체 등)",I4 융자(정책자금 대출),K11 환경·안전 설비 구축 및 관리,S5 에너지·환경,S5,1,없음
8473,2026,기후에너지환경부,신재생에너지핵심기술개발(R&D),태양광,69355.0,A. 기술혁신 촉진(개발·실증·사업화),T5 산학연 연구수행기관(기업·대학·연구소 컨소시엄),I1 R&D 과제 출연(연구개발비),K1 기술개발 과제 수행(연구개발비),S5 에너지·환경,S5,1,없음
8474,2026,기후에너지환경부,신재생에너지핵심기술개발(R&D),풍력,69838.0,A. 기술혁신 촉진(개발·실증·사업화),T5 산학연 연구수행기관(기업·대학·연구소 컨소시엄),I1 R&D 과제 출연(연구개발비),K1 기술개발 과제 수행(연구개발비),S5 에너지·환경,S5;S7,2,없음
8475,2026,기후에너지환경부,신재생에너지핵심기술개발(R&D),수소,73453.0,A. 기술혁신 촉진(개발·실증·사업화),T5 산학연 연구수행기관(기업·대학·연구소 컨소시엄),I1 R&D 과제 출연(연구개발비),K1 기술개발 과제 수행(연구개발비),S5 에너지·환경,S5,1,없음
8476,2026,기후에너지환경부,신재생에너지핵심기술개발(R&D),연료전지,51345.0,A. 기술혁신 촉진(개발·실증·사업화),T5 산학연 연구수행기관(기업·대학·연구소 컨소시엄),I1 R&D 과제 출연(연구개발비),K1 기술개발 과제 수행(연구개발비),S5 에너지·환경,S5,1,없음
8477,2026,기후에너지환경부,신재생에너지핵심기술개발(R&D),발전용가스터빈의수소혼소전환기술개발및실증,4066.0,A. 기술혁신 촉진(개발·실증·사업화),T5 산학연 연구수행기관(기업·대학·연구소 컨소시엄),I1 R&D 과제 출연(연구개발비),K1 기술개발 과제 수행(연구개발비),S5 에너지·환경,S5,1,없음
8478,2026,기후에너지환경부,신재생에너지핵심기술개발(R&D),중소형급무탄소가스터빈발전기술개발및실증,8807.0,A. 기술혁신 촉진(개발·실증·사업화),T5 산학연 연구수행기관(기업·대학·연구소 컨소시엄),I1 R&D 과제 출연(연구개발비),K1 기술개발 과제 수행(연구개발비),S5 에너지·환경,S5,1,없음
8479,2026,기후에너지환경부,신재생에너지핵심기술개발(R&D),계통유연자원서비스화기술개발,4800.0,A. 기술혁신 촉진(개발·실증·사업화),T5 산학연 연구수행기관(기업·대학·연구소 컨소시엄),I1 R&D 과제 출연(연구개발비),K1 기술개발 과제 수행(연구개발비),S5 에너지·환경,S5,1,없음
8480,2026,기후에너지환경부,신재생에너지핵심기술개발(R&D),분산에너지계통접속확대를위한그리드포밍기술개발및실증,7478.0,A. 기술혁신 촉진(개발·실증·사업화),T5 산학연 연구수행기관(기업·대학·연구소 컨소시엄),I1 R&D 과제 출연(연구개발비),K1 기술개발 과제 수행(연구개발비),S5 에너지·환경,S5,1,없음
8481,2026,기후에너지환경부,신재생에너지핵심기술개발(R&D),ACDCHybrid배전망요소기기,6967.0,A. 기술혁신 촉진(개발·실증·사업화),T5 산학연 연구수행기관(기업·대학·연구소 컨소시엄),I1 R&D 과제 출연(연구개발비),K1 기술개발 과제 수행(연구개발비),S5 에너지·환경,S5,1,없음
8482,2026,기후에너지환경부,신재생에너지핵심기술개발(R&D),ACDCHybrid배전망운영기술,8163.0,A. 기술혁신 촉진(개발·실증·사업화),T5 산학연 연구수행기관(기업·대학·연구소 컨소시엄),I1 R&D 과제 출연(연구개발비),K1 기술개발 과제 수행(연구개발비),S5 에너지·환경,S5,1,없음
8483,2026,기후에너지환경부,신재생에너지핵심기술개발(R&D),ACDCHybrid배전망테스트베드,23141.0,A. 기술혁신 촉진(개발·실증·사업화),T5 산학연 연구수행기관(기업·대학·연구소 컨소시엄),I1 R&D 과제 출연(연구개발비),K1 기술개발 과제 수행(연구개발비),S5 에너지·환경,S5,1,없음
8484,2026,기후에너지환경부,신재생에너지핵심기술개발(R&D),바이오매스 고체연료 생산 및 이용 기술개발,4500.0,A. 기술혁신 촉진(개발·실증·사업화),T5 산학연 연구수행기관(기업·대학·연구소 컨소시엄),I1 R&D 과제 출연(연구개발비),K1 기술개발 과제 수행(연구개발비),S5 에너지·환경,S4;S5,2,없음
8485,2026,기후에너지환경부,신재생에너지금융지원(융자),생산및시설자금,648000.0,E. 생산기반 현대화·친환경 전환(시설·설비),"T8 수요·제도 연계 사업체 및 공공기관(수요기업, 설비 설치자, 지자체 등)",I4 융자(정책자금 대출),K4 자금 융자·보증 제공(운전·시설자금),S5 에너지·환경,S5,1,없음
8486,2026,기후에너지환경부,원전 생태계 고도화사업,원자력핵심기업육성,6360.0,F. 전문인력 양성·채용 지원,"T2 중소·벤처기업(특정 요건·단계: 글로벌 진출 희망, 인증, 재직자 등)",I3 보조금(사업비 보조·매칭),K7 사업비용 보조(전시·인증·컨설팅·기술도입 비용),S5 에너지·환경,S5;S7,2,없음
8487,2026,기후에너지환경부,원전 생태계 고도화사업,원전기자재선금보증보험지원,46.0,D. 자금조달·경영안정 지원(융자·보증·비용보전),"T2 중소·벤처기업(특정 요건·단계: 글로벌 진출 희망, 인증, 재직자 등)",I8 보증·보험(신용보강),K4 자금 융자·보증 제공(운전·시설자금),S5 에너지·환경,S5,1,없음
8488,2026,기후에너지환경부,폐갱도를 활용한이산화탄소육상저장시범사업,폐갱도를 활용한이산화탄소 육상저장 시범사업,1735.0,A. 기술혁신 촉진(개발·실증·사업화),T5 산학연 연구수행기관(기업·대학·연구소 컨소시엄),I2 출연(기관 운영·인프라·위탁 서비스),K1 기술개발 과제 수행(연구개발비),S0 업종 공통(산업 무관),S0,0,없음
8489,2026,기후에너지환경부,에너지산업융복합단지활성화지원,에너지특화기업사업화지원,900.0,H. 경영역량 강화·사업화 지원(컨설팅·마케팅·디자인),"T8 수요·제도 연계 사업체 및 공공기관(수요기업, 설비 설치자, 지자체 등)",I3 보조금(사업비 보조·매칭),K5 창업 사업화자금·투자연계·보육,S5 에너지·환경,S5,1,없음
8490,2026,기후에너지환경부,현장수요대응 원전 첨단제조기술 및 부품‧장비 개발(R&D),현장수요대응 원전첨단제조기술 및부품‧장비 개발,9153.0,A. 기술혁신 촉진(개발·실증·사업화),T5 산학연 연구수행기관(기업·대학·연구소 컨소시엄),I1 R&D 과제 출연(연구개발비),K1 기술개발 과제 수행(연구개발비),S7 소재·부품·장비·제조혁신,S5;S7,2,없음
8491,2026,기후에너지환경부,수소산업진흥 기반구축,수소기업성장지원,4045.0,H. 경영역량 강화·사업화 지원(컨설팅·마케팅·디자인),T7 일반 국민·산업 종사자·창작자,I3 보조금(사업비 보조·매칭),K3 지역·사회적경제·창업 활성화 프로그램,S5 에너지·환경,S5,1,없음
8492,2026,기후에너지환경부,원전 생태계 금융 지원사업,융자금,149700.0,E. 생산기반 현대화·친환경 전환(시설·설비),T1 중소·중견기업(일반·업종·지역 특정),I4 융자(정책자금 대출),K11 환경·안전 설비 구축 및 관리,S5 에너지·환경,S5,1,없음
8493,2026,기후에너지환경부,전력효율향상,에너지효율시장조성사업,89859.0,E. 생산기반 현대화·친환경 전환(시설·설비),"T2 중소·벤처기업(특정 요건·단계: 글로벌 진출 희망, 인증, 재직자 등)",I3 보조금(사업비 보조·매칭),K11 환경·안전 설비 구축 및 관리,S5 에너지·환경,S5,1,없음
8494,2026,기후에너지환경부,에너지기술사업화스피드업(SpeedUp)사업(R&D),에너지기술사업화스피드업(SpeedUp)사업,2000.0,A. 기술혁신 촉진(개발·실증·사업화),T5 산학연 연구수행기관(기업·대학·연구소 컨소시엄),I1 R&D 과제 출연(연구개발비),K2 산업 생태계·협력 기반 조성(플랫폼·네트워크),S5 에너지·환경,S5,1,언급
8495,2026,기후에너지환경부,SMR 혁신제조 국산화 기술개발사업(R&D),SMR 혁신제조 국산화 기술개발,8130.0,A. 기술혁신 촉진(개발·실증·사업화),T5 산학연 연구수행기관(기업·대학·연구소 컨소시엄),I1 R&D 과제 출연(연구개발비),K1 기술개발 과제 수행(연구개발비),S5 에너지·환경,S5;S7,2,없음
8496,2026,기후에너지환경부,AI응용제품 신속 상용화 지원사업(환경),AI응용제품 신속 상용화 지원사업(환경),30500.0,A. 기술혁신 촉진(개발·실증·사업화),"T8 수요·제도 연계 사업체 및 공공기관(수요기업, 설비 설치자, 지자체 등)",I2 출연(기관 운영·인프라·위탁 서비스),K7 사업비용 보조(전시·인증·컨설팅·기술도입 비용),S1 인공지능(AI)·데이터,S1;S5,2,핵심
8497,2026,기후에너지환경부,탄소중립 설비투자 지원(산업부),대규모 혁신기술설비 도입 지원,25610.0,C. 수출·해외진출 촉진,T1 중소·중견기업(일반·업종·지역 특정),I6 혼합(출연+보조+직접 등 복수 형태),K11 환경·안전 설비 구축 및 관리,S5 에너지·환경,S5;S7,2,없음
8498,2026,기후에너지환경부,탄소중립 설비투자 지원(산업부),산업계 감축인프라 구축지원,8720.0,C. 수출·해외진출 촉진,T1 중소·중견기업(일반·업종·지역 특정),I6 혼합(출연+보조+직접 등 복수 형태),K11 환경·안전 설비 구축 및 관리,S5 에너지·환경,S5;S7,2,없음
8499,2026,기후에너지환경부,탄소중립 설비투자 지원(산업부),탄소중립설비투자프로젝트경매시범사업,25000.0,C. 수출·해외진출 촉진,T1 중소·중견기업(일반·업종·지역 특정),I6 혼합(출연+보조+직접 등 복수 형태),K11 환경·안전 설비 구축 및 관리,S5 에너지·환경,S5;S7,2,없음
8500,2026,기후에너지환경부,탄소중립설비투자지원(중기부),탄소중립 설비투자지원(중기부),19055.0,E. 생산기반 현대화·친환경 전환(시설·설비),T1 중소·중견기업(일반·업종·지역 특정),I10 직접 수행(직접사업),K11 환경·안전 설비 구축 및 관리,S5 에너지·환경,S5,1,없음
8501,2026,기후에너지환경부,온실가스관리인프라구축(환경부),온실가스 목표관리제 운영,9923.0,E. 생산기반 현대화·친환경 전환(시설·설비),T7 일반 국민·산업 종사자·창작자,I6 혼합(출연+보조+직접 등 복수 형태),K11 환경·안전 설비 구축 및 관리,S5 에너지·환경,S5,1,없음
8502,2026,기후에너지환경부,탄소중립 설비투자 지원(환경부),스마트 생태공장 구축,75270.0,E. 생산기반 현대화·친환경 전환(시설·설비),T7 일반 국민·산업 종사자·창작자,I3 보조금(사업비 보조·매칭),K11 환경·안전 설비 구축 및 관리,S5 에너지·환경,S5,1,없음
8503,2026,기후에너지환경부,탄소중립 설비투자 지원(환경부),온실가스 감축기반 구축,134634.0,E. 생산기반 현대화·친환경 전환(시설·설비),T7 일반 국민·산업 종사자·창작자,I3 보조금(사업비 보조·매칭),K11 환경·안전 설비 구축 및 관리,S5 에너지·환경,S5,1,없음
8504,2026,기후에너지환경부,탄소중립 사업화 지원(환경부),탄소중립사업화지원(환경부),2710.0,A. 기술혁신 촉진(개발·실증·사업화),T1 중소·중견기업(일반·업종·지역 특정),I3 보조금(사업비 보조·매칭),K11 환경·안전 설비 구축 및 관리,S5 에너지·환경,S5,1,없음
8505,2026,기후에너지환경부,청정제조기반구축(R&D),중소기업 청정공정 보급확산,1561.0,C. 수출·해외진출 촉진,T1 중소·중견기업(일반·업종·지역 특정),I2 출연(기관 운영·인프라·위탁 서비스),K7 사업비용 보조(전시·인증·컨설팅·기술도입 비용),S0 업종 공통(산업 무관),S0,0,없음
8506,2026,기후에너지환경부,청정제조기반구축(R&D),친환경 설계 적용제품 개발 및 사업화,421.0,A. 기술혁신 촉진(개발·실증·사업화),T1 중소·중견기업(일반·업종·지역 특정),I2 출연(기관 운영·인프라·위탁 서비스),K1 기술개발 과제 수행(연구개발비),S5 에너지·환경,S5;S7,2,없음
8507,2026,기후에너지환경부,온실가스관리인프라구축(농식품부),배출권거래제 할당대상업체 지원사업,1909.0,E. 생산기반 현대화·친환경 전환(시설·설비),T9 농어업인·농식품·수산업체,I3 보조금(사업비 보조·매칭),K11 환경·안전 설비 구축 및 관리,S5 에너지·환경,S5;S9,2,없음
8508,2026,기후에너지환경부,온실가스관리인프라구축(농식품부),농식품기업 온실가스 목표관리제,1233.0,E. 생산기반 현대화·친환경 전환(시설·설비),T9 농어업인·농식품·수산업체,I3 보조금(사업비 보조·매칭),K11 환경·안전 설비 구축 및 관리,S5 에너지·환경,S5;S9,2,없음
8509,2026,기후에너지환경부,전력해외진출지원,전력기자재금융지원,17000.0,D. 자금조달·경영안정 지원(융자·보증·비용보전),"T8 수요·제도 연계 사업체 및 공공기관(수요기업, 설비 설치자, 지자체 등)",I8 보증·보험(신용보강),K4 자금 융자·보증 제공(운전·시설자금),S5 에너지·환경,S5,1,없음
8510,2026,기후에너지환경부,전력해외진출지원,분산에너지국제인증지원,780.0,E. 생산기반 현대화·친환경 전환(시설·설비),"T8 수요·제도 연계 사업체 및 공공기관(수요기업, 설비 설치자, 지자체 등)",I4 융자(정책자금 대출),K1 기술개발 과제 수행(연구개발비),S5 에너지·환경,S5,1,없음
8511,2026,기상청,기상산업활성화,기상정보 활용촉진 지원,2097.0,A. 기술혁신 촉진(개발·실증·사업화),T7 일반 국민·산업 종사자·창작자,I6 혼합(출연+보조+직접 등 복수 형태),K3 지역·사회적경제·창업 활성화 프로그램,S1 인공지능(AI)·데이터,S1;S5,2,없음
8512,2026,기상청,기상산업활성화,기상기업지원,1388.0,C. 수출·해외진출 촉진,T7 일반 국민·산업 종사자·창작자,I6 혼합(출연+보조+직접 등 복수 형태),K6 해외진출·수출 지원(전시·상담·현지화),S0 업종 공통(산업 무관),S0,0,없음
8513,2026,농림축산식품부,도매유통활성화(융자),도매시장출하촉진,31000.0,D. 자금조달·경영안정 지원(융자·보증·비용보전),T0 수혜대상 미기재,I4 융자(정책자금 대출),K0 내용 미기재,S9 농림축산식품·해양수산,S9;S10,2,없음
8514,2026,농림축산식품부,도매유통활성화(융자),공판장출하촉진,8000.0,D. 자금조달·경영안정 지원(융자·보증·비용보전),T0 수혜대상 미기재,I4 융자(정책자금 대출),K0 내용 미기재,S9 농림축산식품·해양수산,S9;S10,2,없음
8515,2026,농림축산식품부,도매유통활성화(융자),화훼유통개선지원,7000.0,D. 자금조달·경영안정 지원(융자·보증·비용보전),T0 수혜대상 미기재,I4 융자(정책자금 대출),K0 내용 미기재,S9 농림축산식품·해양수산,S9;S10,2,없음
8516,2026,농림축산식품부,도매유통활성화(융자),농산물온라인거래출하촉진,50000.0,D. 자금조달·경영안정 지원(융자·보증·비용보전),T0 수혜대상 미기재,I4 융자(정책자금 대출),K0 내용 미기재,S9 농림축산식품·해양수산,S9;S10,2,없음
8517,2026,농림축산식품부,농식품글로벌육성지원자금(융자),운영,500000.0,C. 수출·해외진출 촉진,T0 수혜대상 미기재,I4 융자(정책자금 대출),K0 내용 미기재,S9 농림축산식품·해양수산,S9,1,없음
8518,2026,농림축산식품부,농식품글로벌육성지원자금(융자),시설,10000.0,E. 생산기반 현대화·친환경 전환(시설·설비),T0 수혜대상 미기재,I4 융자(정책자금 대출),K0 내용 미기재,S9 농림축산식품·해양수산,S9,1,없음
8519,2026,농림축산식품부,식품외식종합자금(융자),식품가공원료매입,90328.0,D. 자금조달·경영안정 지원(융자·보증·비용보전),T9 농어업인·농식품·수산업체,I4 융자(정책자금 대출),K4 자금 융자·보증 제공(운전·시설자금),S9 농림축산식품·해양수산,S9,1,없음
8520,2026,농림축산식품부,식품외식종합자금(융자),농식품시설현대화,4000.0,E. 생산기반 현대화·친환경 전환(시설·설비),T9 농어업인·농식품·수산업체,I4 융자(정책자금 대출),K4 자금 융자·보증 제공(운전·시설자금),S9 농림축산식품·해양수산,S9,1,없음
8521,2026,농림축산식품부,식품외식종합자금(융자),외식업체육성,30000.0,E. 생산기반 현대화·친환경 전환(시설·설비),T9 농어업인·농식품·수산업체,I4 융자(정책자금 대출),K6 해외진출·수출 지원(전시·상담·현지화),S9 농림축산식품·해양수산,S8;S9,2,없음
8522,2026,농림축산식품부,식품외식종합자금(융자),농공상융합형 중소기업육성,19040.0,E. 생산기반 현대화·친환경 전환(시설·설비),T9 농어업인·농식품·수산업체,I4 융자(정책자금 대출),K7 사업비용 보조(전시·인증·컨설팅·기술도입 비용),S9 농림축산식품·해양수산,S9,1,없음
8523,2026,농림축산식품부,농산업수출활성화,농산업글로벌성장패키지지원,2620.0,C. 수출·해외진출 촉진,T9 농어업인·농식품·수산업체,I3 보조금(사업비 보조·매칭),K6 해외진출·수출 지원(전시·상담·현지화),S9 농림축산식품·해양수산,S9,1,없음
8524,2026,농림축산식품부,농산업수출활성화,농기자재수출활성화,3156.0,C. 수출·해외진출 촉진,T9 농어업인·농식품·수산업체,I3 보조금(사업비 보조·매칭),K6 해외진출·수출 지원(전시·상담·현지화),S9 농림축산식품·해양수산,S9,1,없음
8525,2026,농림축산식품부,스마트팜ICT기자재국가표준확산지원,국가표준적용종합지원,2424.0,H. 경영역량 강화·사업화 지원(컨설팅·마케팅·디자인),T9 농어업인·농식품·수산업체,I3 보조금(사업비 보조·매칭),K7 사업비용 보조(전시·인증·컨설팅·기술도입 비용),S9 농림축산식품·해양수산,S2;S9,2,없음
8526,2026,농림축산식품부,농식품벤처창업활성화지원,농식품벤처육성지원,14000.0,B. 창업·벤처 육성,T9 농어업인·농식품·수산업체,I3 보조금(사업비 보조·매칭),K8 컨설팅·인증·시험·홍보 서비스 제공,S9 농림축산식품·해양수산,S9,1,없음
8527,2026,농림축산식품부,농식품벤처창업활성화지원,농식품액셀러레이터육성지원,2900.0,B. 창업·벤처 육성,T9 농어업인·농식품·수산업체,I3 보조금(사업비 보조·매칭),K5 창업 사업화자금·투자연계·보육,S9 농림축산식품·해양수산,S9,1,없음
8528,2026,농림축산식품부,농식품벤처창업활성화지원,농산업체판로지원,805.0,B. 창업·벤처 육성,T9 농어업인·농식품·수산업체,I3 보조금(사업비 보조·매칭),K8 컨설팅·인증·시험·홍보 서비스 제공,S9 농림축산식품·해양수산,S9,1,없음
8529,2026,농림축산식품부,농식품벤처창업활성화지원,농식품크라우드펀딩활성화,600.0,B. 창업·벤처 육성,T9 농어업인·농식품·수산업체,I3 보조금(사업비 보조·매칭),K8 컨설팅·인증·시험·홍보 서비스 제공,S9 농림축산식품·해양수산,S9,1,없음
8530,2026,농림축산식품부,농식품벤처창업활성화지원,민간투자기반스케일업 지원,7500.0,B. 창업·벤처 육성,T9 농어업인·농식품·수산업체,I3 보조금(사업비 보조·매칭),K5 창업 사업화자금·투자연계·보육,S9 농림축산식품·해양수산,S9,1,없음
8531,2026,농림축산식품부,고품질쌀유통활성화,가공시설 현대화,6360.0,E. 생산기반 현대화·친환경 전환(시설·설비),T9 농어업인·농식품·수산업체,I3 보조금(사업비 보조·매칭),K4 자금 융자·보증 제공(운전·시설자금),S9 농림축산식품·해양수산,S9;S10,2,없음
8532,2026,농림축산식품부,고품질쌀유통활성화,벼건조저장시설지원,11960.0,E. 생산기반 현대화·친환경 전환(시설·설비),T9 농어업인·농식품·수산업체,I3 보조금(사업비 보조·매칭),K4 자금 융자·보증 제공(운전·시설자금),S9 농림축산식품·해양수산,S9;S10,2,없음
8533,2026,농림축산식품부,종자산업활성화지원,종자산업,6899.0,C. 수출·해외진출 촉진,T9 농어업인·농식품·수산업체,I3 보조금(사업비 보조·매칭),K6 해외진출·수출 지원(전시·상담·현지화),S9 농림축산식품·해양수산,S9,1,없음
8534,2026,농림축산식품부,종자산업활성화지원,민간육종가 지원,1231.0,C. 수출·해외진출 촉진,T9 농어업인·농식품·수산업체,I3 보조금(사업비 보조·매칭),K3 지역·사회적경제·창업 활성화 프로그램,S9 농림축산식품·해양수산,S9,1,없음
8535,2026,농림축산식품부,농식품글로벌비대면마케팅지원,온라인플랫폼 운영,1865.0,C. 수출·해외진출 촉진,T9 농어업인·농식품·수산업체,I3 보조금(사업비 보조·매칭),K8 컨설팅·인증·시험·홍보 서비스 제공,S9 농림축산식품·해양수산,S9,1,없음
8536,2026,농림축산식품부,농식품글로벌비대면마케팅지원,온라인·모바일마케팅,2979.0,C. 수출·해외진출 촉진,T9 농어업인·농식품·수산업체,I3 보조금(사업비 보조·매칭),K7 사업비용 보조(전시·인증·컨설팅·기술도입 비용),S9 농림축산식품·해양수산,S9,1,없음
8537,2026,농림축산식품부,농식품시장개척,수출전략형 제품 인큐베이팅,800.0,C. 수출·해외진출 촉진,T9 농어업인·농식품·수산업체,I3 보조금(사업비 보조·매칭),K7 사업비용 보조(전시·인증·컨설팅·기술도입 비용),S9 농림축산식품·해양수산,S9,1,없음
8538,2026,농림축산식품부,농식품시장개척,해외식품인증지원센터,1309.0,C. 수출·해외진출 촉진,T9 농어업인·농식품·수산업체,I3 보조금(사업비 보조·매칭),K6 해외진출·수출 지원(전시·상담·현지화),S9 농림축산식품·해양수산,S9,1,없음
8539,2026,농림축산식품부,농식품해외시장진출,우수농식품판로개척,38036.0,C. 수출·해외진출 촉진,T9 농어업인·농식품·수산업체,I9 바우처,K11 환경·안전 설비 구축 및 관리,S9 농림축산식품·해양수산,S9,1,없음
8540,2026,농림축산식품부,농식품해외시장진출,해외新유통채널연계 현지시장진출,445.0,C. 수출·해외진출 촉진,T9 농어업인·농식품·수산업체,I3 보조금(사업비 보조·매칭),K6 해외진출·수출 지원(전시·상담·현지화),S9 농림축산식품·해양수산,S9;S10,2,없음
8541,2026,농림축산식품부,농식품해외시장진출,글로벌 Next K-푸드 개발육성 프로젝트(신규),6000.0,C. 수출·해외진출 촉진,T9 농어업인·농식품·수산업체,I3 보조금(사업비 보조·매칭),K6 해외진출·수출 지원(전시·상담·현지화),S9 농림축산식품·해양수산,S9,1,없음
8542,2026,농림축산식품부,농식품글로벌경쟁력강화,농식품우수기업육성,79795.0,C. 수출·해외진출 촉진,T9 농어업인·농식품·수산업체,I3 보조금(사업비 보조·매칭),K6 해외진출·수출 지원(전시·상담·현지화),S9 농림축산식품·해양수산,S9,1,없음
8543,2026,농림축산식품부,국가식품산업클러스터,비즈니스 활성화 지원,2126.0,B. 창업·벤처 육성,T9 농어업인·농식품·수산업체,I3 보조금(사업비 보조·매칭),K7 사업비용 보조(전시·인증·컨설팅·기술도입 비용),S9 농림축산식품·해양수산,S9,1,없음
8544,2026,농림축산식품부,국가식품산업클러스터,기업 기술지원,2970.0,C. 수출·해외진출 촉진,T9 농어업인·농식품·수산업체,I3 보조금(사업비 보조·매칭),K7 사업비용 보조(전시·인증·컨설팅·기술도입 비용),S9 농림축산식품·해양수산,S9,1,없음
8545,2026,농림축산식품부,국가식품산업클러스터,산학연 네트워크 구축,288.0,A. 기술혁신 촉진(개발·실증·사업화),T9 농어업인·농식품·수산업체,I3 보조금(사업비 보조·매칭),K3 지역·사회적경제·창업 활성화 프로그램,S9 농림축산식품·해양수산,S9,1,없음
8546,2026,농림축산식품부,기능성식품산업육성,식품기능성평가지원,2989.0,H. 경영역량 강화·사업화 지원(컨설팅·마케팅·디자인),T9 농어업인·농식품·수산업체,I3 보조금(사업비 보조·매칭),K8 컨설팅·인증·시험·홍보 서비스 제공,S9 농림축산식품·해양수산,S9,1,없음
8547,2026,농림축산식품부,전통발효식품육성(지원),발효식품산업경쟁력강화,1654.0,H. 경영역량 강화·사업화 지원(컨설팅·마케팅·디자인),T9 농어업인·농식품·수산업체,I3 보조금(사업비 보조·매칭),K7 사업비용 보조(전시·인증·컨설팅·기술도입 비용),S9 농림축산식품·해양수산,S9,1,없음
8548,2026,농림축산식품부,전통발효식품육성(지원),김치산업육성,1785.0,C. 수출·해외진출 촉진,T9 농어업인·농식품·수산업체,I3 보조금(사업비 보조·매칭),K6 해외진출·수출 지원(전시·상담·현지화),S9 농림축산식품·해양수산,S9,1,없음
8549,2026,농림축산식품부,기술사업화지원(R&D),기술사업화지원,23476.0,A. 기술혁신 촉진(개발·실증·사업화),T9 농어업인·농식품·수산업체,I1 R&D 과제 출연(연구개발비),K5 창업 사업화자금·투자연계·보육,S9 농림축산식품·해양수산,S9,1,없음
8550,2026,농림축산식품부,기술사업화지원(R&D),농식품 우수 융복합기술 창업 활성화 지원,500.0,B. 창업·벤처 육성,T9 농어업인·농식품·수산업체,I1 R&D 과제 출연(연구개발비),K2 산업 생태계·협력 기반 조성(플랫폼·네트워크),S9 농림축산식품·해양수산,S9,1,없음
8551,2026,농림축산식품부,고부가가치식품기술개발(R&D),스마트 유통관리,936.0,A. 기술혁신 촉진(개발·실증·사업화),T9 농어업인·농식품·수산업체,I1 R&D 과제 출연(연구개발비),K1 기술개발 과제 수행(연구개발비),S9 농림축산식품·해양수산,S9;S10,2,없음
8552,2026,농림축산식품부,고부가가치식품기술개발(R&D),물류유통 자동화,4119.0,A. 기술혁신 촉진(개발·실증·사업화),T9 농어업인·농식품·수산업체,I2 출연(기관 운영·인프라·위탁 서비스),K1 기술개발 과제 수행(연구개발비),S9 농림축산식품·해양수산,S9;S10,2,없음
8553,2026,농림축산식품부,고부가가치식품기술개발(R&D),미래대응식품,13687.0,A. 기술혁신 촉진(개발·실증·사업화),T9 농어업인·농식품·수산업체,I1 R&D 과제 출연(연구개발비),K1 기술개발 과제 수행(연구개발비),S9 농림축산식품·해양수산,S9,1,없음
8554,2026,농림축산식품부,고부가가치식품기술개발(R&D),식품 품질안전,5250.0,A. 기술혁신 촉진(개발·실증·사업화),T9 농어업인·농식품·수산업체,I2 출연(기관 운영·인프라·위탁 서비스),K1 기술개발 과제 수행(연구개발비),S9 농림축산식품·해양수산,S9,1,없음
8555,2026,농림축산식품부,고부가가치식품기술개발(R&D),차세대 식품가공,8128.0,E. 생산기반 현대화·친환경 전환(시설·설비),T9 농어업인·농식품·수산업체,I1 R&D 과제 출연(연구개발비),K7 사업비용 보조(전시·인증·컨설팅·기술도입 비용),S9 농림축산식품·해양수산,S7;S9,2,없음
8556,2026,농림축산식품부,고부가가치식품기술개발(R&D),글로벌 푸드테크 공동연구,2267.0,A. 기술혁신 촉진(개발·실증·사업화),T9 농어업인·농식품·수산업체,I2 출연(기관 운영·인프라·위탁 서비스),K2 산업 생태계·협력 기반 조성(플랫폼·네트워크),S9 농림축산식품·해양수산,S9,1,없음
8557,2026,농림축산식품부,고부가가치식품기술개발(R&D),커스텀푸드 스마트 생산기술개발,4500.0,A. 기술혁신 촉진(개발·실증·사업화),T9 농어업인·농식품·수산업체,I1 R&D 과제 출연(연구개발비),K1 기술개발 과제 수행(연구개발비),S9 농림축산식품·해양수산,S9,1,언급
8558,2026,농림축산식품부,농식품산업해외진출지원,농식품산업해외진출지원,2710.0,C. 수출·해외진출 촉진,T9 농어업인·농식품·수산업체,I3 보조금(사업비 보조·매칭),K7 사업비용 보조(전시·인증·컨설팅·기술도입 비용),S9 농림축산식품·해양수산,S9,1,없음
8559,2026,농림축산식품부,농식품산업해외진출지원(융자),농식품산업해외진출지원(융자),4000.0,D. 자금조달·경영안정 지원(융자·보증·비용보전),T9 농어업인·농식품·수산업체,I4 융자(정책자금 대출),K4 자금 융자·보증 제공(운전·시설자금),S9 농림축산식품·해양수산,S9,1,없음
8560,2026,농림축산식품부,종자산업기반구축,디지털육종전환지원,2000.0,A. 기술혁신 촉진(개발·실증·사업화),"T2 중소·벤처기업(특정 요건·단계: 글로벌 진출 희망, 인증, 재직자 등)",I3 보조금(사업비 보조·매칭),K1 기술개발 과제 수행(연구개발비),S9 농림축산식품·해양수산,S9,1,없음
8561,2026,농림축산식품부,사료산업종합지원,사료원료구매자금,100000.0,D. 자금조달·경영안정 지원(융자·보증·비용보전),T0 수혜대상 미기재,I0 지원형태 미기재,K0 내용 미기재,S9 농림축산식품·해양수산,S9,1,없음
8562,2026,농림축산식품부,사료산업종합지원,제조시설개보수자금,500.0,E. 생산기반 현대화·친환경 전환(시설·설비),T0 수혜대상 미기재,I0 지원형태 미기재,K0 내용 미기재,S9 농림축산식품·해양수산,S9,1,없음
8563,2026,농림축산식품부,국제협력기반수출농업경쟁력강화기술개발(R&D),전략품목수출활성화,5725.0,C. 수출·해외진출 촉진,T9 농어업인·농식품·수산업체,I2 출연(기관 운영·인프라·위탁 서비스),K6 해외진출·수출 지원(전시·상담·현지화),S9 농림축산식품·해양수산,S9,1,없음
8564,2026,농림축산식품부,반려동물연관산업해외수출산업화,시장조사 및 전파,990.0,C. 수출·해외진출 촉진,"T8 수요·제도 연계 사업체 및 공공기관(수요기업, 설비 설치자, 지자체 등)",I3 보조금(사업비 보조·매칭),K8 컨설팅·인증·시험·홍보 서비스 제공,S2 디지털·SW·정보통신,S2,1,없음
8565,2026,농림축산식품부,반려동물연관산업해외수출산업화,수출시장 개척,440.0,C. 수출·해외진출 촉진,"T8 수요·제도 연계 사업체 및 공공기관(수요기업, 설비 설치자, 지자체 등)",I3 보조금(사업비 보조·매칭),K7 사업비용 보조(전시·인증·컨설팅·기술도입 비용),S9 농림축산식품·해양수산,S9;S10,2,없음
8566,2026,농림축산식품부,고위험동물감염병대응기술개발(R&D),차세대핵심기술 확보,6500.0,A. 기술혁신 촉진(개발·실증·사업화),T9 농어업인·농식품·수산업체,I1 R&D 과제 출연(연구개발비),K1 기술개발 과제 수행(연구개발비),S9 농림축산식품·해양수산,S4;S7;S9,3,없음
8567,2026,농림축산식품부,고위험동물감염병대응기술개발(R&D),가축질병협력체계 고도화,1440.0,A. 기술혁신 촉진(개발·실증·사업화),T9 농어업인·농식품·수산업체,I2 출연(기관 운영·인프라·위탁 서비스),K1 기술개발 과제 수행(연구개발비),S9 농림축산식품·해양수산,S9,1,없음
8568,2026,농림축산식품부,고위험동물감염병대응기술개발(R&D),범부처감염병방역 체계고도화,400.0,A. 기술혁신 촉진(개발·실증·사업화),T9 농어업인·농식품·수산업체,I2 출연(기관 운영·인프라·위탁 서비스),K1 기술개발 과제 수행(연구개발비),S9 농림축산식품·해양수산,S9,1,없음
8569,2026,농림축산식품부,곤충미생물산업육성지원(자율),식물백신 품질 고도화 지원,525.0,H. 경영역량 강화·사업화 지원(컨설팅·마케팅·디자인),"T2 중소·벤처기업(특정 요건·단계: 글로벌 진출 희망, 인증, 재직자 등)",I3 보조금(사업비 보조·매칭),K8 컨설팅·인증·시험·홍보 서비스 제공,S4 바이오·헬스,S4;S5,2,없음
8570,2026,농림축산식품부,직장인 든든한 한끼,산단근로자 천원의 아침밥,1948.0,G. 고용 창출·유지 및 노동환경 개선,T4 소상공인·소공인,I3 보조금(사업비 보조·매칭),K10 고용장려금·인건비·공제 지급,S0 업종 공통(산업 무관),S0,0,없음
8571,2026,농림축산식품부,직장인 든든한 한끼,직장인 든든한 점심밥,6000.0,D. 자금조달·경영안정 지원(융자·보증·비용보전),T4 소상공인·소공인,I3 보조금(사업비 보조·매칭),K10 고용장려금·인건비·공제 지급,S0 업종 공통(산업 무관),S0,0,없음
8572,2026,농림축산식품부,AI 응용제품 신속 상용화 지원사업(농업),AI 응용제품 신속 상용화 지원사업(농업),40000.0,A. 기술혁신 촉진(개발·실증·사업화),T9 농어업인·농식품·수산업체,I3 보조금(사업비 보조·매칭),K1 기술개발 과제 수행(연구개발비),S1 인공지능(AI)·데이터,S1;S9,2,핵심
8573,2026,문화체육관광부,관광사업 창업지원 및 벤처육성,관광사업 도약 및 성장 지원,29174.0,B. 창업·벤처 육성,T3 예비창업자·창업기업,I3 보조금(사업비 보조·매칭),K5 창업 사업화자금·투자연계·보육,S8 콘텐츠·문화·관광·스포츠,S8,1,없음
8574,2026,문화체육관광부,관광사업 창업지원 및 벤처육성,관광사업 지원기반 구축,2300.0,B. 창업·벤처 육성,T3 예비창업자·창업기업,I3 보조금(사업비 보조·매칭),K3 지역·사회적경제·창업 활성화 프로그램,S8 콘텐츠·문화·관광·스포츠,S8,1,없음
8575,2026,문화체육관광부,관광산업 융자지원(융자),관광사업체 융자지원,637500.0,D. 자금조달·경영안정 지원(융자·보증·비용보전),"T2 중소·벤처기업(특정 요건·단계: 글로벌 진출 희망, 인증, 재직자 등)",I4 융자(정책자금 대출),K4 자금 융자·보증 제공(운전·시설자금),S8 콘텐츠·문화·관광·스포츠,S8,1,없음
8576,2026,문화체육관광부,관광산업 융자지원(융자),이차보전 운영지원,6203.0,D. 자금조달·경영안정 지원(융자·보증·비용보전),"T2 중소·벤처기업(특정 요건·단계: 글로벌 진출 희망, 인증, 재직자 등)",I4 융자(정책자금 대출),K4 자금 융자·보증 제공(운전·시설자금),S8 콘텐츠·문화·관광·스포츠,S8,1,없음
8577,2026,문화체육관광부,지역콘텐츠산업 균형발전 지원,콘텐츠 창작·창업 지역 확산,12800.0,B. 창업·벤처 육성,T7 일반 국민·산업 종사자·창작자,I3 보조금(사업비 보조·매칭),K3 지역·사회적경제·창업 활성화 프로그램,S8 콘텐츠·문화·관광·스포츠,S8,1,없음
8578,2026,문화체육관광부,지역콘텐츠산업 균형발전 지원,지역특화 콘텐츠 개발 지원,18322.0,A. 기술혁신 촉진(개발·실증·사업화),T7 일반 국민·산업 종사자·창작자,I3 보조금(사업비 보조·매칭),K3 지역·사회적경제·창업 활성화 프로그램,S8 콘텐츠·문화·관광·스포츠,S8,1,없음
8579,2026,문화체육관광부,지역콘텐츠산업 균형발전 지원,지역기반 게임산업 육성,13728.0,A. 기술혁신 촉진(개발·실증·사업화),T7 일반 국민·산업 종사자·창작자,I3 보조금(사업비 보조·매칭),K3 지역·사회적경제·창업 활성화 프로그램,S8 콘텐츠·문화·관광·스포츠,S8;S9,2,없음
8580,2026,문화체육관광부,지역콘텐츠산업 균형발전 지원,지역대표 글로컬콘텐츠 기업 육성,7000.0,C. 수출·해외진출 촉진,T7 일반 국민·산업 종사자·창작자,I3 보조금(사업비 보조·매칭),K6 해외진출·수출 지원(전시·상담·현지화),S8 콘텐츠·문화·관광·스포츠,S8,1,없음
8581,2026,문화체육관광부,스포츠산업금융지원(융자),스포츠산업 융자,248057.0,D. 자금조달·경영안정 지원(융자·보증·비용보전),"T8 수요·제도 연계 사업체 및 공공기관(수요기업, 설비 설치자, 지자체 등)",I4 융자(정책자금 대출),K4 자금 융자·보증 제공(운전·시설자금),S8 콘텐츠·문화·관광·스포츠,S8,1,없음
8582,2026,문화체육관광부,스포츠산업활성화 지원,기업경영지원,23823.0,C. 수출·해외진출 촉진,T7 일반 국민·산업 종사자·창작자,I10 직접 수행(직접사업),K7 사업비용 보조(전시·인증·컨설팅·기술도입 비용),S8 콘텐츠·문화·관광·스포츠,S8,1,언급
8583,2026,문화체육관광부,스포츠산업활성화 지원,일자리·창업지원,14995.0,B. 창업·벤처 육성,T7 일반 국민·산업 종사자·창작자,I10 직접 수행(직접사업),K8 컨설팅·인증·시험·홍보 서비스 제공,S8 콘텐츠·문화·관광·스포츠,S8,1,언급
8584,2026,문화체육관광부,문화중심도시육성(지자체),국제문화창의산업전,880.0,H. 경영역량 강화·사업화 지원(컨설팅·마케팅·디자인),T7 일반 국민·산업 종사자·창작자,I3 보조금(사업비 보조·매칭),K3 지역·사회적경제·창업 활성화 프로그램,S8 콘텐츠·문화·관광·스포츠,S8,1,없음
8585,2026,문화체육관광부,문화중심도시육성(지자체),문화콘텐츠 제작 및 마케팅 지원,2484.0,H. 경영역량 강화·사업화 지원(컨설팅·마케팅·디자인),T7 일반 국민·산업 종사자·창작자,I3 보조금(사업비 보조·매칭),K3 지역·사회적경제·창업 활성화 프로그램,S8 콘텐츠·문화·관광·스포츠,S8,1,없음
8586,2026,문화체육관광부,영화유통지원,영화유통지원,8990.0,C. 수출·해외진출 촉진,T7 일반 국민·산업 종사자·창작자,I3 보조금(사업비 보조·매칭),K3 지역·사회적경제·창업 활성화 프로그램,S8 콘텐츠·문화·관광·스포츠,S8;S10,2,없음
8587,2026,문화체육관광부,영화 창제작 지원,영화제작지원,32938.0,H. 경영역량 강화·사업화 지원(컨설팅·마케팅·디자인),T7 일반 국민·산업 종사자·창작자,I3 보조금(사업비 보조·매칭),K5 창업 사업화자금·투자연계·보육,S8 콘텐츠·문화·관광·스포츠,S8,1,언급
8588,2026,문화체육관광부,방송영상콘텐츠산업 육성,방송영상콘텐츠제작지원,64387.0,C. 수출·해외진출 촉진,T7 일반 국민·산업 종사자·창작자,I3 보조금(사업비 보조·매칭),K3 지역·사회적경제·창업 활성화 프로그램,S8 콘텐츠·문화·관광·스포츠,S8,1,없음
8589,2026,문화체육관광부,방송영상콘텐츠산업 육성,방송영상콘텐츠유통지원,10886.0,C. 수출·해외진출 촉진,T7 일반 국민·산업 종사자·창작자,I3 보조금(사업비 보조·매칭),K6 해외진출·수출 지원(전시·상담·현지화),S8 콘텐츠·문화·관광·스포츠,S8;S10,2,언급
8590,2026,문화체육관광부,전통문화 창업 및 융합 활성화,전통문화 창업 활성화,7473.0,B. 창업·벤처 육성,T7 일반 국민·산업 종사자·창작자,I3 보조금(사업비 보조·매칭),K3 지역·사회적경제·창업 활성화 프로그램,S8 콘텐츠·문화·관광·스포츠,S8,1,없음
8591,2026,문화체육관광부,전통문화 창업 및 융합 활성화,전통문화 융합 활성화,4210.0,B. 창업·벤처 육성,T7 일반 국민·산업 종사자·창작자,I3 보조금(사업비 보조·매칭),K7 사업비용 보조(전시·인증·컨설팅·기술도입 비용),S8 콘텐츠·문화·관광·스포츠,S8,1,없음
8592,2026,문화체육관광부,문화기술연구개발(R&D),K-콘텐츠 제작 기술개발,33475.0,A. 기술혁신 촉진(개발·실증·사업화),T5 산학연 연구수행기관(기업·대학·연구소 컨소시엄),I1 R&D 과제 출연(연구개발비),K8 컨설팅·인증·시험·홍보 서비스 제공,S8 콘텐츠·문화·관광·스포츠,S8,1,없음
8593,2026,문화체육관광부,게임산업 육성,글로벌게임허브센터운영,4110.0,C. 수출·해외진출 촉진,T7 일반 국민·산업 종사자·창작자,I3 보조금(사업비 보조·매칭),K3 지역·사회적경제·창업 활성화 프로그램,S8 콘텐츠·문화·관광·스포츠,S8;S9,2,없음
8594,2026,문화체육관광부,게임산업 육성,게임기업 육성,51578.0,C. 수출·해외진출 촉진,T7 일반 국민·산업 종사자·창작자,I3 보조금(사업비 보조·매칭),K6 해외진출·수출 지원(전시·상담·현지화),S8 콘텐츠·문화·관광·스포츠,S1;S8;S9,3,활용
8595,2026,문화체육관광부,영상콘텐츠산업 육성,애니메이션산업 육성,29969.0,C. 수출·해외진출 촉진,T7 일반 국민·산업 종사자·창작자,I3 보조금(사업비 보조·매칭),K5 창업 사업화자금·투자연계·보육,S8 콘텐츠·문화·관광·스포츠,S8,1,언급
8596,2026,문화체육관광부,영상콘텐츠산업 육성,캐릭터산업 육성,5927.0,C. 수출·해외진출 촉진,T7 일반 국민·산업 종사자·창작자,I3 보조금(사업비 보조·매칭),K3 지역·사회적경제·창업 활성화 프로그램,S8 콘텐츠·문화·관광·스포츠,S8,1,없음
8597,2026,문화체육관광부,음악산업 및 대중문화산업 육성,음악산업 육성,54912.0,C. 수출·해외진출 촉진,T7 일반 국민·산업 종사자·창작자,I3 보조금(사업비 보조·매칭),K4 자금 융자·보증 제공(운전·시설자금),S8 콘텐츠·문화·관광·스포츠,S8,1,없음
8598,2026,문화체육관광부,문화콘텐츠 투자활성화,문화산업보증계정 출연,33750.0,D. 자금조달·경영안정 지원(융자·보증·비용보전),"T8 수요·제도 연계 사업체 및 공공기관(수요기업, 설비 설치자, 지자체 등)",I8 보증·보험(신용보강),K4 자금 융자·보증 제공(운전·시설자금),S8 콘텐츠·문화·관광·스포츠,S8,1,없음
8599,2026,문화체육관광부,콘텐츠산업 생태계 조성,콘텐츠 기업육성지원,6930.0,F. 전문인력 양성·채용 지원,T7 일반 국민·산업 종사자·창작자,I3 보조금(사업비 보조·매칭),K7 사업비용 보조(전시·인증·컨설팅·기술도입 비용),S8 콘텐츠·문화·관광·스포츠,S8,1,언급
8600,2026,문화체육관광부,콘텐츠산업 생태계 조성,인프라 운영,12722.0,F. 전문인력 양성·채용 지원,T7 일반 국민·산업 종사자·창작자,I3 보조금(사업비 보조·매칭),K1 기술개발 과제 수행(연구개발비),S8 콘텐츠·문화·관광·스포츠,S8,1,언급
8601,2026,문화체육관광부,지역신문발전지원,지역신문역량지원,7749.0,D. 자금조달·경영안정 지원(융자·보증·비용보전),"T2 중소·벤처기업(특정 요건·단계: 글로벌 진출 희망, 인증, 재직자 등)",I4 융자(정책자금 대출),K3 지역·사회적경제·창업 활성화 프로그램,S0 업종 공통(산업 무관),S0,0,없음
8602,2026,문화체육관광부,K-Culture 글로벌 스타트업 육성 기술개발(R&D),글로벌 K-Culture 스타트업 혁신성장 기술개발,2900.0,C. 수출·해외진출 촉진,T5 산학연 연구수행기관(기업·대학·연구소 컨소시엄),I1 R&D 과제 출연(연구개발비),K2 산업 생태계·협력 기반 조성(플랫폼·네트워크),S8 콘텐츠·문화·관광·스포츠,S8,1,없음
8603,2026,문화체육관광부,K-Culture 글로벌 스타트업 육성 기술개발(R&D),지속가능한 K-Culture 공동도약 기술개발,6375.0,A. 기술혁신 촉진(개발·실증·사업화),T5 산학연 연구수행기관(기업·대학·연구소 컨소시엄),I1 R&D 과제 출연(연구개발비),K2 산업 생태계·협력 기반 조성(플랫폼·네트워크),S8 콘텐츠·문화·관광·스포츠,S8,1,없음
8604,2026,문화체육관광부,선도형 저작권 핵심 기술개발(R&D),신기술 융합 저작권 기술개발,4400.0,A. 기술혁신 촉진(개발·실증·사업화),T5 산학연 연구수행기관(기업·대학·연구소 컨소시엄),I1 R&D 과제 출연(연구개발비),K1 기술개발 과제 수행(연구개발비),S0 업종 공통(산업 무관),S0,0,언급
8605,2026,문화체육관광부,선도형 저작권 핵심 기술개발(R&D),저작권 기술 검증 및 상용화 지원,600.0,A. 기술혁신 촉진(개발·실증·사업화),T5 산학연 연구수행기관(기업·대학·연구소 컨소시엄),I2 출연(기관 운영·인프라·위탁 서비스),K2 산업 생태계·협력 기반 조성(플랫폼·네트워크),S0 업종 공통(산업 무관),S0,0,없음
8606,2026,문화체육관광부,문화기술 전문인력양성사업(R&D),장르별 문화기술(CT)전문인력양성,6900.0,F. 전문인력 양성·채용 지원,T5 산학연 연구수행기관(기업·대학·연구소 컨소시엄),I1 R&D 과제 출연(연구개발비),K1 기술개발 과제 수행(연구개발비),S8 콘텐츠·문화·관광·스포츠,S8,1,없음
8607,2026,문화체육관광부,예술산업 금융지원시범사업(융자),예술산업 금융지원시범사업(융자),20000.0,D. 자금조달·경영안정 지원(융자·보증·비용보전),"T8 수요·제도 연계 사업체 및 공공기관(수요기업, 설비 설치자, 지자체 등)",I4 융자(정책자금 대출),K4 자금 융자·보증 제공(운전·시설자금),S8 콘텐츠·문화·관광·스포츠,S8,1,없음
8608,2026,방송미디어통신위원회,혁신형 중소기업 방송광고 활성화 지원,혁신형 중소기업 방송광고 활성화 지원,944.0,H. 경영역량 강화·사업화 지원(컨설팅·마케팅·디자인),T1 중소·중견기업(일반·업종·지역 특정),I3 보조금(사업비 보조·매칭),K7 사업비용 보조(전시·인증·컨설팅·기술도입 비용),S8 콘텐츠·문화·관광·스포츠,S8,1,없음
8609,2026,방송미디어통신위원회,지역밀착형 방송광고 활성화 기반 구축,방송광고 제작 및 송출지원,1028.0,H. 경영역량 강화·사업화 지원(컨설팅·마케팅·디자인),T4 소상공인·소공인,I3 보조금(사업비 보조·매칭),K7 사업비용 보조(전시·인증·컨설팅·기술도입 비용),S8 콘텐츠·문화·관광·스포츠,S8,1,없음
8610,2026,방송미디어통신위원회,지역밀착형 방송광고 활성화 기반 구축,방송광고마케팅 컨설팅 지원,139.0,H. 경영역량 강화·사업화 지원(컨설팅·마케팅·디자인),T4 소상공인·소공인,I3 보조금(사업비 보조·매칭),K7 사업비용 보조(전시·인증·컨설팅·기술도입 비용),S8 콘텐츠·문화·관광·스포츠,S8,1,없음
8611,2026,산림청,임산물수출촉진,글로벌판로개척,2508.0,C. 수출·해외진출 촉진,T9 농어업인·농식품·수산업체,I3 보조금(사업비 보조·매칭),K6 해외진출·수출 지원(전시·상담·현지화),S9 농림축산식품·해양수산,S9,1,없음
8612,2026,산림청,임산물수출촉진,글로벌경쟁력강화,580.0,C. 수출·해외진출 촉진,T9 농어업인·농식품·수산업체,I3 보조금(사업비 보조·매칭),K6 해외진출·수출 지원(전시·상담·현지화),S9 농림축산식품·해양수산,S9,1,없음
8613,2026,산림청,고성능 목재수확 기계장비 개발(R&D),대형 목재 수확용 지능형 하베스터 개발,4500.0,A. 기술혁신 촉진(개발·실증·사업화),T9 농어업인·농식품·수산업체,I2 출연(기관 운영·인프라·위탁 서비스),K11 환경·안전 설비 구축 및 관리,S7 소재·부품·장비·제조혁신,S7,1,언급
8614,2026,성평등가족부,가족정책 추진기반 구축,일･가정양립 사회환경 조성,2070.0,E. 생산기반 현대화·친환경 전환(시설·설비),T7 일반 국민·산업 종사자·창작자,I10 직접 수행(직접사업),K9 교육·훈련 과정 운영,S0 업종 공통(산업 무관),S0,0,없음
8615,2026,식품의약품안전처,HACCP제도활성화,HACCP 인증지원,3334.0,E. 생산기반 현대화·친환경 전환(시설·설비),"T2 중소·벤처기업(특정 요건·단계: 글로벌 진출 희망, 인증, 재직자 등)",I3 보조금(사업비 보조·매칭),K11 환경·안전 설비 구축 및 관리,S0 업종 공통(산업 무관),S0,0,없음
8616,2026,식품의약품안전처,HACCP제도활성화,소규모 식품업체 맞춤형 현장지도,375.0,H. 경영역량 강화·사업화 지원(컨설팅·마케팅·디자인),"T2 중소·벤처기업(특정 요건·단계: 글로벌 진출 희망, 인증, 재직자 등)",I3 보조금(사업비 보조·매칭),K9 교육·훈련 과정 운영,S9 농림축산식품·해양수산,S9,1,없음
8617,2026,식품의약품안전처,HACCP제도활성화,스마트 HACCP 확산지원,300.0,E. 생산기반 현대화·친환경 전환(시설·설비),"T2 중소·벤처기업(특정 요건·단계: 글로벌 진출 희망, 인증, 재직자 등)",I3 보조금(사업비 보조·매칭),K11 환경·안전 설비 구축 및 관리,S0 업종 공통(산업 무관),S0,0,없음
8618,2026,식품의약품안전처,한국의료기기안전정보원 지원,의료기기 품질관리 및 신속제품화 기술지원,1042.0,A. 기술혁신 촉진(개발·실증·사업화),T7 일반 국민·산업 종사자·창작자,I10 직접 수행(직접사업),K1 기술개발 과제 수행(연구개발비),S4 바이오·헬스,S4,1,없음
8619,2026,식품의약품안전처,의약품품질고도화,의약품 허가특허연계제도 운영,630.0,A. 기술혁신 촉진(개발·실증·사업화),T7 일반 국민·산업 종사자·창작자,I10 직접 수행(직접사업),K8 컨설팅·인증·시험·홍보 서비스 제공,S4 바이오·헬스,S4,1,없음
8620,2026,식품의약품안전처,AI응용제품 신속 상용화 지원사업(식품·의료기기 등),AI 응용 식품 및 디지털의료제품 신속 상용화 지원,15000.0,A. 기술혁신 촉진(개발·실증·사업화),"T8 수요·제도 연계 사업체 및 공공기관(수요기업, 설비 설치자, 지자체 등)",I3 보조금(사업비 보조·매칭),K1 기술개발 과제 수행(연구개발비),S1 인공지능(AI)·데이터,S1;S4;S9,3,핵심
8621,2026,우주항공청,항공우주부품공정고도화기술개발(R&D),항공우주부품공정고도화기술개발,6228.0,A. 기술혁신 촉진(개발·실증·사업화),T5 산학연 연구수행기관(기업·대학·연구소 컨소시엄),I0 지원형태 미기재,K0 내용 미기재,S7 소재·부품·장비·제조혁신,S6;S7,2,없음
8622,2026,우주항공청,차세대 항공 기체부품 실증지원 기반구축,차세대 항공 기체부품 실증지원 기반구축,2000.0,F. 전문인력 양성·채용 지원,"T8 수요·제도 연계 사업체 및 공공기관(수요기업, 설비 설치자, 지자체 등)",I2 출연(기관 운영·인프라·위탁 서비스),K1 기술개발 과제 수행(연구개발비),S7 소재·부품·장비·제조혁신,S6;S7,2,없음
8623,2026,우주항공청,우주기술실용화촉진지원사업(R&D),우주기술실용화촉진지원사업,3200.0,B. 창업·벤처 육성,T3 예비창업자·창업기업,I1 R&D 과제 출연(연구개발비),K2 산업 생태계·협력 기반 조성(플랫폼·네트워크),S6 모빌리티·항공우주·조선,S6,1,없음
8624,2026,우주항공청,임무수요기반 성층권드론 실증 플랫폼 개발(R&D),임무수요기반 성층권드론 실증 플랫폼 개발,8000.0,A. 기술혁신 촉진(개발·실증·사업화),T5 산학연 연구수행기관(기업·대학·연구소 컨소시엄),I1 R&D 과제 출연(연구개발비),K1 기술개발 과제 수행(연구개발비),S6 모빌리티·항공우주·조선,S2;S6;S7,3,없음
8625,2026,우주항공청,AI기반위성정보활용서비스확산,AI기반위성정보활용서비스확산,1000.0,A. 기술혁신 촉진(개발·실증·사업화),"T2 중소·벤처기업(특정 요건·단계: 글로벌 진출 희망, 인증, 재직자 등)",I2 출연(기관 운영·인프라·위탁 서비스),K1 기술개발 과제 수행(연구개발비),S1 인공지능(AI)·데이터,S1,1,핵심
8626,2026,조달청,정부조달 국제협력체제 구축,우리 기업의 해외시장진출 지원,4299.0,C. 수출·해외진출 촉진,"T8 수요·제도 연계 사업체 및 공공기관(수요기업, 설비 설치자, 지자체 등)",I10 직접 수행(직접사업),K6 해외진출·수출 지원(전시·상담·현지화),S0 업종 공통(산업 무관),S0,0,없음
8627,2026,조달청,조달물자 구매 및 관리지원(자본),공공혁신조달사업(국내실증),62400.0,A. 기술혁신 촉진(개발·실증·사업화),"T8 수요·제도 연계 사업체 및 공공기관(수요기업, 설비 설치자, 지자체 등)",I10 직접 수행(직접사업),K8 컨설팅·인증·시험·홍보 서비스 제공,S0 업종 공통(산업 무관),S0,0,없음
8628,2026,조달청,조달물자 구매 및 관리지원(자본),공공혁신조달사업(해외실증),20000.0,A. 기술혁신 촉진(개발·실증·사업화),"T8 수요·제도 연계 사업체 및 공공기관(수요기업, 설비 설치자, 지자체 등)",I10 직접 수행(직접사업),K8 컨설팅·인증·시험·홍보 서비스 제공,S0 업종 공통(산업 무관),S0,0,없음
8629,2026,조달청,공공혁신수요 기반 혁신제품 기술개발(R&D),공공혁신수요기반 혁신제품 기술개발,8000.0,A. 기술혁신 촉진(개발·실증·사업화),"T8 수요·제도 연계 사업체 및 공공기관(수요기업, 설비 설치자, 지자체 등)",I1 R&D 과제 출연(연구개발비),K1 기술개발 과제 수행(연구개발비),S0 업종 공통(산업 무관),S0,0,언급
8630,2026,지식재산처,IP-R&D 전략지원(R&D),지재권 연계연구개발 전략지원,30216.0,A. 기술혁신 촉진(개발·실증·사업화),"T2 중소·벤처기업(특정 요건·단계: 글로벌 진출 희망, 인증, 재직자 등)",I10 직접 수행(직접사업),K1 기술개발 과제 수행(연구개발비),S0 업종 공통(산업 무관),S0,0,없음
8631,2026,지식재산처,IP-R&D 전략지원(R&D),지재권 활용인프라 구축,2020.0,A. 기술혁신 촉진(개발·실증·사업화),"T2 중소·벤처기업(특정 요건·단계: 글로벌 진출 희망, 인증, 재직자 등)",I10 직접 수행(직접사업),K7 사업비용 보조(전시·인증·컨설팅·기술도입 비용),S0 업종 공통(산업 무관),S0,0,없음
8632,2026,지식재산처,발명장려문화 조성,직무발명활성화,654.0,H. 경영역량 강화·사업화 지원(컨설팅·마케팅·디자인),"T2 중소·벤처기업(특정 요건·단계: 글로벌 진출 희망, 인증, 재직자 등)",I8 보증·보험(신용보강),K8 컨설팅·인증·시험·홍보 서비스 제공,S8 콘텐츠·문화·관광·스포츠,S8,1,없음
8633,2026,지식재산처,지식재산 창출지원,중소기업 IP 창출지원,19882.0,A. 기술혁신 촉진(개발·실증·사업화),"T2 중소·벤처기업(특정 요건·단계: 글로벌 진출 희망, 인증, 재직자 등)",I3 보조금(사업비 보조·매칭),K3 지역·사회적경제·창업 활성화 프로그램,S0 업종 공통(산업 무관),S0,0,없음
8634,2026,지식재산처,지식재산 창출지원,소상공인 IP 창출지원,4491.0,H. 경영역량 강화·사업화 지원(컨설팅·마케팅·디자인),"T2 중소·벤처기업(특정 요건·단계: 글로벌 진출 희망, 인증, 재직자 등)",I3 보조금(사업비 보조·매칭),K3 지역·사회적경제·창업 활성화 프로그램,S0 업종 공통(산업 무관),S0,0,없음
8635,2026,지식재산처,IP활용 창업·성장 지원,IP 나래 프로그램,6150.0,B. 창업·벤처 육성,T3 예비창업자·창업기업,I3 보조금(사업비 보조·매칭),K8 컨설팅·인증·시험·홍보 서비스 제공,S0 업종 공통(산업 무관),S0,0,없음
8636,2026,지식재산처,지식재산 기반 기술사업화 전략지원(R&D),특허기반 사업화 R&D,10000.0,A. 기술혁신 촉진(개발·실증·사업화),T1 중소·중견기업(일반·업종·지역 특정),I10 직접 수행(직접사업),K2 산업 생태계·협력 기반 조성(플랫폼·네트워크),S0 업종 공통(산업 무관),S0,0,없음
8637,2026,지식재산처,K-브랜드 분쟁대응 지원,위조방지기술 도입지원,1618.0,H. 경영역량 강화·사업화 지원(컨설팅·마케팅·디자인),T1 중소·중견기업(일반·업종·지역 특정),I10 직접 수행(직접사업),K7 사업비용 보조(전시·인증·컨설팅·기술도입 비용),S0 업종 공통(산업 무관),S0,0,없음
8638,2026,해양수산부,수산식품산업맞춤형기술개발(R&D),수산식품시장맞춤형기술개발,2250.0,A. 기술혁신 촉진(개발·실증·사업화),T5 산학연 연구수행기관(기업·대학·연구소 컨소시엄),I1 R&D 과제 출연(연구개발비),K1 기술개발 과제 수행(연구개발비),S9 농림축산식품·해양수산,S9,1,없음
8639,2026,해양수산부,수산물수매지원(융자),수산물수매지원,95000.0,E. 생산기반 현대화·친환경 전환(시설·설비),T9 농어업인·농식품·수산업체,I4 융자(정책자금 대출),K4 자금 융자·보증 제공(운전·시설자금),S9 농림축산식품·해양수산,S9,1,없음
8640,2026,해양수산부,수산물수매지원(융자),가공시설및운영,29400.0,E. 생산기반 현대화·친환경 전환(시설·설비),T9 농어업인·농식품·수산업체,I4 융자(정책자금 대출),K4 자금 융자·보증 제공(운전·시설자금),S9 농림축산식품·해양수산,S9,1,없음
8641,2026,해양수산부,우수수산물지원(융자),우수수산물지원,156393.0,C. 수출·해외진출 촉진,T9 농어업인·농식품·수산업체,I4 융자(정책자금 대출),K4 자금 융자·보증 제공(운전·시설자금),S9 농림축산식품·해양수산,S9,1,없음
8642,2026,해양수산부,해양수산신산업육성및기업투자유치지원,타깃기업투자확대및일자리창출지원,2020.0,G. 고용 창출·유지 및 노동환경 개선,T1 중소·중견기업(일반·업종·지역 특정),I6 혼합(출연+보조+직접 등 복수 형태),K3 지역·사회적경제·창업 활성화 프로그램,S9 농림축산식품·해양수산,S9,1,없음
8643,2026,해양수산부,해양수산신산업육성및기업투자유치지원,해양신산업인큐베이팅지원,3160.0,B. 창업·벤처 육성,T1 중소·중견기업(일반·업종·지역 특정),I6 혼합(출연+보조+직접 등 복수 형태),K7 사업비용 보조(전시·인증·컨설팅·기술도입 비용),S9 농림축산식품·해양수산,S9,1,없음
8644,2026,해양수산부,해양수산신산업육성및기업투자유치지원,민간투자기반유망기업사업화지원,6000.0,C. 수출·해외진출 촉진,T1 중소·중견기업(일반·업종·지역 특정),I6 혼합(출연+보조+직접 등 복수 형태),K5 창업 사업화자금·투자연계·보육,S9 농림축산식품·해양수산,S9,1,없음
8645,2026,해양수산부,해양기후변화진단및장기전망연구(R&D),월파정량관측기술개발,1816.0,A. 기술혁신 촉진(개발·실증·사업화),T5 산학연 연구수행기관(기업·대학·연구소 컨소시엄),I1 R&D 과제 출연(연구개발비),K1 기술개발 과제 수행(연구개발비),S5 에너지·환경,S5;S9,2,없음
8646,2026,해양수산부,해양레저장비및안전기술개발(R&D),해양레저장비및안전기술개발,6130.0,A. 기술혁신 촉진(개발·실증·사업화),T5 산학연 연구수행기관(기업·대학·연구소 컨소시엄),I1 R&D 과제 출연(연구개발비),K1 기술개발 과제 수행(연구개발비),S7 소재·부품·장비·제조혁신,S6;S7;S9,3,언급
8647,2026,해양수산부,해양수산부산물바이오소재화기술개발(R&D),해양수산부산물바이오소재화기술개발,3000.0,A. 기술혁신 촉진(개발·실증·사업화),T5 산학연 연구수행기관(기업·대학·연구소 컨소시엄),I1 R&D 과제 출연(연구개발비),K3 지역·사회적경제·창업 활성화 프로그램,S4 바이오·헬스,S4;S7;S9,3,없음
8648,2026,해양수산부,친환경선박보급촉진,친환경선박보급및운영지원,13500.0,E. 생산기반 현대화·친환경 전환(시설·설비),T9 농어업인·농식품·수산업체,I3 보조금(사업비 보조·매칭),K11 환경·안전 설비 구축 및 관리,S6 모빌리티·항공우주·조선,S5;S6,2,없음
8649,2026,해양수산부,친환경선박보급촉진,K-친환경･안전설비수출지원,3000.0,C. 수출·해외진출 촉진,T9 농어업인·농식품·수산업체,I3 보조금(사업비 보조·매칭),K6 해외진출·수출 지원(전시·상담·현지화),S5 에너지·환경,S5;S6,2,없음
8650,2026,해양수산부,해운물류전문인력양성,스마트해운물류융합인재및기업지원,1100.0,F. 전문인력 양성·채용 지원,"T2 중소·벤처기업(특정 요건·단계: 글로벌 진출 희망, 인증, 재직자 등)",I3 보조금(사업비 보조·매칭),K3 지역·사회적경제·창업 활성화 프로그램,S10 유통·물류·생활서비스,S10,1,없음
8651,2026,해양수산부,수산산업창업투자지원,지역별창업투자지원센터,6000.0,B. 창업·벤처 육성,T9 농어업인·농식품·수산업체,I3 보조금(사업비 보조·매칭),K3 지역·사회적경제·창업 활성화 프로그램,S9 농림축산식품·해양수산,S9,1,없음
8652,2026,해양수산부,수산산업창업투자지원,수산연관우수기술사업화자금지원,88.0,A. 기술혁신 촉진(개발·실증·사업화),T9 농어업인·농식품·수산업체,I3 보조금(사업비 보조·매칭),K2 산업 생태계·협력 기반 조성(플랫폼·네트워크),S9 농림축산식품·해양수산,S9,1,없음
8653,2026,해양수산부,쿠로시오해류로인한한반도해양위기대응기술개발(R&D),쿠로시오해류로인한한반도해양위기대응기술개발,2500.0,A. 기술혁신 촉진(개발·실증·사업화),T5 산학연 연구수행기관(기업·대학·연구소 컨소시엄),I1 R&D 과제 출연(연구개발비),K1 기술개발 과제 수행(연구개발비),S9 농림축산식품·해양수산,S9,1,언급
8654,2026,해양수산부,스마트선박용수로정보표준개발(R&D),스마트선박용수로정보표준개발,2400.0,A. 기술혁신 촉진(개발·실증·사업화),T5 산학연 연구수행기관(기업·대학·연구소 컨소시엄),I2 출연(기관 운영·인프라·위탁 서비스),K1 기술개발 과제 수행(연구개발비),S6 모빌리티·항공우주·조선,S6,1,언급
8655,2026,해양수산부,대체해조육및수산배양육기술개발(R&D),대체해조육상용화기술개발,2810.0,A. 기술혁신 촉진(개발·실증·사업화),T5 산학연 연구수행기관(기업·대학·연구소 컨소시엄),I1 R&D 과제 출연(연구개발비),K1 기술개발 과제 수행(연구개발비),S9 농림축산식품·해양수산,S9,1,없음
8656,2026,해양수산부,대체해조육및수산배양육기술개발(R&D),수산배양육생산기술개발,4070.0,A. 기술혁신 촉진(개발·실증·사업화),T5 산학연 연구수행기관(기업·대학·연구소 컨소시엄),I1 R&D 과제 출연(연구개발비),K1 기술개발 과제 수행(연구개발비),S9 농림축산식품·해양수산,S9,1,없음
8657,2026,해양수산부,해양수산딥테크육성기술개발사업(R&D),해양수산딥테크전환기술개발,5600.0,A. 기술혁신 촉진(개발·실증·사업화),T1 중소·중견기업(일반·업종·지역 특정),I1 R&D 과제 출연(연구개발비),K1 기술개발 과제 수행(연구개발비),S9 농림축산식품·해양수산,S9,1,언급
8658,2026,해양수산부,해양수산딥테크육성기술개발사업(R&D),해양수산글로벌딥테크발굴기술개발,2750.0,C. 수출·해외진출 촉진,T1 중소·중견기업(일반·업종·지역 특정),I1 R&D 과제 출연(연구개발비),K1 기술개발 과제 수행(연구개발비),S9 농림축산식품·해양수산,S9,1,없음
8659,2026,해양수산부,AI응용제품신속상용화지원사업,AI응용제품신속상용화지원사업,25000.0,A. 기술혁신 촉진(개발·실증·사업화),"T2 중소·벤처기업(특정 요건·단계: 글로벌 진출 희망, 인증, 재직자 등)",I2 출연(기관 운영·인프라·위탁 서비스),K1 기술개발 과제 수행(연구개발비),S1 인공지능(AI)·데이터,S1,1,핵심
8660,2026,행정안전부,마을기업 육성사업,마을기업 육성사업,4650.0,G. 고용 창출·유지 및 노동환경 개선,T7 일반 국민·산업 종사자·창작자,I3 보조금(사업비 보조·매칭),K3 지역·사회적경제·창업 활성화 프로그램,S0 업종 공통(산업 무관),S0,0,없음
8661,2026,행정안전부,재난안전산업활성화,재난안전기업 사업화 역량강화 컨설팅 지원 및 선도 재난안전기업 역량강화 지원,500.0,C. 수출·해외진출 촉진,T7 일반 국민·산업 종사자·창작자,I3 보조금(사업비 보조·매칭),K8 컨설팅·인증·시험·홍보 서비스 제공,S0 업종 공통(산업 무관),S0,0,없음
8662,2026,행정안전부,재난안전산업활성화,재난안전기업 판로개척 지원(통합한국관 운영사업),730.0,C. 수출·해외진출 촉진,T7 일반 국민·산업 종사자·창작자,I3 보조금(사업비 보조·매칭),K8 컨설팅·인증·시험·홍보 서비스 제공,S0 업종 공통(산업 무관),S0,0,없음
8663,2026,행정안전부,재난안전산업 기술사업화지원(R&D),재난안전 융합기술 고도화 지원,5400.0,A. 기술혁신 촉진(개발·실증·사업화),"T2 중소·벤처기업(특정 요건·단계: 글로벌 진출 희망, 인증, 재직자 등)",I2 출연(기관 운영·인프라·위탁 서비스),K2 산업 생태계·협력 기반 조성(플랫폼·네트워크),S0 업종 공통(산업 무관),S0,0,없음
8664,2026,행정안전부,재난안전산업 기술사업화지원(R&D),재난안전 맞춤형 사업화 지원,2065.0,A. 기술혁신 촉진(개발·실증·사업화),"T2 중소·벤처기업(특정 요건·단계: 글로벌 진출 희망, 인증, 재직자 등)",I2 출연(기관 운영·인프라·위탁 서비스),K1 기술개발 과제 수행(연구개발비),S0 업종 공통(산업 무관),S0,0,없음
8665,2026,행정안전부,재난안전산업 우수 기술개발 지원(R&D),재난안전 융합기술 고도화 지원,800.0,A. 기술혁신 촉진(개발·실증·사업화),"T2 중소·벤처기업(특정 요건·단계: 글로벌 진출 희망, 인증, 재직자 등)",I1 R&D 과제 출연(연구개발비),K1 기술개발 과제 수행(연구개발비),S0 업종 공통(산업 무관),S0,0,없음
8666,2026,행정안전부,재난안전산업 우수 기술개발 지원(R&D),재난안전 맞춤형 사업화 지원,1200.0,A. 기술혁신 촉진(개발·실증·사업화),"T2 중소·벤처기업(특정 요건·단계: 글로벌 진출 희망, 인증, 재직자 등)",I1 R&D 과제 출연(연구개발비),K2 산업 생태계·협력 기반 조성(플랫폼·네트워크),S0 업종 공통(산업 무관),S0,0,없음
8667,2026,행정안전부,착한가격업소 활성화 지원(자율),착한가격업소 활성화 지원(자율),4715.0,D. 자금조달·경영안정 지원(융자·보증·비용보전),T7 일반 국민·산업 종사자·창작자,I3 보조금(사업비 보조·매칭),K4 자금 융자·보증 제공(운전·시설자금),S0 업종 공통(산업 무관),S0,0,없음
8668,2026,행정안전부,착한가격업소 활성화 지원(제주),착한가격업소 활성화 지원(제주),164.0,D. 자금조달·경영안정 지원(융자·보증·비용보전),T7 일반 국민·산업 종사자·창작자,I3 보조금(사업비 보조·매칭),K4 자금 융자·보증 제공(운전·시설자금),S0 업종 공통(산업 무관),S0,0,없음
8669,2026,행정안전부,착한가격업소 활성화 지원(세종),착한가격업소 활성화 지원(세종),26.0,D. 자금조달·경영안정 지원(융자·보증·비용보전),T7 일반 국민·산업 종사자·창작자,I3 보조금(사업비 보조·매칭),K4 자금 융자·보증 제공(운전·시설자금),S0 업종 공통(산업 무관),S0,0,없음
8670,2026,보건복지부,글로벌 액셀러레이터 기반 스케일업 지원(R&D),글로벌 액셀러레이터 기반스케일업지원,4000.0,C. 수출·해외진출 촉진,T5 산학연 연구수행기관(기업·대학·연구소 컨소시엄),I2 출연(기관 운영·인프라·위탁 서비스),K0 내용 미기재,S4 바이오·헬스,S4,1,없음
8671,2026,보건복지부,최고급 해외인재 유치(바이오)(R&D),최고급 해외 인재 유치(바이오),1800.0,A. 기술혁신 촉진(개발·실증·사업화),"T8 수요·제도 연계 사업체 및 공공기관(수요기업, 설비 설치자, 지자체 등)",I2 출연(기관 운영·인프라·위탁 서비스),K6 해외진출·수출 지원(전시·상담·현지화),S4 바이오·헬스,S4,1,없음
8672,2026,보건복지부,AI응용제품 신속 상용화 지원(보건),의료 AI 상용화 지원,13000.0,A. 기술혁신 촉진(개발·실증·사업화),T7 일반 국민·산업 종사자·창작자,I3 보조금(사업비 보조·매칭),K1 기술개발 과제 수행(연구개발비),S1 인공지능(AI)·데이터,S1;S4,2,핵심
8673,2026,보건복지부,바이오헬스산업 육성 지원,제약산업 경쟁력 강화,119418.0,F. 전문인력 양성·채용 지원,"T2 중소·벤처기업(특정 요건·단계: 글로벌 진출 희망, 인증, 재직자 등)",I3 보조금(사업비 보조·매칭),K3 지역·사회적경제·창업 활성화 프로그램,S4 바이오·헬스,S4,1,없음
8674,2026,보건복지부,바이오헬스산업 육성 지원,의료기기산업 경쟁력 강화,13703.0,A. 기술혁신 촉진(개발·실증·사업화),"T2 중소·벤처기업(특정 요건·단계: 글로벌 진출 희망, 인증, 재직자 등)",I3 보조금(사업비 보조·매칭),K3 지역·사회적경제·창업 활성화 프로그램,S4 바이오·헬스,S4,1,언급
8675,2026,보건복지부,바이오헬스산업 육성 지원,화장품산업 경쟁력 강화,44138.0,F. 전문인력 양성·채용 지원,"T2 중소·벤처기업(특정 요건·단계: 글로벌 진출 희망, 인증, 재직자 등)",I3 보조금(사업비 보조·매칭),K3 지역·사회적경제·창업 활성화 프로그램,S4 바이오·헬스,S4,1,없음
8676,2026,보건복지부,바이오헬스산업 육성 지원,바이오헬스 산업 글로벌 진출 지원,34923.0,F. 전문인력 양성·채용 지원,"T2 중소·벤처기업(특정 요건·단계: 글로벌 진출 희망, 인증, 재직자 등)",I3 보조금(사업비 보조·매칭),K3 지역·사회적경제·창업 활성화 프로그램,S4 바이오·헬스,S4,1,없음
8677,2026,보건복지부,보건의료 인프라 연계 창업지원,K-BIC 플랫폼 강화,1914.0,B. 창업·벤처 육성,"T8 수요·제도 연계 사업체 및 공공기관(수요기업, 설비 설치자, 지자체 등)",I3 보조금(사업비 보조·매칭),K3 지역·사회적경제·창업 활성화 프로그램,S4 바이오·헬스,S4,1,없음
8678,2026,과학기술정보통신부,연구개발특구육성(R&D),연구소기업전략육성,7500.0,A. 기술혁신 촉진(개발·실증·사업화),T1 중소·중견기업(일반·업종·지역 특정),I2 출연(기관 운영·인프라·위탁 서비스),K2 산업 생태계·협력 기반 조성(플랫폼·네트워크),S0 업종 공통(산업 무관),S0,0,없음
8679,2026,과학기술정보통신부,산학연협력활성화지원(R&D),산학연협력기술창업법인육성,2070.0,B. 창업·벤처 육성,T5 산학연 연구수행기관(기업·대학·연구소 컨소시엄),I1 R&D 과제 출연(연구개발비),K2 산업 생태계·협력 기반 조성(플랫폼·네트워크),S0 업종 공통(산업 무관),S0,0,없음
8680,2026,과학기술정보통신부,지역디지털인재양성,ICT이노베이션스퀘어조성,30222.0,F. 전문인력 양성·채용 지원,"T2 중소·벤처기업(특정 요건·단계: 글로벌 진출 희망, 인증, 재직자 등)",I2 출연(기관 운영·인프라·위탁 서비스),K8 컨설팅·인증·시험·홍보 서비스 제공,S2 디지털·SW·정보통신,S1;S2,2,활용
8681,2026,과학기술정보통신부,지역디지털인재양성,지역산업SW인재양성기반조성,628.0,F. 전문인력 양성·채용 지원,"T2 중소·벤처기업(특정 요건·단계: 글로벌 진출 희망, 인증, 재직자 등)",I2 출연(기관 운영·인프라·위탁 서비스),K9 교육·훈련 과정 운영,S2 디지털·SW·정보통신,S2,1,언급
8682,2026,과학기술정보통신부,정보통신방송해외진출지원,융합서비스글로벌마케팅강화,565.0,C. 수출·해외진출 촉진,"T8 수요·제도 연계 사업체 및 공공기관(수요기업, 설비 설치자, 지자체 등)",I2 출연(기관 운영·인프라·위탁 서비스),K6 해외진출·수출 지원(전시·상담·현지화),S2 디지털·SW·정보통신,S2;S8,2,없음
8683,2026,과학기술정보통신부,전파기반신산업창출및중소기업육성,전파산업중소기업성장기반조성,1968.0,A. 기술혁신 촉진(개발·실증·사업화),T1 중소·중견기업(일반·업종·지역 특정),I3 보조금(사업비 보조·매칭),K7 사업비용 보조(전시·인증·컨설팅·기술도입 비용),S2 디지털·SW·정보통신,S2;S7,2,언급
8684,2026,과학기술정보통신부,전파기반신산업창출및중소기업육성,중소기업전파공동엔지니어링랩운영지원,219.0,A. 기술혁신 촉진(개발·실증·사업화),T1 중소·중견기업(일반·업종·지역 특정),I3 보조금(사업비 보조·매칭),K8 컨설팅·인증·시험·홍보 서비스 제공,S2 디지털·SW·정보통신,S2,1,없음
8685,2026,과학기술정보통신부,전파기반신산업창출및중소기업육성,중소기업우수제품전파인증시험비용지원,302.0,E. 생산기반 현대화·친환경 전환(시설·설비),T1 중소·중견기업(일반·업종·지역 특정),I3 보조금(사업비 보조·매칭),K7 사업비용 보조(전시·인증·컨설팅·기술도입 비용),S2 디지털·SW·정보통신,S2,1,없음
8686,2026,과학기술정보통신부,전파기반신산업창출및중소기업육성,고출력전자파침해대응산업활성화,173.0,E. 생산기반 현대화·친환경 전환(시설·설비),T1 중소·중견기업(일반·업종·지역 특정),I3 보조금(사업비 보조·매칭),K11 환경·안전 설비 구축 및 관리,S2 디지털·SW·정보통신,S2,1,없음
8687,2026,과학기술정보통신부,전파기반중소기업전자파대책기술지원,안전한전자파제품개발지원,401.0,A. 기술혁신 촉진(개발·실증·사업화),T1 중소·중견기업(일반·업종·지역 특정),I3 보조금(사업비 보조·매칭),K11 환경·안전 설비 구축 및 관리,S2 디지털·SW·정보통신,S2,1,없음
8688,2026,과학기술정보통신부,전파기반중소기업전자파대책기술지원,고품질전자파부품·소재개발지원,129.0,A. 기술혁신 촉진(개발·실증·사업화),T1 중소·중견기업(일반·업종·지역 특정),I3 보조금(사업비 보조·매칭),K11 환경·안전 설비 구축 및 관리,S7 소재·부품·장비·제조혁신,S2;S7,2,없음
8689,2026,과학기술정보통신부,ICT창의기업육성,글로벌창업활성화기반조성,2786.0,B. 창업·벤처 육성,"T2 중소·벤처기업(특정 요건·단계: 글로벌 진출 희망, 인증, 재직자 등)",I2 출연(기관 운영·인프라·위탁 서비스),K8 컨설팅·인증·시험·홍보 서비스 제공,S2 디지털·SW·정보통신,S2,1,없음
8690,2026,과학기술정보통신부,ICT창의기업육성,혁신기술기반벤처성장지원,3977.0,B. 창업·벤처 육성,"T2 중소·벤처기업(특정 요건·단계: 글로벌 진출 희망, 인증, 재직자 등)",I2 출연(기관 운영·인프라·위탁 서비스),K8 컨설팅·인증·시험·홍보 서비스 제공,S2 디지털·SW·정보통신,S2,1,없음
8691,2026,과학기술정보통신부,ICT창의기업육성,ICT벤처･투자사협력네트워크구축･운영,520.0,B. 창업·벤처 육성,"T2 중소·벤처기업(특정 요건·단계: 글로벌 진출 희망, 인증, 재직자 등)",I2 출연(기관 운영·인프라·위탁 서비스),K3 지역·사회적경제·창업 활성화 프로그램,S2 디지털·SW·정보통신,S2,1,없음
8692,2026,과학기술정보통신부,디지털콘텐츠기업경쟁력강화,디지털콘텐츠글로벌역량강화,4200.0,C. 수출·해외진출 촉진,T7 일반 국민·산업 종사자·창작자,I2 출연(기관 운영·인프라·위탁 서비스),K6 해외진출·수출 지원(전시·상담·현지화),S2 디지털·SW·정보통신,S2;S8,2,없음
8693,2026,과학기술정보통신부,클라우드컴퓨팅산업육성(정보화),클라우드서비스활성화및기업경쟁력강화,8993.0,A. 기술혁신 촉진(개발·실증·사업화),"T8 수요·제도 연계 사업체 및 공공기관(수요기업, 설비 설치자, 지자체 등)",I9 바우처,K7 사업비용 보조(전시·인증·컨설팅·기술도입 비용),S2 디지털·SW·정보통신,S1;S2,2,활용
8694,2026,과학기술정보통신부,데이터기반산업경쟁력강화,데이터유통·활용생태계조성,9119.0,A. 기술혁신 촉진(개발·실증·사업화),"T2 중소·벤처기업(특정 요건·단계: 글로벌 진출 희망, 인증, 재직자 등)",I9 바우처,K7 사업비용 보조(전시·인증·컨설팅·기술도입 비용),S1 인공지능(AI)·데이터,S1,1,활용
8695,2026,과학기술정보통신부,사물인터넷신산업육성선도(정보화),IoT융합선도,553.0,A. 기술혁신 촉진(개발·실증·사업화),"T2 중소·벤처기업(특정 요건·단계: 글로벌 진출 희망, 인증, 재직자 등)",I2 출연(기관 운영·인프라·위탁 서비스),K1 기술개발 과제 수행(연구개발비),S2 디지털·SW·정보통신,S2,1,없음
8696,2026,과학기술정보통신부,사물인터넷신산업육성선도(정보화),IoT인프라조성·보급,3340.0,A. 기술혁신 촉진(개발·실증·사업화),"T2 중소·벤처기업(특정 요건·단계: 글로벌 진출 희망, 인증, 재직자 등)",I2 출연(기관 운영·인프라·위탁 서비스),K2 산업 생태계·협력 기반 조성(플랫폼·네트워크),S2 디지털·SW·정보통신,S2,1,없음
8697,2026,과학기술정보통신부,사물인터넷신산업육성선도(정보화),IoT시장진출지원,505.0,C. 수출·해외진출 촉진,"T2 중소·벤처기업(특정 요건·단계: 글로벌 진출 희망, 인증, 재직자 등)",I2 출연(기관 운영·인프라·위탁 서비스),K6 해외진출·수출 지원(전시·상담·현지화),S2 디지털·SW·정보통신,S2,1,없음
8698,2026,과학기술정보통신부,방송통신산업기술개발(R&D),차세대무선통신,21454.0,A. 기술혁신 촉진(개발·실증·사업화),T5 산학연 연구수행기관(기업·대학·연구소 컨소시엄),I1 R&D 과제 출연(연구개발비),K1 기술개발 과제 수행(연구개발비),S2 디지털·SW·정보통신,S1;S2;S8,3,활용
8699,2026,과학기술정보통신부,방송통신산업기술개발(R&D),차세대유선통신,12791.0,A. 기술혁신 촉진(개발·실증·사업화),T5 산학연 연구수행기관(기업·대학·연구소 컨소시엄),I2 출연(기관 운영·인프라·위탁 서비스),K1 기술개발 과제 수행(연구개발비),S2 디지털·SW·정보통신,S2;S8,2,언급
8700,2026,과학기술정보통신부,방송통신산업기술개발(R&D),전파·위성,20959.0,A. 기술혁신 촉진(개발·실증·사업화),T5 산학연 연구수행기관(기업·대학·연구소 컨소시엄),I2 출연(기관 운영·인프라·위탁 서비스),K7 사업비용 보조(전시·인증·컨설팅·기술도입 비용),S2 디지털·SW·정보통신,S2;S8,2,없음
8701,2026,과학기술정보통신부,나노·소재기술개발(R&D),기반구축,91157.0,A. 기술혁신 촉진(개발·실증·사업화),T5 산학연 연구수행기관(기업·대학·연구소 컨소시엄),I1 R&D 과제 출연(연구개발비),K1 기술개발 과제 수행(연구개발비),S7 소재·부품·장비·제조혁신,S7,1,없음
8702,2026,과학기술정보통신부,한국과학기술원부설나노종합기술원지원(R&D),일반사업비,17513.0,A. 기술혁신 촉진(개발·실증·사업화),"T8 수요·제도 연계 사업체 및 공공기관(수요기업, 설비 설치자, 지자체 등)",I1 R&D 과제 출연(연구개발비),K1 기술개발 과제 수행(연구개발비),S7 소재·부품·장비·제조혁신,S7,1,없음
8703,2026,과학기술정보통신부,지능정보네트워크용광통신부품상용화실증확산,지능정보네트워크용광통신부품상용화실증확산,1464.0,A. 기술혁신 촉진(개발·실증·사업화),T1 중소·중견기업(일반·업종·지역 특정),I2 출연(기관 운영·인프라·위탁 서비스),K1 기술개발 과제 수행(연구개발비),S7 소재·부품·장비·제조혁신,S2;S7,2,언급
8704,2026,과학기술정보통신부,스마트팜다부처패키지혁신기술개발(R&D),스마트팜실증·고도화연구,4440.0,A. 기술혁신 촉진(개발·실증·사업화),T9 농어업인·농식품·수산업체,I2 출연(기관 운영·인프라·위탁 서비스),K1 기술개발 과제 수행(연구개발비),S9 농림축산식품·해양수산,S9,1,언급
8705,2026,과학기술정보통신부,전통문화혁신성장융합연구(R&D),전통문화원천기술개발,569.0,A. 기술혁신 촉진(개발·실증·사업화),T5 산학연 연구수행기관(기업·대학·연구소 컨소시엄),I1 R&D 과제 출연(연구개발비),K1 기술개발 과제 수행(연구개발비),S8 콘텐츠·문화·관광·스포츠,S8,1,없음
8706,2026,과학기술정보통신부,원자력국제협력기반조성사업(R&D),원자력기술유망기업육성및수출지원,457.0,C. 수출·해외진출 촉진,T5 산학연 연구수행기관(기업·대학·연구소 컨소시엄),I6 혼합(출연+보조+직접 등 복수 형태),K1 기술개발 과제 수행(연구개발비),S0 업종 공통(산업 무관),S0,0,없음
8707,2026,과학기술정보통신부,과학치안공공연구성과실용화촉진시범사업(R&D),단기치안R&D기술실용화,720.0,A. 기술혁신 촉진(개발·실증·사업화),T5 산학연 연구수행기관(기업·대학·연구소 컨소시엄),I1 R&D 과제 출연(연구개발비),K2 산업 생태계·협력 기반 조성(플랫폼·네트워크),S0 업종 공통(산업 무관),S0,0,없음
8708,2026,과학기술정보통신부,기업부설연구소및원스톱서비스운영·지원,수요발굴지원단운영,750.0,A. 기술혁신 촉진(개발·실증·사업화),"T8 수요·제도 연계 사업체 및 공공기관(수요기업, 설비 설치자, 지자체 등)",I2 출연(기관 운영·인프라·위탁 서비스),K2 산업 생태계·협력 기반 조성(플랫폼·네트워크),S0 업종 공통(산업 무관),S0,0,없음
8709,2026,과학기술정보통신부,대구경북과학기술원연구운영비지원(R&D),창업및사업화협력,1682.0,A. 기술혁신 촉진(개발·실증·사업화),T5 산학연 연구수행기관(기업·대학·연구소 컨소시엄),I2 출연(기관 운영·인프라·위탁 서비스),K1 기술개발 과제 수행(연구개발비),S0 업종 공통(산업 무관),S0,0,없음
8710,2026,과학기술정보통신부,한국과학기술원연구운영비지원(R&D),창업및사업화협력,2891.0,A. 기술혁신 촉진(개발·실증·사업화),T5 산학연 연구수행기관(기업·대학·연구소 컨소시엄),I1 R&D 과제 출연(연구개발비),K1 기술개발 과제 수행(연구개발비),S0 업종 공통(산업 무관),S0,0,없음
8711,2026,과학기술정보통신부,인재활용확산지원(R&D),산학연협력연구기반인력양성,13800.0,A. 기술혁신 촉진(개발·실증·사업화),"T2 중소·벤처기업(특정 요건·단계: 글로벌 진출 희망, 인증, 재직자 등)",I1 R&D 과제 출연(연구개발비),K10 고용장려금·인건비·공제 지급,S5 에너지·환경,S5,1,없음
8712,2026,과학기술정보통신부,울산과학기술원연구운영비지원(R&D),창업및사업화협력,2000.0,A. 기술혁신 촉진(개발·실증·사업화),T5 산학연 연구수행기관(기업·대학·연구소 컨소시엄),I2 출연(기관 운영·인프라·위탁 서비스),K8 컨설팅·인증·시험·홍보 서비스 제공,S0 업종 공통(산업 무관),S0,0,언급
8713,2026,과학기술정보통신부,국제IT협력프로젝트운영,국제IT협력프로젝트운영,607.0,A. 기술혁신 촉진(개발·실증·사업화),"T8 수요·제도 연계 사업체 및 공공기관(수요기업, 설비 설치자, 지자체 등)",I1 R&D 과제 출연(연구개발비),K1 기술개발 과제 수행(연구개발비),S2 디지털·SW·정보통신,S1;S2,2,활용
8714,2026,과학기술정보통신부,국제기구를통한정보화분야해외진출지원(정보화),국제기구를통한정보화분야해외진출지원,194.0,C. 수출·해외진출 촉진,"T2 중소·벤처기업(특정 요건·단계: 글로벌 진출 희망, 인증, 재직자 등)",I2 출연(기관 운영·인프라·위탁 서비스),K6 해외진출·수출 지원(전시·상담·현지화),S2 디지털·SW·정보통신,S2,1,없음
8715,2026,과학기술정보통신부,정보통신기반보호강화(정보화),ICT중소기업정보보호안전망확충,8956.0,D. 자금조달·경영안정 지원(융자·보증·비용보전),"T2 중소·벤처기업(특정 요건·단계: 글로벌 진출 희망, 인증, 재직자 등)",I8 보증·보험(신용보강),K8 컨설팅·인증·시험·홍보 서비스 제공,S2 디지털·SW·정보통신,S1;S2,2,활용
8716,2026,과학기술정보통신부,정보통신기반보호강화(정보화),AI기반보안기술보유유망기업집중육성,3811.0,D. 자금조달·경영안정 지원(융자·보증·비용보전),"T2 중소·벤처기업(특정 요건·단계: 글로벌 진출 희망, 인증, 재직자 등)",I4 융자(정책자금 대출),K1 기술개발 과제 수행(연구개발비),S1 인공지능(AI)·데이터,S1;S2,2,핵심
8717,2026,과학기술정보통신부,SW산업해외진출역량강화,SW글로벌역량강화,2050.0,C. 수출·해외진출 촉진,T1 중소·중견기업(일반·업종·지역 특정),I2 출연(기관 운영·인프라·위탁 서비스),K6 해외진출·수출 지원(전시·상담·현지화),S2 디지털·SW·정보통신,S2,1,없음
8718,2026,과학기술정보통신부,디지털전문·융합인재양성,산업재직자AI역량강화,8400.0,F. 전문인력 양성·채용 지원,"T2 중소·벤처기업(특정 요건·단계: 글로벌 진출 희망, 인증, 재직자 등)",I2 출연(기관 운영·인프라·위탁 서비스),K1 기술개발 과제 수행(연구개발비),S1 인공지능(AI)·데이터,S1;S2,2,핵심
8719,2026,과학기술정보통신부,AI반도체실증지원,AI반도체응용실증지원,4685.0,A. 기술혁신 촉진(개발·실증·사업화),T5 산학연 연구수행기관(기업·대학·연구소 컨소시엄),I2 출연(기관 운영·인프라·위탁 서비스),K1 기술개발 과제 수행(연구개발비),S1 인공지능(AI)·데이터,S1;S3,2,핵심
8720,2026,과학기술정보통신부,AI반도체실증지원,온디바이스AI서비스실증.확산,24000.0,A. 기술혁신 촉진(개발·실증·사업화),T5 산학연 연구수행기관(기업·대학·연구소 컨소시엄),I2 출연(기관 운영·인프라·위탁 서비스),K1 기술개발 과제 수행(연구개발비),S1 인공지능(AI)·데이터,S1;S3,2,핵심
8721,2026,과학기술정보통신부,AI반도체실증지원,국산 AI반도체 조기상용화 지원,68685.0,A. 기술혁신 촉진(개발·실증·사업화),T5 산학연 연구수행기관(기업·대학·연구소 컨소시엄),I2 출연(기관 운영·인프라·위탁 서비스),K7 사업비용 보조(전시·인증·컨설팅·기술도입 비용),S1 인공지능(AI)·데이터,S1;S2;S3,3,핵심
8722,2026,과학기술정보통신부,AI반도체실증지원,AX 실증지원,16000.0,A. 기술혁신 촉진(개발·실증·사업화),T5 산학연 연구수행기관(기업·대학·연구소 컨소시엄),I1 R&D 과제 출연(연구개발비),K1 기술개발 과제 수행(연구개발비),S1 인공지능(AI)·데이터,S1;S3,2,핵심
8723,2026,과학기술정보통신부,ICT규제샌드박스,ICT규제샌드박스제도운영,1065.0,A. 기술혁신 촉진(개발·실증·사업화),"T8 수요·제도 연계 사업체 및 공공기관(수요기업, 설비 설치자, 지자체 등)",I2 출연(기관 운영·인프라·위탁 서비스),K8 컨설팅·인증·시험·홍보 서비스 제공,S2 디지털·SW·정보통신,S2,1,없음
8724,2026,과학기술정보통신부,ICT규제샌드박스,ICT규제샌드박스지정과제운영,2413.0,A. 기술혁신 촉진(개발·실증·사업화),"T8 수요·제도 연계 사업체 및 공공기관(수요기업, 설비 설치자, 지자체 등)",I2 출연(기관 운영·인프라·위탁 서비스),K8 컨설팅·인증·시험·홍보 서비스 제공,S2 디지털·SW·정보통신,S2,1,없음
8725,2026,과학기술정보통신부,융합서비스글로벌시장진출지원,DNA대·중소파트너십동반진출,4465.0,C. 수출·해외진출 촉진,"T2 중소·벤처기업(특정 요건·단계: 글로벌 진출 희망, 인증, 재직자 등)",I2 출연(기관 운영·인프라·위탁 서비스),K6 해외진출·수출 지원(전시·상담·현지화),S2 디지털·SW·정보통신,S2,1,언급
8726,2026,과학기술정보통신부,융합서비스글로벌시장진출지원,DNA융합제품서비스해외진출지원,1085.0,C. 수출·해외진출 촉진,"T2 중소·벤처기업(특정 요건·단계: 글로벌 진출 희망, 인증, 재직자 등)",I2 출연(기관 운영·인프라·위탁 서비스),K6 해외진출·수출 지원(전시·상담·현지화),S0 업종 공통(산업 무관),S0,0,언급
8727,2026,과학기술정보통신부,융합서비스글로벌시장진출지원,디지털혁신기업글로벌성장바우처지원,3000.0,C. 수출·해외진출 촉진,"T2 중소·벤처기업(특정 요건·단계: 글로벌 진출 희망, 인증, 재직자 등)",I9 바우처,K5 창업 사업화자금·투자연계·보육,S0 업종 공통(산업 무관),S0,0,없음
8728,2026,과학기술정보통신부,융합서비스글로벌시장진출지원,AI-반도체해외실증지원,21600.0,C. 수출·해외진출 촉진,"T2 중소·벤처기업(특정 요건·단계: 글로벌 진출 희망, 인증, 재직자 등)",I2 출연(기관 운영·인프라·위탁 서비스),K6 해외진출·수출 지원(전시·상담·현지화),S1 인공지능(AI)·데이터,S1;S3,2,핵심
8729,2026,과학기술정보통신부,융합서비스글로벌시장진출지원,AI·디지털전환혁신기업해외실증지원,4000.0,C. 수출·해외진출 촉진,"T2 중소·벤처기업(특정 요건·단계: 글로벌 진출 희망, 인증, 재직자 등)",I2 출연(기관 운영·인프라·위탁 서비스),K7 사업비용 보조(전시·인증·컨설팅·기술도입 비용),S1 인공지능(AI)·데이터,S1,1,핵심
8730,2026,과학기술정보통신부,융합서비스글로벌시장진출지원,AI·디지털비즈니스파트너십구축,3000.0,C. 수출·해외진출 촉진,"T2 중소·벤처기업(특정 요건·단계: 글로벌 진출 희망, 인증, 재직자 등)",I2 출연(기관 운영·인프라·위탁 서비스),K7 사업비용 보조(전시·인증·컨설팅·기술도입 비용),S1 인공지능(AI)·데이터,S1,1,핵심
8731,2026,과학기술정보통신부,융합서비스글로벌시장진출지원,K-테크 파이오니어즈,8000.0,B. 창업·벤처 육성,"T2 중소·벤처기업(특정 요건·단계: 글로벌 진출 희망, 인증, 재직자 등)",I2 출연(기관 운영·인프라·위탁 서비스),K1 기술개발 과제 수행(연구개발비),S0 업종 공통(산업 무관),S0,0,언급
8732,2026,과학기술정보통신부,스마트엣지디바이스기술개발(R&D),SW플랫폼,760.0,A. 기술혁신 촉진(개발·실증·사업화),T5 산학연 연구수행기관(기업·대학·연구소 컨소시엄),I1 R&D 과제 출연(연구개발비),K1 기술개발 과제 수행(연구개발비),S2 디지털·SW·정보통신,S1;S2,2,활용
8733,2026,과학기술정보통신부,SW컴퓨팅산업원천기술개발(R&D),응용기반SW핵심기술,8900.0,A. 기술혁신 촉진(개발·실증·사업화),T5 산학연 연구수행기관(기업·대학·연구소 컨소시엄),I2 출연(기관 운영·인프라·위탁 서비스),K1 기술개발 과제 수행(연구개발비),S2 디지털·SW·정보통신,S2,1,언급
8734,2026,과학기술정보통신부,SW컴퓨팅산업원천기술개발(R&D),빅데이터핵심기술,12916.0,A. 기술혁신 촉진(개발·실증·사업화),T5 산학연 연구수행기관(기업·대학·연구소 컨소시엄),I2 출연(기관 운영·인프라·위탁 서비스),K1 기술개발 과제 수행(연구개발비),S1 인공지능(AI)·데이터,S1;S2,2,언급
8735,2026,과학기술정보통신부,SW컴퓨팅산업원천기술개발(R&D),컴퓨팅핵심기술,33985.0,A. 기술혁신 촉진(개발·실증·사업화),T5 산학연 연구수행기관(기업·대학·연구소 컨소시엄),I2 출연(기관 운영·인프라·위탁 서비스),K1 기술개발 과제 수행(연구개발비),S2 디지털·SW·정보통신,S2,1,없음
8736,2026,과학기술정보통신부,SW산업기반확충,SW산업기술확산역량강화,4830.0,A. 기술혁신 촉진(개발·실증·사업화),"T8 수요·제도 연계 사업체 및 공공기관(수요기업, 설비 설치자, 지자체 등)",I2 출연(기관 운영·인프라·위탁 서비스),K8 컨설팅·인증·시험·홍보 서비스 제공,S2 디지털·SW·정보통신,S2,1,언급
8737,2026,과학기술정보통신부,SW산업기반확충,SW고성장클럽,11122.0,B. 창업·벤처 육성,"T8 수요·제도 연계 사업체 및 공공기관(수요기업, 설비 설치자, 지자체 등)",I1 R&D 과제 출연(연구개발비),K5 창업 사업화자금·투자연계·보육,S2 디지털·SW·정보통신,S2,1,없음
8738,2026,과학기술정보통신부,ICT융합산업혁신기술개발(R&D),휴먼사물공간융합,961.0,A. 기술혁신 촉진(개발·실증·사업화),T5 산학연 연구수행기관(기업·대학·연구소 컨소시엄),I1 R&D 과제 출연(연구개발비),K1 기술개발 과제 수행(연구개발비),S2 디지털·SW·정보통신,S2,1,언급
8739,2026,과학기술정보통신부,블록체인활용기반조성,해외진출기반지원,989.0,C. 수출·해외진출 촉진,"T8 수요·제도 연계 사업체 및 공공기관(수요기업, 설비 설치자, 지자체 등)",I2 출연(기관 운영·인프라·위탁 서비스),K6 해외진출·수출 지원(전시·상담·현지화),S2 디지털·SW·정보통신,S2,1,언급
8740,2026,과학기술정보통신부,디지털융합보안기반확충,디지털안전선도모델개발,1243.0,A. 기술혁신 촉진(개발·실증·사업화),T7 일반 국민·산업 종사자·창작자,I2 출연(기관 운영·인프라·위탁 서비스),K1 기술개발 과제 수행(연구개발비),S0 업종 공통(산업 무관),S0,0,언급
8741,2026,과학기술정보통신부,60㎓이하대역5G전파응용서비스활용기반조성(R&D),3차원인빌딩전파특성측정및분석자동화기술개발,530.0,A. 기술혁신 촉진(개발·실증·사업화),T1 중소·중견기업(일반·업종·지역 특정),I6 혼합(출연+보조+직접 등 복수 형태),K1 기술개발 과제 수행(연구개발비),S2 디지털·SW·정보통신,S2,1,없음
8742,2026,과학기술정보통신부,인공지능반도체SW통합플랫폼기술개발(R&D),인공지능반도체SW통합플랫폼기술개발,8800.0,A. 기술혁신 촉진(개발·실증·사업화),T5 산학연 연구수행기관(기업·대학·연구소 컨소시엄),I1 R&D 과제 출연(연구개발비),K1 기술개발 과제 수행(연구개발비),S1 인공지능(AI)·데이터,S1;S2;S3,3,핵심
8743,2026,과학기술정보통신부,5G개방형네트워크핵심기술개발(R&D),5G개방형네트워크기술개발,2000.0,A. 기술혁신 촉진(개발·실증·사업화),T5 산학연 연구수행기관(기업·대학·연구소 컨소시엄),I1 R&D 과제 출연(연구개발비),K1 기술개발 과제 수행(연구개발비),S2 디지털·SW·정보통신,S2,1,없음
8744,2026,과학기술정보통신부,양자ICT기술개발(R&D),양자센서상용화기술개발,5731.0,A. 기술혁신 촉진(개발·실증·사업화),T5 산학연 연구수행기관(기업·대학·연구소 컨소시엄),I1 R&D 과제 출연(연구개발비),K1 기술개발 과제 수행(연구개발비),S2 디지털·SW·정보통신,S2,1,없음
8745,2026,과학기술정보통신부,데이터활용의료·건강생태계조성,인공지능기반의료솔루션사업화,1000.0,A. 기술혁신 촉진(개발·실증·사업화),"T8 수요·제도 연계 사업체 및 공공기관(수요기업, 설비 설치자, 지자체 등)",I2 출연(기관 운영·인프라·위탁 서비스),K1 기술개발 과제 수행(연구개발비),S1 인공지능(AI)·데이터,S1;S4,2,핵심
8746,2026,과학기술정보통신부,데이터활용의료·건강생태계조성,인공지능기반의료기기사업화,1500.0,A. 기술혁신 촉진(개발·실증·사업화),"T8 수요·제도 연계 사업체 및 공공기관(수요기업, 설비 설치자, 지자체 등)",I1 R&D 과제 출연(연구개발비),K1 기술개발 과제 수행(연구개발비),S1 인공지능(AI)·데이터,S1;S4,2,핵심
8747,2026,과학기술정보통신부,광주과학기술원연구운영비지원(R&D),창업및사업화협력,2278.0,A. 기술혁신 촉진(개발·실증·사업화),T5 산학연 연구수행기관(기업·대학·연구소 컨소시엄),I1 R&D 과제 출연(연구개발비),K1 기술개발 과제 수행(연구개발비),S0 업종 공통(산업 무관),S0,0,없음
8748,2026,과학기술정보통신부,국산연구장비기술경쟁력강화(R&D),연구장비산업지속성장지원,8370.0,A. 기술혁신 촉진(개발·실증·사업화),T5 산학연 연구수행기관(기업·대학·연구소 컨소시엄),I1 R&D 과제 출연(연구개발비),K1 기술개발 과제 수행(연구개발비),S7 소재·부품·장비·제조혁신,S7,1,없음
8749,2026,과학기술정보통신부,3GPP기반위성통신단말핵심기술개발(R&D),3GPP기반위성통신단말핵심기술개발,4000.0,A. 기술혁신 촉진(개발·실증·사업화),T5 산학연 연구수행기관(기업·대학·연구소 컨소시엄),I1 R&D 과제 출연(연구개발비),K1 기술개발 과제 수행(연구개발비),S2 디지털·SW·정보통신,S2,1,없음
8750,2026,과학기술정보통신부,차세대네트워크(6G)산업기술개발(R&D),차세대네트워크(6G)산업기술개발,104120.0,A. 기술혁신 촉진(개발·실증·사업화),T5 산학연 연구수행기관(기업·대학·연구소 컨소시엄),I1 R&D 과제 출연(연구개발비),K1 기술개발 과제 수행(연구개발비),S2 디지털·SW·정보통신,S1;S2,2,활용
8751,2026,과학기술정보통신부,딥테크스케일업밸리육성,딥테크스케일업밸리육성,9000.0,A. 기술혁신 촉진(개발·실증·사업화),"T8 수요·제도 연계 사업체 및 공공기관(수요기업, 설비 설치자, 지자체 등)",I2 출연(기관 운영·인프라·위탁 서비스),K5 창업 사업화자금·투자연계·보육,S0 업종 공통(산업 무관),S0,0,없음
8752,2026,과학기술정보통신부,XaaS선도프로젝트,XaaS선도프로젝트개발지원,3544.0,A. 기술혁신 촉진(개발·실증·사업화),"T8 수요·제도 연계 사업체 및 공공기관(수요기업, 설비 설치자, 지자체 등)",I2 출연(기관 운영·인프라·위탁 서비스),K1 기술개발 과제 수행(연구개발비),S2 디지털·SW·정보통신,S2,1,없음
8753,2026,과학기술정보통신부,XaaS선도프로젝트,XaaS선도프로젝트실증·확산지원,600.0,A. 기술혁신 촉진(개발·실증·사업화),"T8 수요·제도 연계 사업체 및 공공기관(수요기업, 설비 설치자, 지자체 등)",I2 출연(기관 운영·인프라·위탁 서비스),K1 기술개발 과제 수행(연구개발비),S0 업종 공통(산업 무관),S0,0,없음
8754,2026,과학기술정보통신부,제로트러스트신보안체계실증확산,제로트러스트확산지원,4510.0,A. 기술혁신 촉진(개발·실증·사업화),T7 일반 국민·산업 종사자·창작자,I2 출연(기관 운영·인프라·위탁 서비스),K1 기술개발 과제 수행(연구개발비),S0 업종 공통(산업 무관),S0,0,없음
8755,2026,과학기술정보통신부,AI반도체첨단이종집적기술개발(R&D),AI반도체첨단이종집적기술개발,7342.0,A. 기술혁신 촉진(개발·실증·사업화),T5 산학연 연구수행기관(기업·대학·연구소 컨소시엄),I1 R&D 과제 출연(연구개발비),K1 기술개발 과제 수행(연구개발비),S1 인공지능(AI)·데이터,S1;S3,2,핵심
8756,2026,과학기술정보통신부,지속가능한데이터센터산업발전지원,지속가능한데이터센터산업발전지원,3450.0,A. 기술혁신 촉진(개발·실증·사업화),"T8 수요·제도 연계 사업체 및 공공기관(수요기업, 설비 설치자, 지자체 등)",I2 출연(기관 운영·인프라·위탁 서비스),K1 기술개발 과제 수행(연구개발비),S1 인공지능(AI)·데이터,S1;S2,2,활용
8757,2026,과학기술정보통신부,차세대방송미디어산업선도기반조성,미디어선도기업육성,692.0,C. 수출·해외진출 촉진,"T8 수요·제도 연계 사업체 및 공공기관(수요기업, 설비 설치자, 지자체 등)",I3 보조금(사업비 보조·매칭),K6 해외진출·수출 지원(전시·상담·현지화),S8 콘텐츠·문화·관광·스포츠,S8,1,언급
8758,2026,과학기술정보통신부,차세대방송미디어산업선도기반조성,미디어기업실증인프라지원,690.0,C. 수출·해외진출 촉진,"T8 수요·제도 연계 사업체 및 공공기관(수요기업, 설비 설치자, 지자체 등)",I3 보조금(사업비 보조·매칭),K6 해외진출·수출 지원(전시·상담·현지화),S8 콘텐츠·문화·관광·스포츠,S8,1,없음
8759,2026,과학기술정보통신부,AI반도체지원플랫폼,AI반도체기술인재공급플랫폼,2250.0,F. 전문인력 양성·채용 지원,"T8 수요·제도 연계 사업체 및 공공기관(수요기업, 설비 설치자, 지자체 등)",I2 출연(기관 운영·인프라·위탁 서비스),K1 기술개발 과제 수행(연구개발비),S1 인공지능(AI)·데이터,S1;S3,2,핵심
8760,2026,과학기술정보통신부,K-HERO육성·지원(R&D),글로벌선도연구소육성,4500.0,A. 기술혁신 촉진(개발·실증·사업화),T5 산학연 연구수행기관(기업·대학·연구소 컨소시엄),I1 R&D 과제 출연(연구개발비),K8 컨설팅·인증·시험·홍보 서비스 제공,S0 업종 공통(산업 무관),S0,0,없음
8761,2026,과학기술정보통신부,K-HERO육성·지원(R&D),기업R&D역량강화지원2.0,2370.0,A. 기술혁신 촉진(개발·실증·사업화),T5 산학연 연구수행기관(기업·대학·연구소 컨소시엄),I1 R&D 과제 출연(연구개발비),K2 산업 생태계·협력 기반 조성(플랫폼·네트워크),S0 업종 공통(산업 무관),S0,0,없음
8762,2026,과학기술정보통신부,K-HERO육성·지원(R&D),R&D 기술사업화 연계지원,1710.0,A. 기술혁신 촉진(개발·실증·사업화),T5 산학연 연구수행기관(기업·대학·연구소 컨소시엄),I1 R&D 과제 출연(연구개발비),K2 산업 생태계·협력 기반 조성(플랫폼·네트워크),S0 업종 공통(산업 무관),S0,0,없음
8763,2026,과학기술정보통신부,공공연구성과 사업화·창업 지원,대학연구소·스타트업공동혁신R&D지원(R&D),10375.0,A. 기술혁신 촉진(개발·실증·사업화),T5 산학연 연구수행기관(기업·대학·연구소 컨소시엄),I1 R&D 과제 출연(연구개발비),K2 산업 생태계·협력 기반 조성(플랫폼·네트워크),S0 업종 공통(산업 무관),S0,0,없음
8764,2026,과학기술정보통신부,공공연구성과 사업화·창업 지원,딥사이언스창업활성화지원,15850.0,B. 창업·벤처 육성,T5 산학연 연구수행기관(기업·대학·연구소 컨소시엄),I1 R&D 과제 출연(연구개발비),K2 산업 생태계·협력 기반 조성(플랫폼·네트워크),S0 업종 공통(산업 무관),S0,0,없음
8765,2026,과학기술정보통신부,ICT전략융합R&D바우처지원,디지털융합 촉진지원,4400.0,C. 수출·해외진출 촉진,T5 산학연 연구수행기관(기업·대학·연구소 컨소시엄),I9 바우처,K2 산업 생태계·협력 기반 조성(플랫폼·네트워크),S2 디지털·SW·정보통신,S2,1,없음
8766,2026,과학기술정보통신부,ICT전략융합R&D바우처지원,국가전략ICT우수성과활용지원,2500.0,A. 기술혁신 촉진(개발·실증·사업화),T5 산학연 연구수행기관(기업·대학·연구소 컨소시엄),I9 바우처,K1 기술개발 과제 수행(연구개발비),S2 디지털·SW·정보통신,S2,1,없음
8767,2026,과학기술정보통신부,AX혁신기업창의기술개발(R&D),AX혁신기업창의기술개발,7500.0,A. 기술혁신 촉진(개발·실증·사업화),"T8 수요·제도 연계 사업체 및 공공기관(수요기업, 설비 설치자, 지자체 등)",I9 바우처,K1 기술개발 과제 수행(연구개발비),S1 인공지능(AI)·데이터,S1;S2;S4;S6;S7,5,핵심
8768,2026,과학기술정보통신부,AIAGENT선도국가사업,AIAGENT융합･확산지원,10000.0,A. 기술혁신 촉진(개발·실증·사업화),"T8 수요·제도 연계 사업체 및 공공기관(수요기업, 설비 설치자, 지자체 등)",I2 출연(기관 운영·인프라·위탁 서비스),K1 기술개발 과제 수행(연구개발비),S1 인공지능(AI)·데이터,S1,1,핵심
8769,2026,과학기술정보통신부,AI통합바우처,AX원스톱바우처지원,30000.0,A. 기술혁신 촉진(개발·실증·사업화),"T2 중소·벤처기업(특정 요건·단계: 글로벌 진출 희망, 인증, 재직자 등)",I9 바우처,K1 기술개발 과제 수행(연구개발비),S1 인공지능(AI)·데이터,S1,1,핵심
8770,2026,과학기술정보통신부,AI통합바우처,AI바우처지원,27625.0,A. 기술혁신 촉진(개발·실증·사업화),"T2 중소·벤처기업(특정 요건·단계: 글로벌 진출 희망, 인증, 재직자 등)",I9 바우처,K1 기술개발 과제 수행(연구개발비),S1 인공지능(AI)·데이터,S1,1,핵심
8771,2026,과학기술정보통신부,AI통합바우처,데이터바우처,9350.0,A. 기술혁신 촉진(개발·실증·사업화),"T2 중소·벤처기업(특정 요건·단계: 글로벌 진출 희망, 인증, 재직자 등)",I9 바우처,K5 창업 사업화자금·투자연계·보육,S1 인공지능(AI)·데이터,S1,1,핵심
8772,2026,과학기술정보통신부,AI통합바우처,고성능컴퓨팅지원,18000.0,A. 기술혁신 촉진(개발·실증·사업화),"T2 중소·벤처기업(특정 요건·단계: 글로벌 진출 희망, 인증, 재직자 등)",I6 혼합(출연+보조+직접 등 복수 형태),K7 사업비용 보조(전시·인증·컨설팅·기술도입 비용),S1 인공지능(AI)·데이터,S1,1,핵심
8773,2026,과학기술정보통신부,AI통합바우처,중소기업등클라우드서비스보급･확산,4800.0,A. 기술혁신 촉진(개발·실증·사업화),"T2 중소·벤처기업(특정 요건·단계: 글로벌 진출 희망, 인증, 재직자 등)",I6 혼합(출연+보조+직접 등 복수 형태),K2 산업 생태계·협력 기반 조성(플랫폼·네트워크),S1 인공지능(AI)·데이터,S1;S2,2,핵심
8774,2026,산업통상부,신기술제품인증,인증제품 판로지원 및 확산,231.0,E. 생산기반 현대화·친환경 전환(시설·설비),"T8 수요·제도 연계 사업체 및 공공기관(수요기업, 설비 설치자, 지자체 등)",I10 직접 수행(직접사업),K8 컨설팅·인증·시험·홍보 서비스 제공,S0 업종 공통(산업 무관),S0,0,없음
8775,2026,산업통상부,전자부품산업기술개발(R&D),주력산업IT융합,50560.0,A. 기술혁신 촉진(개발·실증·사업화),T5 산학연 연구수행기관(기업·대학·연구소 컨소시엄),I1 R&D 과제 출연(연구개발비),K1 기술개발 과제 수행(연구개발비),S7 소재·부품·장비·제조혁신,S1;S7,2,활용
8776,2026,산업통상부,전자부품산업기술개발(R&D),신시장창출형디스플레이기술개발및실증,6793.0,A. 기술혁신 촉진(개발·실증·사업화),T5 산학연 연구수행기관(기업·대학·연구소 컨소시엄),I1 R&D 과제 출연(연구개발비),K1 기술개발 과제 수행(연구개발비),S3 반도체·디스플레이,S3;S7,2,없음
8777,2026,산업통상부,전자부품산업기술개발(R&D),메타버스를위한마이크로디스플레이기술개발,2340.0,A. 기술혁신 촉진(개발·실증·사업화),T5 산학연 연구수행기관(기업·대학·연구소 컨소시엄),I1 R&D 과제 출연(연구개발비),K1 기술개발 과제 수행(연구개발비),S2 디지털·SW·정보통신,S2;S3;S7,3,없음
8778,2026,산업통상부,전자부품산업기술개발(R&D),OLED한계돌파형상용화제품을위한기술개발,10333.0,A. 기술혁신 촉진(개발·실증·사업화),T5 산학연 연구수행기관(기업·대학·연구소 컨소시엄),I1 R&D 과제 출연(연구개발비),K1 기술개발 과제 수행(연구개발비),S7 소재·부품·장비·제조혁신,S7,1,없음
8779,2026,산업통상부,전자부품산업기술개발(R&D),첨단전략산업초격차기술개발(디스플레이),6692.0,A. 기술혁신 촉진(개발·실증·사업화),T5 산학연 연구수행기관(기업·대학·연구소 컨소시엄),I1 R&D 과제 출연(연구개발비),K1 기술개발 과제 수행(연구개발비),S3 반도체·디스플레이,S3;S7,2,없음
8780,2026,산업통상부,전자부품산업기술개발(R&D),첨단나노소재적용미래전략산업수요연계기술개발,8490.0,A. 기술혁신 촉진(개발·실증·사업화),T5 산학연 연구수행기관(기업·대학·연구소 컨소시엄),I1 R&D 과제 출연(연구개발비),K1 기술개발 과제 수행(연구개발비),S7 소재·부품·장비·제조혁신,S7,1,없음
8781,2026,산업통상부,전자부품산업기술개발(R&D),차세대우주항공용고신뢰성통신네트워크반도체기술개발,6889.0,A. 기술혁신 촉진(개발·실증·사업화),T5 산학연 연구수행기관(기업·대학·연구소 컨소시엄),I1 R&D 과제 출연(연구개발비),K1 기술개발 과제 수행(연구개발비),S6 모빌리티·항공우주·조선,S2;S3;S6;S7,4,없음
8782,2026,산업통상부,전자부품산업기술개발(R&D),고성능고화질ITOLED디스플레이핵심기술개발,2000.0,A. 기술혁신 촉진(개발·실증·사업화),T5 산학연 연구수행기관(기업·대학·연구소 컨소시엄),I1 R&D 과제 출연(연구개발비),K1 기술개발 과제 수행(연구개발비),S3 반도체·디스플레이,S3;S7,2,없음
8783,2026,산업통상부,전자부품산업기술개발(R&D),유리기반마이크로OLED디스플레이기술개발,2000.0,A. 기술혁신 촉진(개발·실증·사업화),T5 산학연 연구수행기관(기업·대학·연구소 컨소시엄),I1 R&D 과제 출연(연구개발비),K1 기술개발 과제 수행(연구개발비),S3 반도체·디스플레이,S3;S7,2,없음
8784,2026,산업통상부,반도체첨단산업기술개발사업(R&D),시스템반도체기술개발,29983.0,A. 기술혁신 촉진(개발·실증·사업화),T5 산학연 연구수행기관(기업·대학·연구소 컨소시엄),I1 R&D 과제 출연(연구개발비),K1 기술개발 과제 수행(연구개발비),S3 반도체·디스플레이,S3,1,없음
8785,2026,산업통상부,반도체첨단산업기술개발사업(R&D),반도체공정장비기술개발,17300.0,A. 기술혁신 촉진(개발·실증·사업화),T5 산학연 연구수행기관(기업·대학·연구소 컨소시엄),I1 R&D 과제 출연(연구개발비),K1 기술개발 과제 수행(연구개발비),S7 소재·부품·장비·제조혁신,S3;S7,2,없음
8786,2026,산업통상부,PIM인공지능반도체핵심기술개발(R&D),PIM인공지능반도체핵심기술개발(R&D),7800.0,A. 기술혁신 촉진(개발·실증·사업화),T5 산학연 연구수행기관(기업·대학·연구소 컨소시엄),I1 R&D 과제 출연(연구개발비),K1 기술개발 과제 수행(연구개발비),S1 인공지능(AI)·데이터,S1;S3;S7,3,핵심
8787,2026,산업통상부,시장선도를위한 한국주도형K-sensor 기술개발(R&D),시장주도형 K-센서 기술개발,25128.0,A. 기술혁신 촉진(개발·실증·사업화),T5 산학연 연구수행기관(기업·대학·연구소 컨소시엄),I1 R&D 과제 출연(연구개발비),K1 기술개발 과제 수행(연구개발비),S0 업종 공통(산업 무관),S0,0,없음
8788,2026,산업통상부,"차세대지능형반도체기술개발(설계,제조)(R&D)",시스템반도체상용화설계,10083.0,A. 기술혁신 촉진(개발·실증·사업화),T5 산학연 연구수행기관(기업·대학·연구소 컨소시엄),I2 출연(기관 운영·인프라·위탁 서비스),K1 기술개발 과제 수행(연구개발비),S3 반도체·디스플레이,S3,1,없음
8789,2026,산업통상부,"차세대지능형반도체기술개발(설계,제조)(R&D)",반도체제조공정장비,18957.0,A. 기술혁신 촉진(개발·실증·사업화),T5 산학연 연구수행기관(기업·대학·연구소 컨소시엄),I1 R&D 과제 출연(연구개발비),K1 기술개발 과제 수행(연구개발비),S7 소재·부품·장비·제조혁신,S3;S7,2,없음
8790,2026,산업통상부,"차세대지능형반도체기술개발(설계,제조)(R&D)",사업단운영비,595.0,A. 기술혁신 촉진(개발·실증·사업화),T5 산학연 연구수행기관(기업·대학·연구소 컨소시엄),I1 R&D 과제 출연(연구개발비),K2 산업 생태계·협력 기반 조성(플랫폼·네트워크),S3 반도체·디스플레이,S3,1,없음
8791,2026,산업통상부,중소조선스마트생산혁신지원,중소조선스마트생산혁신지원,3870.0,H. 경영역량 강화·사업화 지원(컨설팅·마케팅·디자인),T7 일반 국민·산업 종사자·창작자,I2 출연(기관 운영·인프라·위탁 서비스),K9 교육·훈련 과정 운영,S6 모빌리티·항공우주·조선,S6,1,없음
8792,2026,산업통상부,자동차산업기술개발(R&D),그린카,161942.0,A. 기술혁신 촉진(개발·실증·사업화),T5 산학연 연구수행기관(기업·대학·연구소 컨소시엄),I1 R&D 과제 출연(연구개발비),K1 기술개발 과제 수행(연구개발비),S6 모빌리티·항공우주·조선,S2;S5;S6;S7,4,언급
8793,2026,산업통상부,자동차산업기술개발(R&D),수요맞춤형전기다목적자동차개발,1350.0,A. 기술혁신 촉진(개발·실증·사업화),T5 산학연 연구수행기관(기업·대학·연구소 컨소시엄),I1 R&D 과제 출연(연구개발비),K1 기술개발 과제 수행(연구개발비),S6 모빌리티·항공우주·조선,S6;S7,2,언급
8794,2026,산업통상부,자동차산업기술개발(R&D),전기자동차 설계공정혁신 CTC 배터리시스템 플랫폼 기술개발,4000.0,A. 기술혁신 촉진(개발·실증·사업화),T5 산학연 연구수행기관(기업·대학·연구소 컨소시엄),I1 R&D 과제 출연(연구개발비),K1 기술개발 과제 수행(연구개발비),S6 모빌리티·항공우주·조선,S5;S6,2,언급
8795,2026,산업통상부,자동차산업기술개발(R&D),SBOM 등 글로벌규제 대응을 위한 AI 기반 자동차 원격 업데이트(OTA) 보안성 검증 시스템 개발 사업,3200.0,A. 기술혁신 촉진(개발·실증·사업화),T5 산학연 연구수행기관(기업·대학·연구소 컨소시엄),I1 R&D 과제 출연(연구개발비),K1 기술개발 과제 수행(연구개발비),S1 인공지능(AI)·데이터,S1;S2;S5;S6;S7,5,핵심
8796,2026,산업통상부,조선해양산업기술개발(R&D),액체수소운반선상용화기반기술개발,5500.0,A. 기술혁신 촉진(개발·실증·사업화),T5 산학연 연구수행기관(기업·대학·연구소 컨소시엄),I1 R&D 과제 출연(연구개발비),K1 기술개발 과제 수행(연구개발비),S5 에너지·환경,S5;S6;S9,3,없음
8797,2026,산업통상부,조선해양산업기술개발(R&D),해양모빌리티스마트페인팅시스템기술개발,7415.0,A. 기술혁신 촉진(개발·실증·사업화),T5 산학연 연구수행기관(기업·대학·연구소 컨소시엄),I1 R&D 과제 출연(연구개발비),K1 기술개발 과제 수행(연구개발비),S6 모빌리티·항공우주·조선,S6;S9,2,없음
8798,2026,산업통상부,조선해양산업기술개발(R&D),조선산업생산협업디지털전환기술개발,3990.0,A. 기술혁신 촉진(개발·실증·사업화),T5 산학연 연구수행기관(기업·대학·연구소 컨소시엄),I1 R&D 과제 출연(연구개발비),K1 기술개발 과제 수행(연구개발비),S6 모빌리티·항공우주·조선,S6;S9,2,없음
8799,2026,산업통상부,수요기반협력사밸류체인고도화및자립화패키지지원,수요기반협력사밸류체인고도화및자립화패키지지원,5646.0,A. 기술혁신 촉진(개발·실증·사업화),T1 중소·중견기업(일반·업종·지역 특정),I1 R&D 과제 출연(연구개발비),K1 기술개발 과제 수행(연구개발비),S6 모빌리티·항공우주·조선,S6;S7,2,없음
8800,2026,산업통상부,바이오산업 개방형 생태계 조성 촉진,바이오사업화지원,16244.0,C. 수출·해외진출 촉진,T5 산학연 연구수행기관(기업·대학·연구소 컨소시엄),I6 혼합(출연+보조+직접 등 복수 형태),K1 기술개발 과제 수행(연구개발비),S4 바이오·헬스,S4,1,언급
8801,2026,산업통상부,바이오산업기술개발(R&D),맞춤형진단·치료제품,42389.0,A. 기술혁신 촉진(개발·실증·사업화),T5 산학연 연구수행기관(기업·대학·연구소 컨소시엄),I1 R&D 과제 출연(연구개발비),K1 기술개발 과제 수행(연구개발비),S4 바이오·헬스,S4,1,언급
8802,2026,산업통상부,바이오산업기술개발(R&D),디지털헬스케어,55358.0,A. 기술혁신 촉진(개발·실증·사업화),T5 산학연 연구수행기관(기업·대학·연구소 컨소시엄),I1 R&D 과제 출연(연구개발비),K7 사업비용 보조(전시·인증·컨설팅·기술도입 비용),S4 바이오·헬스,S2;S4,2,언급
8803,2026,산업통상부,바이오산업기술개발(R&D),첨단바이오신소재,42023.0,A. 기술혁신 촉진(개발·실증·사업화),T5 산학연 연구수행기관(기업·대학·연구소 컨소시엄),I2 출연(기관 운영·인프라·위탁 서비스),K1 기술개발 과제 수행(연구개발비),S4 바이오·헬스,S4;S7,2,언급
8804,2026,산업통상부,지능형로봇보급 및 확산,서비스로봇 실증,8714.0,A. 기술혁신 촉진(개발·실증·사업화),"T2 중소·벤처기업(특정 요건·단계: 글로벌 진출 희망, 인증, 재직자 등)",I2 출연(기관 운영·인프라·위탁 서비스),K2 산업 생태계·협력 기반 조성(플랫폼·네트워크),S7 소재·부품·장비·제조혁신,S7,1,없음
8805,2026,산업통상부,지능형로봇보급 및 확산,기업성장성 강화,9788.0,C. 수출·해외진출 촉진,"T2 중소·벤처기업(특정 요건·단계: 글로벌 진출 희망, 인증, 재직자 등)",I2 출연(기관 운영·인프라·위탁 서비스),K7 사업비용 보조(전시·인증·컨설팅·기술도입 비용),S7 소재·부품·장비·제조혁신,S7,1,없음
8806,2026,산업통상부,뿌리산업경쟁력강화지원,특화단지 지원,4749.0,H. 경영역량 강화·사업화 지원(컨설팅·마케팅·디자인),T1 중소·중견기업(일반·업종·지역 특정),I2 출연(기관 운영·인프라·위탁 서비스),K8 컨설팅·인증·시험·홍보 서비스 제공,S7 소재·부품·장비·제조혁신,S5;S7,2,언급
8807,2026,산업통상부,뿌리산업경쟁력강화지원,AI공정시스템구축,3000.0,A. 기술혁신 촉진(개발·실증·사업화),T1 중소·중견기업(일반·업종·지역 특정),I2 출연(기관 운영·인프라·위탁 서비스),K1 기술개발 과제 수행(연구개발비),S1 인공지능(AI)·데이터,S1;S5;S7,3,핵심
8808,2026,산업통상부,소재부품기술개발(R&D),소재부품패키지형,928210.0,A. 기술혁신 촉진(개발·실증·사업화),T5 산학연 연구수행기관(기업·대학·연구소 컨소시엄),I1 R&D 과제 출연(연구개발비),K1 기술개발 과제 수행(연구개발비),S7 소재·부품·장비·제조혁신,S7,1,없음
8809,2026,산업통상부,소재부품기술개발(R&D),소재부품투자연계,344124.0,A. 기술혁신 촉진(개발·실증·사업화),T5 산학연 연구수행기관(기업·대학·연구소 컨소시엄),I1 R&D 과제 출연(연구개발비),K2 산업 생태계·협력 기반 조성(플랫폼·네트워크),S7 소재·부품·장비·제조혁신,S7,1,없음
8810,2026,산업통상부,소재부품기술개발(R&D),첨단전략산업초격차(이차전지),18613.0,A. 기술혁신 촉진(개발·실증·사업화),T5 산학연 연구수행기관(기업·대학·연구소 컨소시엄),I1 R&D 과제 출연(연구개발비),K1 기술개발 과제 수행(연구개발비),S5 에너지·환경,S5;S6;S7,3,없음
8811,2026,산업통상부,소재부품산업기술개발기반구축(R&D),소재부품기술기반혁신,196457.0,A. 기술혁신 촉진(개발·실증·사업화),T5 산학연 연구수행기관(기업·대학·연구소 컨소시엄),I1 R&D 과제 출연(연구개발비),K1 기술개발 과제 수행(연구개발비),S7 소재·부품·장비·제조혁신,S7,1,언급
8812,2026,산업통상부,산업맞춤형전문기술인력양성,재직자맞춤형기술교육,2030.0,H. 경영역량 강화·사업화 지원(컨설팅·마케팅·디자인),"T2 중소·벤처기업(특정 요건·단계: 글로벌 진출 희망, 인증, 재직자 등)",I2 출연(기관 운영·인프라·위탁 서비스),K9 교육·훈련 과정 운영,S7 소재·부품·장비·제조혁신,S7,1,없음
8813,2026,산업통상부,산업맞춤형전문기술인력양성,특화단지재직자교육,2242.0,H. 경영역량 강화·사업화 지원(컨설팅·마케팅·디자인),"T2 중소·벤처기업(특정 요건·단계: 글로벌 진출 희망, 인증, 재직자 등)",I2 출연(기관 운영·인프라·위탁 서비스),K9 교육·훈련 과정 운영,S7 소재·부품·장비·제조혁신,S7,1,없음
8814,2026,산업통상부,몬트리올의정서대응,특정물질 기술지원 및 관리체계구축,605.0,A. 기술혁신 촉진(개발·실증·사업화),"T2 중소·벤처기업(특정 요건·단계: 글로벌 진출 희망, 인증, 재직자 등)",I3 보조금(사업비 보조·매칭),K2 산업 생태계·협력 기반 조성(플랫폼·네트워크),S0 업종 공통(산업 무관),S0,0,없음
8815,2026,산업통상부,산업기술국제협력(R&D),국제공동기술개발,91370.0,A. 기술혁신 촉진(개발·실증·사업화),"T8 수요·제도 연계 사업체 및 공공기관(수요기업, 설비 설치자, 지자체 등)",I1 R&D 과제 출연(연구개발비),K1 기술개발 과제 수행(연구개발비),S0 업종 공통(산업 무관),S0,0,없음
8816,2026,산업통상부,우수기업연구소육성사업(ATC+)(R&D),우수기업연구소육성사업(ATC+),23142.0,A. 기술혁신 촉진(개발·실증·사업화),T5 산학연 연구수행기관(기업·대학·연구소 컨소시엄),I1 R&D 과제 출연(연구개발비),K1 기술개발 과제 수행(연구개발비),S0 업종 공통(산업 무관),S0,0,없음
8817,2026,산업통상부,생활산업경쟁력강화,한국안경산업고도화육성,1400.0,C. 수출·해외진출 촉진,"T8 수요·제도 연계 사업체 및 공공기관(수요기업, 설비 설치자, 지자체 등)",I6 혼합(출연+보조+직접 등 복수 형태),K2 산업 생태계·협력 기반 조성(플랫폼·네트워크),S0 업종 공통(산업 무관),S0,0,없음
8818,2026,산업통상부,생활산업경쟁력강화,3D융합안경테제조기반구축,300.0,A. 기술혁신 촉진(개발·실증·사업화),"T8 수요·제도 연계 사업체 및 공공기관(수요기업, 설비 설치자, 지자체 등)",I6 혼합(출연+보조+직접 등 복수 형태),K1 기술개발 과제 수행(연구개발비),S7 소재·부품·장비·제조혁신,S7,1,없음
8819,2026,산업통상부,생활산업경쟁력강화,퍼스널케어융합얼라이언스육성,500.0,A. 기술혁신 촉진(개발·실증·사업화),"T8 수요·제도 연계 사업체 및 공공기관(수요기업, 설비 설치자, 지자체 등)",I6 혼합(출연+보조+직접 등 복수 형태),K8 컨설팅·인증·시험·홍보 서비스 제공,S0 업종 공통(산업 무관),S0,0,언급
8820,2026,산업통상부,디자인산업기술개발,디자인혁신역량강화,33661.0,H. 경영역량 강화·사업화 지원(컨설팅·마케팅·디자인),T5 산학연 연구수행기관(기업·대학·연구소 컨소시엄),I1 R&D 과제 출연(연구개발비),K1 기술개발 과제 수행(연구개발비),S0 업종 공통(산업 무관),S0,0,언급
8821,2026,산업통상부,디자인산업진흥,디자인수요기반확충,9947.0,H. 경영역량 강화·사업화 지원(컨설팅·마케팅·디자인),"T2 중소·벤처기업(특정 요건·단계: 글로벌 진출 희망, 인증, 재직자 등)",I2 출연(기관 운영·인프라·위탁 서비스),K3 지역·사회적경제·창업 활성화 프로그램,S0 업종 공통(산업 무관),S0,0,없음
8822,2026,산업통상부,디자인산업진흥,지속가능디자인지원,831.0,H. 경영역량 강화·사업화 지원(컨설팅·마케팅·디자인),"T2 중소·벤처기업(특정 요건·단계: 글로벌 진출 희망, 인증, 재직자 등)",I2 출연(기관 운영·인프라·위탁 서비스),K7 사업비용 보조(전시·인증·컨설팅·기술도입 비용),S0 업종 공통(산업 무관),S0,0,없음
8823,2026,산업통상부,디자인산업진흥,디자인-기술 협업활성화,7800.0,H. 경영역량 강화·사업화 지원(컨설팅·마케팅·디자인),"T2 중소·벤처기업(특정 요건·단계: 글로벌 진출 희망, 인증, 재직자 등)",I2 출연(기관 운영·인프라·위탁 서비스),K5 창업 사업화자금·투자연계·보육,S0 업종 공통(산업 무관),S0,0,없음
8824,2026,산업통상부,디자인산업진흥,디자인 제조기업혁신,7396.0,H. 경영역량 강화·사업화 지원(컨설팅·마케팅·디자인),"T2 중소·벤처기업(특정 요건·단계: 글로벌 진출 희망, 인증, 재직자 등)",I2 출연(기관 운영·인프라·위탁 서비스),K7 사업비용 보조(전시·인증·컨설팅·기술도입 비용),S7 소재·부품·장비·제조혁신,S7,1,없음
8825,2026,산업통상부,지식서비스기반구축,이러닝산업활성화,611.0,C. 수출·해외진출 촉진,"T2 중소·벤처기업(특정 요건·단계: 글로벌 진출 희망, 인증, 재직자 등)",I2 출연(기관 운영·인프라·위탁 서비스),K6 해외진출·수출 지원(전시·상담·현지화),S0 업종 공통(산업 무관),S0,0,없음
8826,2026,산업통상부,기술성과활용촉진(R&D),기술사업화 생태계 조성,4435.0,A. 기술혁신 촉진(개발·실증·사업화),T5 산학연 연구수행기관(기업·대학·연구소 컨소시엄),I2 출연(기관 운영·인프라·위탁 서비스),K1 기술개발 과제 수행(연구개발비),S0 업종 공통(산업 무관),S0,0,없음
8827,2026,산업통상부,지역혁신클러스터육성(R&D)(세종),지역혁신클러스터고도화(세종),3525.0,A. 기술혁신 촉진(개발·실증·사업화),T5 산학연 연구수행기관(기업·대학·연구소 컨소시엄),I2 출연(기관 운영·인프라·위탁 서비스),K2 산업 생태계·협력 기반 조성(플랫폼·네트워크),S0 업종 공통(산업 무관),S0,0,없음
8828,2026,산업통상부,지역혁신클러스터육성(R&D)(세종),거점기관 개방형혁신(세종),1900.0,C. 수출·해외진출 촉진,T5 산학연 연구수행기관(기업·대학·연구소 컨소시엄),I1 R&D 과제 출연(연구개발비),K6 해외진출·수출 지원(전시·상담·현지화),S0 업종 공통(산업 무관),S0,0,없음
8829,2026,산업통상부,지역혁신클러스터육성(R&D),거점기관 개방형혁신,15891.0,C. 수출·해외진출 촉진,T5 산학연 연구수행기관(기업·대학·연구소 컨소시엄),I1 R&D 과제 출연(연구개발비),K6 해외진출·수출 지원(전시·상담·현지화),S0 업종 공통(산업 무관),S0,0,없음
8830,2026,산업통상부,지역혁신클러스터육성(R&D),지역혁신클러스터고도화,54056.0,A. 기술혁신 촉진(개발·실증·사업화),T5 산학연 연구수행기관(기업·대학·연구소 컨소시엄),I1 R&D 과제 출연(연구개발비),K2 산업 생태계·협력 기반 조성(플랫폼·네트워크),S0 업종 공통(산업 무관),S0,0,없음
8831,2026,산업통상부,산학융합지구조성사업,산학융합촉진지원,4243.0,H. 경영역량 강화·사업화 지원(컨설팅·마케팅·디자인),"T2 중소·벤처기업(특정 요건·단계: 글로벌 진출 희망, 인증, 재직자 등)",I1 R&D 과제 출연(연구개발비),K9 교육·훈련 과정 운영,S0 업종 공통(산업 무관),S0,0,없음
8832,2026,산업통상부,산업집적지경쟁력강화(R&D),R&BD네트워크구축운영,22100.0,A. 기술혁신 촉진(개발·실증·사업화),T5 산학연 연구수행기관(기업·대학·연구소 컨소시엄),I1 R&D 과제 출연(연구개발비),K2 산업 생태계·협력 기반 조성(플랫폼·네트워크),S0 업종 공통(산업 무관),S0,0,없음
8833,2026,산업통상부,산업집적지경쟁력강화(R&D),산단내공급-수요기업연계국제규범대응기술개발,4200.0,A. 기술혁신 촉진(개발·실증·사업화),T5 산학연 연구수행기관(기업·대학·연구소 컨소시엄),I1 R&D 과제 출연(연구개발비),K2 산업 생태계·협력 기반 조성(플랫폼·네트워크),S0 업종 공통(산업 무관),S0,0,없음
8834,2026,산업통상부,산업집적지경쟁력강화(R&D),지역앵커기업-지역대학전략기술공동개발,2200.0,A. 기술혁신 촉진(개발·실증·사업화),T5 산학연 연구수행기관(기업·대학·연구소 컨소시엄),I1 R&D 과제 출연(연구개발비),K2 산업 생태계·협력 기반 조성(플랫폼·네트워크),S0 업종 공통(산업 무관),S0,0,없음
8835,2026,산업통상부,지역혁신클러스터육성,지역혁신클러스터육성,8020.0,H. 경영역량 강화·사업화 지원(컨설팅·마케팅·디자인),T5 산학연 연구수행기관(기업·대학·연구소 컨소시엄),I1 R&D 과제 출연(연구개발비),K5 창업 사업화자금·투자연계·보육,S0 업종 공통(산업 무관),S0,0,없음
8836,2026,산업통상부,중견기업재도약지원사업(R&D),중견기업 재도약지원사업(R&D),1700.0,A. 기술혁신 촉진(개발·실증·사업화),T1 중소·중견기업(일반·업종·지역 특정),I1 R&D 과제 출연(연구개발비),K1 기술개발 과제 수행(연구개발비),S0 업종 공통(산업 무관),S0,0,없음
8837,2026,산업통상부,가스안전관리(융자),가스안전관리(융자),3522.0,D. 자금조달·경영안정 지원(융자·보증·비용보전),"T2 중소·벤처기업(특정 요건·단계: 글로벌 진출 희망, 인증, 재직자 등)",I4 융자(정책자금 대출),K4 자금 융자·보증 제공(운전·시설자금),S0 업종 공통(산업 무관),S0,0,없음
8838,2026,산업통상부,장기사용석유저장시설안전관리융자,장기사용 석유저장시설 안전관리융자,1861.0,E. 생산기반 현대화·친환경 전환(시설·설비),"T8 수요·제도 연계 사업체 및 공공기관(수요기업, 설비 설치자, 지자체 등)",I4 융자(정책자금 대출),K4 자금 융자·보증 제공(운전·시설자금),S0 업종 공통(산업 무관),S0,0,없음
8839,2026,산업통상부,대한상사중재원지원,중재사업지원비,539.0,C. 수출·해외진출 촉진,"T2 중소·벤처기업(특정 요건·단계: 글로벌 진출 희망, 인증, 재직자 등)",I3 보조금(사업비 보조·매칭),K6 해외진출·수출 지원(전시·상담·현지화),S0 업종 공통(산업 무관),S0,0,없음
8840,2026,산업통상부,대한상사중재원지원,알선‧상담사업지원비,130.0,G. 고용 창출·유지 및 노동환경 개선,"T2 중소·벤처기업(특정 요건·단계: 글로벌 진출 희망, 인증, 재직자 등)",I3 보조금(사업비 보조·매칭),K8 컨설팅·인증·시험·홍보 서비스 제공,S0 업종 공통(산업 무관),S0,0,없음
8841,2026,산업통상부,해외플랜트진출확대,플랜트기자재수출지원,200.0,C. 수출·해외진출 촉진,"T8 수요·제도 연계 사업체 및 공공기관(수요기업, 설비 설치자, 지자체 등)",I3 보조금(사업비 보조·매칭),K6 해외진출·수출 지원(전시·상담·현지화),S0 업종 공통(산업 무관),S0,0,없음
8842,2026,산업통상부,무역보험기금출연,출연금,70500.0,C. 수출·해외진출 촉진,T10 보증·보험 이용기업 및 금융기관,I2 출연(기관 운영·인프라·위탁 서비스),K4 자금 융자·보증 제공(운전·시설자금),S6 모빌리티·항공우주·조선,S6,1,없음
8843,2026,산업통상부,전시산업경쟁력강화지원,국내전시회개최지원,5332.0,C. 수출·해외진출 촉진,"T2 중소·벤처기업(특정 요건·단계: 글로벌 진출 희망, 인증, 재직자 등)",I3 보조금(사업비 보조·매칭),K7 사업비용 보조(전시·인증·컨설팅·기술도입 비용),S0 업종 공통(산업 무관),S0,0,없음
8844,2026,산업통상부,전시산업경쟁력강화지원,전시산업기반구축,1634.0,C. 수출·해외진출 촉진,"T2 중소·벤처기업(특정 요건·단계: 글로벌 진출 희망, 인증, 재직자 등)",I3 보조금(사업비 보조·매칭),K6 해외진출·수출 지원(전시·상담·현지화),S0 업종 공통(산업 무관),S0,0,없음
8845,2026,산업통상부,수출경쟁력강화지원,해외전시회(단체),31733.0,C. 수출·해외진출 촉진,T1 중소·중견기업(일반·업종·지역 특정),I3 보조금(사업비 보조·매칭),K7 사업비용 보조(전시·인증·컨설팅·기술도입 비용),S0 업종 공통(산업 무관),S0,0,없음
8846,2026,산업통상부,수출경쟁력강화지원,해외전시회(개별),7346.0,C. 수출·해외진출 촉진,T1 중소·중견기업(일반·업종·지역 특정),I3 보조금(사업비 보조·매칭),K7 사업비용 보조(전시·인증·컨설팅·기술도입 비용),S0 업종 공통(산업 무관),S0,0,없음
8847,2026,산업통상부,수출경쟁력강화지원,경제사절단 파견 및 상시비즈니스 지원,2325.0,C. 수출·해외진출 촉진,T1 중소·중견기업(일반·업종·지역 특정),I3 보조금(사업비 보조·매칭),K6 해외진출·수출 지원(전시·상담·현지화),S0 업종 공통(산업 무관),S0,0,없음
8848,2026,산업통상부,수출지원기반활용(산업부),통합지원사업,154312.0,C. 수출·해외진출 촉진,T1 중소·중견기업(일반·업종·지역 특정),I9 바우처,K7 사업비용 보조(전시·인증·컨설팅·기술도입 비용),S0 업종 공통(산업 무관),S0,0,언급
8849,2026,산업통상부,수출지원기반활용(산업부),개별지원사업,26762.0,C. 수출·해외진출 촉진,T1 중소·중견기업(일반·업종·지역 특정),I3 보조금(사업비 보조·매칭),K6 해외진출·수출 지원(전시·상담·현지화),S0 업종 공통(산업 무관),S0,0,없음
8850,2026,산업통상부,통상협정국내대책추진지원,중소기업FTA활용지원,9722.0,D. 자금조달·경영안정 지원(융자·보증·비용보전),T1 중소·중견기업(일반·업종·지역 특정),I4 융자(정책자금 대출),K8 컨설팅·인증·시험·홍보 서비스 제공,S0 업종 공통(산업 무관),S0,0,없음
8851,2026,산업통상부,해외진출기반구축,해외진출기업지원,540.0,C. 수출·해외진출 촉진,"T8 수요·제도 연계 사업체 및 공공기관(수요기업, 설비 설치자, 지자체 등)",I3 보조금(사업비 보조·매칭),K8 컨설팅·인증·시험·홍보 서비스 제공,S0 업종 공통(산업 무관),S1,1,활용
8852,2026,산업통상부,해외진출기반구축,중소중견기업 해외M&A 지원,206.0,C. 수출·해외진출 촉진,"T8 수요·제도 연계 사업체 및 공공기관(수요기업, 설비 설치자, 지자체 등)",I3 보조금(사업비 보조·매칭),K6 해외진출·수출 지원(전시·상담·현지화),S0 업종 공통(산업 무관),S0,0,없음
8853,2026,산업통상부,무역보험금지급,무역보험금지급,400021.0,D. 자금조달·경영안정 지원(융자·보증·비용보전),T10 보증·보험 이용기업 및 금융기관,I8 보증·보험(신용보강),K4 자금 융자·보증 제공(운전·시설자금),S0 업종 공통(산업 무관),S0,0,없음
8854,2026,산업통상부,디지털전환기반의약품지능형공정혁신기술개발사업(R&D),의약품공정혁신지능형플랫폼개발,3500.0,A. 기술혁신 촉진(개발·실증·사업화),T5 산학연 연구수행기관(기업·대학·연구소 컨소시엄),I2 출연(기관 운영·인프라·위탁 서비스),K1 기술개발 과제 수행(연구개발비),S4 바이오·헬스,S4,1,없음
8855,2026,산업통상부,디지털전환기반의약품지능형공정혁신기술개발사업(R&D),공정혁신기반의약품고품질설계기술개발,3760.0,A. 기술혁신 촉진(개발·실증·사업화),T5 산학연 연구수행기관(기업·대학·연구소 컨소시엄),I1 R&D 과제 출연(연구개발비),K1 기술개발 과제 수행(연구개발비),S4 바이오·헬스,S4,1,없음
8856,2026,산업통상부,첨단제조기술기반중재의료기기기술개발사업(R&D),첨단제조기술기반중재의료기기기술개발사업(R&D),1700.0,A. 기술혁신 촉진(개발·실증·사업화),T5 산학연 연구수행기관(기업·대학·연구소 컨소시엄),I1 R&D 과제 출연(연구개발비),K7 사업비용 보조(전시·인증·컨설팅·기술도입 비용),S4 바이오·헬스,S4;S7,2,없음
8857,2026,산업통상부,소부장공급망안정종합지원,수입선다변화 지원,5184.0,A. 기술혁신 촉진(개발·실증·사업화),T1 중소·중견기업(일반·업종·지역 특정),I3 보조금(사업비 보조·매칭),K11 환경·안전 설비 구축 및 관리,S7 소재·부품·장비·제조혁신,S7,1,없음
8858,2026,산업통상부,소부장공급망안정종합지원,공급망컨설팅 지원,300.0,H. 경영역량 강화·사업화 지원(컨설팅·마케팅·디자인),T1 중소·중견기업(일반·업종·지역 특정),I3 보조금(사업비 보조·매칭),K1 기술개발 과제 수행(연구개발비),S7 소재·부품·장비·제조혁신,S7,1,언급
8859,2026,산업통상부,해외수출형 고출력전기기관차 구동변환 플랫폼 핵심기술 개발 및 실증(R&D),해외수출형 고출력전기기관차 구동변환 플랫폼 핵심기술 개발 및 실증,4652.0,A. 기술혁신 촉진(개발·실증·사업화),T5 산학연 연구수행기관(기업·대학·연구소 컨소시엄),I1 R&D 과제 출연(연구개발비),K1 기술개발 과제 수행(연구개발비),S0 업종 공통(산업 무관),S0,0,없음
8860,2026,산업통상부,고성능탄소나노복합섬유제조기술개발사업(R&D),고성능탄소나노복합섬유제조기술개발사업(R&D),2400.0,A. 기술혁신 촉진(개발·실증·사업화),"T8 수요·제도 연계 사업체 및 공공기관(수요기업, 설비 설치자, 지자체 등)",I1 R&D 과제 출연(연구개발비),K1 기술개발 과제 수행(연구개발비),S7 소재·부품·장비·제조혁신,S7,1,없음
8861,2026,산업통상부,국가필수전략기술고도화를위한고부가정밀화학소재개발(R&D),국가필수전략기술고도화를위한고부가정밀화학소재개발,6696.0,A. 기술혁신 촉진(개발·실증·사업화),T5 산학연 연구수행기관(기업·대학·연구소 컨소시엄),I2 출연(기관 운영·인프라·위탁 서비스),K1 기술개발 과제 수행(연구개발비),S7 소재·부품·장비·제조혁신,S3;S5;S7,3,없음
8862,2026,산업통상부,중견기업공공연기술혁신챌린지(R&D),중견기업공공연기술혁신챌린지(R&D),3250.0,A. 기술혁신 촉진(개발·실증·사업화),T1 중소·중견기업(일반·업종·지역 특정),I1 R&D 과제 출연(연구개발비),K2 산업 생태계·협력 기반 조성(플랫폼·네트워크),S0 업종 공통(산업 무관),S0,0,없음
8863,2026,산업통상부,중견중소기업상생형혁신도약사업(R&D),중견중소기업상생형혁신도약사업,25166.0,A. 기술혁신 촉진(개발·실증·사업화),T5 산학연 연구수행기관(기업·대학·연구소 컨소시엄),I1 R&D 과제 출연(연구개발비),K1 기술개발 과제 수행(연구개발비),S0 업종 공통(산업 무관),S0,0,없음
8864,2026,산업통상부,국가첨단전략산업특화단지연대협력지원사업(R&D),국가첨단전략산업특화단지기술개발지원,3150.0,A. 기술혁신 촉진(개발·실증·사업화),"T8 수요·제도 연계 사업체 및 공공기관(수요기업, 설비 설치자, 지자체 등)",I1 R&D 과제 출연(연구개발비),K2 산업 생태계·협력 기반 조성(플랫폼·네트워크),S7 소재·부품·장비·제조혁신,S7,1,없음
8865,2026,산업통상부,국가첨단전략산업특화단지연대협력지원사업(R&D),국가첨단전략산업특화단지인력양성지원,572.0,F. 전문인력 양성·채용 지원,"T8 수요·제도 연계 사업체 및 공공기관(수요기업, 설비 설치자, 지자체 등)",I2 출연(기관 운영·인프라·위탁 서비스),K9 교육·훈련 과정 운영,S0 업종 공통(산업 무관),S0,0,없음
8866,2026,산업통상부,국가로봇테스트필드(R&D),로봇실증평가기술개발,11448.0,A. 기술혁신 촉진(개발·실증·사업화),T5 산학연 연구수행기관(기업·대학·연구소 컨소시엄),I1 R&D 과제 출연(연구개발비),K1 기술개발 과제 수행(연구개발비),S7 소재·부품·장비·제조혁신,S7,1,없음
8867,2026,산업통상부,핵심전략산업대응탄성소재재도약,핵심전략산업대응탄성소재재도약,6386.0,A. 기술혁신 촉진(개발·실증·사업화),"T8 수요·제도 연계 사업체 및 공공기관(수요기업, 설비 설치자, 지자체 등)",I1 R&D 과제 출연(연구개발비),K1 기술개발 과제 수행(연구개발비),S7 소재·부품·장비·제조혁신,S5;S6;S7,3,없음
8868,2026,산업통상부,저가격장수명나트륨이차전지핵심소재및셀제조기술개발,저가격장수명나트륨이차전지핵심소재및셀제조기술개발,5150.0,A. 기술혁신 촉진(개발·실증·사업화),T5 산학연 연구수행기관(기업·대학·연구소 컨소시엄),I1 R&D 과제 출연(연구개발비),K1 기술개발 과제 수행(연구개발비),S5 에너지·환경,S5;S7,2,없음
8869,2026,산업통상부,실리콘고함량음극극판및셀적용기술개발,실리콘고함량음극극판및셀적용기술개발,5150.0,A. 기술혁신 촉진(개발·실증·사업화),T5 산학연 연구수행기관(기업·대학·연구소 컨소시엄),I1 R&D 과제 출연(연구개발비),K1 기술개발 과제 수행(연구개발비),S5 에너지·환경,S5,1,없음
8870,2026,산업통상부,화합물전력반도체고도화기술개발,상용화소자및전력변환장치(모듈),10730.0,A. 기술혁신 촉진(개발·실증·사업화),T5 산학연 연구수행기관(기업·대학·연구소 컨소시엄),I1 R&D 과제 출연(연구개발비),K1 기술개발 과제 수행(연구개발비),S5 에너지·환경,S3;S5,2,없음
8871,2026,산업통상부,화합물전력반도체고도화기술개발,파워IC(구동회로),8400.0,A. 기술혁신 촉진(개발·실증·사업화),T5 산학연 연구수행기관(기업·대학·연구소 컨소시엄),I1 R&D 과제 출연(연구개발비),K2 산업 생태계·협력 기반 조성(플랫폼·네트워크),S3 반도체·디스플레이,S3;S5,2,없음
8872,2026,산업통상부,화합물전력반도체고도화기술개발,소재,5130.0,A. 기술혁신 촉진(개발·실증·사업화),T5 산학연 연구수행기관(기업·대학·연구소 컨소시엄),I1 R&D 과제 출연(연구개발비),K1 기술개발 과제 수행(연구개발비),S7 소재·부품·장비·제조혁신,S3;S5;S7,3,없음
8873,2026,산업통상부,K-Carbon플래그십기술개발(R&D),K-Carbon플래그십기술개발(R&D),15636.0,A. 기술혁신 촉진(개발·실증·사업화),T5 산학연 연구수행기관(기업·대학·연구소 컨소시엄),I1 R&D 과제 출연(연구개발비),K1 기술개발 과제 수행(연구개발비),S6 모빌리티·항공우주·조선,S6,1,없음
8874,2026,산업통상부,멀티오믹스기반난치암맞춤형진단치료상용화기술개발(R&D),"멀티오믹스 빅데이터 기반 난치암“Undruggable""타겟 연구 및 표적 치료제 설계기술개발",2736.0,A. 기술혁신 촉진(개발·실증·사업화),T5 산학연 연구수행기관(기업·대학·연구소 컨소시엄),I1 R&D 과제 출연(연구개발비),K1 기술개발 과제 수행(연구개발비),S1 인공지능(AI)·데이터,S1,1,없음
8875,2026,산업통상부,멀티오믹스기반난치암맞춤형진단치료상용화기술개발(R&D),멀티오믹스/디지털통합분석기반 “전단계암” 정밀예측·진단 플랫폼개발 및 제품화,3164.0,A. 기술혁신 촉진(개발·실증·사업화),T5 산학연 연구수행기관(기업·대학·연구소 컨소시엄),I2 출연(기관 운영·인프라·위탁 서비스),K1 기술개발 과제 수행(연구개발비),S7 소재·부품·장비·제조혁신,S7,1,언급
8876,2026,산업통상부,수요맞춤형바이오원부자재제조경쟁력강화(R&D),수요맞춤형핵심원부자재자립화,3265.0,A. 기술혁신 촉진(개발·실증·사업화),T5 산학연 연구수행기관(기업·대학·연구소 컨소시엄),I1 R&D 과제 출연(연구개발비),K1 기술개발 과제 수행(연구개발비),S4 바이오·헬스,S4,1,없음
8877,2026,산업통상부,수요맞춤형바이오원부자재제조경쟁력강화(R&D),글로벌진출형원부자재제조및검증,3490.0,A. 기술혁신 촉진(개발·실증·사업화),T5 산학연 연구수행기관(기업·대학·연구소 컨소시엄),I1 R&D 과제 출연(연구개발비),K6 해외진출·수출 지원(전시·상담·현지화),S4 바이오·헬스,S4,1,없음
8878,2026,산업통상부,혁신형융복합바이오의료제품기술개발및실증(R&D),글로벌 진출형융복합 바이오의료제품 제조기술고도화,3140.0,C. 수출·해외진출 촉진,T5 산학연 연구수행기관(기업·대학·연구소 컨소시엄),I2 출연(기관 운영·인프라·위탁 서비스),K1 기술개발 과제 수행(연구개발비),S4 바이오·헬스,S4,1,없음
8879,2026,산업통상부,국가첨단전략산업기술혁신융자,국가첨단전략산업기술혁신 융자,90000.0,D. 자금조달·경영안정 지원(융자·보증·비용보전),T1 중소·중견기업(일반·업종·지역 특정),I4 융자(정책자금 대출),K2 산업 생태계·협력 기반 조성(플랫폼·네트워크),S0 업종 공통(산업 무관),S0,0,없음
8880,2026,산업통상부,바이오매스기반비건레더개발및실증클러스터구축(R&D),바이오매스기반비건레더개발및실증클러스터구축,7951.0,A. 기술혁신 촉진(개발·실증·사업화),"T8 수요·제도 연계 사업체 및 공공기관(수요기업, 설비 설치자, 지자체 등)",I2 출연(기관 운영·인프라·위탁 서비스),K1 기술개발 과제 수행(연구개발비),S4 바이오·헬스,S4;S7,2,없음
8881,2026,산업통상부,이차전지첨단전략산업글로벌협력지원(R&D),이차전지첨단전략산업글로벌협력지원,2500.0,A. 기술혁신 촉진(개발·실증·사업화),T5 산학연 연구수행기관(기업·대학·연구소 컨소시엄),I1 R&D 과제 출연(연구개발비),K1 기술개발 과제 수행(연구개발비),S5 에너지·환경,S5,1,없음
8882,2026,산업통상부,자동차보안취약점기반위협분석시스템개발(R&D),자동차보안취약점기반위협분석시스템개발(R&D),6000.0,A. 기술혁신 촉진(개발·실증·사업화),T5 산학연 연구수행기관(기업·대학·연구소 컨소시엄),I1 R&D 과제 출연(연구개발비),K1 기술개발 과제 수행(연구개발비),S6 모빌리티·항공우주·조선,S2;S6,2,없음
8883,2026,산업통상부,산업AI용데이터전처리자동화기술개발(R&D),산업AI용데이터전처리자동화기술개발,6325.0,A. 기술혁신 촉진(개발·실증·사업화),T5 산학연 연구수행기관(기업·대학·연구소 컨소시엄),I1 R&D 과제 출연(연구개발비),K1 기술개발 과제 수행(연구개발비),S1 인공지능(AI)·데이터,S1,1,핵심
8884,2026,산업통상부,신산업 대응 차세대 공통·핵심 뿌리기술개발(R&D),신산업 대응 차세대 공통·핵심 뿌리기술개발(R&D),15400.0,A. 기술혁신 촉진(개발·실증·사업화),T5 산학연 연구수행기관(기업·대학·연구소 컨소시엄),I1 R&D 과제 출연(연구개발비),K1 기술개발 과제 수행(연구개발비),S7 소재·부품·장비·제조혁신,S7,1,없음
8885,2026,산업통상부,미래차 첨단 ECU 생태계 활성화,미래차 첨단 ECU 생태계 활성화,1788.0,A. 기술혁신 촉진(개발·실증·사업화),T1 중소·중견기업(일반·업종·지역 특정),I2 출연(기관 운영·인프라·위탁 서비스),K1 기술개발 과제 수행(연구개발비),S6 모빌리티·항공우주·조선,S6;S7,2,없음
8886,2026,산업통상부,실도로 인프라 연계 자율주행 오픈이노베이션 생태계 구축,실도로 인프라 연계 자율주행 오픈이노베이션 생태계 구축,2913.0,A. 기술혁신 촉진(개발·실증·사업화),"T8 수요·제도 연계 사업체 및 공공기관(수요기업, 설비 설치자, 지자체 등)",I2 출연(기관 운영·인프라·위탁 서비스),K1 기술개발 과제 수행(연구개발비),S6 모빌리티·항공우주·조선,S6;S7,2,없음
8887,2026,산업통상부,모빌리티 인증부품 산업육성 기반조성,모빌리티 인증부품 산업육성 기반조성,2040.0,A. 기술혁신 촉진(개발·실증·사업화),T1 중소·중견기업(일반·업종·지역 특정),I2 출연(기관 운영·인프라·위탁 서비스),K1 기술개발 과제 수행(연구개발비),S7 소재·부품·장비·제조혁신,S6;S7,2,없음
8888,2026,산업통상부,CVC투자연계대중견중소기업협력(R&D),CVC투자연계R&D,5125.0,A. 기술혁신 촉진(개발·실증·사업화),T1 중소·중견기업(일반·업종·지역 특정),I1 R&D 과제 출연(연구개발비),K2 산업 생태계·협력 기반 조성(플랫폼·네트워크),S0 업종 공통(산업 무관),S0,0,없음
8889,2026,산업통상부,규제특례신산업창출(R&D),규제특례신산업창출(R&D),4800.0,A. 기술혁신 촉진(개발·실증·사업화),"T8 수요·제도 연계 사업체 및 공공기관(수요기업, 설비 설치자, 지자체 등)",I1 R&D 과제 출연(연구개발비),K1 기술개발 과제 수행(연구개발비),S0 업종 공통(산업 무관),S0,0,없음
8890,2026,산업통상부,R&D혁신스케일업융자(이차보전),R&D혁신스케일업융자(이차보전),9362.0,D. 자금조달·경영안정 지원(융자·보증·비용보전),T1 중소·중견기업(일반·업종·지역 특정),I4 융자(정책자금 대출),K4 자금 융자·보증 제공(운전·시설자금),S0 업종 공통(산업 무관),S0,0,없음
8891,2026,산업통상부,나노융합산업생태계조성촉진,글로벌사업화촉진,1700.0,C. 수출·해외진출 촉진,"T2 중소·벤처기업(특정 요건·단계: 글로벌 진출 희망, 인증, 재직자 등)",I6 혼합(출연+보조+직접 등 복수 형태),K1 기술개발 과제 수행(연구개발비),S7 소재·부품·장비·제조혁신,S7,1,없음
8892,2026,산업통상부,한국탄소산업진흥원운영(R&D),탄소산업생태계조성및확산,19235.0,C. 수출·해외진출 촉진,"T8 수요·제도 연계 사업체 및 공공기관(수요기업, 설비 설치자, 지자체 등)",I2 출연(기관 운영·인프라·위탁 서비스),K6 해외진출·수출 지원(전시·상담·현지화),S0 업종 공통(산업 무관),S0,0,없음
8893,2026,산업통상부,관세피해업종이차보전지원사업,관세피해업종이차보전,2775.0,D. 자금조달·경영안정 지원(융자·보증·비용보전),T1 중소·중견기업(일반·업종·지역 특정),I2 출연(기관 운영·인프라·위탁 서비스),K4 자금 융자·보증 제공(운전·시설자금),S0 업종 공통(산업 무관),S0,0,없음
8894,2026,산업통상부,저탄소·기후변화대응을위한지속성장(R&D),녹색인증스케일업기술개발,4500.0,E. 생산기반 현대화·친환경 전환(시설·설비),T1 중소·중견기업(일반·업종·지역 특정),I1 R&D 과제 출연(연구개발비),K2 산업 생태계·협력 기반 조성(플랫폼·네트워크),S5 에너지·환경,S5,1,없음
8895,2026,산업통상부,시스템반도체기업성장사다리조성사업,시스템반도체기업성장사다리조성,8758.0,B. 창업·벤처 육성,T5 산학연 연구수행기관(기업·대학·연구소 컨소시엄),I2 출연(기관 운영·인프라·위탁 서비스),K3 지역·사회적경제·창업 활성화 프로그램,S3 반도체·디스플레이,S3,1,없음
8896,2026,산업통상부,중소조선설계엔지니어링기술지원,중소조선설계엔지니어링기술지원,2913.0,A. 기술혁신 촉진(개발·실증·사업화),T1 중소·중견기업(일반·업종·지역 특정),I2 출연(기관 운영·인프라·위탁 서비스),K11 환경·안전 설비 구축 및 관리,S6 모빌리티·항공우주·조선,S6,1,없음
8897,2026,산업통상부,중소조선 함정MRO 글로벌 경쟁력 강화지원,중소조선함정MRO글로벌경쟁력강화지원,4840.0,G. 고용 창출·유지 및 노동환경 개선,T1 중소·중견기업(일반·업종·지역 특정),I2 출연(기관 운영·인프라·위탁 서비스),K9 교육·훈련 과정 운영,S6 모빌리티·항공우주·조선,S6,1,없음
8898,2026,산업통상부,중소조선및기자재미국진출지원,중소조선및기자재미국진출지원,7440.0,C. 수출·해외진출 촉진,"T8 수요·제도 연계 사업체 및 공공기관(수요기업, 설비 설치자, 지자체 등)",I2 출연(기관 운영·인프라·위탁 서비스),K6 해외진출·수출 지원(전시·상담·현지화),S6 모빌리티·항공우주·조선,S6,1,없음
8899,2026,산업통상부,미래차 탑재모듈 상용화 기반구축,미래차 탑재모듈상용화 기반구축,1455.0,A. 기술혁신 촉진(개발·실증·사업화),T1 중소·중견기업(일반·업종·지역 특정),I2 출연(기관 운영·인프라·위탁 서비스),K8 컨설팅·인증·시험·홍보 서비스 제공,S6 모빌리티·항공우주·조선,S6;S7,2,없음
8900,2026,산업통상부,유통기업 해외진출지원,유통기업 해외진출지원,38000.0,C. 수출·해외진출 촉진,"T8 수요·제도 연계 사업체 및 공공기관(수요기업, 설비 설치자, 지자체 등)",I3 보조금(사업비 보조·매칭),K6 해외진출·수출 지원(전시·상담·현지화),S10 유통·물류·생활서비스,S10,1,없음
8901,2026,산업통상부,유통기업 해외진출지원,해외역직구 활성화지원,7200.0,C. 수출·해외진출 촉진,"T8 수요·제도 연계 사업체 및 공공기관(수요기업, 설비 설치자, 지자체 등)",I3 보조금(사업비 보조·매칭),K6 해외진출·수출 지원(전시·상담·현지화),S10 유통·물류·생활서비스,S10,1,없음
8902,2026,산업통상부,지역혁신클러스터육성(R&D)(제주),지역혁신클러스터 고도화,3525.0,A. 기술혁신 촉진(개발·실증·사업화),T5 산학연 연구수행기관(기업·대학·연구소 컨소시엄),I1 R&D 과제 출연(연구개발비),K2 산업 생태계·협력 기반 조성(플랫폼·네트워크),S0 업종 공통(산업 무관),S0,0,없음
8903,2026,산업통상부,지역혁신클러스터육성(R&D)(제주),거점기관 개방형혁신,1400.0,C. 수출·해외진출 촉진,T5 산학연 연구수행기관(기업·대학·연구소 컨소시엄),I1 R&D 과제 출연(연구개발비),K6 해외진출·수출 지원(전시·상담·현지화),S0 업종 공통(산업 무관),S0,0,없음
